03/17/2014,13.300000190734863,0,0,0
03/18/2014,14.25,0,0,0
03/19/2014,14.0,0,0,0
03/20/2014,14.0,0,0,0
03/21/2014,13.239999771118164,0,0,0
03/24/2014,12.420000076293945,0,0,0
03/25/2014,13.4399995803833,0,0,0
03/26/2014,12.470000267028809,0,0,0
03/27/2014,13.130000114440918,0,0,0
03/28/2014,13.0,0,0,0
03/31/2014,13.119999885559082,0,0,0
04/01/2014,13.079999923706055,0,0,0
04/02/2014,13.010000228881836,0,0,0
04/03/2014,12.880000114440918,0,0,0
04/04/2014,12.520000457763672,0,0,0
04/07/2014,12.5,0,0,0
04/08/2014,12.149999618530273,0,0,0
04/09/2014,12.0,0,0,0
04/10/2014,12.010000228881836,0,0,0
04/11/2014,11.970000267028809,0,0,0
04/14/2014,11.9399995803833,0,0,0
04/15/2014,11.720000267028809,0,0,0
04/16/2014,11.899999618530273,0,0,0
04/17/2014,12.0,0,0,0
04/21/2014,11.699999809265137,0,0,0
04/22/2014,11.770000457763672,0,0,0
04/23/2014,11.75,0,0,0
04/24/2014,11.260000228881836,0,0,0
04/25/2014,11.760000228881836,0,0,0
04/28/2014,11.800000190734863,0,0,0
04/29/2014,11.84000015258789,0,0,0
04/30/2014,11.579999923706055,0,0,0
05/01/2014,11.65999984741211,0,0,0
05/02/2014,11.720000267028809,0,0,0
05/05/2014,11.75,0,0,0
05/06/2014,11.5,0,0,0
05/07/2014,11.779999732971191,0,0,0
05/08/2014,11.800000190734863,0,0,0
05/09/2014,11.529999732971191,0,0,0
05/12/2014,11.800000190734863,0,0,0
05/13/2014,11.600000381469727,0,0,0
05/14/2014,11.550999641418457,0,0,0
05/15/2014,11.5,0,0,0
05/16/2014,11.489999771118164,0,0,0
05/19/2014,11.300000190734863,0,0,0
05/20/2014,11.449999809265137,0,0,0
05/21/2014,11.4399995803833,0,0,0
05/22/2014,11.4399995803833,0,0,0
05/23/2014,11.4399995803833,0,0,0
05/27/2014,11.039999961853027,0,0,0
05/28/2014,11.380000114440918,0,0,0
05/29/2014,11.380000114440918,0,0,0
05/30/2014,11.199999809265137,0,0,0
06/02/2014,11.0,0,0,0
06/03/2014,11.020000457763672,0,0,0
06/04/2014,11.079999923706055,0,0,0
06/05/2014,11.359999656677246,0,0,0
06/06/2014,11.390000343322754,0,0,0
06/09/2014,11.4399995803833,0,0,0
06/10/2014,11.470000267028809,0,0,0
06/11/2014,11.329999923706055,0,0,0
06/12/2014,11.5,0,0,0
06/13/2014,11.489999771118164,0,0,0
06/16/2014,11.989999771118164,0,0,0
06/17/2014,11.59000015258789,0,0,0
06/18/2014,11.979999542236328,0,0,0
06/19/2014,11.989999771118164,0,0,0
06/20/2014,10.869999885559082,0,0,0
06/23/2014,11.479999542236328,0,0,0
06/24/2014,11.149999618530273,0,0,0
06/25/2014,11.25,0,0,0
06/26/2014,11.390000343322754,0,0,0
06/27/2014,11.119999885559082,0,0,0
06/30/2014,11.15999984741211,0,0,0
07/01/2014,11.40999984741211,0,0,0
07/02/2014,11.699999809265137,0,0,0
07/03/2014,11.680000305175781,0,0,0
07/07/2014,12.029999732971191,0,0,0
07/08/2014,11.869999885559082,0,0,0
07/09/2014,12.0,0,0,0
07/10/2014,11.989999771118164,0,0,0
07/11/2014,12.029999732971191,0,0,0
07/14/2014,12.029999732971191,0,0,0
07/15/2014,11.970000267028809,0,0,0
07/16/2014,11.949999809265137,0,0,0
07/17/2014,11.949999809265137,0,0,0
07/18/2014,12.039999961853027,0,0,0
07/21/2014,11.949999809265137,0,0,0
07/22/2014,11.760000228881836,0,0,0
07/23/2014,11.720000267028809,0,0,0
07/24/2014,11.699999809265137,0,0,0
07/25/2014,11.75,0,0,0
07/28/2014,11.850000381469727,0,0,0
07/29/2014,11.979999542236328,0,0,0
07/30/2014,11.819999694824219,0,0,0
07/31/2014,11.835000038146973,0,0,0
08/01/2014,11.539999961853027,0,0,0
08/04/2014,11.779999732971191,0,0,0
08/05/2014,11.699999809265137,0,0,0
08/06/2014,11.770000457763672,0,0,0
08/07/2014,11.739999771118164,11.881159963607788,12.5343049157,11.2280150115
08/08/2014,11.800000190734863,11.865559959411621,12.5030732177,11.2280467012
08/11/2014,11.800000190734863,11.841059961318969,12.4318309341,11.2502889885
08/12/2014,11.739999771118164,11.819059963226318,12.3685442492,11.2695756773
08/13/2014,11.800000190734863,11.7964599609375,12.300364447,11.2925554748
08/14/2014,11.75,11.782059965133667,12.2646306074,11.2994893229
08/15/2014,11.75,11.775359964370727,12.2536591775,11.2970607512
08/18/2014,11.75,11.758459968566894,12.2065455722,11.3103743649
08/19/2014,11.739999771118164,11.751259965896606,12.1936022405,11.3089176913
08/20/2014,11.729999542236328,11.73735996246338,12.1574379335,11.3172819914
08/21/2014,11.640000343322754,11.724659957885741,12.1251123955,11.3242075203
08/22/2014,11.729999542236328,11.709859962463378,12.085019998,11.3346999269
08/25/2014,11.800000190734863,11.696359958648681,12.0453499629,11.3473699544
08/26/2014,11.720000267028809,11.684259958267212,12.0075222642,11.3609976524
08/27/2014,11.529999732971191,11.67265995979309,11.9727912426,11.372528677
08/28/2014,11.609999656677246,11.662759952545166,11.9508648588,11.3746550463
08/29/2014,11.680000305175781,11.653859949111938,11.9294381675,11.3782817307
09/02/2014,11.579999923706055,11.649159955978394,11.9202070958,11.3781128162
09/03/2014,11.5,11.644959955215453,11.9137830489,11.3761368615
09/04/2014,11.199999809265137,11.639859952926635,11.9065384777,11.3731814282
09/05/2014,11.380000114440918,11.632159948348999,11.9003072748,11.3640126219
09/08/2014,11.4399995803833,11.626559953689576,11.8940666306,11.3590532768
09/09/2014,11.489999771118164,11.623759946823121,11.8917388992,11.3557809944
09/10/2014,11.649999618530273,11.619659948349,11.8865152335,11.3528046632
09/11/2014,11.449999809265137,11.616159944534301,11.8802851281,11.3520347609
09/12/2014,11.399999618530273,11.613659944534302,11.8781626162,11.3491572729
09/15/2014,11.32800006866455,11.609959936141967,11.8748373739,11.3450824984
09/16/2014,11.39799976348877,11.605739936828613,11.871712022,11.3397678516
09/17/2014,11.430000305175781,11.607119932174683,11.8716486566,11.3425912077
09/18/2014,11.510000228881836,11.603819932937622,11.8684792344,11.3391606315
09/19/2014,11.579999923706055,11.600919933319092,11.8650019097,11.3368379569
09/22/2014,11.510000228881836,11.598319931030273,11.8613129218,11.3353269402
09/23/2014,11.729999542236328,11.597619934082031,11.8607538747,11.3344859935
09/24/2014,11.729999542236328,11.598319931030273,11.8617118667,11.3349279954
09/25/2014,11.710000038146973,11.598419923782348,11.8618599282,11.3349799194
09/26/2014,11.710000038146973,11.598019924163818,11.8612597615,11.3347800869
09/29/2014,11.430000305175781,11.600119924545288,11.863407065,11.3368327841
09/30/2014,11.369999885559082,11.596619930267334,11.8598189192,11.3334209413
10/01/2014,10.489999771118164,11.592319927215577,11.8556735847,11.3289662698
10/02/2014,10.789999961853027,11.581919927597045,11.8671553534,11.2966845018
10/03/2014,11.0,11.571819925308228,11.8668674136,11.276772437
10/06/2014,11.149999618530273,11.56581992149353,11.8662843274,11.2653555156
10/07/2014,10.850000381469727,11.561809921264649,11.8651078737,11.2585119688
10/08/2014,10.869999885559082,11.555309925079346,11.8667194971,11.2439003531
10/09/2014,10.65999984741211,11.549109926223755,11.8678438684,11.230375984
10/10/2014,10.739999771118164,11.542709922790527,11.8726113877,11.2128084578
10/13/2014,10.569999694824219,11.535609922409058,11.8749357994,11.1962840454
10/14/2014,10.5,11.526909923553466,11.8794705262,11.1743493209
10/15/2014,10.510000228881836,11.517509927749634,11.8844983805,11.150521475
10/16/2014,11.0,11.50820993423462,11.8885843734,11.1278354951
10/17/2014,11.0,11.50780993461609,11.8886972166,11.1269226526
10/20/2014,10.550000190734863,11.50400993347168,11.8880360229,11.1199838441
10/21/2014,10.890000343322754,11.495709934234618,11.891127067,11.1002928014
10/22/2014,10.989999771118164,11.492609939575196,11.8915328585,11.0936870206
10/23/2014,10.710000038146973,11.492509937286377,11.8915575654,11.0934623091
10/24/2014,10.800000190734863,11.48940993309021,11.8932910602,11.085528806
10/27/2014,10.800000190734863,11.486609935760498,11.8942725625,11.078947309
10/28/2014,10.319999694824219,11.481009941101075,11.8941824052,11.067837477
10/29/2014,10.430000305175781,11.47030993461609,11.8992547043,11.041365165
10/30/2014,10.59000015258789,11.460209941864013,11.901463678,11.0189562058
10/31/2014,10.579999923706055,11.451409940719605,11.9010754963,11.0017443851
11/03/2014,10.399999618530273,11.443909940719605,11.9017188661,10.9861010154
11/04/2014,10.458000183105469,11.432909936904908,11.9023074643,10.9635124095
11/05/2014,10.3100004196167,11.42258994102478,11.9018596294,10.9433202527
11/06/2014,10.399999618530273,11.405789947509765,11.8942325845,10.9173473105
11/07/2014,10.300000190734863,11.393889942169189,11.892098139,10.8956817453
11/10/2014,10.479999542236328,11.377089948654175,11.8835086202,10.8706712771
11/11/2014,10.489999771118164,11.361989946365357,11.8724044723,10.8515754204
11/12/2014,10.149999618530273,11.358189945220948,11.8736428283,10.8427370621
11/13/2014,10.220000267028809,11.344889945983887,11.8740058573,10.8157740347
11/14/2014,10.520000457763672,11.335589952468872,11.8760999924,10.7950799126
11/17/2014,10.045000076293945,11.32828995704651,11.8748029204,10.7817769937
11/18/2014,9.890000343322754,11.31483995437622,11.8760224238,10.7536574849
11/19/2014,9.829999923706055,11.302539958953858,11.8810695838,10.7240103341
11/20/2014,10.0,11.289239959716797,11.8858974842,10.6925824352
11/21/2014,9.880000114440918,11.275139961242676,11.8852849922,10.6649949303
11/24/2014,9.609999656677246,11.256939964294434,11.8811232803,10.6327566483
11/25/2014,9.850000381469727,11.236239957809449,11.8800649689,10.5924149467
11/26/2014,9.5600004196167,11.214439964294433,11.8678551929,10.5610247356
11/28/2014,9.5,11.19133996963501,11.8617815892,10.5208983501
12/01/2014,9.960000038146973,11.16633996963501,11.8525862547,10.4800936846
12/02/2014,10.09000015258789,11.146039972305298,11.8376253101,10.4544546345
12/03/2014,10.0,11.126639976501465,11.8203634603,10.4329164927
12/04/2014,10.0,11.106339979171754,11.8030269749,10.4096529834
12/05/2014,9.850000381469727,11.086639976501464,11.7864724354,10.3868075176
12/08/2014,9.510000228881836,11.06563998222351,11.7707380914,10.360541873
12/09/2014,9.569999694824219,11.041239986419678,11.7574433173,10.3250366555
12/10/2014,9.4399995803833,11.01653998374939,11.7404235283,10.2926564392
12/11/2014,9.5,10.991439981460571,11.7259593481,10.2569206148
12/12/2014,9.859999656677246,10.968839979171753,11.7140547291,10.2236252292
12/15/2014,9.8100004196167,10.950239973068237,11.6996743692,10.2008055769
12/16/2014,9.489999771118164,10.931339979171753,11.6854452561,10.1772347023
12/17/2014,9.960000038146973,10.908739976882934,11.6717842627,10.145695691
12/18/2014,9.760000228881836,10.889839973449707,11.6527428082,10.1269371387
12/19/2014,9.979999542236328,10.867639980316163,11.6307971038,10.1044828568
12/22/2014,9.920000076293945,10.849239978790283,11.6113944253,10.0870855323
12/23/2014,9.720000267028809,10.830089979171753,11.5912931826,10.0688867758
12/24/2014,9.6899995803833,10.81188998222351,11.5776460445,10.04613392
12/26/2014,9.569999694824219,10.790989980697631,11.5585572759,10.0234226855
12/29/2014,9.699999809265137,10.769689979553222,11.5412799268,9.99810003231
12/30/2014,9.720000267028809,10.748989973068237,11.521232627,9.97674731918
12/31/2014,9.970000267028809,10.728789978027343,11.5012651366,9.95631481943
01/02/2015,9.970000267028809,10.710489978790283,11.4790377559,9.94194220166
01/05/2015,9.970000267028809,10.692189979553223,11.4563520833,9.92802787576
01/06/2015,9.609999656677246,10.674489984512329,11.434665594,9.91431437502
01/07/2015,9.949999809265137,10.652589979171752,11.4115702236,9.89360973479
01/08/2015,9.739999771118164,10.634589977264405,11.3886591075,9.88052084699
01/09/2015,9.710000038146973,10.614489974975585,11.3653413346,9.86363861531
01/12/2015,9.800000190734863,10.594089975357056,11.3415180954,9.84666185532
01/13/2015,9.84000015258789,10.574689979553222,11.3172848409,9.83209511824
01/14/2015,9.880000114440918,10.555789985656737,11.292770452,9.81880951927
01/15/2015,9.619999885559082,10.53818998336792,11.2700658241,9.80631414263
01/16/2015,9.6899995803833,10.517089986801148,11.2447050407,9.78947493286
01/20/2015,9.765000343322754,10.495989980697631,11.2166567941,9.77532316729
01/21/2015,9.899999618530273,10.47643998146057,11.1901205123,9.76275945057
01/22/2015,9.829999923706055,10.460139980316162,11.1681634005,9.75211656012
01/23/2015,9.829999923706055,10.44233998298645,11.1435741206,9.74110584534
01/26/2015,10.09000015258789,10.423839979171753,11.1165294034,9.73115055496
01/27/2015,10.199999809265137,10.408939981460572,11.0925656543,9.72531430859
01/28/2015,10.220000267028809,10.395939979553223,11.0710010885,9.72087887056
01/29/2015,10.300000190734863,10.386139984130859,11.0565546966,9.71572527167
01/30/2015,10.449999809265137,10.375339984893799,11.0383149978,9.71236497197
02/02/2015,10.390000343322754,10.365439987182617,11.0197782775,9.71110169688
02/03/2015,10.25100040435791,10.354439992904663,10.9989532071,9.70992677868
02/04/2015,10.227999687194824,10.340450000762939,10.9717374262,9.70916257535
02/05/2015,10.739999771118164,10.328229999542236,10.9496718134,9.70678818569
02/06/2015,10.729999542236328,10.321630001068115,10.9351078004,9.7081522017
02/09/2015,10.720000267028809,10.315649995803833,10.9221638864,9.70913610516
02/10/2015,10.279999732971191,10.308870000839233,10.9069781118,9.71076188985
02/11/2015,10.050000190734863,10.297369995117187,10.8847711065,9.70996888375
02/12/2015,10.149999618530273,10.282769994735718,10.8578648591,9.7076751304
02/13/2015,10.279999732971191,10.26846999168396,10.8287180062,9.7082219772
02/17/2015,10.0600004196167,10.256169986724853,10.8023511871,9.70998878633
02/18/2015,10.017000198364258,10.239469995498657,10.7654910059,9.71344898512
02/19/2015,9.949999809265137,10.222340002059937,10.7270010878,9.71767891628
02/20/2015,10.140000343322754,10.204739999771117,10.6874235601,9.72205643946
02/23/2015,9.899999618530273,10.189040002822876,10.6474293176,9.73065068806
02/24/2015,9.958000183105469,10.17373999595642,10.6156928129,9.73178717902
02/25/2015,9.979999542236328,10.159619998931884,10.5853875147,9.73385248313
02/26/2015,10.119999885559082,10.154519996643067,10.5793530164,9.72968697693
02/27/2015,10.279999732971191,10.147819995880127,10.5678340113,9.72780598047
03/02/2015,10.699999809265137,10.140619993209839,10.5520474356,9.72919255083
03/03/2015,10.489999771118164,10.136119995117188,10.5388517618,9.73338822847
03/04/2015,10.4399995803833,10.132519989013671,10.5304345184,9.7346054596
03/05/2015,10.25,10.128219985961914,10.5204242104,9.73601576147
03/06/2015,10.069999694824219,10.124119987487793,10.5128715138,9.73536846116
03/09/2015,10.130000114440918,10.117419986724853,10.5012416513,9.73359832215
03/10/2015,10.180000305175781,10.113019990921021,10.4941407184,9.73189926345
03/11/2015,10.180000305175781,10.109819993972778,10.4890166412,9.73062334673
03/12/2015,10.100000381469727,10.106519994735718,10.4836499695,9.72939002
03/13/2015,10.199999809265137,10.097519998550416,10.4638031919,9.73123680515
03/16/2015,10.100000381469727,10.089519996643066,10.4445688627,9.73447113054
03/17/2015,10.100000381469727,10.085019998550415,10.4370429035,9.73299709357
03/18/2015,10.100000381469727,10.077119998931884,10.4197276845,9.73451231338
03/19/2015,10.100000381469727,10.0682200050354,10.398329921,9.73811008903
03/20/2015,10.399999618530273,10.062120008468629,10.3858894179,9.73835059901
03/23/2015,10.25,10.058120002746582,10.3751493155,9.74109069002
03/24/2015,10.25,10.052620000839234,10.3613944368,9.74384556487
03/25/2015,10.489999771118164,10.051920003890991,10.3601663858,9.74367362201
03/26/2015,10.289999961853027,10.052519998550416,10.3615590958,9.74348090129
03/27/2015,10.270000457763672,10.049519996643067,10.3547597087,9.74428028462
03/30/2015,10.520000457763672,10.046420001983643,10.3478062967,9.74503370728
03/31/2015,10.600000381469727,10.047620010375976,10.350646177,9.74459384378
04/01/2015,10.239999771118164,10.049040012359619,10.3543103239,9.7437697008
04/02/2015,10.079999923706055,10.048340005874634,10.3530909305,9.74358908125
04/06/2015,10.15999984741211,10.045140008926392,10.3478548331,9.74242518479
04/07/2015,10.140000343322754,10.043740005493165,10.3455954269,9.74188458406
04/08/2015,10.239999771118164,10.040340013504029,10.3391619876,9.74151803942
04/09/2015,10.199999809265137,10.037840013504029,10.3339228117,9.74175721528
04/10/2015,10.180000305175781,10.038340015411377,10.334653926,9.74202610479
04/13/2015,10.270000457763672,10.037940015792847,10.3340353476,9.74184468396
04/14/2015,10.25,10.035440015792847,10.3284944362,9.74238559538
04/15/2015,10.329999923706055,10.037490015029908,10.3313201305,9.74365989958
04/16/2015,10.390000343322754,10.04189001083374,10.3367711144,9.7470089073
04/17/2015,10.359999656677246,10.047490015029908,10.3436088073,9.75137122279
04/20/2015,10.34000015258789,10.05109001159668,10.3487936375,9.75338638567
04/21/2015,10.59000015258789,10.05569001197815,10.3542670741,9.75711294981
04/22/2015,10.59000015258789,10.065490016937256,10.365357815,9.76562221892
04/23/2015,10.789999961853027,10.072890014648438,10.3764566257,9.76932340364
04/24/2015,10.75,10.0851900100708,10.3926201758,9.7777598443
04/27/2015,10.579999923706055,10.097690010070801,10.4064816981,9.78889832207
04/28/2015,10.329999923706055,10.103890008926392,10.4160606511,9.79171936675
04/29/2015,10.329999923706055,10.106290006637574,10.4192661679,9.79331384541
04/30/2015,10.579999923706055,10.109590005874633,10.4231672262,9.79601278553
05/01/2015,10.489999771118164,10.115390005111694,10.4322334812,9.79854652902
05/04/2015,10.699999809265137,10.121789999008179,10.4396702228,9.80390977524
05/05/2015,10.579999923706055,10.133689994812011,10.4507177939,9.81666219574
05/06/2015,10.640000343322754,10.14378999710083,10.4587805895,9.82879940467
05/07/2015,10.890000343322754,10.155790004730225,10.4665698476,9.8450101619
05/08/2015,10.8100004196167,10.169690008163451,10.4819093918,9.85747062452
05/11/2015,10.8100004196167,10.179190015792846,10.4962571798,9.86212285182
05/12/2015,10.8100004196167,10.189190015792846,10.510200599,9.86817943256
05/13/2015,10.930000305175781,10.202390022277832,10.5215121619,9.8832678827
05/14/2015,10.949999809265137,10.21209002494812,10.5383590675,9.88582098243
05/15/2015,10.949999809265137,10.223990020751954,10.5552167329,9.89276330856
05/18/2015,10.949999809265137,10.233690023422241,10.5717619587,9.89561808816
05/19/2015,10.710000038146973,10.243990020751953,10.5879864259,9.89999361564
05/20/2015,10.960000038146973,10.253890018463135,10.5969082651,9.91087177184
05/21/2015,10.710000038146973,10.266590023040772,10.6119976326,9.92118241348
05/22/2015,10.949999809265137,10.277990026473999,10.6190035163,9.93697653668
05/26/2015,10.949999809265137,10.290490026473998,10.6329943254,9.94798572753
05/27/2015,10.850000381469727,10.302790021896362,10.6466691442,9.95891089955
05/28/2015,10.75,10.311590023040772,10.658090113,9.9650899331
05/29/2015,10.75,10.319390020370484,10.6668906245,9.97188941629
06/01/2015,10.760000228881836,10.327190017700195,10.6755136423,9.97886639314
06/02/2015,10.470000267028809,10.338690023422242,10.6820946302,9.99528541666
06/03/2015,10.779999732971191,10.343890027999878,10.6853007878,10.0024792682
06/04/2015,10.701000213623047,10.354290027618408,10.692976061,10.0156039942
06/05/2015,10.75,10.364200029373169,10.6983571851,10.0300428737
06/08/2015,10.699999809265137,10.373700027465821,10.7051754509,10.0422246041
06/09/2015,10.699999809265137,10.382300024032594,10.7109614856,10.0536385625
06/10/2015,10.630000114440918,10.390500020980834,10.7167474668,10.0642525752
06/11/2015,10.489999771118164,10.400600023269654,10.7183613869,10.0828386597
06/12/2015,10.489999771118164,10.408600025177002,10.7183397182,10.0988603322
06/15/2015,10.550000190734863,10.415850019454956,10.718851948,10.1128480909
06/16/2015,10.41100025177002,10.422350025177002,10.7211591029,10.1235409474
06/17/2015,10.680000305175781,10.428160028457642,10.7209835428,10.1353365141
06/18/2015,10.619999885559082,10.43666003227234,10.7242876398,10.1490324247
06/19/2015,10.75,10.44196002960205,10.7280298724,10.1558901868
06/22/2015,10.649999618530273,10.447460031509399,10.7341116383,10.1608084247
06/23/2015,10.649999618530273,10.451760025024415,10.7381923855,10.1653276645
06/24/2015,10.5,10.455260019302369,10.7419548502,10.1685651884
06/25/2015,10.59000015258789,10.455760021209716,10.7424888409,10.1690312015
06/26/2015,10.649999618530273,10.457760019302368,10.7447206034,10.1707994352
06/29/2015,10.550000190734863,10.461750011444092,10.7485818821,10.1749181408
06/30/2015,10.470000267028809,10.464970016479493,10.7509658948,10.1789741382
07/01/2015,10.640000343322754,10.462270021438599,10.7469280475,10.1776119954
07/02/2015,10.649999618530273,10.461370029449462,10.7453215597,10.1774184992
07/06/2015,10.550000190734863,10.460670022964477,10.7440688528,10.1772711932
07/07/2015,10.3100004196167,10.463370027542114,10.746320532,10.1804195231
07/08/2015,10.4399995803833,10.465970029830933,10.74629253,10.1856475297
07/09/2015,10.4399995803833,10.468870029449462,10.7474030898,10.1903369691
07/10/2015,10.5,10.470470027923584,10.7483723864,10.1925676694
07/13/2015,10.399999618530273,10.474870023727417,10.7497049344,10.2000351131
07/14/2015,10.48900032043457,10.478700017929077,10.7497704281,10.2076296078
07/15/2015,10.489999771118164,10.484090023040771,10.7499018681,10.218278178
07/16/2015,10.3100004196167,10.487590017318725,10.7511427809,10.2240372538
07/17/2015,10.5,10.49169002532959,10.7491895496,10.2341905011
07/20/2015,10.640000343322754,10.497110023498536,10.7489613104,10.2452587366
07/21/2015,10.710000038146973,10.5037100315094,10.7505210007,10.2568990623
07/22/2015,10.5,10.509610033035278,10.7542200602,10.2650000058
07/23/2015,10.479999542236328,10.511810035705567,10.7553319855,10.2682880859
07/24/2015,10.852999687194824,10.509610033035278,10.7524146153,10.2668054507
07/27/2015,10.59000015258789,10.513240032196045,10.7584260987,10.2680539657
07/28/2015,10.539999961853027,10.514740037918092,10.7599322823,10.2695477935
07/29/2015,10.460000038146973,10.517640037536621,10.761394698,10.2738853771
07/30/2015,10.569999694824219,10.521540040969848,10.7611867171,10.2818933648
07/31/2015,10.5,10.525940036773681,10.7623752661,10.2895048075
08/03/2015,10.5,10.529140033721923,10.7630232601,10.2952568074
08/04/2015,10.510000228881836,10.532340030670166,10.763598824,10.3010812373
08/05/2015,10.699999809265137,10.536440029144288,10.7635955584,10.3092844999
08/06/2015,10.5600004196167,10.541440029144287,10.7666293545,10.3162507038
08/07/2015,10.454999923706055,10.546040029525757,10.7668200728,10.3252599863
08/10/2015,10.626999855041504,10.54959002494812,10.7659799378,10.3332001121
08/11/2015,10.550000190734863,10.554860019683838,10.7666038174,10.343116222
08/12/2015,10.529999732971191,10.55936001777649,10.766112162,10.3526078735
08/13/2015,10.510000228881836,10.560660018920899,10.7668138985,10.3545061394
08/14/2015,10.510000228881836,10.563260021209716,10.7671061144,10.359413928
08/17/2015,10.470000267028809,10.565860023498535,10.7673383532,10.3643816938
08/18/2015,10.670000076293945,10.565660028457641,10.7672234688,10.3640965881
08/19/2015,10.460000038146973,10.56946002960205,10.769365918,10.3695541412
08/20/2015,10.609999656677246,10.571360025405884,10.769303979,10.3734160718
08/21/2015,10.59000015258789,10.572260017395019,10.7701730057,10.3743470291
08/24/2015,10.529999732971191,10.572160015106201,10.7700614876,10.3742585427
08/25/2015,10.369999885559082,10.575060014724732,10.7701780647,10.3799419648
08/26/2015,10.350000381469727,10.577960014343262,10.7677817598,10.3881382689
08/27/2015,10.350000381469727,10.579860019683839,10.7664114441,10.3933085952
08/28/2015,10.279999732971191,10.581960020065308,10.7646910058,10.3992290343
08/31/2015,10.550000190734863,10.582360019683838,10.7643844279,10.4003356115
09/01/2015,10.5,10.585860023498535,10.7638182024,10.4079018446
09/02/2015,10.5,10.589060020446777,10.7625113732,10.4156086677
09/03/2015,10.5,10.59136001586914,10.7620685646,10.4206514671
09/04/2015,10.640000343322754,10.59386001586914,10.7613513844,10.4263686473
09/08/2015,10.880000114440918,10.596960020065307,10.7623952531,10.431524787
09/09/2015,10.829999923706055,10.60186001777649,10.7683460539,10.4353739816
09/10/2015,10.630000114440918,10.606560020446777,10.7727858428,10.4403341981
09/11/2015,10.789999961853027,10.609460020065308,10.7735257593,10.4453942809
09/14/2015,11.199999809265137,10.61146001815796,10.7764925199,10.4464275164
09/15/2015,11.248000144958496,10.61756001472473,10.7926534248,10.4424666046
09/16/2015,11.399999618530273,10.622140016555786,10.8073801798,10.4368998533
09/17/2015,11.5,10.628640012741089,10.8290367242,10.4282433013
09/18/2015,11.329999923706055,10.637840013504029,10.8561132955,10.4195667315
09/21/2015,11.720000267028809,10.647840013504029,10.8745257516,10.4211542754
09/22/2015,11.479999542236328,10.661740016937255,10.9100911124,10.4133889215
09/23/2015,11.390000343322754,10.67074001312256,10.9319409679,10.4095390584
09/24/2015,11.680000305175781,10.679740018844605,10.9499096369,10.4095704007
09/25/2015,11.770000457763672,10.68954002380371,10.9774578667,10.4016221809
09/28/2015,11.770000457763672,10.701440029144287,11.0085377844,10.3943422739
09/29/2015,11.350000381469727,10.712740030288696,11.0376427955,10.3878372651
09/30/2015,11.5600004196167,10.717340030670165,11.0479265431,10.3867535183
10/01/2015,11.449999809265137,10.724840030670165,11.0657888509,10.3838912105
10/02/2015,11.649999618530273,10.73124002456665,11.0796523984,10.3828276508
10/05/2015,11.84000015258789,10.739640016555786,11.0997785764,10.3795014567
10/06/2015,12.260000228881836,10.748740015029908,11.1247220973,10.3727579328
10/07/2015,12.640000343322754,10.761840019226074,11.1663458107,10.3573342277
10/08/2015,13.0,10.77874002456665,11.2240041553,10.3334758938
10/09/2015,13.0,10.799240026474,11.2961168278,10.3023632251
10/12/2015,13.5,10.82214002609253,11.3650175008,10.2792625513
10/13/2015,13.25,10.84754002571106,11.4521804802,10.2428995712
10/14/2015,13.15999984741211,10.87294002532959,11.5229199373,10.2229601133
10/15/2015,13.100000381469727,10.89504002571106,11.5836854498,10.2063946016
10/16/2015,13.359999656677246,10.916540031433106,11.6392838075,10.1937962554
10/19/2015,13.680000305175781,10.941640024185181,11.7041288637,10.1791511847
10/20/2015,13.949999809265137,10.970940027236939,11.7803531798,10.1615268747
10/21/2015,14.300000190734863,11.00294002532959,11.8645579676,10.141322083
10/22/2015,13.800000190734863,11.03834002494812,11.959886648,10.1167934019
10/23/2015,14.239999771118164,11.07164002418518,12.0314196116,10.1118604368
10/26/2015,14.210000038146973,11.10624002456665,12.1159499783,10.0965300709
10/27/2015,14.029999732971191,11.14133002281189,12.1963058291,10.0863542165
10/28/2015,13.979999542236328,11.174130020141602,12.2667465343,10.081513506
10/29/2015,13.819999694824219,11.206930017471313,12.3335249094,10.0803351256
10/30/2015,14.5,11.238130016326904,12.3930993491,10.0831606836
11/02/2015,14.350000381469727,11.276830015182496,12.4748100683,10.078849962
11/03/2015,14.479999542236328,11.31543002128601,12.5490908296,10.081769213
11/04/2015,14.739999771118164,11.355330018997192,12.6256286578,10.0850313802
11/05/2015,14.739999771118164,11.397230014801025,12.7087090859,10.0857509437
11/06/2015,14.359999656677246,11.440520009994508,12.7896374753,10.0914025446
11/09/2015,14.75,11.477320003509522,12.8550766611,10.0995633459
11/10/2015,14.414999961853027,11.51862000465393,12.9315113958,10.1057286135
11/11/2015,15.470000267028809,11.555270004272462,12.9950273666,10.115512642
11/12/2015,15.885000228881836,11.603470010757446,13.091970601,10.1149694205
11/13/2015,15.420000076293945,11.655820016860963,13.2008499312,10.1107901025
11/16/2015,15.819999694824219,11.705020017623902,13.2902733451,10.1197666901
11/17/2015,15.640000343322754,11.757320013046265,13.390473621,10.1241664051
11/18/2015,15.239999771118164,11.807220020294189,13.4814933485,10.1329466921
11/19/2015,15.229999542236328,11.854120016098022,13.5579466854,10.1502933468
11/20/2015,15.630000114440918,11.901720008850099,13.6324907362,10.1709492815
11/23/2015,15.489999771118164,11.95162000656128,13.71688448,10.1863555331
11/24/2015,15.49899959564209,12.000020008087159,13.7950340076,10.2050060086
11/25/2015,15.65999984741211,12.04951000213623,13.8718790662,10.2271409381
11/27/2015,15.6899995803833,12.103009996414185,13.9518648283,10.2541551645
11/30/2015,15.5,12.155509996414185,14.0307478069,10.2802721859
12/01/2015,15.34000015258789,12.206110000610352,14.1025231569,10.3096968443
12/02/2015,15.0,12.25451000213623,14.1684443952,10.3405756091
12/03/2015,15.0,12.300510005950928,14.2245718361,10.3764481758
12/04/2015,15.229999542236328,12.345620002746582,14.27953722,10.4117027855
12/07/2015,15.699999809265137,12.393020000457764,14.3389265327,10.4471134682
12/08/2015,16.6299991607666,12.446919994354248,14.4089644566,10.4848755321
12/09/2015,16.239999771118164,12.508219985961913,14.5039497575,10.5124902144
12/10/2015,16.450000762939453,12.564219980239868,14.585150627,10.5432893334
12/11/2015,16.829999923706055,12.621619987487794,14.6703946274,10.5728453475
12/14/2015,16.899999618530273,12.684919986724854,14.7647186641,10.6051213093
12/15/2015,16.6299991607666,12.749119987487793,14.8587391758,10.6395007991
12/16/2015,17.700000762939453,12.806889982223511,14.9427306264,10.6710493381
12/17/2015,18.329999923706055,12.877989988327027,15.0567601396,10.699219837
12/18/2015,18.010000228881836,12.955889987945557,15.1882773002,10.7235026757
12/21/2015,18.270000457763672,13.031389989852904,15.305372949,10.7574070307
12/22/2015,17.972000122070312,13.1083899974823,15.4276389,10.7891410949
12/23/2015,17.65999984741211,13.183109998703003,15.5372218151,10.8289981823
12/24/2015,17.673999786376953,13.254709997177123,15.634867664,10.8745523304
12/28/2015,18.469999313354492,13.326349992752075,15.7305099573,10.9221900282
12/29/2015,18.739999771118164,13.404049987792968,15.8473146023,10.9607853733
12/30/2015,18.90999984741211,13.485849981307984,15.969131713,11.0025682496
12/31/2015,18.850000381469727,13.570399980545044,16.0926792976,11.0481206635
01/04/2016,19.1299991607666,13.652629985809327,16.211386899,11.0938730727
01/05/2016,19.649999618530273,13.738429975509643,16.3352795893,11.1415803617
01/06/2016,18.049999237060547,13.829629974365234,16.4719465313,11.1873134174
01/07/2016,17.34000015258789,13.90502996444702,16.5590961617,11.2509637672
01/08/2016,17.360000610351562,13.973329963684082,16.6270312322,11.3196286952
01/11/2016,17.850000381469727,14.04222996711731,16.693521238,11.3909386963
01/12/2016,16.639999389648438,14.114029970169067,16.7702419296,11.4578180108
01/13/2016,16.290000915527344,14.175829963684082,16.8181638945,11.5334960329
01/14/2016,16.639999389648438,14.232629976272584,16.8587008227,11.6065591298
01/15/2016,18.43000030517578,14.29312996864319,16.904232149,11.6820277883
01/19/2016,17.299999237060547,14.372129974365235,16.9876870977,11.756572851
01/20/2016,18.299999237060547,14.441429967880248,17.0417934632,11.8410664725
01/21/2016,17.670000076293945,14.520929956436158,17.1165142196,11.9253456932
01/22/2016,16.700000762939453,14.5941299533844,17.1742267188,12.014033188
01/25/2016,16.170000076293945,14.658329963684082,17.2099975362,12.1066623912
01/26/2016,16.780000686645508,14.714529962539673,17.2368139851,12.1922459399
01/27/2016,16.010000228881836,14.777329969406129,17.2719265129,12.2827334259
01/28/2016,16.139999389648438,14.832429971694946,17.2925549985,12.3723049449
01/29/2016,16.93000030517578,14.88882996559143,17.3133777732,12.4642821579
02/01/2016,16.450000762939453,14.95172996520996,17.3466441377,12.5568157927
02/02/2016,16.219999313354492,15.007429971694947,17.3715724625,12.6432874809
02/03/2016,15.789999961853027,15.061329965591431,17.3908059868,12.7318539443
02/04/2016,15.800000190734863,15.112929964065552,17.4004479926,12.8254119355
02/05/2016,17.260000228881836,15.16302996635437,17.4098214871,12.9162384456
02/08/2016,17.100000381469727,15.223629970550537,17.4442867517,13.0029731894
02/09/2016,16.950000762939453,15.282149972915649,17.4741908674,13.0901090784
02/10/2016,18.0,15.337649984359741,17.5007656495,13.1745343193
02/11/2016,19.25,15.40264998435974,17.5470496399,13.2582503288
02/12/2016,19.90999984741211,15.48184998512268,17.6206191355,13.3430808347
02/16/2016,19.899999618530273,15.563749980926513,17.7136792469,13.413820715
02/17/2016,19.950000762939453,15.647949981689454,17.8011723671,13.4947275963
02/18/2016,20.0,15.73354998588562,17.8859473327,13.5811526391
02/19/2016,19.799999237060547,15.816749982833862,17.971652627,13.6618473386
02/22/2016,20.139999389648438,15.897049970626831,18.0492716709,13.7448282704
02/23/2016,20.190000534057617,15.980749959945678,18.1335976972,13.8279022227
02/24/2016,20.540000915527344,16.069149961471556,18.211503412,13.926796511
02/25/2016,20.84000015258789,16.158949966430665,18.2986170089,14.019282924
02/26/2016,20.989999771118164,16.25284996986389,18.3898427248,14.115857215
02/29/2016,21.729999542236328,16.34624997138977,18.4841363208,14.208363622
03/01/2016,21.049999237060547,16.445149965286255,18.6009703554,14.2893295752
03/02/2016,20.209999084472656,16.533049955368043,18.6956240538,14.370475857
03/03/2016,20.209999084472656,16.60874994277954,18.7662108206,14.451289065
03/04/2016,19.469999313354492,16.680849933624266,18.8369803153,14.5247195519
03/07/2016,19.079999923706055,16.745549926757814,18.8872826631,14.6038171904
03/08/2016,19.670000076293945,16.801349925994874,18.930449759,14.672250093
03/09/2016,19.68000030517578,16.86554992675781,18.9833589674,14.7477408862
03/10/2016,19.790000915527344,16.93074993133545,19.0337868752,14.8277129875
03/11/2016,19.899999618530273,16.997649936676027,19.0841051884,14.911194685
03/14/2016,20.34000015258789,17.063049936294554,19.1369182297,14.9891816428
03/15/2016,20.1299991607666,17.129649934768675,19.200743346,15.0585565236
03/16/2016,21.020000457763672,17.191449928283692,19.2589430684,15.1239567882
03/17/2016,20.989999771118164,17.25864993095398,19.3402323145,15.1770675474
03/18/2016,20.8700008392334,17.33054992675781,19.4155973474,15.2455025061
03/21/2016,20.84000015258789,17.396849937438965,19.4879714499,15.305728425
03/22/2016,20.299999237060547,17.463149938583374,19.55728131,15.3690185671
03/23/2016,20.424999237060547,17.52584993362427,19.6100924453,15.4416074219
03/24/2016,20.670000076293945,17.59029993057251,19.6635179998,15.5170818614
03/28/2016,20.3700008392334,17.658799934387208,19.7194393505,15.5981605183
03/29/2016,20.0,17.71749994277954,19.7709154013,15.6640844843
03/30/2016,19.780000686645508,17.773999938964845,19.8116506273,15.7363492506
03/31/2016,19.899999618530273,17.826999950408936,19.8471354237,15.8068644771
04/01/2016,19.809999465942383,17.878599948883057,19.8850800375,15.8721198603
04/04/2016,20.329999923706055,17.9292999458313,19.919824195,15.9387756967
04/05/2016,20.09000015258789,17.988999948501586,19.961018522,16.016981375
04/06/2016,20.139999389648438,18.042399950027466,19.9982211346,16.0865787654
04/07/2016,20.18000030517578,18.09964994430542,20.0321037915,16.1671960971
04/08/2016,20.280000686645508,18.14674994468689,20.0719220054,16.2215778839
04/11/2016,20.68000030517578,18.190699949264527,20.1139025725,16.267497326
04/12/2016,21.0,18.243299951553343,20.1619296591,16.324670244
04/13/2016,20.989999771118164,18.295099954605103,20.2175272808,16.3726726284
04/14/2016,20.579999923706055,18.348599948883056,20.2708366372,16.4263632606
04/15/2016,20.299999237060547,18.401999950408936,20.3112667818,16.492733119
04/18/2016,20.360000610351562,18.45269994735718,20.3442964929,16.5611034019
04/19/2016,21.3799991607666,18.499999952316283,20.3795216508,16.6204782538
04/20/2016,21.09000015258789,18.55889994621277,20.4354594442,16.6823404483
04/21/2016,21.440000534057617,18.614809951782227,20.4826387452,16.7469811583
04/22/2016,21.280000686645508,18.672609958648682,20.5375366466,16.8076832707
04/25/2016,21.1299991607666,18.728509969711304,20.5869641547,16.8700557847
04/26/2016,21.989999771118164,18.78480996131897,20.629835979,16.9397839437
04/27/2016,21.239999771118164,18.851309957504274,20.6908109842,17.0118089308
04/28/2016,20.6200008392334,18.913709955215452,20.7271604712,17.1002594392
04/29/2016,20.479999542236328,18.969909963607787,20.7479390305,17.1918808967
05/02/2016,20.299999237060547,19.02240996360779,20.7664184264,17.2784015008
05/03/2016,19.899999618530273,19.06840995788574,20.7846231644,17.3521967514
05/04/2016,20.030000686645508,19.10110996246338,20.801632065,17.4005878599
05/05/2016,20.709999084472656,19.139009971618652,20.8174341954,17.4605857478
05/06/2016,21.469999313354492,19.181609954833984,20.8452401659,17.5179797437
05/09/2016,21.760000228881836,19.22800994873047,20.8901107522,17.5659091452
05/10/2016,20.790000915527344,19.276609954833983,20.9409808712,17.6122390385
05/11/2016,19.6200008392334,19.31820997238159,20.9678335721,17.6685863726
05/12/2016,18.84000015258789,19.33740997314453,20.9792425309,17.6955774154
05/13/2016,18.489999771118164,19.342509975433348,20.9819957341,17.7030242168
05/16/2016,17.049999237060547,19.34730997085571,20.9835869728,17.7110329689
05/17/2016,16.420000076293945,19.335109958648683,20.983874343,17.6863455743
05/18/2016,16.56999969482422,19.319589958190917,20.9882963723,17.6508835441
05/19/2016,16.239999771118164,19.308689956665038,20.9916998673,17.625680046
05/20/2016,16.479999542236328,19.294349956512452,20.9972190644,17.5914808486
05/23/2016,16.299999237060547,19.27444995880127,20.9983343318,17.5505655858
05/24/2016,16.31999969482422,19.250049953460692,20.9984203868,17.5016795201
05/25/2016,15.75,19.224149951934816,20.996386947,17.4519129569
05/26/2016,15.75,19.193149948120116,20.9984643989,17.3878354973
05/27/2016,15.920000076293945,19.15934995651245,20.9968838371,17.3218160759
05/31/2016,15.979999542236328,19.122049961090088,20.9869000832,17.2571998389
06/01/2016,15.680000305175781,19.101349964141846,20.9893301995,17.2133697288
06/02/2016,15.180000305175781,19.084749965667726,20.9953065894,17.174193342
06/03/2016,15.75,19.062949962615967,21.0052358499,17.1206640753
06/06/2016,15.800000190734863,19.04194995880127,21.008438549,17.0754613686
06/07/2016,15.770000457763672,19.033549966812135,21.0120381607,17.0550617729
06/08/2016,15.5,19.028349962234497,21.0147098071,17.0419901174
06/09/2016,15.050000190734863,19.01694996833801,21.0201838097,17.0137161269
06/10/2016,15.0600004196167,18.983149967193604,21.0241607926,16.9421391417
06/13/2016,14.859999656677246,18.960749979019166,21.0321756934,16.8893242647
06/14/2016,14.619999885559082,18.92634998321533,21.0366619855,16.8160379809
06/15/2016,14.979999542236328,18.895849981307983,21.0457683187,16.7459316439
06/16/2016,14.920000076293945,18.87864996910095,21.0528105717,16.7044893665
06/17/2016,14.699999809265137,18.866149969100952,21.0593575113,16.6729424269
06/20/2016,14.25,18.845349960327148,21.0679103231,16.6227895976
06/21/2016,14.199999809265137,18.82774995803833,21.0794704419,16.5760294741
06/22/2016,14.140000343322754,18.808349962234498,21.0912843592,16.5254155652
06/23/2016,14.5600004196167,18.780449962615968,21.1028762711,16.4580236541
06/24/2016,16.100000381469727,18.76154995918274,21.1104047348,16.4126951836
06/27/2016,15.720000267028809,18.760349969863892,21.1105331503,16.4101667894
06/28/2016,15.859999656677246,18.75964997291565,21.1107280157,16.4085719302
06/29/2016,16.059999465942383,18.760249967575074,21.1105801687,16.4099197665
06/30/2016,16.18000030517578,18.748249959945678,21.1092484964,16.3872514235
07/01/2016,16.440000534057617,18.73904995918274,21.1082315152,16.3698684032
07/05/2016,16.5,18.73394995689392,21.107522064,16.3603778498
07/06/2016,16.850000381469727,18.718949956893923,21.1018343532,16.3360655606
07/07/2016,16.65999984741211,18.69494996070862,21.0844418795,16.3054580419
07/08/2016,16.649999618530273,18.662449960708617,21.0572906939,16.2676092275
07/11/2016,16.68000030517578,18.62994996070862,21.0298229073,16.2300770141
07/12/2016,16.729999542236328,18.59724995613098,21.0011880928,16.1933118195
07/13/2016,16.5,18.564549951553346,20.9714231179,16.1576767852
07/14/2016,16.56999969482422,18.53154995918274,20.9438745134,16.119225405
07/15/2016,16.760000228881836,18.495849962234498,20.9105219822,16.0811779423
07/18/2016,16.649999618530273,18.46154995918274,20.8762745304,16.0468253879
07/19/2016,16.75,18.42264994621277,20.8349101118,16.0103897806
07/20/2016,17.049999237060547,18.381749944686888,20.7873409437,15.9761589457
07/21/2016,17.1200008392334,18.342349939346313,20.7371404567,15.947559422
07/22/2016,17.25,18.296249952316284,20.6696601756,15.922839729
07/25/2016,17.1200008392334,18.25824995994568,20.6176454603,15.8988544596
07/26/2016,17.1299991607666,18.227349977493287,20.5812096127,15.8734903423
07/27/2016,17.260000228881836,18.196549978256225,20.5444084399,15.8486915166
07/28/2016,17.329999923706055,18.1744499874115,20.5206182398,15.828281735
07/29/2016,17.059999465942383,18.156949987411497,20.5028250844,15.8110748904
08/01/2016,16.739999771118164,18.130849981307982,20.4742638498,15.7874361128
08/02/2016,16.760000228881836,18.10144997596741,20.4436861243,15.7592138276
08/03/2016,16.639999389648438,18.07114996910095,20.4109437454,15.7313561928
08/04/2016,17.030000686645508,18.038549966812134,20.3753441736,15.70175576
08/05/2016,17.010000228881836,18.00544997215271,20.3328340277,15.6780659166
08/08/2016,17.010000228881836,17.97424998283386,20.293843743,15.6546562227
08/09/2016,17.010000228881836,17.934149980545044,20.2353320721,15.632967889
08/10/2016,16.940000534057617,17.89434998512268,20.1766762823,15.6120236879
08/11/2016,16.860000610351562,17.855049982070923,20.1195657549,15.5905342092
08/12/2016,17.15999984741211,17.81524998664856,20.0618584534,15.5686415199
08/15/2016,17.200000762939453,17.783849992752074,20.0174160613,15.5502839242
08/16/2016,17.15999984741211,17.751600008010865,19.9700295036,15.5331705124
08/17/2016,17.059999465942383,17.716500005722047,19.9161651472,15.5168348642
08/18/2016,16.969999313354492,17.683399991989134,19.8677375086,15.4990624753
08/19/2016,17.149999618530273,17.65309998512268,19.8260784354,15.4801215348
08/22/2016,17.020000457763672,17.62679997444153,19.7897696203,15.4638303286
08/23/2016,17.040000915527344,17.597999982833862,19.7496542161,15.4463457495
08/24/2016,16.81999969482422,17.570299997329712,19.7111019178,15.4294980768
08/25/2016,17.020000457763672,17.535199995040895,19.6591752589,15.4112247312
08/26/2016,17.040000915527344,17.50449999809265,19.613460097,15.3955398992
08/29/2016,17.049999237060547,17.47350001335144,19.5662137356,15.3807862911
08/30/2016,16.920000076293945,17.442200002670287,19.5175344633,15.3668655421
08/31/2016,16.8700008392334,17.40859999656677,19.4648295468,15.3523704463
09/01/2016,17.079999923706055,17.37050000190735,19.4008961811,15.3401038227
09/02/2016,17.3799991607666,17.33130000114441,19.3288192639,15.3337807384
09/06/2016,17.56999969482422,17.295199995040893,19.2586008381,15.331799152
09/07/2016,17.670000076293945,17.265099992752074,19.2007892507,15.3294107348
09/08/2016,17.190000534057617,17.23880000114441,19.1507975222,15.3268024801
09/09/2016,16.940000534057617,17.20710000038147,19.0931897416,15.3210102592
09/12/2016,16.920000076293945,17.162700014114378,19.0017067298,15.3236932984
09/13/2016,16.84000015258789,17.12100001335144,18.9172625162,15.3247375105
09/14/2016,17.170000076293945,17.075000009536744,18.8181852931,15.3318147259
09/15/2016,16.780000686645508,17.033900003433228,18.7251349562,15.3426650506
09/16/2016,16.290000915527344,16.990400018692018,18.6309023145,15.3498977229
09/19/2016,16.670000076293945,16.93340003013611,18.4963921594,15.3704079009
09/20/2016,16.56999969482422,16.887700033187866,18.3897258946,15.3856741718
09/21/2016,16.200000762939453,16.847200021743774,18.3018993307,15.3925007128
09/22/2016,15.8100004196167,16.804400033950806,18.2138448132,15.3949552547
09/23/2016,16.59000015258789,16.759500045776367,18.1277890302,15.3912110614
09/26/2016,16.049999237060547,16.726400051116944,18.0578575463,15.3949425559
09/27/2016,15.979999542236328,16.686600036621094,17.9775812253,15.395618848
09/28/2016,16.059999465942383,16.63930004119873,17.8671072669,15.4114928155
09/29/2016,16.1299991607666,16.58520004272461,17.714174405,15.4562256805
09/30/2016,16.049999237060547,16.528900032043456,17.5317459465,15.5260541175
10/03/2016,15.729999542236328,16.48150001525879,17.3893418621,15.5736581684
10/04/2016,15.4399995803833,16.442600002288817,17.2968887493,15.5883112552
10/05/2016,15.699999809265137,16.40859999656677,17.2339666207,15.5832333725
10/06/2016,15.630000114440918,16.38069999694824,17.1820429611,15.5793570328
10/07/2016,15.449999809265137,16.366500005722045,17.1684381548,15.5645618567
10/10/2016,15.399999618530273,16.35680000305176,17.1638822841,15.549717722
10/11/2016,15.149999618530273,16.345100002288817,17.1574700208,15.5327299837
10/12/2016,15.40999984741211,16.33420000076294,17.155174072,15.5132259295
10/13/2016,16.075000762939453,16.323500003814697,17.1494617583,15.4975382493
10/14/2016,15.960000038146973,16.321250019073485,17.147579102,15.4949209361
10/17/2016,15.779999732971191,16.317650022506715,17.144760531,15.490539514
10/18/2016,15.489999771118164,16.317950019836427,17.1448600005,15.4910400392
10/19/2016,15.4399995803833,16.31535001754761,17.1444475389,15.4862524961
10/20/2016,15.300000190734863,16.3105500125885,17.1433038946,15.4777961305
10/21/2016,15.149999618530273,16.303750019073487,17.1419339258,15.4655661124
10/24/2016,15.220000267028809,16.29845001220703,17.1422183063,15.4546817181
10/25/2016,15.210000038146973,16.29885001182556,17.1420973155,15.4556027081
10/26/2016,15.1899995803833,16.293450012207032,17.1419076921,15.4449923323
10/27/2016,15.6899995803833,16.287350006103516,17.141507091,15.4331929212
10/28/2016,15.029999732971191,16.28654999732971,17.1412285659,15.4318714288
10/31/2016,15.25,16.281849994659424,17.1421150365,15.4215849529
11/01/2016,15.399999618530273,16.283849992752074,17.1414772701,15.4262227154
11/02/2016,15.279999732971191,16.287249984741212,17.1406823629,15.4338176066
11/03/2016,15.180000305175781,16.29144998550415,17.1388603228,15.4440396482
11/04/2016,15.050000190734863,16.297049989700316,17.135195961,15.4589040184
11/07/2016,15.420000076293945,16.297749996185303,17.1348242416,15.4606757507
11/08/2016,16.979999542236328,16.3027499961853,17.1330456021,15.4724543903
11/09/2016,17.850000381469727,16.325549993515015,17.1427216653,15.5083783217
11/10/2016,17.360000610351562,16.36154999732971,17.1656855288,15.5574144658
11/11/2016,17.049999237060547,16.393150005340576,17.1734585575,15.6128414532
11/14/2016,16.6299991607666,16.422249994277955,17.1716379461,15.6728620424
11/15/2016,16.5,16.442949981689452,17.1688326687,15.7170672947
11/16/2016,16.280000686645508,16.446949977874755,17.1720334752,15.7218664806
11/17/2016,16.200000762939453,16.452549982070924,17.1741515895,15.7309483746
11/18/2016,16.530000686645508,16.455949993133544,17.1755498625,15.7363501238
11/21/2016,16.280000686645508,16.460650005340575,17.179182502,15.7421175087
11/22/2016,16.6299991607666,16.461650009155274,17.1798607359,15.7434392825
11/23/2016,16.610000610351562,16.463549995422362,17.1819522263,15.7451477645
11/25/2016,16.270000457763672,16.46465000152588,17.1831914041,15.746108599
11/28/2016,16.549999237060547,16.45885000228882,17.1765978985,15.7411021061
11/29/2016,16.600000381469727,16.457749996185303,17.1752730283,15.740226964
11/30/2016,16.360000610351562,16.457250003814696,17.1746563073,15.7398437004
12/01/2016,16.389999389648438,16.454050006866456,17.1711692171,15.7369307966
12/02/2016,16.790000915527344,16.450650005340577,17.1672586468,15.7340413638
12/05/2016,17.75,16.45355001449585,17.1709388708,15.7361611582
12/06/2016,18.239999771118164,16.465350017547607,17.1941708127,15.7365292224
12/07/2016,18.31999969482422,16.480150012969972,17.2295406599,15.7307593661
12/08/2016,17.979999542236328,16.49685001373291,17.268127805,15.7255722225
12/09/2016,17.860000610351562,16.509150009155274,17.2940542182,15.7242458001
12/12/2016,17.559999465942383,16.517250022888184,17.3118139296,15.7226861162
12/13/2016,17.3700008392334,16.521650009155273,17.3207448849,15.7225551334
12/14/2016,17.549999237060547,16.522850017547608,17.3231269913,15.7225730438
12/15/2016,17.700000762939453,16.52715000152588,17.3317674317,15.7225325713
12/16/2016,17.770000457763672,16.532850017547606,17.3437126673,15.7219873678
12/19/2016,17.940000534057617,16.537950019836426,17.3549507326,15.7209493071
12/20/2016,18.610000610351562,16.544050025939942,17.3691784889,15.7189215629
12/21/2016,18.299999237060547,16.55955003738403,17.4084412024,15.7106588724
12/22/2016,18.350000381469727,16.575150032043457,17.4413710565,15.7089290075
12/23/2016,18.770000457763672,16.591050033569335,17.4749308485,15.7071692187
12/27/2016,18.860000610351562,16.612350044250487,17.522430202,15.7022698865
12/28/2016,18.989999771118164,16.63065004348755,17.5669651687,15.6943349183
12/29/2016,18.979999542236328,16.650450038909913,17.6150847986,15.6858152792
12/30/2016,19.5,16.670150032043455,17.6616677451,15.6786323189
01/03/2017,19.31999969482422,16.69505002975464,17.7252989765,15.664801083
01/04/2017,19.06999969482422,16.718850021362304,17.7814647458,15.6562352969
01/05/2017,19.469999313354492,16.74095001220703,17.8289488431,15.6529511813
01/06/2017,19.25,16.764050006866455,17.8847323524,15.6433676613
01/09/2017,19.520000457763672,16.78454999923706,17.9314622073,15.6376377912
01/10/2017,19.700000762939453,16.808150005340575,17.9863978226,15.6299021881
01/11/2017,19.600000381469727,16.834550018310548,18.0472184333,15.6218816033
01/12/2017,19.600000381469727,16.8608500289917,18.1042995399,15.6174005181
01/13/2017,19.350000381469727,16.885350036621094,18.1580478827,15.6126521905
01/17/2017,19.600000381469727,16.908650035858155,18.2047135464,15.6125865253
01/18/2017,19.170000076293945,16.93425003051758,18.2576495922,15.6108504688
01/19/2017,19.110000610351562,16.957750034332275,18.2996477208,15.6158523478
01/20/2017,19.030000686645508,16.978650035858156,18.3375229752,15.6197770965
01/23/2017,19.329999923706055,16.998550033569337,18.3726615323,15.6244385348
01/24/2017,18.8700008392334,17.02135004043579,18.4149040173,15.6277960636
01/25/2017,19.239999771118164,17.040850048065185,18.4464406057,15.6352594905
01/26/2017,19.100000381469727,17.064550037384034,18.4869402183,15.6421598565
01/27/2017,19.100000381469727,17.08475004196167,18.5214873111,15.6480127728
01/30/2017,19.100000381469727,17.1019500541687,18.5523495712,15.6515505371
01/31/2017,18.969999313354492,17.117250061035158,18.5805190094,15.6539811127
02/01/2017,18.700000762939453,17.13025005340576,18.6041084209,15.6563916859
02/02/2017,18.709999084472656,17.14535005569458,18.627455298,15.6632448134
02/03/2017,18.649999618530273,17.16305004119873,18.65314475,15.6729553324
02/06/2017,18.399999618530273,17.180350036621093,18.6775482229,15.6831518503
02/07/2017,18.5,17.195950031280518,18.697641118,15.6942589446
02/08/2017,19.6299991607666,17.209250030517577,18.7165316761,15.701968385
02/09/2017,20.780000686645508,17.23775001525879,18.7634771938,15.7120228367
02/10/2017,21.270000457763672,17.28265001296997,18.8454425546,15.7198574713
02/13/2017,21.489999771118164,17.328650016784668,18.9396871871,15.7176128465
02/14/2017,21.239999771118164,17.37785001754761,19.0393050843,15.7163949508
02/15/2017,21.389999389648438,17.428250007629394,19.129185485,15.7273145302
02/16/2017,20.690000534057617,17.484049997329713,19.2221049803,15.7459950144
02/17/2017,20.75,17.525050001144407,19.2896865248,15.7604134775
02/21/2017,20.420000076293945,17.572050008773804,19.3592204923,15.7848795252
02/22/2017,19.729999542236328,17.61645001411438,19.418606757,15.8142932713
02/23/2017,19.8799991607666,17.65315001487732,19.4605978201,15.8457022096
02/24/2017,19.219999313354492,17.69065001487732,19.5049956282,15.8763044015
02/27/2017,19.290000915527344,17.72235001564026,19.5354459474,15.9092540839
02/28/2017,18.65999984741211,17.75795002937317,19.5665213401,15.9493787186
03/01/2017,18.829999923706055,17.790150032043456,19.5857839986,15.9945160655
03/02/2017,18.690000534057617,17.821450033187865,19.6076323448,16.0352677216
03/03/2017,18.889999389648438,17.852050037384032,19.6266007304,16.0774993443
03/06/2017,18.75,17.886450033187867,19.6473934559,16.1255066105
03/07/2017,18.809999465942383,17.919950037002565,19.6650667427,16.1748333313
03/08/2017,18.739999771118164,17.956550035476685,19.6814524627,16.2316476083
03/09/2017,18.399999618530273,17.989850034713744,19.6973242658,16.2823758037
03/10/2017,18.190000534057617,18.013100023269654,19.7101396331,16.3160604135
03/13/2017,18.219999313354492,18.03540002822876,19.7199198083,16.3508802482
03/14/2017,18.329999923706055,18.059800024032594,19.7290765121,16.390523536
03/15/2017,18.450000762939453,18.08820002555847,19.7375540749,16.4388459762
03/16/2017,18.239999771118164,18.11830003738403,19.7463793079,16.4902207669
03/17/2017,18.790000915527344,18.147700033187867,19.7509772142,16.5444228521
03/20/2017,18.639999389648438,18.184100046157837,19.7599922331,16.6082078592
03/21/2017,17.809999465942383,18.218300037384033,19.7663588581,16.6702412166
03/22/2017,17.389999389648438,18.244300031661986,19.763174127,16.7254259363
03/23/2017,17.450000762939453,18.26630002975464,19.7564360306,16.7761640289
03/24/2017,17.420000076293945,18.2839000415802,19.7537591319,16.8140409512
03/27/2017,17.229999542236328,18.307800045013426,19.7435921938,16.8720078962
03/28/2017,17.200000762939453,18.32760004043579,19.734448356,16.9207517249
03/29/2017,17.459999084472656,18.345600051879885,19.726145068,16.9650550358
03/30/2017,17.149999618530273,18.3674000453949,19.7162117963,17.0185882945
03/31/2017,17.079999923706055,18.38710003852844,19.703204334,17.070995743
04/03/2017,17.389999389648438,18.407400035858153,19.6870254419,17.1277746298
04/04/2017,17.610000610351562,18.4271000289917,19.6753622393,17.1788378187
04/05/2017,17.719999313354492,18.43340003967285,19.6759194045,17.1908806748
04/06/2017,18.010000228881836,18.432100028991698,19.6752969306,17.1889031273
04/07/2017,17.989999771118164,18.438600025177003,19.6778675496,17.1993325007
04/10/2017,17.979999542236328,18.448000030517576,19.6802442991,17.215755762
04/11/2017,17.709999084472656,18.461500034332275,19.6810830205,17.2419170481
04/12/2017,17.399999618530273,18.473600025177003,19.6795888159,17.2676112344
04/13/2017,17.559999465942383,18.48480001449585,19.6754682812,17.2941317478
04/17/2017,17.299999237060547,18.49840000152588,19.6705158005,17.3262842026
04/18/2017,17.219999313354492,18.50609998703003,19.6677418602,17.3444581138
04/19/2017,17.329999923706055,18.515499973297118,19.6628050114,17.3681949352
04/20/2017,17.149999618530273,18.522499980926515,19.6603764333,17.3846235286
04/21/2017,17.030000686645508,18.5278999710083,19.6579418706,17.3978580714
04/24/2017,17.139999389648438,18.53549997329712,19.652814994,17.4181849526
04/25/2017,17.31999969482422,18.541399974822998,19.649736626,17.4330633236
04/26/2017,17.75,18.548599967956545,19.6465918419,17.450608094
04/27/2017,17.8700008392334,18.562499961853028,19.6413284436,17.4836714801
04/28/2017,17.549999237060547,18.577299976348876,19.6361908185,17.5184091342
05/01/2017,17.3700008392334,18.584899959564208,19.6336140028,17.5361859163
05/02/2017,17.299999237060547,18.581099967956543,19.6335142989,17.5286856371
05/03/2017,17.739999771118164,18.571699962615966,19.6312924603,17.5121074649
05/04/2017,17.260000228881836,18.565899963378907,19.6284376535,17.5033622732
05/05/2017,17.06999969482422,18.55869997024536,19.6276038253,17.4897961152
05/08/2017,17.0049991607666,18.55079996109009,19.6277277759,17.4738721463
05/09/2017,16.969999313354492,18.54524995803833,19.6286800945,17.4618198216
05/10/2017,15.149999618530273,18.54124994277954,19.629738299,17.4527615866
05/11/2017,16.049999237060547,18.517249946594237,19.6527722536,17.3817276396
05/12/2017,15.399999618530273,18.50074993133545,19.659772346,17.3417275167
05/15/2017,15.510000228881836,18.477049922943117,19.6743710345,17.2797288113
05/16/2017,15.539999961853027,18.452749919891357,19.6848769314,17.2206229084
05/17/2017,15.699999809265137,18.422049913406372,19.6876676786,17.1564321482
05/18/2017,16.34000015258789,18.39604991912842,19.6902905968,17.1018092414
05/19/2017,17.0,18.3759499168396,19.6862579427,17.065641891
05/22/2017,16.8700008392334,18.358249912261964,19.675054171,17.0414456535
05/23/2017,16.270000457763672,18.338349914550783,19.6624378124,17.0142620167
05/24/2017,15.619999885559082,18.311149921417236,19.6494335764,16.9728662665
05/25/2017,15.949999809265137,18.277549924850465,19.6405699058,16.9145299439
05/26/2017,16.0,18.242049922943114,19.618928375,16.8651714709
05/30/2017,16.1200008392334,18.208849925994873,19.5992959528,16.8184038992
05/31/2017,16.229999542236328,18.179349937438964,19.5824490145,16.7762508604
06/01/2017,15.84000015258789,18.146949939727783,19.5572616682,16.7366382112
06/02/2017,15.350000381469727,18.11284994125366,19.5372337872,16.6884660953
06/05/2017,15.3100004196167,18.071149940490724,19.514639844,16.6276600369
06/06/2017,15.25,18.027249937057494,19.4871964457,16.5673034284
06/07/2017,15.199999809265137,17.983749933242798,19.4608915278,16.5066083387
06/08/2017,15.350000381469727,17.93974992752075,19.4335307957,16.4459690593
06/09/2017,16.2549991607666,17.89974992752075,19.408710247,16.390789608
06/12/2017,16.700000762939453,17.86629991531372,19.3742740124,16.3583258183
06/13/2017,16.809999465942383,17.841599922180176,19.3482458606,16.3349539838
06/14/2017,16.780000686645508,17.818599910736083,19.3232615256,16.3139382959
06/15/2017,16.520000457763672,17.796099910736086,19.2993005927,16.2928992288
06/16/2017,16.0,17.76799991607666,19.2685259859,16.2674738463
06/19/2017,16.6299991607666,17.739299907684327,19.2459083413,16.232691474
06/20/2017,15.680000305175781,17.71319990158081,19.2161876736,16.2102121296
06/21/2017,15.850000381469727,17.67899990081787,19.1889368044,16.1690629972
06/22/2017,15.3100004196167,17.646499900817872,19.1604725464,16.1325272552
06/23/2017,15.420000076293945,17.60859990119934,19.1331137331,16.0840860693
06/26/2017,15.600000381469727,17.573099908828734,19.1068038511,16.0393959666
06/27/2017,15.460000038146973,17.542099905014037,19.0840204426,16.0001793674
06/28/2017,15.520000457763672,17.50959991455078,19.0607846903,15.9584151388
06/29/2017,16.25,17.478299922943116,19.0377147055,15.9188851404
06/30/2017,16.386999130249023,17.456799926757814,19.0181788423,15.8954210112
07/03/2017,16.649999618530273,17.435669918060302,18.9970858506,15.8742539856
07/05/2017,16.399999618530273,17.40586992263794,18.9534983162,15.8582415291
07/06/2017,16.6299991607666,17.362069911956787,18.8751810679,15.848958756
07/07/2017,16.709999084472656,17.315669898986815,18.7785412102,15.8527985877
07/10/2017,16.65999984741211,17.267869892120363,18.670412478,15.8653273063
07/11/2017,15.520000457763672,17.2220698928833,18.5677834461,15.8763563396
07/12/2017,14.979999542236328,17.163369903564455,18.4528478287,15.8738919785
07/13/2017,15.114999771118164,17.10626989364624,18.3643608019,15.8481789854
07/14/2017,14.819999694824219,17.049919891357423,18.2691414819,15.8306983008
07/17/2017,15.050000190734863,16.993919887542724,18.1853544526,15.8024853225
07/18/2017,14.84000015258789,16.94711989402771,18.1219615865,15.7722782015
07/19/2017,14.770000457763672,16.89671990394592,18.0526154752,15.7408243327
07/20/2017,14.90999984741211,16.852219915390016,18.0034659388,15.7009738919
07/21/2017,14.979999542236328,16.808419904708863,17.9493596014,15.667480208
07/24/2017,14.869999885559082,16.771619901657104,17.9115922165,15.6316475868
07/25/2017,14.760000228881836,16.732019901275635,17.8685765529,15.5954632497
07/26/2017,14.920000076293945,16.692719898223878,17.8288397274,15.556600069
07/27/2017,14.899999618530273,16.653019905090332,17.7809991429,15.5250406673
07/28/2017,15.039999961853027,16.614519901275635,17.7359531167,15.4930866858
07/31/2017,15.069999694824219,16.576819906234743,17.6871266171,15.4665131953
08/01/2017,15.489999771118164,16.5401199054718,17.6389127442,15.4413270667
08/02/2017,15.430000305175781,16.51101990699768,17.5986480098,15.4233918042
08/03/2017,15.5,16.483419904708864,17.5630816129,15.4037581965
08/04/2017,15.4399995803833,16.456219911575317,17.5260066339,15.3864331893
08/07/2017,16.200000762939453,16.42731990814209,17.4850651248,15.3695746915
08/08/2017,16.40999984741211,16.40481990814209,17.4430506411,15.3665891752
08/09/2017,16.760000228881836,16.38651990890503,17.4082388438,15.364800974
08/10/2017,16.600000381469727,16.366219902038573,17.3597616262,15.3726781779
08/11/2017,16.360000610351562,16.345819911956788,17.3130607297,15.3785790942
08/14/2017,16.334999084472656,16.33131992340088,17.2873054584,15.3753343884
08/15/2017,17.520000457763672,16.32076992034912,17.2708168423,15.3707229984
08/16/2017,17.950000762939453,16.321469917297364,17.2723740027,15.3705658318
08/17/2017,17.299999237060547,16.32676992416382,17.2852290687,15.3683107796
08/18/2017,17.040000915527344,16.327469921112062,17.2866137879,15.3683260543
08/21/2017,17.290000915527344,16.32586992263794,17.283689478,15.3680503672
08/22/2017,17.239999771118164,16.324169940948487,17.2801241276,15.3682157543
08/23/2017,17.3799991607666,16.325069942474364,17.281843214,15.3682966709
08/24/2017,17.139999389648438,16.328069934844972,17.2876717569,15.3684681127
08/25/2017,17.18000030517578,16.32556993484497,17.2827244468,15.3684154229
08/28/2017,17.329999923706055,16.321269931793214,17.2735982159,15.3689416477
08/29/2017,17.399999618530273,16.31736993789673,17.2647478318,15.369992044
08/30/2017,17.399999618530273,16.311269931793213,17.2496507505,15.372889113
08/31/2017,17.139999389648438,16.305369930267332,17.2349912164,15.3757486442
09/01/2017,17.3700008392334,16.296969928741454,17.2151460532,15.3787938043
09/05/2017,17.610000610351562,16.29356994628906,17.2071252402,15.3800146524
09/06/2017,17.950000762939453,16.295669956207277,17.2120033539,15.3793365585
09/07/2017,17.899999618530273,16.299569969177245,17.22208528,15.3770546584
09/08/2017,17.860000610351562,16.305569972991943,17.2364854697,15.3746544762
09/11/2017,18.030000686645508,16.311969985961912,17.2513120098,15.3726279621
09/12/2017,18.81999969482422,16.31896999359131,17.2684260921,15.3695138951
09/13/2017,16.829999923706055,16.335669994354248,17.3138486009,15.3574913878
09/14/2017,16.989999771118164,16.333669986724853,17.3106306082,15.3567093652
09/15/2017,17.0,16.33216999053955,17.3080059515,15.3563340295
09/18/2017,17.030000686645508,16.328969993591308,17.3020822568,15.3558577304
09/19/2017,16.639999389648438,16.321770000457764,17.2869729917,15.3565670092
09/20/2017,16.40999984741211,16.309469985961915,17.2626268651,15.3563131069
09/21/2017,16.299999237060547,16.29806999206543,17.2431043886,15.3530355955
09/22/2017,16.649999618530273,16.287369976043703,17.2262444086,15.3484955435
09/25/2017,16.450000762939453,16.280869979858398,17.2149490838,15.3467908759
09/26/2017,16.56999969482422,16.26796998977661,17.1906469742,15.3452930054
09/27/2017,16.6200008392334,16.261069984436034,17.1788696286,15.3432703402
09/28/2017,16.709999084472656,16.256569995880128,17.1714910733,15.3416489185
09/29/2017,16.510000228881836,16.253619995117187,17.1665966611,15.3406433292
10/02/2017,16.520000457763672,16.24902000427246,17.1595311506,15.3385088579
10/03/2017,16.510000228881836,16.262720012664794,17.1668763616,15.3585636637
10/04/2017,16.649999618530273,16.267320022583007,17.1715525795,15.3630874656
10/05/2017,16.65999984741211,16.279820022583007,17.1806098188,15.3790302264
10/06/2017,16.780000686645508,16.29132001876831,17.1895455744,15.3930944631
10/09/2017,16.3799991607666,16.303720026016236,17.2000451112,15.4073949408
10/10/2017,16.68000030517578,16.31052001953125,17.2048162918,15.4162237473
10/11/2017,16.959999084472656,16.31392002105713,17.2089679128,15.4188721293
10/12/2017,16.90999984741211,16.313520011901854,17.2082700847,15.4187699391
10/13/2017,16.65999984741211,16.313920001983643,17.2089276587,15.4189123453
10/16/2017,16.440000534057617,16.31781999588013,17.2134772512,15.4221627406
10/17/2017,16.549999237060547,16.326020002365112,17.2190006464,15.4330393583
10/18/2017,16.479999542236328,16.332019996643066,17.2244695391,15.4395704542
10/19/2017,16.25,16.33681999206543,17.2287615555,15.4448784287
10/20/2017,16.149999618530273,16.338119983673096,17.2298392972,15.4464006701
10/23/2017,16.290000915527344,16.337319984436036,17.2291718144,15.4454681545
10/24/2017,16.079999923706055,16.341819992065428,17.232285352,15.4513546321
10/25/2017,16.0,16.349119987487793,17.234401696,15.4638382789
10/26/2017,15.729999542236328,16.356019983291628,17.2358479474,15.4761920192
10/27/2017,15.729999542236328,16.36081997871399,17.2358973584,15.4857425991
10/30/2017,15.319999694824219,16.366119976043702,17.2357386511,15.496501301
10/31/2017,15.529999732971191,16.365819969177245,17.2357942424,15.4958456959
11/01/2017,15.0,16.358569974899293,17.232449724,15.4846902258
11/02/2017,16.040000915527344,16.341569967269898,17.2251242607,15.4580156738
11/03/2017,15.550000190734863,16.333869981765748,17.2166633192,15.4510766443
11/06/2017,15.229999542236328,16.32156997680664,17.2066275902,15.4365123634
11/07/2017,15.529999732971191,16.30866996765137,17.2001193955,15.4172205398
11/08/2017,15.638999938964844,16.30396996498108,17.1982688491,15.4096710808
11/09/2017,15.770000457763672,16.294059972763062,17.1901800469,15.3979398986
11/10/2017,15.390000343322754,16.29495997428894,17.1905078894,15.3994120592
11/13/2017,15.210000038146973,16.29035997390747,17.1893563794,15.3913635684
11/14/2017,15.199999809265137,16.289359970092775,17.1895012171,15.3892187231
11/15/2017,15.100000381469727,16.287159967422486,17.1896889774,15.3846309574
11/16/2017,15.020000457763672,16.282159967422487,17.1898522114,15.3744677235
11/17/2017,15.640000343322754,16.277759971618654,17.1904794502,15.3650404931
11/20/2017,15.109999656677246,16.278959970474244,17.1907608178,15.3671591232
11/21/2017,15.029999732971191,16.267559967041016,17.1867482614,15.3483716727
11/22/2017,15.050000190734863,16.253989973068236,17.1812956788,15.3266842673
11/24/2017,14.8100004196167,16.23798997879028,17.1721032212,15.3038767364
11/27/2017,14.270000457763672,16.222089986801148,17.1667824291,15.2773975445
11/28/2017,14.880000114440918,16.19848999977112,17.1619885662,15.2349914334
11/29/2017,14.199999809265137,16.180190010070802,17.1511495036,15.2092305165
11/30/2017,14.859999656677246,16.15559000968933,17.1450679203,15.166112099
12/01/2017,14.260000228881836,16.148990001678467,17.1448658867,15.1531141166
12/04/2017,14.15999984741211,16.141790008544923,17.1486337775,15.1349462396
12/05/2017,14.0,16.13224000930786,17.153207743,15.1112722756
12/06/2017,13.4399995803833,16.124040012359618,17.1587151311,15.0893648936
12/07/2017,13.050000190734863,16.107940006256104,17.1713301069,15.0445499056
12/08/2017,12.5600004196167,16.090040006637572,17.189090206,14.9909898073
12/11/2017,13.1899995803833,16.067940006256105,17.2145043007,14.9213757118
12/12/2017,14.199999809265137,16.050740003585815,17.2270609624,14.8744190448
12/13/2017,14.619999885559082,16.042940006256103,17.2288816994,14.8569983131
12/14/2017,15.039999961853027,16.040440006256105,17.2291120174,14.8517679951
12/15/2017,14.84000015258789,16.043240003585815,17.2292192836,14.8572607235
12/18/2017,14.90999984741211,16.042440004348755,17.2292034158,14.8556765929
12/19/2017,14.300000190734863,16.042540006637573,17.2292075639,14.8558724494
12/20/2017,14.319999694824219,16.03514000892639,17.2303130994,14.8399669185
12/21/2017,14.020000457763672,16.02764000892639,17.2311700546,14.8241099632
12/22/2017,14.140000343322754,16.012940015792847,17.2318264242,14.7940536074
12/26/2017,14.5,16.000040016174317,17.2317861384,14.7682938939
12/27/2017,14.569999694824219,15.990040016174316,17.2298381086,14.7502419238
12/28/2017,14.479999542236328,15.981340017318725,17.2280008855,14.7346791491
12/29/2017,14.649999618530273,15.964140005111695,17.2195003466,14.7087796637
01/02/2018,14.630000114440918,15.946540002822877,17.2078494678,14.6852305379
01/03/2018,14.319999694824219,15.925240001678468,17.1906108855,14.6598691178
01/04/2018,14.649999618530273,15.902439994812012,17.1759621117,14.6289178779
01/05/2018,14.539999961853027,15.885339984893799,17.1640731954,14.6066067744
01/08/2018,14.3100004196167,15.867389993667603,17.152268932,14.5825110554
01/09/2018,14.199999809265137,15.835289993286132,17.1185775236,14.552002463
01/10/2018,14.180000305175781,15.79778998374939,17.0735024742,14.5220774933
01/11/2018,13.84000015258789,15.766589994430541,17.0433339104,14.4898460785
01/12/2018,14.029999732971191,15.734589986801147,17.0190948552,14.4500851184
01/16/2018,14.0,15.701989974975586,16.9879733512,14.4160065988
01/17/2018,14.010000228881836,15.669589977264405,16.9572298498,14.3819501047
01/18/2018,13.75,15.635889987945557,16.9224233679,14.349356608
01/19/2018,13.84000015258789,15.601989994049072,16.893098544,14.3108814441
01/22/2018,13.40999984741211,15.568589992523194,16.8616447648,14.2755352202
01/23/2018,13.65999984741211,15.529389991760254,16.827859656,14.2309203276
01/24/2018,13.579999923706055,15.491989994049073,16.789903358,14.1940766301
01/25/2018,13.8100004196167,15.45378999710083,16.7511996909,14.1563803033
01/26/2018,13.779999732971191,15.420490007400513,16.7169276052,14.1240524096
01/29/2018,13.369999885559082,15.38458999633789,16.6762431203,14.0929368724
01/30/2018,13.600000381469727,15.342189989089967,16.6296802769,14.0546997013
01/31/2018,13.489999771118164,15.298689985275269,16.5707294763,14.0266504942
02/01/2018,13.369999885559082,15.254589986801147,16.5120418315,13.9971381421
02/02/2018,13.210000038146973,15.209689979553223,16.4533958469,13.9659841122
02/05/2018,12.949999809265137,15.161489973068237,16.3882446827,13.9347352634
02/06/2018,12.039999961853027,15.102789974212646,16.2929754141,13.9126045343
02/07/2018,12.289999961853027,15.054889974594117,16.2707112015,13.8390687476
02/08/2018,12.130000114440918,15.007889976501465,16.2387481831,13.7770317699
02/09/2018,11.140000343322754,14.959189977645874,16.2064981641,13.7118817912
02/12/2018,11.029999732971191,14.900289974212647,16.1868699469,13.6137100015
02/13/2018,11.020000457763672,14.844189977645874,16.1752295689,13.5131503864
02/14/2018,11.0,14.790289983749389,16.1652401042,13.4153398633
02/15/2018,11.15999984741211,14.737289991378784,16.1545230688,13.320056914
02/16/2018,11.170000076293945,14.682389993667602,16.1304649408,13.2343150465
02/20/2018,10.779999732971191,14.629589986801147,16.1081898525,13.1509901211
02/21/2018,10.970000267028809,14.571689987182618,16.0861029777,13.0572769967
02/22/2018,10.800000190734863,14.515189981460571,16.0572731083,12.9731068546
02/23/2018,11.069999694824219,14.456089992523193,16.0259250294,12.8862549556
02/26/2018,11.09000015258789,14.401689987182618,15.9935107324,12.8098692419
02/27/2018,11.15999984741211,14.34738998413086,15.9585216665,12.7362583018
02/28/2018,11.140000343322754,14.293889980316163,15.9210681437,12.6667118169
03/01/2018,10.949999809265137,14.238789987564086,15.8784943629,12.5990856122
03/02/2018,11.279999732971191,14.181689987182617,15.8354459743,12.5279340001
03/05/2018,11.09000015258789,14.126689977645874,15.7845710778,12.4688088775
03/06/2018,11.329999923706055,14.073789987564087,15.7432845702,12.4042954049
03/07/2018,11.210000038146973,14.02028998374939,15.6911312174,12.3494487501
03/08/2018,11.390000343322754,13.962789993286133,15.6304118266,12.29516816
03/09/2018,11.489999771118164,13.90758999824524,15.5680861729,12.2470938236
03/12/2018,11.479999542236328,13.8558899974823,15.5103580332,12.2014219617
03/13/2018,11.5,13.806289987564087,15.4568888493,12.1556911259
03/14/2018,11.550000190734863,13.755789995193481,15.3989079714,12.112672019
03/15/2018,11.40999984741211,13.706490001678468,15.3410688784,12.0719111249
03/16/2018,11.050000190734863,13.658090000152589,15.288289308,12.0278906923
03/19/2018,11.100000381469727,13.607090005874634,15.2383085605,11.9758714512
03/20/2018,11.649999618530273,13.555190000534058,15.1827818526,11.9275981485
03/21/2018,11.180000305175781,13.5108899974823,15.1294213067,11.8923586882
03/22/2018,11.270000457763672,13.462690000534058,15.0781447789,11.8472352222
03/23/2018,11.789999961853027,13.418090009689331,15.0318982171,11.8042818023
03/26/2018,11.5,13.378690013885498,14.9836454917,11.773734536
03/27/2018,11.805000305175781,13.340490016937256,14.9442452274,11.7367348065
03/28/2018,12.0,13.303240022659303,14.898947067,11.7075329783
03/29/2018,12.25,13.273240022659301,14.8649609068,11.6815191386
04/02/2018,12.010000228881836,13.235340013504029,14.8057092393,11.6649707877
04/03/2018,12.420000076293945,13.199940013885499,14.7575806668,11.6422993609
04/04/2018,12.039999961853027,13.171840019226075,14.7179080773,11.6257719611
04/05/2018,12.527999877929688,13.136940021514892,14.668706935,11.605173108
04/06/2018,12.020000457763672,13.105830020904541,14.617930245,11.5937297968
04/09/2018,12.0,13.068330020904542,14.5602593272,11.5764007146
04/10/2018,12.039999961853027,13.034430017471314,14.5116624312,11.5571976037
04/11/2018,12.260000228881836,13.002730016708375,14.4668914068,11.5385686266
04/12/2018,12.5600004196167,12.973330020904541,14.4225162569,11.5241437849
04/13/2018,12.84000015258789,12.94793002128601,14.3817977739,11.5140622687
04/16/2018,12.84000015258789,12.926130018234254,14.3448206898,11.5074393467
04/17/2018,13.460000038146973,12.898130016326904,14.2903665205,11.5058935122
04/18/2018,14.029999732971191,12.881630020141602,14.2572329933,11.506027047
04/19/2018,13.960000038146973,12.871630020141602,14.2351607846,11.5080992557
04/20/2018,13.949999809265137,12.860730018615723,14.2110965846,11.5103634527
04/23/2018,13.75,12.852130012512207,14.1927583869,11.5115016382
04/24/2018,13.949999809265137,12.84693000793457,14.1830495899,11.510810426
04/25/2018,13.960000038146973,12.837630004882813,14.1627575219,11.5125024878
04/26/2018,13.90999984741211,12.835230007171631,14.1581033218,11.5123566925
04/27/2018,13.989999771118164,12.82573000907898,14.1373922893,11.5140677289
04/30/2018,13.430000305175781,12.823030004501343,14.1320122723,11.5140477367
05/01/2018,13.6899995803833,12.81573000907898,14.1192600369,11.5121999813
05/02/2018,13.5,12.812630004882813,14.1137062679,11.5115537419
05/03/2018,13.680000305175781,12.81323000907898,14.114609251,11.5118507671
05/04/2018,13.550000190734863,12.819530010223389,14.1235624284,11.5154975921
05/07/2018,13.40999984741211,12.82943000793457,14.1352113252,11.5236486907
05/08/2018,13.300000190734863,12.831630010604858,14.138202059,11.5250579622
05/09/2018,13.020000457763672,12.822630014419556,14.1228295625,11.5224304663
05/10/2018,13.380000114440918,12.806630020141602,14.0943982568,11.5188617834
05/11/2018,13.350000381469727,12.79003002166748,14.0594706824,11.5205893609
05/14/2018,13.119999885559082,12.775130023956299,14.0290715991,11.5211884488
05/15/2018,13.399999618530273,12.757230024337769,13.9932161588,11.5212438899
05/16/2018,13.0600004196167,12.748230018615722,13.9762002357,11.5202598015
05/17/2018,12.970000267028809,12.735630025863648,13.9538334173,11.5174266344
05/18/2018,13.420000076293945,12.725130023956298,13.9367250359,11.513535012
05/21/2018,13.25,12.71793002128601,13.9232185745,11.512641468
05/22/2018,13.239999771118164,12.705430021286011,13.8985928338,11.5122672088
05/23/2018,13.210000038146973,12.69213002204895,13.8717706684,11.5124893757
05/24/2018,13.220000267028809,12.679430027008056,13.8465238039,11.5123362501
05/25/2018,13.220000267028809,12.665130033493043,13.8166482101,11.5136118569
05/29/2018,13.619999885559082,12.651030035018922,13.7869292235,11.5151308465
05/30/2018,13.789999961853027,12.644030036926269,13.7717500354,11.5163100385
05/31/2018,13.800000190734863,12.635430040359497,13.7510338078,11.5198262729
06/01/2018,14.0600004196167,12.628030042648316,13.7333830978,11.5226769875
06/04/2018,13.960000038146973,12.625530042648315,13.7273532021,11.5237068832
06/05/2018,13.770000457763672,12.623130044937135,13.7217778802,11.5244822097
06/06/2018,13.84000015258789,12.619030046463013,13.7126135701,11.5254465228
06/07/2018,13.854999542236328,12.619030046463013,13.7126135701,11.5254465228
06/08/2018,13.789999961853027,12.617280044555663,13.7087422345,11.5258178546
06/11/2018,13.880000114440918,12.615180044174194,13.7041790696,11.5261810187
06/12/2018,13.789999961853027,12.613880043029786,13.7012896494,11.5264704366
06/13/2018,13.729999542236328,12.614280042648316,13.7021147668,11.5264453185
06/14/2018,13.930000305175781,12.613180036544799,13.6998297406,11.5265303325
06/15/2018,13.880000114440918,12.618380041122437,13.7100629059,11.5266971763
06/18/2018,13.795000076293945,12.620580043792724,13.7145790251,11.5265810625
06/19/2018,13.800000190734863,12.622730045318603,13.7188216965,11.5266383942
06/20/2018,13.869999885559082,12.622630043029785,13.7186138195,11.5266462666
06/21/2018,13.850000381469727,12.623530044555665,13.7205003712,11.5265597179
06/22/2018,13.670000076293945,12.628330049514771,13.7295979461,11.5270621529
06/25/2018,12.9399995803833,12.629030046463013,13.7309374029,11.52712269
06/26/2018,13.350000381469727,12.623530044555665,13.7224949685,11.5245651206
06/27/2018,13.09000015258789,12.62333004951477,13.7221609206,11.5244991784
06/28/2018,13.199999809265137,12.62213005065918,13.7203849557,11.5238751456
06/29/2018,13.279999732971191,12.62463005065918,13.7239125145,11.5253475869
07/02/2018,13.010000228881836,12.637030048370361,13.7366415007,11.5374185961
07/03/2018,13.600000381469727,12.64423005104065,13.7439028545,11.5445572475
07/05/2018,13.0,12.658930053710938,13.7614520851,11.5564080223
07/06/2018,13.130000114440918,12.67753005027771,13.7699130794,11.5851470212
07/09/2018,13.0,12.698530054092407,13.7791610791,11.6178990291
07/10/2018,12.869999885559082,12.71833004951477,13.7860873242,11.6505727749
07/11/2018,12.920000076293945,12.737030048370361,13.7908134053,11.6832466914
07/12/2018,12.720000267028809,12.75463005065918,13.7965581389,11.7127019624
