08/06/2013,17.450000762939453,0,0,0
08/07/2013,17.510000228881836,0,0,0
08/08/2013,17.5,0,0,0
08/09/2013,17.229999542236328,0,0,0
08/12/2013,17.18000030517578,0,0,0
08/13/2013,17.459999084472656,0,0,0
08/14/2013,17.440000534057617,0,0,0
08/15/2013,17.229999542236328,0,0,0
08/16/2013,17.299999237060547,0,0,0
08/19/2013,16.790000915527344,0,0,0
08/20/2013,16.75,0,0,0
08/21/2013,16.579999923706055,0,0,0
08/22/2013,16.799999237060547,0,0,0
08/23/2013,16.719999313354492,0,0,0
08/26/2013,16.559999465942383,0,0,0
08/27/2013,16.200000762939453,0,0,0
08/28/2013,16.389999389648438,0,0,0
08/29/2013,16.75,0,0,0
08/30/2013,16.31999969482422,0,0,0
09/03/2013,16.979999542236328,0,0,0
09/04/2013,17.100000381469727,0,0,0
09/05/2013,17.170000076293945,0,0,0
09/06/2013,16.969999313354492,0,0,0
09/09/2013,17.040000915527344,0,0,0
09/10/2013,17.149999618530273,0,0,0
09/11/2013,17.18000030517578,0,0,0
09/12/2013,16.899999618530273,0,0,0
09/13/2013,16.969999313354492,0,0,0
09/16/2013,17.25,0,0,0
09/17/2013,17.15999984741211,0,0,0
09/18/2013,17.149999618530273,0,0,0
09/19/2013,17.100000381469727,0,0,0
09/20/2013,16.989999771118164,0,0,0
09/23/2013,16.959999084472656,0,0,0
09/24/2013,16.93000030517578,0,0,0
09/25/2013,16.950000762939453,0,0,0
09/26/2013,17.010000228881836,0,0,0
09/27/2013,16.81999969482422,0,0,0
09/30/2013,16.68000030517578,0,0,0
10/01/2013,16.899999618530273,0,0,0
10/02/2013,16.790000915527344,0,0,0
10/03/2013,16.65999984741211,0,0,0
10/04/2013,16.8799991607666,0,0,0
10/07/2013,16.510000228881836,0,0,0
10/08/2013,16.3700008392334,0,0,0
10/09/2013,16.280000686645508,0,0,0
10/10/2013,17.049999237060547,0,0,0
10/11/2013,17.079999923706055,0,0,0
10/14/2013,17.829999923706055,0,0,0
10/15/2013,17.760000228881836,0,0,0
10/16/2013,17.31999969482422,0,0,0
10/17/2013,17.59000015258789,0,0,0
10/18/2013,17.59000015258789,0,0,0
10/21/2013,17.459999084472656,0,0,0
10/22/2013,17.600000381469727,0,0,0
10/23/2013,17.40999984741211,0,0,0
10/24/2013,17.309999465942383,0,0,0
10/25/2013,17.34000015258789,0,0,0
10/28/2013,17.299999237060547,0,0,0
10/29/2013,16.59000015258789,0,0,0
10/30/2013,16.610000610351562,0,0,0
10/31/2013,16.68000030517578,0,0,0
11/01/2013,16.700000762939453,0,0,0
11/04/2013,16.84000015258789,0,0,0
11/05/2013,16.530000686645508,0,0,0
11/06/2013,16.530000686645508,0,0,0
11/07/2013,16.84000015258789,0,0,0
11/08/2013,17.06999969482422,0,0,0
11/11/2013,16.989999771118164,0,0,0
11/12/2013,17.110000610351562,0,0,0
11/13/2013,17.31999969482422,0,0,0
11/14/2013,17.700000762939453,0,0,0
11/15/2013,17.719999313354492,0,0,0
11/18/2013,17.520000457763672,0,0,0
11/19/2013,16.889999389648438,0,0,0
11/20/2013,17.200000762939453,0,0,0
11/21/2013,17.350000381469727,0,0,0
11/22/2013,17.209999084472656,0,0,0
11/25/2013,17.40999984741211,0,0,0
11/26/2013,17.100000381469727,0,0,0
11/27/2013,17.09000015258789,0,0,0
11/29/2013,17.209999084472656,0,0,0
12/02/2013,17.329999923706055,0,0,0
12/03/2013,17.1200008392334,0,0,0
12/04/2013,17.25,0,0,0
12/05/2013,16.780000686645508,0,0,0
12/06/2013,17.200000762939453,0,0,0
12/09/2013,17.299999237060547,0,0,0
12/10/2013,17.31999969482422,0,0,0
12/11/2013,17.010000228881836,0,0,0
12/12/2013,16.65999984741211,0,0,0
12/13/2013,16.770000457763672,0,0,0
12/16/2013,16.739999771118164,0,0,0
12/17/2013,17.059999465942383,0,0,0
12/18/2013,17.18000030517578,0,0,0
12/19/2013,17.65999984741211,0,0,0
12/20/2013,17.8700008392334,0,0,0
12/23/2013,18.149999618530273,0,0,0
12/24/2013,18.170000076293945,0,0,0
12/26/2013,18.079999923706055,0,0,0
12/27/2013,17.81999969482422,17.095100002288817,17.4956333239,16.6945666807
12/30/2013,17.799999237060547,17.098799991607667,17.5042731743,16.6933268089
12/31/2013,17.829999923706055,17.101699981689453,17.511121573,16.6922783904
01/02/2014,18.06999969482422,17.104999980926515,17.5189238006,16.6910761613
01/03/2014,18.290000915527344,17.113399982452393,17.5381568117,16.6886431532
01/06/2014,18.079999923706055,17.124499988555907,17.5650617838,16.6839381933
01/07/2014,18.31999969482422,17.13069999694824,17.580211354,16.6811886399
01/08/2014,18.34000015258789,17.139499988555908,17.6033649363,16.6756350408
01/09/2014,18.299999237060547,17.150599994659423,17.6295337942,16.6716661951
01/10/2014,18.18000030517578,17.160599994659425,17.6528047988,16.6683951905
01/13/2014,17.8700008392334,17.174499988555908,17.6755894941,16.673410483
01/14/2014,17.489999771118164,17.18569999694824,17.6896845843,16.6817154096
01/15/2014,17.389999389648438,17.194799995422365,17.6959735303,16.6936264606
01/16/2014,17.329999923706055,17.20069999694824,17.7006624492,16.7007375447
01/17/2014,16.959999084472656,17.206800003051757,17.7045767571,16.709023249
01/21/2014,16.790000915527344,17.21079999923706,17.7049571549,16.7166428436
01/22/2014,16.739999771118164,17.21670000076294,17.702199797,16.7312002045
01/23/2014,16.670000076293945,17.220200004577638,17.70096595,16.7394340592
01/24/2014,16.670000076293945,17.219400005340574,17.7010135157,16.7377864949
01/27/2014,16.670000076293945,17.222900009155275,17.6992071758,16.7465928425
01/28/2014,16.690000534057617,17.21980001449585,17.6986798366,16.7409201924
01/29/2014,16.90999984741211,17.215700016021728,17.6973351782,16.7340648539
01/30/2014,17.260000228881836,17.21310001373291,17.6956757181,16.7305243093
01/31/2014,17.1299991607666,17.216000022888185,17.6979771149,16.7340229309
02/03/2014,17.059999465942383,17.216900005340577,17.6986315819,16.7351684287
02/04/2014,16.899999618530273,17.2160000038147,17.6979397543,16.7340602534
02/05/2014,16.889999389648438,17.21319999694824,17.6961530854,16.7302469085
02/06/2014,17.170000076293945,17.213099994659423,17.6961189562,16.7300810331
02/07/2014,19.639999389648438,17.215100002288818,17.6975219274,16.7326780772
02/10/2014,19.360000610351562,17.238999996185303,17.7783967837,16.6996032087
02/11/2014,19.3700008392334,17.261000003814697,17.8401277271,16.6818722805
02/12/2014,19.6299991607666,17.283200016021727,17.8990341769,16.6673658551
02/13/2014,19.770000457763672,17.308500003814697,17.966793757,16.6502062506
02/14/2014,19.799999237060547,17.336300010681153,18.0378363576,16.6347636638
02/18/2014,19.940000534057617,17.36470001220703,18.1067436773,16.6226563472
02/19/2014,19.68000030517578,17.39480001449585,18.1784803576,16.6111196714
02/20/2014,19.6299991607666,17.422100009918214,18.2367487258,16.607451294
02/21/2014,19.719999313354492,17.44829999923706,18.2909244798,16.6056755187
02/24/2014,19.690000534057617,17.477299995422364,18.3472618224,16.6073381684
02/25/2014,19.459999084472656,17.507399997711182,18.4010056932,16.6137943022
02/26/2014,19.440000534057617,17.532999992370605,18.4453118136,16.6206881712
02/27/2014,19.549999237060547,17.55949998855591,18.488185427,16.6308145501
02/28/2014,19.350000381469727,17.588399982452394,18.5334668063,16.6433331586
03/03/2014,19.520000457763672,17.613099994659425,18.5715128772,16.6546871121
03/04/2014,19.709999084472656,17.64319999694824,18.6136862905,16.6727137034
03/05/2014,20.040000915527344,17.676599979400635,18.6600806914,16.6931192674
03/06/2014,20.170000076293945,17.714199981689454,18.7152855399,16.7131144235
03/07/2014,20.110000610351562,17.745399990081786,18.7735521038,16.7172478763
03/10/2014,20.290000915527344,17.77569999694824,18.8281563937,16.7232436002
03/11/2014,20.06999969482422,17.800300006866454,18.882079519,16.7185204948
03/12/2014,20.600000381469727,17.82340000152588,18.9284848078,16.7183151952
03/13/2014,20.850000381469727,17.856200008392335,18.9940477867,16.7183522301
03/14/2014,21.0,17.88880001068115,19.0646208259,16.7129791954
03/17/2014,21.229999542236328,17.922900009155274,19.1383401022,16.7074599161
03/18/2014,21.100000381469727,17.96060001373291,19.2188128853,16.7023871422
03/19/2014,21.040000915527344,17.99560001373291,19.291413525,16.6997865025
03/20/2014,20.920000076293945,18.031900024414064,19.3612116726,16.7025883762
03/21/2014,20.780000686645508,18.068000030517577,19.4259271503,16.7100729108
03/24/2014,20.489999771118164,18.102400035858153,19.4848009688,16.7199991029
03/25/2014,20.59000015258789,18.13430004119873,19.5345080914,16.734091991
03/26/2014,20.59000015258789,18.17430004119873,19.586899982,16.7617001004
03/27/2014,20.25,18.214100036621094,19.6380875001,16.7901125731
03/28/2014,20.450000762939453,18.249800033569336,19.6796182294,16.8199818377
03/31/2014,20.440000534057617,18.287300033569338,19.7251330829,16.8494669842
04/01/2014,20.690000534057617,18.323300037384033,19.7694889264,16.8771111484
04/02/2014,20.780000686645508,18.364900035858156,19.8187175036,16.9110825681
04/03/2014,20.239999771118164,18.407400035858153,19.869055787,16.9457442847
04/04/2014,20.1200008392334,18.441400032043457,19.9057423175,16.9770577466
04/07/2014,19.43000030517578,18.471900043487548,19.939121123,17.004678964
04/08/2014,19.739999771118164,18.496300048828125,19.9589557202,17.0336443775
04/09/2014,19.84000015258789,18.52260004043579,19.983736431,17.0614636498
04/10/2014,19.3799991607666,18.547800045013428,20.0097088884,17.0858912016
04/11/2014,19.040000915527344,18.5646000289917,20.0263226923,17.1028773657
04/14/2014,19.239999771118164,18.57780004501343,20.0377950657,17.1178050244
04/15/2014,19.06999969482422,18.595000038146974,20.0525614625,17.1374386138
04/16/2014,19.450000762939453,18.61680004119873,20.0649699346,17.1686301478
04/17/2014,19.690000534057617,18.63930004119873,20.0827538238,17.1958462586
04/21/2014,19.690000534057617,18.66270004272461,20.104028611,17.2213714745
04/22/2014,19.899999618530273,18.687500057220458,20.1249502523,17.2500498622
04/23/2014,19.6299991607666,18.712400054931642,20.1490713943,17.2757287156
04/24/2014,19.56999969482422,18.737700042724608,20.1680167916,17.3073832939
04/25/2014,19.459999084472656,18.76250003814697,20.185514107,17.3394859693
04/28/2014,19.329999923706055,18.785000038146972,20.2010597993,17.368940277
04/29/2014,19.690000534057617,18.80500003814697,20.2144769775,17.3955230988
04/30/2014,20.010000228881836,18.830700035095216,20.2326289878,17.4287710823
05/01/2014,19.969999313354492,18.858300037384033,20.2559997161,17.4606003587
05/02/2014,19.940000534057617,18.890200023651122,20.2764583883,17.503941659
05/05/2014,19.420000076293945,18.917600021362304,20.2972429351,17.5379571076
05/06/2014,19.309999465942383,18.93880002975464,20.3096840016,17.5679160579
05/07/2014,21.010000228881836,18.95870002746582,20.3203532871,17.5970467679
05/08/2014,20.799999237060547,18.99870002746582,20.3612724532,17.6361276017
05/09/2014,20.790000915527344,19.040100021362306,20.3938508327,17.6863492101
05/12/2014,20.670000076293945,19.08030002593994,20.4257045115,17.7348955404
05/13/2014,20.5,19.119600028991698,20.4534179136,17.7857821444
05/14/2014,20.280000686645508,19.154000034332274,20.4785838501,17.8294162186
05/15/2014,20.079999923706055,19.185000038146974,20.4992577412,17.8707423351
05/16/2014,20.350000381469727,19.209200038909913,20.5174208391,17.9009792387
05/19/2014,20.780000686645508,19.234000034332276,20.5401035263,17.9278965424
05/20/2014,20.829999923706055,19.260300045013427,20.5707828767,17.9498172133
05/21/2014,20.8700008392334,19.28690004348755,20.6019702808,17.9718298061
05/22/2014,20.530000686645508,19.314800052642823,20.6335598188,17.9960402864
05/23/2014,20.68000030517578,19.341900062561034,20.6575047734,18.0262953517
05/27/2014,20.579999923706055,19.370700073242187,20.6837563765,18.05764377
05/28/2014,20.329999923706055,19.398200073242187,20.7074926675,18.088907479
05/29/2014,20.75,19.420800075531005,20.7264714294,18.1151287216
05/30/2014,20.780000686645508,19.445400066375733,20.7527076743,18.1380924584
06/02/2014,20.6200008392334,19.472400074005126,20.7791106747,18.1656894733
06/03/2014,20.75,19.49540008544922,20.8018660063,18.1889341646
06/04/2014,20.729999542236328,19.51950008392334,20.8266584951,18.2123416728
06/05/2014,20.709999084472656,19.543800086975097,20.850648926,18.236951248
06/06/2014,20.920000076293945,19.569100074768066,20.8737895018,18.2644106477
06/09/2014,21.290000915527344,19.59960006713867,20.899855495,18.2993446393
06/10/2014,21.450000762939453,19.637600078582764,20.931157419,18.3440427382
06/11/2014,21.479999542236328,19.678200092315674,20.9642689496,18.392131235
06/12/2014,21.31999969482422,19.719700088500975,20.9962482577,18.4431519193
06/13/2014,21.40999984741211,19.763300094604492,21.0191362144,18.5074639748
06/16/2014,21.43000030517578,19.80950008392334,21.0398256674,18.5791745005
06/17/2014,21.809999465942383,19.856400089263914,21.057875565,18.6549246135
06/18/2014,21.81999969482422,19.9078000831604,21.0814846295,18.7341155368
06/19/2014,22.030000686645508,19.959300079345702,21.1023725833,18.8162275754
06/20/2014,22.010000228881836,20.012900085449218,21.1257454717,18.9000546992
06/23/2014,22.100000381469727,20.066100082397462,21.1454805017,18.9867196631
06/24/2014,21.899999618530273,20.118000087738036,21.1687742292,19.0672259463
06/25/2014,22.040000915527344,20.164400081634522,21.1900934706,19.1387066926
06/26/2014,21.799999237060547,20.213500099182127,21.2098629908,19.2171372075
06/27/2014,21.920000076293945,20.26090009689331,21.2180920237,19.3037081701
06/30/2014,22.299999237060547,20.31110010147095,21.221191279,19.4010089239
07/01/2014,22.549999237060547,20.365200099945067,21.2299873793,19.5004128206
07/02/2014,22.469999313354492,20.419000091552736,21.2500253862,19.587974797
07/03/2014,22.670000076293945,20.447300090789795,21.299238884,19.5953612975
07/07/2014,22.59000015258789,20.48040008544922,21.3534899139,19.607310257
07/08/2014,22.309999465942383,20.512600078582764,21.4033431776,19.6218569795
07/09/2014,22.520000457763672,20.539400081634522,21.4434031956,19.6353969677
07/10/2014,22.440000534057617,20.56690008163452,21.4887316285,19.6450685348
07/11/2014,22.440000534057617,20.59330009460449,21.5304661013,19.6561340879
07/14/2014,22.59000015258789,20.618300094604493,21.5709228668,19.6656773224
07/15/2014,22.75,20.647400093078613,21.6152406184,19.6795595678
07/16/2014,23.020000457763672,20.67860010147095,21.6632828214,19.6939173815
07/17/2014,22.56999969482422,20.71160011291504,21.7186470134,19.7045532124
07/18/2014,22.93000030517578,20.740400104522706,21.7589352553,19.7218649538
07/21/2014,22.790000915527344,20.775100116729735,21.8084243568,19.7417758766
07/22/2014,22.940000534057617,20.808600120544433,21.8523482119,19.7648520292
07/23/2014,23.1200008392334,20.842500133514406,21.8997838148,19.7852164522
07/24/2014,23.190000534057617,20.88020013809204,21.9507243237,19.8096759525
07/25/2014,22.989999771118164,20.91690013885498,22.0029597546,19.8308405231
07/28/2014,23.3700008392334,20.949700145721437,22.0482723863,19.8511279052
07/29/2014,22.959999084472656,20.983000144958496,22.1037387877,19.8622615022
07/30/2014,22.889999389648438,21.010900135040284,22.1456918573,19.8761084128
07/31/2014,22.3799991607666,21.03870012283325,22.1850741255,19.8923261201
08/01/2014,22.440000534057617,21.059600105285643,22.2111737551,19.9080264555
08/04/2014,22.610000610351562,21.08330011367798,22.2386451462,19.9279550811
08/05/2014,22.360000610351562,21.103400115966796,22.2676125072,19.9391877247
08/06/2014,22.950000762939453,21.118500118255614,22.2891028756,19.9478973609
08/07/2014,22.399999618530273,21.13800012588501,22.3226241543,19.9533760975
08/08/2014,22.540000915527344,21.14970012664795,22.340934355,19.9584658983
08/11/2014,22.799999237060547,21.164100131988526,22.3633233343,19.9648769297
08/12/2014,22.809999465942383,21.181700115203856,22.3918381991,19.9715620313
08/13/2014,23.010000228881836,21.200600109100343,22.4212170396,19.9799831786
08/14/2014,23.309999465942383,21.222900104522704,22.4559364586,19.9898637505
08/15/2014,23.360000610351562,21.251100101470946,22.4992073962,20.0029928068
08/18/2014,23.270000457763672,21.278800106048585,22.5425677314,20.0150324807
08/19/2014,23.010000228881836,21.305600109100343,22.5828215877,20.0283786305
08/20/2014,23.079999923706055,21.33320011138916,22.6171159291,20.0492842936
08/21/2014,23.15999984741211,21.359500102996826,22.6519631866,20.0670370194
08/22/2014,23.1299991607666,21.386700096130372,22.6881163176,20.0852838746
08/25/2014,23.040000915527344,21.41110008239746,22.7220637874,20.1001363774
08/26/2014,23.010000228881836,21.43370008468628,22.753042872,20.1143572974
08/27/2014,23.190000534057617,21.461400089263915,22.7844632462,20.1383369323
08/28/2014,23.350000381469727,21.492100086212158,22.8192928766,20.1649072958
08/29/2014,23.540000915527344,21.531300086975097,22.8548934697,20.2077067042
09/02/2014,23.739999771118164,21.56930009841919,22.8954662509,20.243133946
09/03/2014,23.950000762939453,21.60830009460449,22.9403700071,20.2762301821
09/04/2014,23.790000915527344,21.65400011062622,22.9872308221,20.3207693991
09/05/2014,24.020000457763672,21.70150011062622,23.0253365645,20.3776636568
09/08/2014,23.860000610351562,21.749300117492677,23.0696874528,20.4289127822
09/09/2014,23.729999542236328,21.79720012664795,23.1063572458,20.4880430075
09/10/2014,23.809999465942383,21.84000011444092,23.14166221,20.5383380189
09/11/2014,23.8700008392334,21.881200103759767,23.1793567832,20.5830434244
09/12/2014,23.389999389648438,21.923000106811525,23.2172192738,20.6287809398
09/15/2014,22.309999465942383,21.957900104522704,23.2441274567,20.6716727523
09/16/2014,22.209999084472656,21.98470010757446,23.2498922167,20.7195079985
09/17/2014,21.440000534057617,22.011100101470948,23.252959163,20.76924104
09/18/2014,21.770000457763672,22.030900115966798,23.2474535555,20.8143466764
09/19/2014,21.81999969482422,22.055300121307372,23.241529011,20.8690712316
09/22/2014,21.690000534057617,22.076600112915038,23.2390512004,20.9141490255
09/23/2014,21.280000686645508,22.093400115966798,23.2378635414,20.9489366905
09/24/2014,21.209999084472656,22.106500129699707,23.2339542522,20.9790460072
09/25/2014,21.010000228881836,22.119200115203856,23.2291962616,21.0092039688
09/26/2014,21.25,22.135100116729735,23.2173593603,21.0528408731
09/29/2014,20.90999984741211,22.154500122070313,23.2027991231,21.1062011211
09/30/2014,20.790000915527344,22.153500118255614,23.2029374936,21.1040627429
10/01/2014,20.59000015258789,22.153400135040282,23.2029669262,21.1038333439
10/02/2014,20.40999984741211,22.151400127410888,23.2037499124,21.0990503425
10/03/2014,20.709999084472656,22.14880012512207,23.2051204355,21.0924798148
10/06/2014,20.639999389648438,22.150900115966795,23.2041447475,21.0976554844
10/07/2014,20.1299991607666,22.154500102996828,23.2019431121,21.1070570939
10/08/2014,20.639999389648438,22.15500009536743,23.2014642075,21.1085359832
10/09/2014,20.079999923706055,22.157900085449217,23.1997497674,21.1160504035
10/10/2014,18.709999084472656,22.150900077819824,23.2042719889,21.0975281668
10/13/2014,18.420000076293945,22.12970006942749,23.2297424172,21.0296577216
10/14/2014,18.209999084472656,22.105200061798097,23.2589952063,20.9514049173
10/15/2014,18.719999313354492,22.08200004577637,23.2893187156,20.8746813759
10/16/2014,18.989999771118164,22.062400035858154,23.3076344181,20.8171656536
10/17/2014,18.850000381469727,22.046500034332276,23.3203827564,20.7726173123
10/20/2014,18.8700008392334,22.03170003890991,23.3337255854,20.7296744924
10/21/2014,19.239999771118164,22.012900047302246,23.3464865471,20.6793135475
10/22/2014,19.040000915527344,21.997500038146974,23.3539310697,20.6410690066
10/23/2014,19.059999465942383,21.981700038909914,23.3630575138,20.600342564
10/24/2014,19.170000076293945,21.964800033569336,23.3712335925,20.5583664746
10/27/2014,18.989999771118164,21.94920003890991,23.3777215618,20.520678516
10/28/2014,19.229999542236328,21.932000045776366,23.3854753204,20.4785247712
10/29/2014,19.040000915527344,21.915100040435792,23.3899123646,20.4402877163
10/30/2014,19.579999923706055,21.89260004043579,23.3937061666,20.3914939142
10/31/2014,19.950000762939453,21.87390003204346,23.3919554209,20.3558446432
11/03/2014,20.299999237060547,21.858600044250487,23.3882144996,20.3289855889
11/04/2014,19.950000762939453,21.848400039672853,23.3849571663,20.3118429131
11/05/2014,20.829999923706055,21.833800048828124,23.381350337,20.2862497607
11/06/2014,20.579999923706055,21.82780004501343,23.378065022,20.277535068
11/07/2014,20.649999618530273,21.815500049591066,23.3707290012,20.260271098
11/10/2014,20.920000076293945,21.803800048828126,23.3633461084,20.2442539893
11/11/2014,20.610000610351562,21.792700042724608,23.3545451242,20.2308549613
11/12/2014,20.40999984741211,21.778700046539306,23.3448033778,20.2125967152
11/13/2014,20.34000015258789,21.76180004119873,23.33345366,20.1901464224
11/14/2014,20.100000381469727,21.746200046539307,23.3241341059,20.1682659872
11/17/2014,19.899999618530273,21.72680004119873,23.3129072505,20.1406928319
11/18/2014,20.010000228881836,21.70780004501343,23.3042628526,20.1113372374
11/19/2014,19.56999969482422,21.688700046539306,23.2939114469,20.0834886462
11/20/2014,21.110000610351562,21.661400051116942,23.2791486084,20.0436514938
11/21/2014,21.170000076293945,21.647000064849852,23.2631830259,20.0308171038
11/24/2014,21.299999237060547,21.63400007247925,23.2487385578,20.0192615872
11/25/2014,21.729999542236328,21.620300064086916,23.2319995681,20.0086005601
11/26/2014,21.81999969482422,21.6117000579834,23.2204941679,20.002905948
11/28/2014,21.649999618530273,21.606800060272217,23.2142054681,19.9993946525
12/01/2014,21.049999237060547,21.598100051879882,23.2028915546,19.9933085492
12/02/2014,21.139999389648438,21.584200038909913,23.1876584068,19.980741671
12/03/2014,21.479999542236328,21.57120002746582,23.1729362525,19.9694638024
12/04/2014,21.770000457763672,21.560100021362306,23.1585803506,19.9616196922
12/05/2014,21.790000915527344,21.55030002593994,23.1444534957,19.9561465561
12/08/2014,20.920000076293945,21.53800003051758,23.1254975477,19.9505025134
12/09/2014,20.969999313354492,21.521500034332277,23.1067587272,19.9362413414
12/10/2014,20.489999771118164,21.501900024414063,23.0817303202,19.9220697287
12/11/2014,20.34000015258789,21.47890001296997,23.0565508441,19.9012491818
12/12/2014,19.899999618530273,21.45290000915527,23.0276790179,19.8781210004
12/15/2014,20.020000457763672,21.420699996948244,22.9939815452,19.8474184487
12/16/2014,19.3799991607666,21.3889999961853,22.9582435363,19.8197564561
12/17/2014,19.670000076293945,21.352899990081788,22.926415455,19.7793845251
12/18/2014,20.040000915527344,21.315899982452393,22.8850451258,19.7467548392
12/19/2014,20.25,21.286700000762938,22.8521431992,19.7212568023
12/22/2014,20.299999237060547,21.260300006866455,22.820734955,19.6998650587
12/23/2014,20.229999542236328,21.239500007629395,22.7987335056,19.6802665097
12/24/2014,20.350000381469727,21.217399997711183,22.7751225621,19.6596774333
12/26/2014,20.420000076293945,21.194799995422365,22.7485436306,19.6410563603
12/29/2014,20.360000610351562,21.175399990081786,22.7265831346,19.6242168455
12/30/2014,20.239999771118164,21.14949998855591,22.6924371293,19.6065628478
12/31/2014,20.149999618530273,21.127899990081787,22.6682969758,19.5875030044
01/02/2015,20.1299991607666,21.103999977111815,22.6408390266,19.5671609276
01/05/2015,19.850000381469727,21.077299976348876,22.6076215161,19.5469784366
01/06/2015,19.479999542236328,21.04769998550415,22.5728386754,19.5225612956
01/07/2015,19.059999465942383,21.012399978637696,22.5325554171,19.4922445401
01/08/2015,19.25,20.969899978637695,22.4846261423,19.455173815
01/09/2015,18.899999618530273,20.92879997253418,22.4338451178,19.4237548273
01/12/2015,18.860000610351562,20.885099964141844,22.3849663949,19.3852335333
01/13/2015,18.559999465942383,20.843599967956543,22.3415102867,19.3456896492
01/14/2015,18.93000030517578,20.798399963378905,22.2963404654,19.3004594613
01/15/2015,18.549999237060547,20.756099967956544,22.2464603575,19.2657395784
01/16/2015,20.25,20.710299968719482,22.1973747084,19.223225229
01/20/2015,20.219999313354492,20.682399959564208,22.1515686246,19.2132312945
01/21/2015,20.100000381469727,20.654499950408937,22.1055819844,19.2034179164
01/22/2015,20.59000015258789,20.623599948883058,22.0531003249,19.1940995729
01/23/2015,20.649999618530273,20.595999946594237,21.9989925556,19.1930073375
01/26/2015,20.84000015258789,20.567099933624267,21.9385629455,19.1956369218
01/27/2015,20.469999313354492,20.538099937438965,21.8723194114,19.2038804635
01/28/2015,20.670000076293945,20.503299922943114,21.7927053162,19.2138945297
01/29/2015,20.75,20.472099914550782,21.7186337821,19.225566047
01/30/2015,20.899999618530273,20.439399909973144,21.6342529112,19.2445469088
02/02/2015,21.1299991607666,20.40979990005493,21.5551880279,19.2644117722
02/03/2015,21.65999984741211,20.383799896240234,21.4820656092,19.2855341833
02/04/2015,21.520000457763672,20.362299900054932,21.4133107252,19.3112890749
02/05/2015,21.81999969482422,20.338799896240236,21.3360132894,19.3415865031
02/06/2015,22.110000610351562,20.323099899291993,21.2838440934,19.3623557052
02/09/2015,22.040000915527344,20.321099910736084,21.2779059774,19.3642938441
02/10/2015,22.280000686645508,20.319399929046632,21.2729940592,19.3658057989
02/11/2015,22.65999984741211,20.32779993057251,21.2948331778,19.3607666834
02/12/2015,22.940000534057617,20.336699924468995,21.3209083537,19.3524914952
02/13/2015,23.110000610351562,20.347899932861328,21.35502989,19.3407699757
02/17/2015,23.489999771118164,20.36209993362427,21.3976619896,19.3265378776
02/18/2015,23.40999984741211,20.384199924468994,21.4618420349,19.306557814
02/19/2015,23.31999969482422,20.40619993209839,21.5222481959,19.2901516683
02/20/2015,23.309999465942383,20.429299926757814,21.5809451238,19.2776547297
02/23/2015,23.3700008392334,20.449899921417238,21.6340076498,19.265792193
02/24/2015,23.540000915527344,20.474499931335448,21.6929657397,19.256034123
02/25/2015,23.459999084472656,20.501999931335448,21.7577388494,19.2462610133
02/26/2015,23.350000381469727,20.530699920654296,21.8204583052,19.2409415361
02/27/2015,23.31999969482422,20.560099925994873,21.8799299135,19.2402699385
03/02/2015,23.25,20.58619993209839,21.9342413838,19.2381584804
03/03/2015,23.100000381469727,20.612299938201904,21.9861499698,19.2384499066
03/04/2015,22.93000030517578,20.641999950408934,22.0370419616,19.2469579392
03/05/2015,23.290000915527344,20.66489995956421,22.0783946426,19.2514052766
03/06/2015,23.06999969482422,20.696999969482423,22.1331153124,19.2608846266
03/09/2015,23.31999969482422,20.740599975585937,22.1819035069,19.2992964443
03/10/2015,22.739999771118164,20.78959997177124,22.2344653841,19.3447345594
03/11/2015,22.809999465942383,20.834899978637694,22.2691528,19.4006471573
03/12/2015,22.790000915527344,20.875799980163574,22.3074739923,19.444125968
03/13/2015,22.989999771118164,20.913799991607664,22.3453466043,19.482253379
03/16/2015,23.18000030517578,20.95519998550415,22.3863272026,19.5240727684
03/17/2015,23.110000610351562,20.998299980163573,22.4308795807,19.5657203796
03/18/2015,23.579999923706055,21.03699998855591,22.4738239933,19.6001759838
03/19/2015,23.149999618530273,21.082399978637696,22.5271111938,19.6376887635
03/20/2015,23.420000076293945,21.123299980163573,22.5680720485,19.6785279118
03/23/2015,23.18000030517578,21.165799980163573,22.6149909916,19.7166089688
03/24/2015,23.18000030517578,21.20769998550415,22.6539461406,19.7614538304
03/25/2015,22.700000762939453,21.247199993133545,22.6928328599,19.8015671263
03/26/2015,22.479999542236328,21.283799991607665,22.7193848372,19.8482151461
03/27/2015,22.760000228881836,21.312799987792967,22.7429546773,19.8826452983
03/30/2015,23.020000457763672,21.34089998245239,22.7716076725,19.9101922924
03/31/2015,22.729999542236328,21.368099994659424,22.804603978,19.9315960113
04/01/2015,22.43000030517578,21.39589998245239,22.8315909326,19.9602090323
04/02/2015,22.639999389648438,21.41189998626709,22.8501084935,19.9736914791
04/06/2015,22.670000076293945,21.432499980926515,22.8733959018,19.9916040601
04/07/2015,22.770000457763672,21.45269998550415,22.8966404314,20.0087595396
04/08/2015,22.959999084472656,21.471199989318848,22.9200398267,20.0223601519
04/09/2015,23.0,21.494699974060058,22.9484307638,20.0409691844
04/10/2015,22.93000030517578,21.520599975585938,22.9778425556,20.0633573956
04/13/2015,22.790000915527344,21.546499977111818,23.0055445481,20.0874554061
04/14/2015,22.920000076293945,21.573399982452393,23.0303237227,20.1164762422
04/15/2015,22.899999618530273,21.60359998703003,23.0568189571,20.1503810169
04/16/2015,23.190000534057617,21.632499980926514,23.0824727681,20.1825271937
04/17/2015,22.809999465942383,21.66869998931885,23.1119011702,20.2254988085
04/20/2015,23.079999923706055,21.685699977874755,23.1322285271,20.2391714286
04/21/2015,23.389999389648438,21.704799976348877,23.1569918691,20.2526080836
04/22/2015,23.489999771118164,21.725699977874754,23.1869271394,20.2644728164
04/23/2015,23.75,21.743299980163574,23.2150344706,20.2715654898
04/24/2015,23.940000534057617,21.76259998321533,23.2478068851,20.2773930814
04/27/2015,23.719999313354492,21.785499992370607,23.2863661003,20.2846338844
04/28/2015,23.469999313354492,21.812199993133547,23.3234575644,20.3009424219
04/29/2015,23.190000534057617,21.835499992370604,23.3541576253,20.3168423595
04/30/2015,22.81999969482422,21.852600002288817,23.3767756835,20.3284243211
05/01/2015,23.049999237060547,21.863099994659425,23.390284218,20.3359157713
05/04/2015,23.190000534057617,21.875699977874756,23.4074201729,20.3439797828
05/05/2015,22.709999084472656,21.898399982452393,23.4326071726,20.3641927923
05/06/2015,23.200000762939453,21.915799980163573,23.4492459672,20.3823539931
05/07/2015,24.40999984741211,21.942899990081788,23.4748545713,20.4109454089
05/08/2015,25.049999237060547,21.98359998703003,23.5264549016,20.4407450725
05/11/2015,24.639999389648438,22.035099983215332,23.5934206102,20.4767793563
05/12/2015,24.610000610351562,22.08129997253418,23.6476580049,20.5149419402
05/13/2015,24.6299991607666,22.133599987030028,23.6961988487,20.5710011254
05/14/2015,25.170000076293945,22.183199977874757,23.7455321725,20.6208677832
05/15/2015,25.420000076293945,22.23449996948242,23.8097862684,20.6592136706
05/18/2015,25.420000076293945,22.286199970245363,23.8802343931,20.6921655474
05/19/2015,25.479999542236328,22.337399978637695,23.9489462541,20.7258537032
05/20/2015,25.75,22.389899978637697,24.0173744338,20.7624255235
05/21/2015,25.6200008392334,22.443899974822997,24.0922470015,20.7955529481
05/22/2015,25.489999771118164,22.495899982452393,24.1615104948,20.8302894702
05/26/2015,25.40999984741211,22.54719997406006,24.2251905472,20.8692094009
05/27/2015,25.709999084472656,22.598899974823,24.2846354158,20.9131645338
05/28/2015,25.729999542236328,22.654499969482423,24.3502095156,20.9587904234
05/29/2015,25.260000228881836,22.710499973297118,24.4143634647,21.0066364819
06/01/2015,25.399999618530273,22.76459997177124,24.4626573688,21.0665425747
06/02/2015,25.530000686645508,22.82379997253418,24.5094635205,21.1381364246
06/03/2015,25.959999084472656,22.888499984741213,24.5524857977,21.2245141718
06/04/2015,25.690000534057617,22.955599975585937,24.6067512778,21.3044486734
06/05/2015,25.770000457763672,23.02349998474121,24.64583803,21.4011619395
06/08/2015,25.440000534057617,23.092599983215333,24.6829745622,21.5022254042
06/09/2015,25.520000457763672,23.161399993896485,24.7022491361,21.6205508517
06/10/2015,25.5,23.227299995422364,24.7261181288,21.728481862
06/11/2015,25.299999237060547,23.296800003051757,24.737114474,21.8564855321
06/12/2015,25.399999618530273,23.347299995422365,24.7683044624,21.9262955285
06/15/2015,24.540000915527344,23.39909999847412,24.7994235742,21.9987764228
06/16/2015,24.739999771118164,23.443500003814698,24.8084581432,22.0785418644
06/17/2015,24.8700008392334,23.485,24.8254376058,22.1445623942
06/18/2015,25.139999389648438,23.527200012207032,24.8439392179,22.2104608066
06/19/2015,25.010000228881836,23.570200004577636,24.8685658713,22.2718341379
06/22/2015,25.229999542236328,23.61560001373291,24.883791863,22.3474081644
06/23/2015,25.420000076293945,23.661200008392335,24.9043928637,22.4180071531
06/24/2015,25.440000534057617,23.707900009155274,24.9283632439,22.4874367744
06/25/2015,25.399999618530273,23.753300018310547,24.9527282249,22.5538718117
06/26/2015,25.040000915527344,23.796000022888183,24.9771451682,22.6148548776
06/29/2015,24.489999771118164,23.829800033569335,24.9976235768,22.6619764903
06/30/2015,24.209999084472656,23.859500026702882,25.0057707778,22.7132292756
07/01/2015,24.729999542236328,23.883400020599364,25.011672286,22.7551277552
07/02/2015,24.6299991607666,23.90960000991821,25.0267525144,22.7924475054
07/06/2015,24.81999969482422,23.935499992370605,25.0389467065,22.8320532783
07/07/2015,25.049999237060547,23.960899982452393,25.0551422358,22.8666577291
07/08/2015,24.799999237060547,23.984799976348878,25.0764651538,22.8931347989
07/09/2015,25.1299991607666,24.003399963378907,25.0929486496,22.9138512771
07/10/2015,25.360000610351562,24.023599948883056,25.1151213338,22.932078564
07/13/2015,25.889999389648438,24.04229995727539,25.1405174308,22.9440824837
07/14/2015,26.059999465942383,24.067099952697752,25.1786792243,22.9555206811
07/15/2015,25.770000457763672,24.094499950408935,25.2209956734,22.9680042274
07/16/2015,25.850000381469727,24.119099960327148,25.2550163582,22.9831835625
07/17/2015,25.809999465942383,24.14389995574951,25.2902156587,22.9975842528
07/20/2015,26.25,24.16659994125366,25.3231622339,23.0100376486
07/21/2015,26.09000015258789,24.194499950408936,25.3672192845,23.0217806163
07/22/2015,25.950000762939453,24.221899948120118,25.4065168869,23.0372830093
07/23/2015,25.940000534057617,24.24819995880127,25.441663274,23.0547366436
07/24/2015,26.18000030517578,24.275099964141845,25.4760533082,23.07414662
07/27/2015,25.610000610351562,24.305899963378906,25.5157834939,23.0960164328
07/28/2015,25.709999084472656,24.332699966430663,25.5414909755,23.1239089573
07/29/2015,25.979999542236328,24.356899948120116,25.5687940772,23.1450058191
07/30/2015,26.059999465942383,24.38599994659424,25.6015755183,23.1704243749
07/31/2015,25.790000915527344,24.41339994430542,25.6355015723,23.1912983163
08/03/2015,25.520000457763672,24.44389995574951,25.6619105301,23.2258893814
08/04/2015,25.670000076293945,24.470999965667726,25.6824862279,23.2595137034
08/05/2015,28.709999084472656,24.49979995727539,25.705199459,23.2944004556
08/06/2015,28.709999084472656,24.556999950408937,25.8235618006,23.2904381002
08/07/2015,28.780000686645508,24.612299938201904,25.9369257607,23.2876741157
08/10/2015,28.809999465942383,24.668999938964845,26.0483283777,23.2896715002
08/11/2015,28.459999084472656,24.721299934387208,26.1563717838,23.286228085
08/12/2015,28.65999984741211,24.77439992904663,26.2480689794,23.3007308787
08/13/2015,28.850000381469727,24.82679992675781,26.3438989967,23.3097008568
08/14/2015,28.68000030517578,24.883499927520752,26.4433449926,23.3236548625
08/17/2015,29.299999237060547,24.938499927520752,26.5338703135,23.3431295415
08/18/2015,29.219999313354492,25.004499912261963,26.6418662878,23.3671335367
08/19/2015,28.979999542236328,25.071899909973144,26.7423487176,23.4014511024
08/20/2015,27.979999542236328,25.13409990310669,26.8328682822,23.4353315241
08/21/2015,27.219999313354492,25.183699893951417,26.8923985595,23.4750012285
08/24/2015,26.15999984741211,25.228599891662597,26.9312137113,23.525986072
08/25/2015,26.18000030517578,25.26589988708496,26.9475229101,23.5842768641
08/26/2015,27.290000915527344,25.301299896240234,26.9644310072,23.6381687853
08/27/2015,27.93000030517578,25.347499904632567,27.0010362912,23.6939635181
08/28/2015,29.219999313354492,25.399099903106688,27.0519090484,23.7462907578
08/31/2015,28.6299991607666,25.46169990539551,27.1393053136,23.7840944972
09/01/2015,27.860000610351562,25.517999897003175,27.2064819828,23.8295178112
09/02/2015,28.3700008392334,25.56729990005493,27.2514654259,23.8831343743
09/03/2015,28.600000381469727,25.623099899291994,27.3067617737,23.9394380249
09/04/2015,28.100000381469727,25.67989990234375,27.3672181727,23.992581632
09/08/2015,28.8700008392334,25.731899909973144,27.4128607519,24.0509390681
09/09/2015,28.690000534057617,25.788699913024903,27.4787494276,24.0986503985
09/10/2015,29.059999465942383,25.847499923706053,27.5351784505,24.1598213969
09/11/2015,29.149999618530273,25.90729991912842,27.6017891463,24.212810692
09/14/2015,29.209999084472656,25.964899921417235,27.6707014851,24.2590983578
09/15/2015,29.799999237060547,26.022099914550783,27.7398142428,24.3043855863
09/16/2015,30.520000457763672,26.082599906921388,27.8255810076,24.3396188063
09/17/2015,30.969999313354492,26.148399906158446,27.9329590655,24.3638407469
09/18/2015,31.100000381469727,26.220899906158447,28.0519930379,24.3898067744
09/21/2015,31.520000457763672,26.2971999168396,28.1705557397,24.4238440939
09/22/2015,31.40999984741211,26.38049991607666,28.2985074041,24.462492428
09/23/2015,31.6200008392334,26.46639991760254,28.4151330936,24.5176667416
09/24/2015,31.489999771118164,26.552099933624266,28.5368151744,24.5673846928
09/25/2015,32.060001373291016,26.635099925994872,28.650787653,24.619412199
09/28/2015,31.309999465942383,26.72859994888306,28.7766444184,24.6805554793
09/29/2015,30.65999984741211,26.809699935913088,28.8768939361,24.7425059357
09/30/2015,30.889999389648438,26.872199935913088,28.9602725576,24.7841273142
10/01/2015,30.899999618530273,26.930599937438966,29.0483486676,24.8128512073
10/02/2015,31.459999084472656,26.993199939727784,29.1347026255,24.8516972539
10/05/2015,31.969999313354492,27.061699924468993,29.2351920595,24.8882077895
10/06/2015,31.90999984741211,27.135099925994872,29.3487988314,24.9214010206
10/07/2015,31.940000534057617,27.202499923706053,29.457561032,24.9474388154
10/08/2015,31.729999542236328,27.26769992828369,29.5641571182,24.9712427384
10/09/2015,32.06999969482422,27.330799922943115,29.662047496,24.9995523499
10/12/2015,32.58000183105469,27.396699924468994,29.7675052646,25.0258945843
10/13/2015,32.880001068115234,27.464999942779542,29.8852484937,25.0447513918
10/14/2015,33.02000045776367,27.537599945068358,30.009747684,25.0654522062
10/15/2015,33.79999923706055,27.612899951934814,30.1356930154,25.0901068885
10/16/2015,34.16999816894531,27.696799945831298,30.2836358353,25.1099640564
10/19/2015,33.75,27.781399936676024,30.439239649,25.1235602244
10/20/2015,33.81999969482422,27.86159994125366,30.5767130746,25.1464868079
10/21/2015,33.779998779296875,27.947199935913087,30.7133984164,25.1810014554
10/22/2015,34.75,28.030999927520753,30.8452786493,25.2167212058
10/23/2015,34.900001525878906,28.123199920654297,31.0042697797,25.2421300616
10/26/2015,34.880001068115234,28.21259994506836,31.1630282512,25.2621716389
10/27/2015,34.880001068115234,28.304499950408935,31.3173870838,25.2916128171
10/28/2015,35.279998779296875,28.395599956512452,31.4676228959,25.3235770172
10/29/2015,34.9900016784668,28.493999938964844,31.626768072,25.3612318059
10/30/2015,34.7599983215332,28.588699951171876,31.7728484621,25.4045514402
11/02/2015,34.56999969482422,28.68129993438721,31.9086325086,25.4539673601
11/03/2015,35.81999969482422,28.773999938964845,32.0358273652,25.5121725127
11/04/2015,36.9900016784668,28.878199939727782,32.1965252497,25.5598746298
11/05/2015,37.36000061035156,29.00269994735718,32.3887885725,25.6166113222
11/06/2015,35.0,29.12889995574951,32.5881496361,25.6696502754
11/09/2015,34.04999923706055,29.23019994735718,32.711501802,25.7488980927
11/10/2015,33.86000061035156,29.3192999458313,32.808788596,25.8298112957
11/11/2015,34.56999969482422,29.407799949645995,32.899100248,25.9164996513
11/12/2015,35.0099983215332,29.501199951171873,33.0043980776,25.9980018248
11/13/2015,34.59000015258789,29.597099933624268,33.1184784956,26.0757213716
11/16/2015,34.95000076293945,29.68859992980957,33.2196352595,26.1575646002
11/17/2015,36.119998931884766,29.78409994125366,33.3269790964,26.2412207861
11/18/2015,36.869998931884766,29.894899921417235,33.4608622708,26.3289375721
11/19/2015,37.0099983215332,30.018699913024903,33.609681902,26.4277179241
11/20/2015,37.5099983215332,30.146699905395508,33.7564284448,26.536971366
11/23/2015,37.349998474121094,30.274499893188477,33.9162827668,26.6327170196
11/24/2015,36.84000015258789,30.40169988632202,34.0661815109,26.7372182618
11/25/2015,37.22999954223633,30.521899890899657,34.1984391425,26.8453606393
11/27/2015,37.2400016784668,30.643699893951418,34.3386524876,26.9487473003
11/30/2015,37.65999984741211,30.76809991836548,34.4736124203,27.0625874164
12/01/2015,38.56999969482422,30.893399925231932,34.6179433677,27.1688564827
12/02/2015,38.380001068115234,31.02549991607666,34.7855385074,27.2654613248
12/03/2015,37.619998931884766,31.15039993286133,34.9450597871,27.3557400786
12/04/2015,38.88999938964844,31.265999927520753,35.0798582617,27.4521415933
12/07/2015,38.689998626708984,31.3971999168396,35.2452507913,27.5491490424
12/08/2015,39.36000061035156,31.525599899291993,35.4005378188,27.6506619797
12/09/2015,38.59000015258789,31.661099910736084,35.5705603708,27.7516394506
12/10/2015,38.380001068115234,31.784499912261964,35.715905525,27.8530942995
12/11/2015,37.220001220703125,31.907399921417237,35.850948927,27.9638509158
12/14/2015,37.959999084472656,32.02009992599487,35.952810028,28.0873898239
12/15/2015,38.709999084472656,32.14029991149902,36.069028541,28.211571282
12/16/2015,39.209999084472656,32.26559989929199,36.2020407175,28.329159081
12/17/2015,38.869998931884766,32.4015998840332,36.3406793579,28.4625204102
12/18/2015,38.470001220703125,32.533199882507326,36.4663481369,28.6000516281
12/21/2015,38.7400016784668,32.65809989929199,36.5794602413,28.7367395573
12/22/2015,39.209999084472656,32.784899921417235,36.6958505329,28.87394931
12/23/2015,38.84000015258789,32.91909990310669,36.8179533142,29.020246492
12/24/2015,38.91999816894531,33.05229990005493,36.9235296212,29.1810701789
12/28/2015,39.029998779296875,33.184799880981444,37.0277386825,29.3418610795
12/29/2015,39.58000183105469,33.287999877929686,37.1479161299,29.4280836259
12/30/2015,39.43000030517578,33.39669990539551,37.2791539939,29.5142458169
12/31/2015,38.709999084472656,33.503199901580814,37.40358136,29.6028184432
01/04/2016,37.619998931884766,33.60219989776611,37.5078395119,29.6965602836
01/05/2016,37.13999938964844,33.693799896240236,37.5851537782,29.8024460143
01/06/2016,36.790000915527344,33.778599891662594,37.6516885139,29.9055112694
01/07/2016,36.27000045776367,33.857999897003175,37.7105685913,30.0054312027
01/08/2016,35.709999084472656,33.933899898529056,37.7583718103,30.1094279868
01/11/2016,36.209999084472656,33.997999897003176,37.7979066753,30.1980931187
01/12/2016,37.119998931884766,34.06789989471436,37.8434848855,30.292314904
01/13/2016,34.86000061035156,34.14929988861084,37.9019925017,30.3966072755
01/14/2016,35.400001525878906,34.21809989929199,37.9197774507,30.5164223479
01/15/2016,34.90999984741211,34.299899921417236,37.9358262473,30.6639735955
01/19/2016,35.150001525878906,34.387399921417234,37.9304842394,30.8443156034
01/20/2016,34.709999084472656,34.47709993362427,37.9234896272,31.0307102401
01/21/2016,34.560001373291016,34.55129991531372,37.9211804443,31.1814193863
01/22/2016,35.91999816894531,34.617599925994874,37.9211258848,31.3140739672
01/25/2016,34.72999954223633,34.68459991455078,37.9456451841,31.423554645
01/26/2016,35.29999923706055,34.74559991836548,37.94936863,31.5418312067
01/27/2016,34.06999969482422,34.81999990463257,37.9485071218,31.6914926875
01/28/2016,33.790000915527344,34.876999893188476,37.9386838306,31.8153159558
01/29/2016,34.81999969482422,34.92889989852905,37.9270699006,31.9307298965
02/01/2016,34.66999816894531,34.996099891662595,37.9147104221,32.0774893612
02/02/2016,33.41999816894531,35.05409986495972,37.9072903526,32.2009093773
02/03/2016,33.119998931884766,35.10139984130859,37.8871033344,32.3156963482
02/04/2016,31.940000534057617,35.141999835968015,37.8683105121,32.4156891598
02/05/2016,30.530000686645508,35.16989984512329,37.8486082693,32.491191421
02/08/2016,28.719999313354492,35.18309986114502,37.835530266,32.5306694563
02/09/2016,28.809999465942383,35.17229986190796,37.8487171268,32.495882597
02/10/2016,30.149999618530273,35.15519985198975,37.8665218047,32.4438778992
02/11/2016,30.520000457763672,35.14699985504151,37.8721715468,32.4218281632
02/12/2016,28.1200008392334,35.141199855804444,37.8755802786,32.406819433
02/16/2016,29.420000076293945,35.10719985961914,37.9067572894,32.3076424299
02/17/2016,29.450000762939453,35.08729986190796,37.9199444437,32.2546552801
02/18/2016,28.8799991607666,35.06559986114502,37.9328239931,32.1983757291
02/19/2016,30.190000534057617,35.039499855041505,37.9506955566,32.1283041534
02/22/2016,31.520000457763672,35.02079984664917,37.9569730444,32.0846266489
02/23/2016,30.729999542236328,35.022899856567385,37.9564922288,32.0893074844
02/24/2016,31.709999084472656,35.02359985351563,37.9561592617,32.0910404454
02/25/2016,32.31999969482422,35.03179985046387,37.9539173045,32.1096823964
02/26/2016,31.889999389648438,35.04599985122681,37.9514068183,32.1405928842
02/29/2016,31.670000076293945,35.05029985427856,37.9507102612,32.1498894474
03/01/2016,32.209999084472656,35.04729986190796,37.9510480053,32.1435517185
03/02/2016,32.0099983215332,35.05029985427856,37.9509584904,32.1496412181
03/03/2016,31.520000457763672,35.05099983215332,37.950916167,32.1510834973
03/04/2016,31.190000534057617,35.0488998413086,37.9512953132,32.1465043694
03/07/2016,30.979999542236328,35.04009984970093,37.9528296026,32.1273700968
03/08/2016,30.780000686645508,35.024099826812744,37.9546393565,32.0935602971
03/09/2016,30.860000610351562,35.003099822998045,37.9563646461,32.0498349999
03/10/2016,31.25,34.98149982452392,37.9570052329,32.0059944161
03/11/2016,31.520000457763672,34.95599983215332,37.9523749186,31.9596247457
03/14/2016,32.40999984741211,34.929499855041506,37.9443703897,31.9146293204
03/15/2016,32.47999954223633,34.916099853515625,37.9391498671,31.8930498399
03/16/2016,32.790000915527344,34.902699851989745,37.933538567,31.871861137
03/17/2016,32.599998474121094,34.892799873352054,37.9289019299,31.8566978168
03/18/2016,32.20000076293945,34.87129985809326,37.9159375888,31.8266621274
03/21/2016,32.040000915527344,34.84429985046387,37.9005132039,31.788086497
03/22/2016,32.540000915527344,34.81589984893799,37.8848184991,31.7469811988
03/23/2016,32.58000183105469,34.79249984741211,37.8697502745,31.7152494203
03/24/2016,32.209999084472656,34.765499877929685,37.8501904808,31.6808092751
03/28/2016,32.13999938964844,34.737699851989746,37.832751565,31.642648139
03/29/2016,33.2400016784668,34.7114998626709,37.8173224866,31.6056772387
03/30/2016,34.06999969482422,34.698199882507325,37.8074457924,31.5889539726
03/31/2016,33.84000015258789,34.68069988250733,37.7885071295,31.5728926355
04/01/2016,34.41999816894531,34.649199867248534,37.7493954492,31.5490042853
04/04/2016,34.22999954223633,34.619799842834475,37.7080662193,31.5315334663
04/05/2016,33.709999084472656,34.61209983825684,37.7003685836,31.5238310929
04/06/2016,34.0,34.608699836730956,37.6977726054,31.5196270681
04/07/2016,33.41999816894531,34.61009983062744,37.6988646743,31.5213349869
04/08/2016,33.970001220703125,34.59859981536865,37.6896325471,31.5075670836
04/11/2016,33.40999984741211,34.58819984436035,37.6795804524,31.4968192363
04/12/2016,33.47999954223633,34.57639984130859,37.6700023277,31.4827973549
04/13/2016,35.15999984741211,34.56169982910156,37.6569842124,31.4664154458
04/14/2016,34.90999984741211,34.55209983825684,37.6440231752,31.4601765013
04/15/2016,34.56999969482422,34.53249984741211,37.6158681556,31.4491315392
04/18/2016,35.439998626708984,34.50809986114502,37.581404083,31.4347956393
04/19/2016,35.209999084472656,34.487399864196775,37.5473575044,31.427442224
04/20/2016,35.25,34.465999870300294,37.5133199369,31.4186798037
04/21/2016,35.189998626708984,34.450099868774416,37.4891284252,31.4110713123
04/22/2016,34.650001525878906,34.42969985961914,37.4568229966,31.4025767227
04/25/2016,34.91999816894531,34.403799858093265,37.4178189425,31.3897807737
04/26/2016,35.209999084472656,34.3763998413086,37.3730974409,31.3797022417
04/27/2016,34.369998931884766,34.34279983520508,37.3109901295,31.3746095409
04/28/2016,33.900001525878906,34.30269981384277,37.2430336505,31.3623659772
04/29/2016,34.470001220703125,34.26549983978271,37.1871014823,31.3438981972
05/02/2016,34.58000183105469,34.22129985809326,37.1058034145,31.3367963017
05/03/2016,34.11000061035156,34.18019989013672,37.0298078533,31.330591927
05/04/2016,34.279998779296875,34.12769989013672,36.9293521202,31.3260476601
05/05/2016,34.90999984741211,34.08459987640381,36.8501935414,31.3190062114
05/06/2016,37.869998931884766,34.049899864196775,36.7829590231,31.3168407053
05/09/2016,37.150001525878906,34.0563998413086,36.7977510153,31.3150486673
05/10/2016,36.40999984741211,34.048299865722655,36.7792820138,31.3173177177
05/11/2016,37.11000061035156,34.025299873352054,36.7264471047,31.324152642
05/12/2016,37.90999984741211,34.00429988861084,36.6730258193,31.3355739579
05/13/2016,38.290000915527344,33.99469989776611,36.6475852295,31.341814566
05/16/2016,39.38999938964844,33.992899894714355,36.6428074841,31.3429923053
05/17/2016,38.119998931884766,33.99939987182617,36.6617118481,31.3370878956
05/18/2016,38.470001220703125,33.988499870300295,36.6316185156,31.345381225
05/19/2016,37.79999923706055,33.98479988098145,36.6213754018,31.3482243602
05/20/2016,37.529998779296875,33.973599891662595,36.5914999427,31.3556998406
05/23/2016,37.72999954223633,33.9585998916626,36.551664432,31.3655353513
05/24/2016,39.02000045776367,33.94009986877441,36.4993721121,31.3808276255
05/25/2016,38.95000076293945,33.93599987030029,36.4867882655,31.3852114751
05/26/2016,39.099998474121094,33.93839988708496,36.4937877327,31.3830120414
05/27/2016,39.34000015258789,33.95319988250733,36.5340267435,31.3723730215
05/31/2016,39.2599983215332,33.97519989013672,36.5922215841,31.3581781962
06/01/2016,38.650001525878906,33.99989986419678,36.6547543525,31.3450453759
06/02/2016,38.689998626708984,34.02369987487793,36.7092886001,31.3381111496
06/03/2016,37.810001373291016,34.05349987030029,36.7739421416,31.333057599
06/06/2016,37.7599983215332,34.06949989318848,36.8072285682,31.3317712182
06/07/2016,38.130001068115234,34.07589988708496,36.8214890189,31.3303107553
06/08/2016,38.119998931884766,34.1085998916626,36.882658221,31.3345415623
06/09/2016,38.540000915527344,34.13579986572265,36.9356026832,31.3359970482
06/10/2016,37.77000045776367,34.172099876403806,37.0050407757,31.3391589771
06/13/2016,37.630001068115234,34.19829986572265,37.0522013477,31.3443983837
06/14/2016,38.40999984741211,34.227499885559084,37.1013559011,31.35364387
06/15/2016,38.33000183105469,34.26599987030029,37.1696860855,31.3623136551
06/16/2016,39.029998779296875,34.290099906921384,37.2173198919,31.362879922
06/17/2016,38.08000183105469,34.333099899291994,37.2978088458,31.3683909528
06/20/2016,38.689998626708984,34.360899925231934,37.3474983404,31.3743015101
06/21/2016,38.65999984741211,34.407099914550784,37.4244166663,31.3897831628
06/22/2016,38.31999969482422,34.45579990386963,37.5019273074,31.4096725004
06/23/2016,38.91999816894531,34.49079990386963,37.5609238661,31.4206759416
06/24/2016,36.97999954223633,34.533299903869626,37.634865919,31.4317338887
06/27/2016,36.150001525878906,34.568899917602536,37.6779051233,31.4598947119
06/28/2016,37.18000030517578,34.59919994354248,37.7087016656,31.4896982215
06/29/2016,38.02000045776367,34.651599941253664,37.7599993831,31.5432004994
06/30/2016,39.630001068115234,34.72649993896484,37.8249063837,31.6280934943
07/01/2016,39.61000061035156,34.83559995651245,37.9125923872,31.7586075259
07/05/2016,40.150001525878906,34.943599967956544,37.9966457945,31.8905541414
07/06/2016,40.5099983215332,35.04359998703003,38.1017642965,31.9854356775
07/07/2016,40.38999938964844,35.14349996566772,38.2154007646,32.0715991667
07/08/2016,41.290000915527344,35.26619995117188,38.2999239654,32.2324759369
07/11/2016,42.20000076293945,35.38489995956421,38.4197760614,32.3500238577
07/12/2016,42.65999984741211,35.512399959564206,38.5630461875,32.4617537316
07/13/2016,42.11000061035156,35.65019996643066,38.7093580213,32.5910419116
07/14/2016,41.849998474121094,35.76939996719361,38.8456626071,32.6931373273
07/15/2016,42.20000076293945,35.87269994735718,38.9778382315,32.7675616632
07/18/2016,42.13999938964844,35.98739995956421,39.1122361716,32.8625637475
07/19/2016,41.52000045776367,36.09169996261597,39.2459520256,32.9374478996
07/20/2016,41.380001068115234,36.183699970245364,39.3606874283,33.0067125122
07/21/2016,41.27000045776367,36.27859998703003,39.4676280678,33.0895719063
07/22/2016,41.439998626708984,36.37459999084473,39.5679419635,33.1812580182
07/25/2016,42.400001525878906,36.46689998626709,39.671905024,33.2618949486
07/26/2016,41.560001373291016,36.57080001831055,39.7979720449,33.3436279917
07/27/2016,40.88999938964844,36.67120002746582,39.8958511198,33.4465489352
07/28/2016,40.27000045776367,36.76820001602173,39.9723399741,33.5640600579
07/29/2016,40.15999984741211,36.861100025177,40.0305598964,33.691640154
08/01/2016,40.06999969482422,36.95490001678467,40.0815127439,33.8282872896
08/02/2016,39.75,37.04700000762939,40.1280363933,33.965963622
08/03/2016,40.380001068115234,37.132000007629394,40.1688684948,34.0951315205
08/04/2016,40.83000183105469,37.22060001373291,40.221478213,34.2197218145
08/05/2016,40.560001373291016,37.304800033569336,40.2875905724,34.3220094948
08/08/2016,40.61000061035156,37.385600051879884,40.3459525841,34.4252475196
08/09/2016,41.25,37.463800048828126,40.4049467897,34.522653308
08/10/2016,41.099998474121094,37.55030006408691,40.4742784056,34.6263217226
08/11/2016,41.310001373291016,37.63930004119873,40.5343777444,34.744222338
08/12/2016,41.13999938964844,37.73200004577637,40.5945339919,34.8694660997
08/15/2016,41.47999954223633,37.81800003051758,40.652304291,34.9836957701
08/16/2016,39.310001373291016,37.90700000762939,40.7150412818,35.0989587334
08/17/2016,39.880001068115234,37.97800003051758,40.7303046517,35.2256954094
08/18/2016,40.02000045776367,38.05540004730224,40.7506817635,35.3601183311
08/19/2016,39.97999954223633,38.123200035095216,40.7815195465,35.4648805237
08/22/2016,40.119998931884766,38.182300033569334,40.8154279319,35.5491721353
08/23/2016,40.63999938964844,38.245100021362305,40.8486379562,35.6415620866
08/24/2016,40.66999816894531,38.307300033569334,40.8929493378,35.7216507293
08/25/2016,40.9900016784668,38.371700019836425,40.935099052,35.8083009877
08/26/2016,41.04999923706055,38.444500045776365,40.9776710297,35.9113290618
08/29/2016,41.290000915527344,38.51500003814697,41.0214587828,36.0085412935
08/30/2016,41.58000183105469,38.59370006561279,41.0622133029,36.1251868283
08/31/2016,41.369998931884766,38.66980007171631,41.1117583973,36.2278417461
09/01/2016,42.150001525878906,38.74940006256104,41.1479579752,36.3508421499
09/02/2016,42.79999923706055,38.83610008239746,41.1990512566,36.4731489082
09/06/2016,43.5099983215332,38.912500076293945,41.278866305,36.5461338476
09/07/2016,43.380001068115234,38.99850006103516,41.3740974493,36.6229026728
09/08/2016,43.29999923706055,39.086600074768064,41.4596910327,36.7135091169
09/09/2016,42.290000915527344,39.165200080871585,41.5463622,36.7840379618
09/12/2016,43.459999084472656,39.23600009918213,41.6037264449,36.8682737535
09/13/2016,43.40999984741211,39.31810009002685,41.6885277616,36.9476724185
09/14/2016,43.65999984741211,39.400300102233885,41.7686739586,37.0319262459
09/15/2016,44.59000015258789,39.49040008544922,41.8477023083,37.1330978626
09/16/2016,44.41999816894531,39.58710010528564,41.9532565557,37.2209436549
09/19/2016,44.119998931884766,39.67920009613037,42.0524242412,37.305975951
09/20/2016,44.130001068115234,39.77670009613037,42.1299993474,37.4234008449
09/21/2016,44.66999816894531,39.87900009155273,42.1966947456,37.5613054375
09/22/2016,44.5099983215332,39.981000061035154,42.2827968491,37.679203273
09/23/2016,44.36000061035156,40.08030002593994,42.3610495528,37.7995504991
09/26/2016,43.97999954223633,40.18280002593994,42.4228950628,37.9427049891
09/27/2016,44.209999084472656,40.27980003356934,42.4716881212,38.087911946
09/28/2016,44.15999984741211,40.37280002593994,42.5319298265,38.2136702254
09/29/2016,44.209999084472656,40.435700035095216,42.6125495421,38.2588505281
09/30/2016,44.29999923706055,40.50630001068115,42.6899173319,38.3226826894
10/03/2016,44.099998474121094,40.585200004577636,42.7619140842,38.4084859249
10/04/2016,44.130001068115234,40.65509998321533,42.8313274879,38.4788724785
10/05/2016,44.529998779296875,40.717299995422366,42.903047222,38.5315527688
10/06/2016,43.9900016784668,40.77969997406006,42.9842511967,38.5751487515
10/07/2016,43.91999816894531,40.825699996948245,43.0486884774,38.6027115165
10/10/2016,43.790000915527344,40.88369998931885,43.1109970989,38.6564028797
10/11/2016,42.900001525878906,40.93689998626709,43.1694385879,38.7043613846
10/12/2016,43.33000183105469,40.987900009155275,43.2064048703,38.769395148
10/13/2016,43.15999984741211,41.04590003967285,43.249007712,38.8427923674
10/14/2016,43.689998626708984,41.10020004272461,43.2877733888,38.9126266967
10/17/2016,43.529998779296875,41.146900024414066,43.3394087519,38.954391297
10/18/2016,44.18000030517578,41.19270000457764,43.386674666,38.9987253432
10/19/2016,43.790000915527344,41.243500022888185,43.4472218309,39.0397782149
10/20/2016,44.31999969482422,41.28800003051758,43.4977563761,39.078243685
10/21/2016,44.540000915527344,41.33860004425049,43.5592452333,39.1179548552
10/24/2016,45.470001220703125,41.39750003814697,43.6241567027,39.1708433736
10/25/2016,45.060001373291016,41.46530006408691,43.711619293,39.2189808352
10/26/2016,44.439998626708984,41.537800064086916,43.7819704048,39.2936297234
10/27/2016,43.720001220703125,41.60460006713867,43.8347005094,39.3744996249
10/28/2016,43.31999969482422,41.660500068664554,43.8727939033,39.4482062341
10/31/2016,43.16999816894531,41.71250007629394,43.9019584378,39.5230417147
11/01/2016,42.599998474121094,41.75880004882813,43.9295556148,39.5880444829
11/02/2016,42.599998474121094,41.8071000289917,43.9420046557,39.6721954023
11/03/2016,43.369998931884766,41.85680000305176,43.9513531773,39.7622468288
11/04/2016,41.70000076293945,41.906399993896486,43.9773384859,39.8354615019
11/07/2016,41.09000015258789,41.94009998321533,43.9797495405,39.9004504259
11/08/2016,41.0099983215332,41.96069999694824,43.9811667161,39.9402332778
11/09/2016,40.150001525878906,41.98999996185303,43.9749098916,40.0050900321
11/10/2016,38.70000076293945,42.004599990844724,43.9704611566,40.0387388251
11/11/2016,39.40999984741211,42.005,43.9701845263,40.0398154737
11/14/2016,37.77000045776367,42.01590000152588,43.9635599815,40.0682400215
11/15/2016,38.529998779296875,42.00440002441406,43.9735820109,40.0352180379
11/16/2016,38.970001220703125,42.01990001678467,43.9552826881,40.0845173455
11/17/2016,39.939998626708984,42.04810001373291,43.9171566175,40.17904341
11/18/2016,38.38999938964844,42.075699996948245,43.8923088695,40.2590911244
11/21/2016,38.43000030517578,42.07939998626709,43.8881042208,40.2706957517
11/22/2016,37.16999816894531,42.067399978637695,43.8961844486,40.2386155086
11/23/2016,37.2599983215332,42.04299995422363,43.9200493954,40.165950513
11/25/2016,37.220001220703125,42.01409992218018,43.9416413637,40.0865584807
11/28/2016,37.369998931884766,41.981199951171874,43.9614888715,40.0009110309
11/29/2016,37.95000076293945,41.95099994659424,43.97780648,39.9241934132
11/30/2016,36.61000061035156,41.91759994506836,43.9821918929,39.8530079972
12/01/2016,35.58000183105469,41.86169994354248,43.9925034788,39.7308964083
12/02/2016,35.709999084472656,41.790899963378905,44.0098040967,39.57199583
12/05/2016,36.47999954223633,41.72689994812012,44.0265074915,39.4272924047
12/06/2016,36.70000076293945,41.67319995880127,44.0312625685,39.3151373491
12/07/2016,37.45000076293945,41.61819995880127,44.026931198,39.2094687196
12/08/2016,37.38999938964844,41.57129997253418,44.0148225676,39.1277773774
12/09/2016,36.790000915527344,41.52999996185303,44.0086898197,39.051310104
12/12/2016,37.16999816894531,41.48409996032715,44.0072423491,38.9609575716
12/13/2016,37.31999969482422,41.443099937438966,44.0024402565,38.8837596184
12/14/2016,36.7400016784668,41.40189994812012,43.9939116938,38.8098882025
12/15/2016,36.9900016784668,41.345299949646,43.9764009011,38.7141989982
12/16/2016,36.470001220703125,41.299599952697754,43.9660262109,38.6331736945
12/19/2016,36.630001068115234,41.2553999710083,43.9645415076,38.5462584345
12/20/2016,36.83000183105469,41.218999977111814,43.9653349774,38.4726649769
12/21/2016,36.900001525878906,41.185699996948244,43.964668381,38.4067316129
12/22/2016,36.439998626708984,41.15400001525879,43.9634278276,38.3445722029
12/23/2016,36.5,41.12090000152588,43.9659474444,38.2758525586
12/27/2016,36.529998779296875,41.082099990844725,43.9632156372,38.2009843445
12/28/2016,36.43000030517578,41.03909996032715,43.955529127,38.1226707936
12/29/2016,36.47999954223633,40.997799949645994,43.9497477871,38.0458521121
12/30/2016,36.11000061035156,40.956499938964846,43.9422815228,37.9707183551
01/03/2017,36.63999938964844,40.90509994506836,43.9293806598,37.8808192303
01/04/2017,37.36000061035156,40.860499954223634,43.9143198008,37.8066801076
01/05/2017,37.939998626708984,40.82099994659424,43.8942343741,37.7477655191
01/06/2017,37.90999984741211,40.78899993896484,43.8753780631,37.7026218148
01/09/2017,37.70000076293945,40.7532999420166,43.8521008466,37.6544990374
01/10/2017,38.380001068115234,40.73719993591308,43.8476184105,37.6267814613
01/11/2017,39.20000076293945,40.72219993591309,43.8403234186,37.6040764532
01/12/2017,39.130001068115234,40.71399993896485,43.8350361252,37.5929637528
01/13/2017,38.95000076293945,40.70549995422363,43.82967946,37.5813204485
01/17/2017,38.95000076293945,40.69379997253418,43.8223380264,37.5652619187
01/18/2017,39.08000183105469,40.67689998626709,43.8102439119,37.5435560606
01/19/2017,38.86000061035156,40.66100002288818,43.7983702128,37.523629833
01/20/2017,38.970001220703125,40.63970001220703,43.7819908304,37.497409194
01/23/2017,38.529998779296875,40.618900032043456,43.7652875531,37.472512511
01/24/2017,39.099998474121094,40.59130001068115,43.7437790339,37.4388209874
01/25/2017,39.560001373291016,40.56649997711182,43.7208578262,37.412142128
01/26/2017,39.470001220703125,40.54840000152588,43.7032882911,37.3935117119
01/27/2017,39.61000061035156,40.52159999847412,43.6741513533,37.3690486437
01/30/2017,39.61000061035156,40.48970001220703,43.6351668359,37.3442331885
01/31/2017,40.209999084472656,40.45070003509522,43.5826255183,37.3187745519
02/01/2017,40.470001220703125,40.41900001525879,43.5371282463,37.3008717842
02/02/2017,40.470001220703125,40.390700035095215,43.4953654313,37.2860346389
02/03/2017,40.0099983215332,40.372500038146974,43.4713071362,37.2736929401
02/06/2017,40.189998626708984,40.33800003051758,43.4214076831,37.254592378
02/07/2017,40.04999923706055,40.30580001831055,43.3737330564,37.2378669802
02/08/2017,39.189998626708984,40.26970001220703,43.3191356471,37.2202643773
02/09/2017,39.72999954223633,40.215699996948246,43.2358240519,37.195575942
02/10/2017,47.22999954223633,40.16880001068115,43.1595436501,37.1780563712
02/13/2017,45.70000076293945,40.19990001678467,43.2472047219,37.1525953117
02/14/2017,44.97999954223633,40.21560001373291,43.2870611669,37.1441388606
02/15/2017,45.47999954223633,40.21870002746582,43.2948083488,37.1425917061
02/16/2017,45.38999938964844,40.22840003967285,43.3195177388,37.1372823406
02/17/2017,45.33000183105469,40.23870002746582,43.3452451158,37.1321549392
02/21/2017,45.34000015258789,40.252200050354006,43.3778488558,37.1265512449
02/22/2017,45.22999954223633,40.26350006103516,43.4054370642,37.1215630579
02/23/2017,45.08000183105469,40.2742000579834,43.4311745125,37.1172256034
02/24/2017,45.54999923706055,40.28290008544922,43.4518848098,37.1139153611
02/27/2017,45.689998626708984,40.29540008544922,43.4826183729,37.108181798
02/28/2017,45.130001068115234,40.311300086975095,43.5213428978,37.1012572762
03/01/2017,47.13999938964844,40.3213000869751,43.5447530286,37.0978471453
03/02/2017,46.68000030517578,40.34740009307861,43.6150877788,37.0797124073
03/03/2017,47.06999969482422,40.3743000793457,43.6826821603,37.0659179984
03/06/2017,47.810001373291016,40.405800094604494,43.7624358995,37.0491642897
03/07/2017,48.060001373291016,40.44600009918213,43.8663921381,37.0256080602
03/08/2017,48.58000183105469,40.49760009765625,43.992729289,37.0024709063
03/09/2017,49.02000045776367,40.55010009765625,44.1258795926,36.9743206027
03/10/2017,49.20000076293945,40.608700103759766,44.2736750545,36.943725153
03/13/2017,49.5,40.66380012512207,44.4150886826,36.9125115676
03/14/2017,49.08000183105469,40.723500137329104,44.5663161731,36.8806841015
03/15/2017,49.220001220703125,40.77250015258789,44.6896000179,36.8554002872
03/16/2017,49.099998474121094,40.826800155639646,44.8222065804,36.8313937309
03/17/2017,49.130001068115234,40.874600143432616,44.9395012904,36.8096989965
03/20/2017,48.959999084472656,40.920500144958496,45.0519017643,36.7890985256
03/21/2017,48.220001220703125,40.95540012359619,45.1394910838,36.7713091634
03/22/2017,48.68000030517578,40.98700012207031,45.2136874041,36.76031284
03/23/2017,48.779998779296875,41.02940013885498,45.3114181386,36.7473821391
03/24/2017,49.119998931884766,41.08000011444092,45.422976311,36.7370239179
03/27/2017,49.29999923706055,41.138000106811525,45.5487050474,36.7272951662
03/28/2017,49.7599983215332,41.199300117492676,45.6798639792,36.7187362558
03/29/2017,50.13999938964844,41.270900115966796,45.8297993184,36.7120009136
03/30/2017,50.189998626708984,41.34630012512207,45.9881554623,36.704444788
03/31/2017,49.86000061035156,41.414500122070315,46.1350219359,36.6939783083
04/03/2017,49.529998779296875,41.49610012054443,46.2907969111,36.70140333
04/04/2017,49.040000915527344,41.58050010681152,46.4411358739,36.7198643397
04/05/2017,49.20000076293945,41.66080013275146,46.5773557123,36.7442445532
04/06/2017,49.36000061035156,41.75130012512207,46.7222053601,36.7803948901
04/07/2017,49.61000061035156,41.85790012359619,46.8763016867,36.8394985605
04/10/2017,49.040000915527344,41.95990013122559,47.0308939893,36.8889062731
04/11/2017,49.08000183105469,42.07260013580322,47.1743648399,36.9708354317
04/12/2017,48.63999938964844,42.1781001663208,47.3144811278,37.0417192049
04/13/2017,48.41999816894531,42.27480014801026,47.4408141745,37.1087861215
04/17/2017,48.79999923706055,42.359600143432615,47.5561019945,37.1630982923
04/18/2017,49.16999816894531,42.46370014190674,47.6838538544,37.2435464294
04/19/2017,49.349998474121094,42.571100120544436,47.8175757962,37.3246244449
04/20/2017,49.95000076293945,42.69290012359619,47.9539349439,37.4318653033
04/21/2017,49.869998931884766,42.81980014801025,48.1012653464,37.5383349497
04/24/2017,50.880001068115234,42.94630012512207,48.2435964115,37.6490038387
04/25/2017,51.36000061035156,43.08140014648438,48.4069593365,37.7558409564
04/26/2017,51.36000061035156,43.2155001449585,48.578860802,37.8521394879
04/27/2017,51.90999984741211,43.3630001449585,48.7454609135,37.9805393765
04/28/2017,52.25,43.52630012512207,48.9178656169,38.1347346333
05/01/2017,52.70000076293945,43.69170013427734,49.0946349909,38.2887652776
05/02/2017,53.029998779296875,43.85390014648438,49.2813124921,38.4264878009
05/03/2017,52.84000015258789,44.01720012664795,49.4725060743,38.561894179
05/04/2017,53.099998474121094,44.17110012054443,49.6559715596,38.6862286815
05/05/2017,53.83000183105469,44.32820011138916,49.8415070394,38.8148931834
05/08/2017,53.9900016784668,44.49860012054443,50.0395490472,38.9576511939
05/09/2017,54.619998931884766,44.66680015563965,50.2379406785,39.0956596328
05/10/2017,55.9900016784668,44.839800148010255,50.448595439,39.231004857
05/11/2017,55.75,45.03230014801025,50.6899260596,39.3746742364
05/12/2017,56.0099983215332,45.219900131225586,50.9186230107,39.5211772518
05/15/2017,56.40999984741211,45.415300102233886,51.1455632889,39.6850369156
05/16/2017,56.779998779296875,45.613100090026855,51.3779774336,39.8482227464
05/17/2017,54.22999954223633,45.81260005950928,51.6151493839,40.0100507351
05/18/2017,55.150001525878906,45.98590003967285,51.778458006,40.1933420734
05/19/2017,55.880001068115234,46.17300006866455,51.9563629826,40.3896371547
05/22/2017,57.119998931884766,46.3668000793457,52.1474849463,40.5861152124
05/23/2017,57.79999923706055,46.572700080871584,52.3660245995,40.7793755622
05/24/2017,58.5099983215332,46.78640007019043,52.5957649381,40.9770352023
05/25/2017,59.220001220703125,47.0067000579834,52.8387148664,41.1746852496
05/26/2017,58.279998779296875,47.23780006408691,53.0912824615,41.3843176667
05/30/2017,58.58000183105469,47.4542000579834,53.3118954199,41.5965046961
05/31/2017,58.58000183105469,47.66640007019043,53.5389184511,41.7938816893
06/01/2017,59.560001373291016,47.87280010223389,53.7625292424,41.9830709621
06/02/2017,59.650001525878906,48.08930011749268,54.0066787545,42.1719214805
06/05/2017,59.79999923706055,48.30880012512207,54.2438074916,42.3737927586
06/06/2017,59.84000015258789,48.52300010681152,54.4822867144,42.5637134992
06/07/2017,60.529998779296875,48.729400100708006,54.719563508,42.7392366934
06/08/2017,60.54999923706055,48.943400077819824,54.9689555153,42.9178446403
06/09/2017,58.029998779296875,49.15940006256103,55.2099466063,43.1088535188
06/12/2017,56.7599983215332,49.35020004272461,55.3765808572,43.3238192282
06/13/2017,57.900001525878906,49.5270000076294,55.5086627268,43.5453372885
06/14/2017,58.45000076293945,49.717400016784666,55.6593912239,43.7754088097
06/15/2017,58.90999984741211,49.91220001220703,55.8178608403,44.0065391841
06/16/2017,58.79999923706055,50.11600002288819,55.9768322455,44.2551678003
06/19/2017,60.31999969482422,50.31300003051758,56.1311733573,44.4948267037
06/20/2017,60.150001525878906,50.52060001373291,56.3217355689,44.7194644586
06/21/2017,60.68000030517578,50.72740001678467,56.4994450518,44.9553549818
06/22/2017,61.15999984741211,50.93810001373291,56.6849849288,45.1912150987
06/23/2017,60.439998626708984,51.15360000610352,56.8756503363,45.4315496759
06/26/2017,60.220001220703125,51.35590000152588,57.0449845215,45.6668154816
06/27/2017,58.290000915527344,51.55340000152588,57.203831083,45.90296892
06/28/2017,58.810001373291016,51.731599998474124,57.3102214053,46.1529785916
06/29/2017,57.58000183105469,51.9196000289917,57.4162127124,46.4229873456
06/30/2017,57.56999969482422,52.09350006103516,57.4904506598,46.6965494623
07/03/2017,56.2599983215332,52.26870006561279,57.5550827688,46.9823173624
07/05/2017,57.15999984741211,52.439400062561035,57.5741331521,47.3046669731
07/06/2017,56.619998931884766,52.61370006561279,57.6079623151,47.6194378161
07/07/2017,58.09000015258789,52.707600059509275,57.6880117092,47.7271884098
07/10/2017,58.5099983215332,52.83150005340576,57.7901074003,47.8728927065
07/11/2017,57.97999954223633,52.96680004119873,57.8938147111,48.0397853713
07/12/2017,61.02000045776367,53.09180004119873,57.9857400115,48.1978600709
07/13/2017,60.5,53.24810005187988,58.1431592982,48.3530408056
07/14/2017,60.75,53.399800033569335,58.2821693226,48.5174307445
07/17/2017,60.5,53.55390003204346,58.4226199582,48.6851801059
07/18/2017,61.33000183105469,53.7066000366211,58.5512595997,48.8619404736
07/19/2017,61.33000183105469,53.86910003662109,58.694170048,49.0440300252
07/20/2017,61.08000183105469,54.02690006256103,58.8353276581,49.218472467
07/21/2017,60.93000030517578,54.18080009460449,58.9661646483,49.3954355409
07/24/2017,61.439998626708984,54.3388000869751,59.0833861931,49.5942139808
07/25/2017,60.95000076293945,54.4818000793457,59.2227589711,49.7408411876
07/26/2017,62.63999938964844,54.62450008392334,59.3431888134,49.9058113545
07/27/2017,61.16999816894531,54.78020008087158,59.5039230159,50.0564771459
07/28/2017,61.45000076293945,54.91380004882812,59.6274152125,50.2001848852
07/31/2017,61.779998779296875,55.04770004272461,59.7548979712,50.3405021143
08/01/2017,62.400001525878906,55.17970001220703,59.8887567762,50.4706432482
08/02/2017,61.45000076293945,55.313500022888185,60.0357051982,50.5912948476
08/03/2017,63.970001220703125,55.43600002288818,60.1569144628,50.715085583
08/04/2017,62.0099983215332,55.58070003509521,60.3390638145,50.8223362557
08/07/2017,62.5099983215332,55.71,60.4656361687,50.9543638313
08/08/2017,61.33000183105469,55.8428999710083,60.6010100892,51.0847898528
08/09/2017,61.380001068115234,55.96520000457764,60.7055660517,51.2248339574
08/10/2017,60.209999084472656,56.087700004577634,60.8080882589,51.3673117503
08/11/2017,60.7400016784668,56.20020000457764,60.8832867339,51.5171132752
08/14/2017,61.88999938964844,56.325400009155274,60.9605794598,51.6902205585
08/15/2017,61.970001220703125,56.4575,61.061038251,51.853961749
08/16/2017,62.88999938964844,56.58940002441406,61.1599145752,52.0188854736
08/17/2017,61.369998931884766,56.7271000289917,61.2778909454,52.1763091126
08/18/2017,62.0099983215332,56.84780002593994,61.3599033399,52.335696712
08/21/2017,61.779998779296875,56.97030002593994,61.4545149682,52.4860850837
08/22/2017,64.26000213623047,57.08670001983643,61.5430928035,52.6303072361
08/23/2017,64.01000213623047,57.22740005493164,61.6859376935,52.7688624164
08/24/2017,63.43000030517578,57.36890007019043,61.8158975723,52.921902568
08/25/2017,62.58000183105469,57.50790008544922,61.9248392299,53.090960941
08/28/2017,62.75,57.64330009460449,62.0057795778,53.2808206114
08/29/2017,63.47999954223633,57.778800086975096,62.0870198813,53.4705802926
08/30/2017,65.68000030517578,57.920000076293945,62.1811143983,53.6588857543
08/31/2017,65.55999755859375,58.080700073242184,62.3283919054,53.8330082411
09/01/2017,65.12000274658203,58.245900039672854,62.4598828787,54.0319172006
09/05/2017,65.05000305175781,58.40630004882812,62.5733516666,54.239248431
09/06/2017,64.0,58.57040008544922,62.6722255295,54.4685746414
09/07/2017,65.83000183105469,58.726200103759766,62.7343414797,54.7180587278
09/08/2017,64.93000030517578,58.89650012969971,62.8405514154,54.952448844
09/11/2017,66.16000366210938,59.05410015106201,62.9204531636,55.1877471386
09/12/2017,66.08999633789062,59.22220020294189,63.0279420154,55.4164583905
09/13/2017,65.4000015258789,59.38360015869141,63.134540069,55.6326602484
09/14/2017,65.16999816894531,59.538900184631345,63.2134500732,55.8643502961
09/15/2017,65.0,59.68180015563965,63.2941710928,56.0694292184
09/18/2017,64.19999694824219,59.81820014953613,63.3707946731,56.265605626
09/19/2017,64.30999755859375,59.946600112915036,63.4223779159,56.47082231
09/20/2017,65.0,60.07060009002686,63.4779712579,56.6632289222
09/21/2017,64.11000061035156,60.198100090026855,63.5485170794,56.8476831007
09/22/2017,63.900001525878906,60.31220008850098,63.5990055154,57.0253946616
09/25/2017,62.13999938964844,60.420900115966795,63.6442047635,57.1975954684
09/26/2017,61.7599983215332,60.5139001083374,63.6501233837,57.377676833
09/27/2017,63.09000015258789,60.60050010681152,63.6491498254,57.5518503882
09/28/2017,63.540000915527344,60.69310009002685,63.6745879712,57.7116122089
09/29/2017,64.51000213623047,60.78860008239746,63.7061132181,57.8710869467
10/02/2017,63.38999938964844,60.88750011444092,63.7615344934,58.0134657355
10/03/2017,63.45000076293945,60.961500091552736,63.8035711202,58.1194290629
10/04/2017,62.630001068115234,61.03850009918213,63.8423845038,58.2346156946
10/05/2017,63.09000015258789,61.10470012664795,63.8669194812,58.3424807721
10/06/2017,63.25,61.17150012969971,63.8999439311,58.4430563283
10/09/2017,61.18000030517578,61.236200141906735,63.9363053735,58.5360949103
10/10/2017,61.45000076293945,61.305700149536136,63.9124032639,58.6989970352
10/11/2017,61.36000061035156,61.368700141906736,63.9009351426,58.8364651413
10/12/2017,62.04999923706055,61.4235001373291,63.8949275873,58.9520726873
10/13/2017,61.08000183105469,61.47280014038086,63.9067777359,59.0388225449
10/16/2017,61.47999954223633,61.505600166320804,63.911804508,59.0993958246
10/17/2017,61.65999984741211,61.535300178527834,63.9226014777,59.1479988794
10/18/2017,61.5,61.55970016479492,63.9356550341,59.1837452955
10/19/2017,61.9900016784668,61.59190017700195,63.9448973996,59.2389029544
10/20/2017,62.630001068115234,61.62600017547607,63.959731662,59.2922686889
10/23/2017,61.459999084472656,61.66650016784668,63.9820911336,59.3509092021
10/24/2017,62.72999954223633,61.685500144958496,63.9915039561,59.3794963338
10/25/2017,61.810001373291016,61.71630012512207,64.0154700148,59.4171302354
10/26/2017,62.060001373291016,61.73640014648438,64.0275011655,59.4452991275
10/27/2017,64.13999938964844,61.75860015869141,64.041960596,59.4752397214
10/30/2017,65.30000305175781,61.794700164794925,64.0868711196,59.50252921
10/31/2017,65.48999786376953,61.842200202941896,64.1571883479,59.5272120579
11/01/2017,65.33000183105469,61.91680019378662,64.2279342084,59.6056661791
11/02/2017,65.44999694824219,62.002500228881836,64.2794651685,59.7255352892
11/03/2017,63.20000076293945,62.078000183105466,64.3428216934,59.8131786728
11/06/2017,60.869998931884766,62.125500183105466,64.3633842906,59.8876160756
11/07/2017,60.959999084472656,62.1451001739502,64.3632321648,59.9269681831
11/08/2017,64.55000305175781,62.166700172424314,64.3625577753,59.9708425696
11/09/2017,63.310001373291016,62.209000205993654,64.4096136702,60.0083867418
11/10/2017,63.0,62.240600204467775,64.4340970335,60.0471033755
11/13/2017,63.619998931884766,62.26380020141602,64.4529329656,60.0746674373
11/14/2017,64.02999877929688,62.288400192260745,64.4788125044,60.0979878801
11/15/2017,62.88999938964844,62.32430019378662,64.5135427706,60.135057617
11/16/2017,64.12999725341797,62.351000175476074,64.5306766618,60.1713236891
11/17/2017,64.0999984741211,62.40940013885498,64.5574946865,60.2613055912
11/20/2017,63.93000030517578,62.46230010986328,64.5861024291,60.3384977906
11/21/2017,64.5,62.52580009460449,64.5969536662,60.4546465231
11/22/2017,65.13999938964844,62.59510009765625,64.6145677758,60.5756324195
11/24/2017,66.02999877929688,62.683900108337404,64.6162029418,60.7515972749
11/27/2017,65.73999786376953,62.77260009765625,64.6521626995,60.8930374958
11/28/2017,65.97000122070312,62.8638000869751,64.6621180845,61.0654820894
11/29/2017,62.0099983215332,62.94260009765625,64.702239656,61.1829605393
11/30/2017,62.400001525878906,62.97760009765625,64.6826878523,61.2725123431
12/01/2017,61.959999084472656,63.021800117492674,64.6524278178,61.3911724171
12/04/2017,58.599998474121094,63.031200103759765,64.6529462408,61.4094539667
12/05/2017,59.54999923706055,63.012200088500975,64.6741222502,61.3502779268
12/06/2017,60.75,63.00020008087158,64.6826192101,61.3177809517
12/07/2017,61.56999969482422,63.002700080871584,64.6815841972,61.3238159646
12/08/2017,62.43000030517578,63.005100059509275,64.6817613925,61.3284387265
12/11/2017,63.16999816894531,63.016100044250486,64.6853274351,61.3468726534
12/12/2017,64.4000015258789,63.037000007629395,64.6949008965,61.3790991187
12/13/2017,64.5999984741211,63.07170001983643,64.7214316709,61.4219683688
12/14/2017,65.02999877929688,63.10330001831055,64.7517381967,61.4548618399
12/15/2017,66.7300033569336,63.14409999847412,64.7892256757,61.4989743213
12/18/2017,66.01000213623047,63.185000038146974,64.8675016088,61.5024984675
12/19/2017,64.9000015258789,63.23340007781982,64.9268205852,61.5399795705
12/20/2017,64.37999725341797,63.26790008544922,64.9597786972,61.5760214737
12/21/2017,65.08000183105469,63.29390007019043,64.9826884926,61.6051116477
12/22/2017,64.51000213623047,63.320700073242186,65.0163412925,61.6250588539
12/26/2017,63.45000076293945,63.3513000869751,65.040504639,61.6620955349
12/27/2017,63.34000015258789,63.34610008239746,65.0341920485,61.6580081163
12/28/2017,63.400001525878906,63.35940010070801,65.0421437794,61.676656422
12/29/2017,63.31999969482422,63.368300132751465,65.0488800114,61.6877202541
01/02/2018,64.30999755859375,63.38820011138916,65.0562616957,61.720138527
01/03/2018,65.30999755859375,63.41750007629395,65.0757339056,61.759266247
01/04/2018,64.66000366210938,63.46850006103516,65.1055929952,61.8314071268
01/05/2018,66.37000274658203,63.50770008087158,65.1258120695,61.8895880922
01/08/2018,66.62999725341797,63.55250011444092,65.1871369472,61.9178632817
01/09/2018,66.19000244140625,63.59910007476807,65.254253505,61.9439466445
01/10/2018,66.83000183105469,63.632100105285645,65.3055825189,61.9586176917
01/11/2018,69.23999786376953,63.686700134277345,65.3744966157,61.9989036529
01/12/2018,70.36000061035156,63.75900012969971,65.5264014821,61.9915987773
01/16/2018,68.70999908447266,63.84480014801025,65.7190769438,61.9705233522
01/17/2018,70.36000061035156,63.889300117492674,65.8247357119,61.9538645231
01/18/2018,69.80000305175781,63.95280010223389,65.9925139672,61.9130862373
01/19/2018,70.56999969482422,64.01650012969971,66.1367688826,61.8962313768
01/22/2018,71.30000305175781,64.0964001083374,66.3095435446,61.883256672
01/23/2018,71.55000305175781,64.18190013885499,66.503857209,61.8599430687
01/24/2018,70.08000183105469,64.26260017395019,66.6963082297,61.8288921182
01/25/2018,70.81999969482422,64.30660018920898,66.8044653354,61.808735043
01/26/2018,72.5199966430664,64.35920021057129,66.9370088163,61.7813916048
01/29/2018,72.44999694824219,64.43320014953613,67.1350178702,61.7313824288
01/30/2018,71.61000061035156,64.50720008850098,67.3237988984,61.6906012786
01/31/2018,74.12999725341797,64.5833000946045,67.4866366025,61.6799635867
02/01/2018,73.3499984741211,64.66630004882812,67.7188932907,61.613706807
02/02/2018,71.41999816894531,64.75050003051757,67.9229764557,61.5780236053
02/05/2018,67.9800033569336,64.80309997558594,68.0414321024,61.5647678488
02/06/2018,69.69999694824219,64.82200004577636,68.0732773147,61.5707227769
02/07/2018,69.45999908447266,64.865,68.1518773272,61.5781226728
02/08/2018,65.83000183105469,64.90790000915527,68.2263231407,61.5894768776
02/09/2018,67.08000183105469,64.91620002746582,68.2358808982,61.5965191568
02/12/2018,68.31999969482422,64.94500007629395,68.2708296802,61.6191704723
02/13/2018,68.02999877929688,64.98510009765624,68.3271665969,61.6430335985
02/14/2018,69.6500015258789,65.01540008544922,68.3711715699,61.659628601
02/15/2018,71.98999786376953,65.0708000946045,68.4567609505,61.6848392387
02/16/2018,70.19000244140625,65.1517000579834,68.6047033013,61.6986968147
02/20/2018,70.83999633789062,65.23220008850097,68.7078140837,61.7565860934
02/21/2018,70.22000122070312,65.32300006866456,68.8252222123,61.820777925
02/22/2018,69.48999786376953,65.3943000793457,68.9228152867,61.865784872
02/23/2018,72.06999969482422,65.45380004882813,69.0006638003,61.9069362973
02/26/2018,73.16000366210938,65.52940002441406,69.1354172939,61.9233827549
02/27/2018,72.61000061035156,65.62710006713867,69.305456496,61.9487436383
02/28/2018,73.12999725341797,65.7187000656128,69.4552930116,61.9821071196
03/01/2018,72.01000213623047,65.82370002746582,69.6190886106,62.0283114443
03/02/2018,74.01000213623047,65.91290004730224,69.7476086466,62.078191448
03/05/2018,75.0999984741211,66.02050006866455,69.9292252486,62.1117748887
03/06/2018,73.91999816894531,66.159700050354,70.1407582553,62.1786418454
03/07/2018,74.06999969482422,66.28440002441407,70.3110219265,62.2577781223
03/08/2018,76.80999755859375,66.4115000152588,70.4810439776,62.3419560529
03/09/2018,78.22000122070312,66.55909999847412,70.7340805885,62.3841194084
03/12/2018,76.86000061035156,66.73049999237061,71.0270853779,62.4339146068
03/13/2018,75.93000030517578,66.88430000305176,71.2646403791,62.503959627
03/14/2018,74.22000122070312,67.0270000076294,71.4668572505,62.5871427648
03/15/2018,73.37999725341797,67.15420001983642,71.6160458114,62.6923542283
03/16/2018,71.68000030517578,67.26809997558594,71.742025627,62.7941743241
03/19/2018,71.05000305175781,67.35859996795654,71.8293213322,62.8878786037
03/20/2018,71.37000274658203,67.45450000762939,71.9004512379,63.0085487773
03/21/2018,71.61000061035156,67.54090003967285,71.9781424206,63.1036576587
03/22/2018,69.76000213623047,67.63890003204345,72.0566664075,63.2211336566
03/23/2018,68.04000091552734,67.71590003967285,72.1027531699,63.3290469095
03/26/2018,70.08000183105469,67.75490005493164,72.1271007758,63.382699334
03/27/2018,66.29000091552734,67.80270004272461,72.1739298576,63.4314702278
03/28/2018,65.97000122070312,67.81070007324219,72.1784206191,63.4429795273
03/29/2018,67.45999908447266,67.81710006713867,72.1816487141,63.4525514201
04/02/2018,65.08999633789062,67.83720008850098,72.1954249933,63.4789751837
04/03/2018,65.4800033569336,67.85610004425048,72.1982426284,63.5139574601
04/04/2018,66.2699966430664,67.90220008850098,72.1941086702,63.6102915068
04/05/2018,66.52999877929688,67.95530006408691,72.1935023952,63.717097733
04/06/2018,64.55999755859375,67.97510002136231,72.201957166,63.7482428767
04/09/2018,65.7699966430664,67.98759998321533,72.2024739869,63.7727259796
04/10/2018,66.5199966430664,68.01529994964599,72.2063394017,63.8242604976
04/11/2018,65.8499984741211,68.04429992675782,72.2148086846,63.8737911689
04/12/2018,67.22000122070312,68.06249992370606,72.2193996712,63.9056001762
04/13/2018,65.87999725341797,68.1057999420166,72.2310261227,63.9805737613
04/16/2018,66.55999755859375,68.1232999420166,72.2353136456,64.0112862385
04/17/2018,68.27999877929688,68.14789993286132,72.2430948165,64.0527050492
04/18/2018,68.69000244140625,68.19139991760254,72.2646046282,64.118195207
04/19/2018,67.68000030517578,68.2332999420166,72.289833279,64.1767666051
04/20/2018,66.30000305175781,68.25869995117188,72.3037208257,64.2136790767
04/23/2018,66.2300033569336,68.26139999389649,72.3050221858,64.2177778019
04/24/2018,65.33999633789062,68.26630004882813,72.3071597911,64.2254403066
04/25/2018,64.81999969482422,68.26,72.3049240311,64.2150759689
04/26/2018,66.33999633789062,68.28810001373292,72.2991262686,64.2770737588
04/27/2018,65.79000091552734,68.32749996185302,72.2996572224,64.3553427013
04/30/2018,66.3499984741211,68.36579998016357,72.2946044741,64.4369954863
05/01/2018,67.80000305175781,68.44329998016357,72.2533425348,64.6332574256
05/02/2018,68.38999938964844,68.52580001831055,72.2302363236,64.821363713
05/03/2018,66.81999969482422,68.60220001220704,72.2233276183,64.9810724061
05/04/2018,69.83999633789062,68.65470001220703,72.2109695262,65.0984304982
05/07/2018,70.37000274658203,68.72879997253418,72.2313907939,65.2262091512
05/08/2018,69.61000061035156,68.80080001831055,72.262142409,65.3394576276
05/09/2018,71.30999755859375,68.85290000915528,72.2867105046,65.4190895137
05/10/2018,72.9000015258789,68.92,72.3355605219,65.5044394781
05/11/2018,71.69999694824219,68.99870002746582,72.4143907352,65.5830093197
05/14/2018,71.69999694824219,69.04839996337891,72.4668752276,65.6299246991
05/15/2018,70.16999816894531,69.10529991149902,72.5200805165,65.6905193065
05/16/2018,70.33000183105469,69.15799987792968,72.5480499915,65.7679497644
05/17/2018,71.66000366210938,69.21749992370606,72.5752286668,65.8597711806
05/18/2018,71.98999786376953,69.2832999420166,72.6237313528,65.9428685312
05/21/2018,71.44999694824219,69.35809989929199,72.6744692083,66.0417305903
05/22/2018,71.3499984741211,69.43809986114502,72.7071378508,66.1690618714
05/23/2018,71.73999786376953,69.51819984436035,72.7345454,66.3018542887
05/24/2018,70.80000305175781,69.60159980773926,72.7659265192,66.4372730962
05/25/2018,71.45999908447266,69.6763998413086,72.7791639631,66.5736357195
05/29/2018,70.63999938964844,69.74789985656739,72.8082695191,66.687530194
05/30/2018,70.69000244140625,69.80119987487792,72.8300660369,66.7723337129
05/31/2018,70.91000366210938,69.8614998626709,72.8471279128,66.8758718125
06/01/2018,73.02999877929688,69.90689987182617,72.8735481108,66.9402516328
06/04/2018,72.79000091552734,69.97089988708495,72.9351978364,67.0066019378
06/05/2018,72.7699966430664,70.03689987182617,72.9897337285,67.0840660151
06/06/2018,74.79000091552734,70.0962998199463,73.0437657927,67.1488338472
06/07/2018,73.94999694824219,70.15179985046387,73.1346594142,67.1689402868
06/08/2018,74.29000091552734,70.18769981384277,73.1943577435,67.1810418842
06/11/2018,75.0,70.24349983215332,73.2739009628,67.2130987015
06/12/2018,75.94000244140625,70.2898998260498,73.3570296354,67.2227700167
06/13/2018,76.66999816894531,70.35129981994629,73.4690477115,67.2335519284
06/14/2018,77.70999908447266,70.4122998046875,73.5927733714,67.2318262379
06/15/2018,77.41000366210938,70.47639976501465,73.7376859041,67.2151136259
06/18/2018,77.87000274658203,70.53499977111817,73.8669325001,67.2030670422
06/19/2018,77.23999786376953,70.61289978027344,74.0234216984,67.2023778621
06/20/2018,76.83999633789062,70.6770997619629,74.150756841,67.2034426829
06/21/2018,76.05000305175781,70.72029975891114,74.2431221382,67.1974773796
06/22/2018,75.9800033569336,70.75629981994629,74.314827656,67.1977719839
06/25/2018,74.69999694824219,70.79999984741211,74.395384862,67.2046148328
06/26/2018,75.2699966430664,70.80569984436035,74.4068068769,67.2045928118
06/27/2018,73.41999816894531,70.8248998260498,74.4445915429,67.2052081092
06/28/2018,76.01000213623047,70.84489982604981,74.473339168,67.2164604841
06/29/2018,76.31999969482422,70.92519981384277,74.5781206276,67.2722790001
07/02/2018,77.27999877929688,70.99139984130859,74.681315215,67.3014844677
07/03/2018,75.87999725341797,71.06959983825683,74.8087672734,67.3304324031
07/05/2018,76.19000244140625,71.17009979248047,74.9021418913,67.4380576936
07/06/2018,77.19000244140625,71.26119979858399,75.0034643843,67.5189352129
07/09/2018,76.83999633789062,71.3498998260498,75.1263633783,67.5734362738
07/10/2018,76.19000244140625,71.43799980163574,75.2386720479,67.6373275554
