08/06/2013,15.5,0,0,0
08/07/2013,15.569999694824219,0,0,0
08/08/2013,15.550000190734863,0,0,0
08/09/2013,15.739999771118164,0,0,0
08/12/2013,15.350000381469727,0,0,0
08/13/2013,15.390000343322754,0,0,0
08/14/2013,15.40999984741211,0,0,0
08/15/2013,15.359999656677246,0,0,0
08/16/2013,15.3100004196167,0,0,0
08/19/2013,15.279999732971191,0,0,0
08/20/2013,15.550000190734863,0,0,0
08/21/2013,15.449999809265137,0,0,0
08/22/2013,15.579999923706055,0,0,0
08/23/2013,15.5,0,0,0
08/26/2013,15.779999732971191,0,0,0
08/27/2013,15.600000381469727,0,0,0
08/28/2013,15.619999885559082,0,0,0
08/29/2013,15.680000305175781,0,0,0
08/30/2013,15.739999771118164,0,0,0
09/03/2013,15.600000381469727,0,0,0
09/04/2013,15.539999961853027,0,0,0
09/05/2013,15.529999732971191,0,0,0
09/06/2013,15.640000343322754,0,0,0
09/09/2013,15.800000190734863,0,0,0
09/10/2013,15.800000190734863,0,0,0
09/11/2013,15.5,0,0,0
09/12/2013,15.460000038146973,0,0,0
09/13/2013,15.510000228881836,0,0,0
09/16/2013,15.529999732971191,0,0,0
09/17/2013,15.649999618530273,0,0,0
09/18/2013,15.800000190734863,0,0,0
09/19/2013,15.800000190734863,0,0,0
09/20/2013,15.710000038146973,0,0,0
09/23/2013,15.789999961853027,0,0,0
09/24/2013,15.550000190734863,0,0,0
09/25/2013,15.779999732971191,0,0,0
09/26/2013,15.649999618530273,0,0,0
09/27/2013,15.75,0,0,0
09/30/2013,15.75,0,0,0
10/01/2013,15.710000038146973,0,0,0
10/02/2013,15.789999961853027,0,0,0
10/03/2013,15.739999771118164,0,0,0
10/04/2013,15.65999984741211,0,0,0
10/07/2013,15.59000015258789,0,0,0
10/08/2013,15.5,0,0,0
10/09/2013,15.600000381469727,0,0,0
10/10/2013,15.609999656677246,0,0,0
10/11/2013,15.579999923706055,0,0,0
10/14/2013,15.600000381469727,0,0,0
10/15/2013,15.4399995803833,0,0,0
10/16/2013,15.449999809265137,0,0,0
10/17/2013,15.520000457763672,0,0,0
10/18/2013,15.829999923706055,0,0,0
10/21/2013,15.649999618530273,0,0,0
10/22/2013,15.539999961853027,0,0,0
10/23/2013,15.649999618530273,0,0,0
10/24/2013,15.550000190734863,0,0,0
10/25/2013,15.619999885559082,0,0,0
10/28/2013,15.630000114440918,0,0,0
10/29/2013,15.65999984741211,0,0,0
10/30/2013,15.569999694824219,0,0,0
10/31/2013,15.630000114440918,0,0,0
11/01/2013,15.600000381469727,0,0,0
11/04/2013,15.75,0,0,0
11/05/2013,15.739999771118164,0,0,0
11/06/2013,15.649999618530273,0,0,0
11/07/2013,15.75,0,0,0
11/08/2013,15.649999618530273,0,0,0
11/11/2013,15.640000343322754,0,0,0
11/12/2013,15.550000190734863,0,0,0
11/13/2013,15.460000038146973,0,0,0
11/14/2013,15.600000381469727,0,0,0
11/15/2013,15.779999732971191,0,0,0
11/18/2013,15.65999984741211,0,0,0
11/19/2013,15.699999809265137,0,0,0
11/20/2013,15.699999809265137,0,0,0
11/21/2013,15.600000381469727,0,0,0
11/22/2013,15.609999656677246,0,0,0
11/25/2013,15.5600004196167,0,0,0
11/26/2013,15.609999656677246,0,0,0
11/27/2013,15.649999618530273,0,0,0
11/29/2013,15.649999618530273,0,0,0
12/02/2013,15.680000305175781,0,0,0
12/03/2013,15.670000076293945,0,0,0
12/04/2013,15.729999542236328,0,0,0
12/05/2013,15.75,0,0,0
12/06/2013,15.710000038146973,0,0,0
12/09/2013,15.640000343322754,0,0,0
12/10/2013,15.65999984741211,0,0,0
12/11/2013,15.510000228881836,0,0,0
12/12/2013,15.520000457763672,0,0,0
12/13/2013,15.630000114440918,0,0,0
12/16/2013,15.5,0,0,0
12/17/2013,15.739999771118164,0,0,0
12/18/2013,15.770000457763672,0,0,0
12/19/2013,15.760000228881836,0,0,0
12/20/2013,15.869999885559082,0,0,0
12/23/2013,16.09000015258789,0,0,0
12/24/2013,15.979999542236328,0,0,0
12/26/2013,16.139999389648438,0,0,0
12/27/2013,16.049999237060547,15.63479998588562,15.7768737161,15.4927262557
12/30/2013,15.949999809265137,15.640299978256225,15.7875986161,15.4930013404
12/31/2013,15.770000457763672,15.644099979400634,15.7944068896,15.4937930692
01/02/2014,15.6899995803833,15.646299982070923,15.7968233652,15.495776599
01/03/2014,15.739999771118164,15.645799980163574,15.7960941547,15.4955058056
01/06/2014,15.779999732971191,15.64969997406006,15.7973038051,15.5020961431
01/07/2014,15.90999984741211,15.653599967956543,15.7994321395,15.5077677964
01/08/2014,15.850000381469727,15.658599967956542,15.8045657895,15.5126341464
01/09/2014,15.930000305175781,15.663499975204468,15.8075719389,15.5194280116
01/10/2014,15.899999618530273,15.669699974060059,15.8117524138,15.5276475344
01/13/2014,15.84000015258789,15.67589997291565,15.8142913459,15.5375085999
01/14/2014,15.930000305175781,15.67879997253418,15.8175607136,15.5400392315
01/15/2014,15.920000076293945,15.683599977493285,15.8226647974,15.5445351576
01/16/2014,15.850000381469727,15.686999979019165,15.8276377566,15.5463622014
01/17/2014,15.850000381469727,15.690499982833863,15.8307951568,15.5502048088
01/21/2014,15.899999618530273,15.691199989318848,15.8321132519,15.5502867268
01/22/2014,15.90999984741211,15.694199981689453,15.8363279057,15.5520720577
01/23/2014,16.0,15.697099981307984,15.8406359561,15.5535640065
01/24/2014,16.09000015258789,15.700299978256226,15.8469522755,15.553647681
01/27/2014,16.030000686645508,15.703799982070922,15.855449406,15.5521505581
01/28/2014,16.0,15.708099985122681,15.8628106286,15.5533893417
01/29/2014,15.960000038146973,15.71269998550415,15.869172677,15.556227294
01/30/2014,16.18000030517578,15.716999988555909,15.8742990429,15.5597009342
01/31/2014,16.389999389648438,15.722399988174438,15.8861016558,15.5586983205
02/03/2014,16.25,15.728299980163575,15.9048222104,15.5517777499
02/04/2014,16.09000015258789,15.732799978256226,15.9166753374,15.5489246191
02/05/2014,16.049999237060547,15.738699979782105,15.9244667665,15.5529331931
02/06/2014,16.149999618530273,15.74459997177124,15.9307902637,15.5584096798
02/07/2014,16.219999313354492,15.750999965667724,15.9399946303,15.5620053011
02/10/2014,16.31999969482422,15.757899961471558,15.9512456781,15.5645542448
02/11/2014,16.34000015258789,15.764599962234497,15.9655497381,15.5636501864
02/12/2014,16.290000915527344,15.769999961853028,15.9789257248,15.5610741989
02/13/2014,16.40999984741211,15.774899969100952,15.9901230491,15.5596768891
02/14/2014,16.40999984741211,15.781899967193603,16.0060949108,15.5577050236
02/18/2014,16.350000381469727,15.788099966049195,16.0208431104,15.5553568217
02/19/2014,16.350000381469727,15.796099967956543,16.0342087182,15.5579912177
02/20/2014,16.299999237060547,15.80179997444153,16.0461946376,15.5574053113
02/21/2014,16.0,15.80829997062683,16.0571736193,15.559426322
02/24/2014,16.030000686645508,15.810799970626832,16.0603302156,15.5612697257
02/25/2014,15.979999542236328,15.813599977493286,16.0640017073,15.5631982477
02/26/2014,16.06999969482422,15.81629997253418,16.0670255097,15.5655744354
02/27/2014,16.1200008392334,15.819099969863892,16.0710765037,15.5671234361
02/28/2014,16.139999389648438,15.822899980545044,16.0765150006,15.5692849605
03/03/2014,16.149999618530273,15.827699975967407,16.0827248655,15.5726750864
03/04/2014,16.15999984741211,15.83329997062683,16.0891907537,15.5774091875
03/05/2014,16.229999542236328,15.839899969100951,16.0956204655,15.5841794727
03/06/2014,16.139999389648438,15.846199960708619,16.1036869333,15.5887129881
03/07/2014,16.18000030517578,15.85149995803833,16.1095246202,15.5934752959
03/10/2014,16.200000762939453,15.857499961853028,16.1161169147,15.598883009
03/11/2014,16.139999389648438,15.863499965667724,16.1230317285,15.6039682028
03/12/2014,16.219999313354492,15.870499963760375,16.1279465204,15.6130534072
03/13/2014,16.1299991607666,15.87819995880127,16.1344668777,15.6219330399
03/14/2014,16.059999465942383,15.884299945831298,16.139224412,15.6293754797
03/17/2014,16.149999618530273,15.886599941253662,16.1420611159,15.6311387666
03/18/2014,16.200000762939453,15.891599941253663,16.1472743603,15.6359255222
03/19/2014,16.200000762939453,15.898199949264527,16.1532307977,15.6431691009
03/20/2014,16.219999313354492,15.903699960708618,16.1592489517,15.6481509697
03/21/2014,16.06999969482422,15.910399951934814,16.1653701746,15.6554297293
03/24/2014,16.139999389648438,15.914899950027467,16.1686733987,15.6611265014
03/25/2014,16.079999923706055,15.91999994277954,16.1731204116,15.666879474
03/26/2014,16.239999771118164,15.924199943542481,16.1764544404,15.6719454467
03/27/2014,16.110000610351562,15.93089994430542,16.1825547839,15.6792451047
03/28/2014,16.030000686645508,15.935699949264526,16.1861445173,15.6852553812
03/31/2014,15.829999923706055,15.939999952316285,16.188326302,15.6916736027
04/01/2014,15.899999618530273,15.940799951553345,16.1886413044,15.6929585987
04/02/2014,15.930000305175781,15.942399950027466,16.1894550365,15.6953448636
04/03/2014,15.90999984741211,15.945199956893921,16.1905057531,15.6998941607
04/04/2014,15.90999984741211,15.946799955368043,16.191347975,15.7022519357
04/07/2014,16.030000686645508,15.94939995765686,16.192154179,15.7066457363
04/08/2014,15.9399995803833,15.953299961090089,16.1941777009,15.7124222213
04/09/2014,15.90999984741211,15.957199954986573,16.1946491865,15.7197507235
04/10/2014,15.960000038146973,15.961699953079224,16.1938897213,15.7295101849
04/11/2014,15.930000305175781,15.965299949645996,16.1946269903,15.735972909
04/14/2014,15.930000305175781,15.966799955368042,16.1953994753,15.7382004354
04/15/2014,15.930000305175781,15.96949995994568,16.1960451642,15.7429547557
04/16/2014,15.819999694824219,15.971799964904784,16.1967593801,15.7468405498
04/17/2014,15.800000190734863,15.972999963760376,16.1968235069,15.7491764207
04/21/2014,15.899999618530273,15.974999961853028,16.1963616134,15.7536383103
04/22/2014,15.960000038146973,15.977899961471557,16.1963411871,15.7594587358
04/23/2014,15.930000305175781,15.98189995765686,16.1962766656,15.7675232497
04/24/2014,15.960000038146973,15.985099964141845,16.1962657054,15.7739342229
04/25/2014,15.9399995803833,15.988199968338012,16.1966819529,15.7797179838
04/28/2014,15.960000038146973,15.991099967956544,16.1968565375,15.7853433985
04/29/2014,15.829999923706055,15.993899965286255,16.19729556,15.7905043705
04/30/2014,15.829999923706055,15.995499963760375,16.196961446,15.7940384815
05/01/2014,15.850000381469727,15.996499967575073,16.196886411,15.7961135241
05/02/2014,15.779999732971191,15.99749997138977,16.1969008883,15.7980990545
05/05/2014,15.829999923706055,15.998199968338012,16.1967112705,15.7996886662
05/06/2014,15.8100004196167,16.000099964141846,16.1960667213,15.8041332069
05/07/2014,15.65999984741211,16.001599969863893,16.1955211327,15.8076788071
05/08/2014,15.680000305175781,16.003099966049195,16.1937655654,15.8124343667
05/09/2014,15.739999771118164,16.004699964523315,16.1919455074,15.8174544216
05/12/2014,15.670000076293945,16.005799961090087,16.191154609,15.8204453132
05/13/2014,15.699999809265137,16.00749996185303,16.1889461939,15.8260537298
05/14/2014,15.65999984741211,16.0070999622345,16.1891784482,15.8250214763
05/15/2014,15.59000015258789,16.00599995613098,16.1898313685,15.8221685438
05/16/2014,15.579999923706055,16.00429995536804,16.1911595226,15.8174403881
05/19/2014,15.5,16.001399955749513,16.1925230259,15.8102768856
05/20/2014,15.510000228881836,15.995499954223632,16.1928036216,15.7981962869
05/21/2014,15.720000267028809,15.990799961090088,16.1939288473,15.7876710749
05/22/2014,15.6899995803833,15.986599969863892,16.190938964,15.7822609757
05/23/2014,15.829999923706055,15.982999973297119,16.1893515854,15.7766483612
05/27/2014,15.819999694824219,15.981799974441529,16.1886882241,15.7749117248
05/28/2014,15.779999732971191,15.982299966812134,16.188735673,15.7758642606
05/29/2014,15.880000114440918,15.983199968338013,16.1885527124,15.7778472243
05/30/2014,15.819999694824219,15.98459997177124,16.1887637007,15.7804362428
06/02/2014,15.59000015258789,15.98499997138977,16.1888013162,15.7811986266
06/03/2014,15.550000190734863,15.981799974441529,16.1892336905,15.7743662584
06/04/2014,15.520000457763672,15.97879997253418,16.190248656,15.767351289
06/05/2014,15.569999694824219,15.974699974060059,16.1909750111,15.758424937
06/06/2014,15.779999732971191,15.971399974822997,16.1912772664,15.7515226832
06/09/2014,15.699999809265137,15.970799970626832,16.1911164356,15.7504835056
06/10/2014,15.8100004196167,15.968499965667725,16.1904250338,15.7465748975
06/11/2014,15.600000381469727,15.967399969100953,16.1898347338,15.7449652044
06/12/2014,15.649999618530273,15.964899969100951,16.19002876,15.7397711782
06/13/2014,15.550000190734863,15.962899961471557,16.1899210522,15.7358788708
06/16/2014,15.520000457763672,15.959399967193603,16.1900330597,15.7287668747
06/17/2014,15.40999984741211,15.955499973297119,16.1901970737,15.7208028729
06/18/2014,15.350000381469727,15.94959997177124,16.1904397947,15.7087601489
06/19/2014,15.229999542236328,15.942199974060058,16.1898835119,15.6945164363
06/20/2014,15.460000038146973,15.934199962615967,16.191645762,15.6767541632
06/23/2014,15.539999961853027,15.928799962997436,16.1904381461,15.6671617799
06/24/2014,15.670000076293945,15.924599962234497,16.1890594465,15.660140478
06/25/2014,15.699999809265137,15.919499959945679,16.183902544,15.6550973759
06/26/2014,15.720000267028809,15.912599964141846,16.1736157157,15.6515842126
06/27/2014,15.579999923706055,15.907299966812134,16.166787329,15.6478126046
06/30/2014,15.479999542236328,15.902199964523316,16.1630545998,15.6413453293
07/01/2014,15.449999809265137,15.896499967575073,16.160273993,15.6327259421
07/02/2014,15.460000038146973,15.889499969482422,16.1557305832,15.6232693557
07/03/2014,15.420000076293945,15.881899976730347,16.1494320002,15.6143679533
07/07/2014,15.609999656677246,15.872899980545045,16.1406808334,15.6051191277
07/08/2014,15.350000381469727,15.865599975585937,16.13048228,15.6007176712
07/09/2014,15.34000015258789,15.856199970245362,16.1225297338,15.5898702067
07/10/2014,15.359999656677246,15.84549997329712,16.1108577176,15.580142229
07/11/2014,15.329999923706055,15.83499997138977,16.0985810537,15.5714188891
07/14/2014,15.319999694824219,15.824799966812133,16.0879899041,15.5616100295
07/15/2014,15.300000190734863,15.814499959945678,16.0770884809,15.551911439
07/16/2014,15.300000190734863,15.804499969482421,16.0674500335,15.5415499054
07/17/2014,15.300000190734863,15.79749997138977,16.0644395411,15.5305604017
07/18/2014,15.3100004196167,15.790199966430665,16.0606402339,15.5197596989
07/21/2014,15.25,15.783499975204467,16.0574319479,15.5095680025
07/22/2014,15.300000190734863,15.775299978256225,16.0527831076,15.497816849
07/23/2014,15.319999694824219,15.76709997177124,16.0463857734,15.4878141702
07/24/2014,15.399999618530273,15.758899974822999,16.0391530138,15.4786469359
07/25/2014,15.369999885559082,15.751399974822998,16.0311213026,15.4716786471
07/28/2014,15.359999656677246,15.743499975204468,16.0227252121,15.4642747383
07/29/2014,15.399999618530273,15.734799976348876,16.0122796145,15.4573203382
07/30/2014,15.319999694824219,15.727399978637695,16.0038402738,15.4509596835
07/31/2014,15.529999732971191,15.71879997253418,15.9944021424,15.4431978027
08/01/2014,15.359999656677246,15.712099962234497,15.9840421973,15.4401577272
08/04/2014,15.460000038146973,15.704299964904784,15.9750406273,15.4335593025
08/05/2014,15.359999656677246,15.69669997215271,15.9634959855,15.4299039588
08/06/2014,15.350000381469727,15.688999977111816,15.9542866371,15.4237133171
08/07/2014,15.350000381469727,15.68189998626709,15.9466629051,15.4171370675
08/08/2014,15.369999885559082,15.673899993896484,15.9364753243,15.4113246635
08/11/2014,15.350000381469727,15.66559998512268,15.9245066218,15.4066933484
08/12/2014,15.350000381469727,15.657099981307983,15.9122481454,15.4019518172
08/13/2014,15.350000381469727,15.648399991989136,15.8989981582,15.3978018258
08/14/2014,15.380000114440918,15.64119999885559,15.8899178333,15.3924821644
08/15/2014,15.260000228881836,15.633600006103515,15.8785429521,15.3886570602
08/18/2014,15.329999923706055,15.625400009155273,15.868983354,15.3818166643
08/19/2014,15.239999771118164,15.616300010681153,15.853671701,15.3789283204
08/20/2014,15.260000228881836,15.607600002288818,15.8426494547,15.3725505499
08/21/2014,15.199999809265137,15.599899997711182,15.833594216,15.3662057794
08/22/2014,15.149999618530273,15.593599996566773,15.8294877654,15.3577122277
08/25/2014,15.199999809265137,15.586099996566773,15.8240407353,15.3481592578
08/26/2014,15.15999984741211,15.578799991607665,15.8172754923,15.340324491
08/27/2014,15.25,15.571299991607667,15.8110317512,15.331568232
08/28/2014,15.270000457763672,15.564699993133544,15.8041011575,15.3252988287
08/29/2014,15.279999732971191,15.557099990844726,15.7936556678,15.3205443139
09/02/2014,15.279999732971191,15.550499992370606,15.7854824447,15.3155175401
09/03/2014,15.25,15.544199991226197,15.7779014361,15.3104985464
09/04/2014,15.260000228881836,15.537099990844727,15.7688381941,15.3053617875
09/05/2014,15.270000457763672,15.530399990081786,15.7603605108,15.3004394694
09/08/2014,15.260000228881836,15.523799991607666,15.7516586235,15.2959413597
09/09/2014,15.239999771118164,15.517099990844727,15.7427558845,15.2914440972
09/10/2014,15.270000457763672,15.511299991607666,15.7365494208,15.2860505624
09/11/2014,15.229999542236328,15.505999994277953,15.7306285587,15.2813714298
09/12/2014,15.220000267028809,15.499299993515015,15.7220610929,15.2765388941
09/15/2014,15.170000076293945,15.491899995803832,15.7115027861,15.2722972055
09/16/2014,15.260000228881836,15.484299993515014,15.7017499929,15.2668499941
09/17/2014,15.199999809265137,15.477299995422364,15.6905503197,15.2640496712
09/18/2014,15.319999694824219,15.469899997711181,15.6797785,15.2600214955
09/19/2014,15.34000015258789,15.463499994277955,15.6680256557,15.2589743329
09/22/2014,15.229999542236328,15.458599996566772,15.6601342029,15.2570657902
09/23/2014,15.279999732971191,15.452599992752075,15.651906889,15.2532930965
09/24/2014,15.180000305175781,15.44689998626709,15.6428831147,15.2509168578
09/25/2014,15.239999771118164,15.440899991989136,15.6357747894,15.2460251945
09/26/2014,15.289999961853027,15.434999990463258,15.6269140287,15.2430859522
09/29/2014,15.289999961853027,15.42979998588562,15.6185006878,15.241099284
09/30/2014,15.300000190734863,15.42609998703003,15.613875879,15.238324095
10/01/2014,15.210000038146973,15.422299985885621,15.6087395296,15.2358604421
10/02/2014,15.399999618530273,15.416999988555908,15.6018593801,15.232140597
10/03/2014,15.279999732971191,15.414299983978271,15.5974078874,15.2311920805
10/06/2014,15.319999694824219,15.410099983215332,15.5914145882,15.2287853783
10/07/2014,15.25,15.406699981689453,15.5864779201,15.2269220432
10/08/2014,15.289999961853027,15.403299980163574,15.5827940092,15.2238059511
10/09/2014,15.34000015258789,15.400399980545044,15.57935762,15.2214423411
10/10/2014,15.270000457763672,15.398799982070923,15.5775751382,15.2200248259
10/13/2014,15.15999984741211,15.396399984359741,15.5752771341,15.2175228346
10/14/2014,15.279999732971191,15.390799980163575,15.5682185628,15.2133813975
10/15/2014,15.329999923706055,15.386699981689453,15.561880193,15.2115197704
10/16/2014,15.260000228881836,15.381699981689453,15.5511995599,15.2122004035
10/17/2014,15.34000015258789,15.37609998703003,15.5401907819,15.2120091921
10/20/2014,15.3100004196167,15.371699991226196,15.5307223511,15.2126776313
10/21/2014,15.470000267028809,15.365999994277955,15.5166983659,15.2153016227
10/22/2014,15.479999542236328,15.3625,15.5065303875,15.2184696125
10/23/2014,15.449999809265137,15.361399993896484,15.5041026244,15.2186973634
10/24/2014,15.380000114440918,15.360399990081786,15.5021245104,15.2186754697
10/27/2014,15.479999542236328,15.35899998664856,15.4998296647,15.2181703086
10/28/2014,15.350000381469727,15.358099985122681,15.497861884,15.2183380863
10/29/2014,15.25,15.353799991607666,15.486974916,15.2206250672
10/30/2014,15.279999732971191,15.349299993515015,15.4782360697,15.2203639173
10/31/2014,15.319999694824219,15.34399998664856,15.46450724,15.2234927333
11/03/2014,15.260000228881836,15.341199979782104,15.4589478298,15.2234521297
11/04/2014,15.300000190734863,15.33729998588562,15.4511494833,15.2234504885
11/05/2014,15.319999694824219,15.33479998588562,15.4466791932,15.2229207785
11/06/2014,15.319999694824219,15.332799978256226,15.4431274696,15.2224724869
11/07/2014,15.329999923706055,15.331899976730346,15.4419608036,15.2218391498
11/10/2014,15.34000015258789,15.33169997215271,15.4417458965,15.2216540478
11/11/2014,15.380000114440918,15.332799978256226,15.442372578,15.2232273785
11/12/2014,15.40999984741211,15.331999979019166,15.4409311251,15.2230688329
11/13/2014,15.380000114440918,15.330699977874756,15.437903077,15.2234968788
11/14/2014,15.380000114440918,15.327799978256225,15.4295700815,15.226029875
11/17/2014,15.329999923706055,15.324599981307983,15.4194094499,15.2297905127
11/18/2014,15.350000381469727,15.320699977874757,15.4067842566,15.2346156991
11/19/2014,15.369999885559082,15.318399982452393,15.400506216,15.2362937489
11/20/2014,15.399999618530273,15.31729998588562,15.397957936,15.2366420358
11/21/2014,15.470000267028809,15.316799983978271,15.3967859501,15.2368140178
11/24/2014,15.369999885559082,15.31689998626709,15.3970709629,15.2367290097
11/25/2014,15.449999809265137,15.316399984359741,15.3960808177,15.2367191511
11/26/2014,15.390000343322754,15.314799985885621,15.3900526048,15.239547367
11/28/2014,15.40999984741211,15.315199985504151,15.3907443891,15.2396555819
12/01/2014,15.350000381469727,15.315899982452393,15.3919932579,15.239806707
12/02/2014,15.369999885559082,15.315799989700317,15.3918418015,15.2397581779
12/03/2014,15.350000381469727,15.316199989318848,15.3924204396,15.239979539
12/04/2014,15.359999656677246,15.316499996185303,15.3927938185,15.2402061739
12/05/2014,15.350000381469727,15.317099990844726,15.3934975504,15.2407024313
12/08/2014,15.350000381469727,15.317599992752076,15.394047605,15.2411523805
12/09/2014,15.350000381469727,15.318099994659423,15.3945943588,15.2416056305
12/10/2014,15.34000015258789,15.318499994277953,15.395055517,15.2419444715
12/11/2014,15.270000457763672,15.319399995803833,15.395673439,15.2431265526
12/12/2014,15.279999732971191,15.31909999847412,15.3955080331,15.2426919639
12/15/2014,15.300000190734863,15.31869999885559,15.3952069134,15.2421930843
12/16/2014,15.289999961853027,15.317700004577636,15.3937901388,15.2416098704
12/17/2014,15.359999656677246,15.316900005340576,15.3928564973,15.2409435134
12/18/2014,15.329999923706055,15.316900005340576,15.3928564973,15.2409435134
12/19/2014,15.300000190734863,15.316200008392334,15.3917086788,15.240691338
12/22/2014,15.270000457763672,15.31600001335144,15.3915248389,15.2404751878
12/23/2014,15.25,15.313400020599365,15.3859289121,15.2408711291
12/24/2014,15.270000457763672,15.312300024032593,15.3849478765,15.2396521716
12/26/2014,15.25,15.31040002822876,15.3816309209,15.2391691355
12/29/2014,15.319999694824219,15.309300031661987,15.3806057852,15.2379942781
12/30/2014,15.289999961853027,15.309000024795532,15.3801969357,15.2378031139
12/31/2014,15.239999771118164,15.308400020599365,15.379501637,15.2372984042
01/02/2015,15.350000381469727,15.307100019454957,15.3782519018,15.2359481371
01/05/2015,15.369999885559082,15.307100019454957,15.3782519018,15.2359481371
01/06/2015,15.350000381469727,15.30730001449585,15.3786001539,15.2359998751
01/07/2015,15.279999732971191,15.30730001449585,15.3786001539,15.2359998751
01/08/2015,15.329999923706055,15.306300010681152,15.3772740192,15.2353260022
01/09/2015,15.319999694824219,15.307000007629394,15.3778590229,15.2361409924
01/12/2015,15.300000190734863,15.306900005340577,15.3777335426,15.2360664681
01/13/2015,15.319999694824219,15.307500009536744,15.3780177354,15.2369822837
01/14/2015,15.34000015258789,15.308100004196167,15.3784661167,15.2377338917
01/15/2015,15.319999694824219,15.309500007629394,15.3790898737,15.2399101416
01/16/2015,15.359999656677246,15.311200008392333,15.3789241411,15.2434758757
01/20/2015,15.399999618530273,15.312800006866455,15.3797638581,15.2458361557
01/21/2015,15.6899995803833,15.315200004577637,15.3809339852,15.2494660239
01/22/2015,15.470000267028809,15.31960000038147,15.3948584422,15.2443415586
01/23/2015,15.510000228881836,15.32159999847412,15.3981600032,15.2450399937
01/26/2015,15.569999694824219,15.323900003433227,15.4026006067,15.2451994002
01/27/2015,15.5,15.326800003051758,15.4090906659,15.2445093402
01/28/2015,15.510000228881836,15.329300003051758,15.4130048606,15.2455951455
01/29/2015,15.5,15.331800003051757,15.4171156189,15.2464843872
01/30/2015,15.510000228881836,15.334099998474121,15.4208074658,15.2473925312
02/02/2015,15.5,15.33659999847412,15.4247273838,15.2484726132
02/03/2015,15.579999923706055,15.33920000076294,15.4282693872,15.2501306144
02/04/2015,15.5600004196167,15.342299995422364,15.4342549077,15.2503450832
02/05/2015,15.539999961853027,15.345600004196166,15.4393690644,15.251830944
02/06/2015,15.5,15.34880000114441,15.4436818075,15.2539181948
02/09/2015,15.520000457763672,15.35210000038147,15.4464429251,15.2577570757
02/10/2015,15.510000228881836,15.354700002670288,15.4500462632,15.2593537422
02/11/2015,15.520000457763672,15.357800006866455,15.4531056177,15.262494396
02/12/2015,15.430000305175781,15.35980001449585,15.4563813826,15.2632186464
02/13/2015,15.479999542236328,15.36070001602173,15.4575117463,15.2638882857
02/17/2015,15.479999542236328,15.363200016021729,15.4598320953,15.2665679367
02/18/2015,15.359999656677246,15.36520001411438,15.4621585474,15.2682414808
02/19/2015,15.399999618530273,15.367000007629395,15.4621577626,15.2718422527
02/20/2015,15.430000305175781,15.368600006103515,15.4629506154,15.2742493968
02/23/2015,15.420000076293945,15.370000009536744,15.4642125233,15.2757874957
02/24/2015,15.449999809265137,15.371300010681152,15.4652963284,15.277303693
02/25/2015,15.479999542236328,15.372800006866456,15.4668433889,15.2787566249
02/26/2015,15.479999542236328,15.375500001907348,15.4687027209,15.2822972829
02/27/2015,15.550000190734863,15.37630000114441,15.4700513001,15.2825487022
03/02/2015,15.5,15.379000005722046,15.4738208693,15.2841791421
03/03/2015,15.40999984741211,15.380800008773804,15.4761905522,15.2854094653
03/04/2015,15.380000114440918,15.382400007247925,15.4769210931,15.2878789214
03/05/2015,15.359999656677246,15.383300008773803,15.4773643781,15.2892356394
03/06/2015,15.329999923706055,15.383500003814698,15.4774933327,15.289506675
03/09/2015,15.3100004196167,15.38409999847412,15.4775568708,15.2906431261
03/10/2015,15.3100004196167,15.385600004196167,15.4766199782,15.2945800302
03/11/2015,15.350000381469727,15.385900011062622,15.4766203752,15.2951796469
03/12/2015,15.380000114440918,15.38610001564026,15.4767189105,15.2954811208
03/13/2015,15.220000267028809,15.38730001449585,15.4770313058,15.2975687232
03/16/2015,15.40999984741211,15.38610001564026,15.4772470612,15.2949529701
03/17/2015,15.260000228881836,15.387100009918212,15.4779547537,15.2962452661
03/18/2015,15.270000457763672,15.385000009536743,15.4763399979,15.2936600211
03/19/2015,15.220000267028809,15.382900018692016,15.4744455449,15.2913544924
03/20/2015,15.229999542236328,15.380600023269654,15.4733126592,15.2878873873
03/23/2015,15.229999542236328,15.379100017547607,15.4730158538,15.2851841813
03/24/2015,15.25,15.376600017547608,15.4711221667,15.2820778684
03/25/2015,15.1899995803833,15.37560001373291,15.4709238665,15.280276161
03/26/2015,15.130000114440918,15.375000009536743,15.471296419,15.2787036001
03/27/2015,15.210000038146973,15.37350001335144,15.4723976749,15.2746023519
03/30/2015,15.149999618530273,15.372400016784669,15.4724911604,15.2723088731
03/31/2015,15.130000114440918,15.371300010681152,15.4732083483,15.2693916731
04/01/2015,15.180000305175781,15.369600009918212,15.4740693309,15.2651306889
04/02/2015,15.1899995803833,15.368200016021728,15.4742507473,15.2621492847
04/06/2015,15.09000015258789,15.36690001487732,15.4743215623,15.2594784675
04/07/2015,15.09000015258789,15.364500017166138,15.4753456216,15.2536544127
04/08/2015,15.050000190734863,15.362000017166137,15.4761402702,15.2478597642
04/09/2015,15.069999694824219,15.358700017929078,15.4769679605,15.2404320754
04/10/2015,15.079999923706055,15.355300016403199,15.4768850001,15.2337150327
04/13/2015,15.0600004196167,15.35230001449585,15.4769022164,15.2276978126
04/14/2015,15.069999694824219,15.349100017547608,15.4770147795,15.2211852556
04/15/2015,15.039999961853027,15.346500015258789,15.4773844989,15.2156155316
04/16/2015,15.130000114440918,15.343400011062622,15.4777891414,15.2090108808
04/17/2015,15.09000015258789,15.34100001335144,15.4770257388,15.2049742879
04/20/2015,15.050000190734863,15.337900018692016,15.4760614742,15.1997385632
04/21/2015,15.050000190734863,15.333700017929077,15.4741468268,15.193253209
04/22/2015,15.0600004196167,15.330500020980836,15.4737017852,15.1872982568
04/23/2015,15.050000190734863,15.32660002708435,15.4717910518,15.1814090024
04/24/2015,15.09000015258789,15.32320002555847,15.4708270974,15.1755729537
04/27/2015,15.029999732971191,15.32000002861023,15.4691710448,15.1708290124
04/28/2015,15.020000457763672,15.316800022125244,15.4687004946,15.1648995496
04/29/2015,15.0600004196167,15.31330002784729,15.4679418758,15.1586581799
04/30/2015,15.020000457763672,15.31040002822876,15.4670328118,15.1537672446
05/01/2015,15.020000457763672,15.307000036239623,15.4661885623,15.1478115102
05/04/2015,15.020000457763672,15.303700037002564,15.4653641769,15.1420358971
05/05/2015,15.029999732971191,15.300400037765503,15.4644360747,15.1363640008
05/06/2015,15.0,15.297200031280518,15.4633449761,15.1310550865
05/07/2015,15.0,15.293800029754639,15.4624936655,15.125106394
05/08/2015,15.0,15.291100025177002,15.4622951568,15.1199048935
05/11/2015,15.0,15.28830002784729,15.4619263312,15.1146737245
05/12/2015,15.0,15.285300025939941,15.4612741528,15.1093258991
05/13/2015,14.970000267028809,15.282400026321412,15.4606476728,15.1041523799
05/14/2015,14.960000038146973,15.278500032424926,15.4592560353,15.0977440295
05/15/2015,15.029999732971191,15.274800033569337,15.4582310633,15.0913690038
05/18/2015,14.979999542236328,15.2721000289917,15.4571204982,15.0870795597
05/19/2015,14.960000038146973,15.269200019836425,15.4564894932,15.0819105464
05/20/2015,14.9399995803833,15.266300020217896,15.4560927933,15.0765072471
05/21/2015,14.989999771118164,15.263000011444092,15.4555486793,15.0704513435
05/22/2015,15.029999732971191,15.260400009155273,15.4548526533,15.065947365
05/26/2015,14.979999542236328,15.257500009536743,15.4532006545,15.0617993645
05/27/2015,15.010000228881836,15.254400005340576,15.4520072801,15.0567927305
05/28/2015,15.010000228881836,15.252100009918212,15.4511944195,15.0530056004
05/29/2015,14.970000267028809,15.248700008392333,15.448993049,15.0484069678
06/01/2015,14.949999809265137,15.244700012207032,15.446518993,15.0428810314
06/02/2015,14.930000305175781,15.240700006484985,15.4443479905,15.0370520225
06/03/2015,14.899999618530273,15.237200012207031,15.4431372594,15.031262765
06/04/2015,14.949999809265137,15.232900009155273,15.4413288521,15.0244711662
06/05/2015,14.90999984741211,15.229200010299683,15.4393270058,15.0190730148
06/08/2015,14.90999984741211,15.225300006866455,15.4376838693,15.0129161445
06/09/2015,14.829999923706055,15.221200008392334,15.435663424,15.0067365928
06/10/2015,14.90999984741211,15.216100006103515,15.4337184495,14.9984815627
06/11/2015,14.84000015258789,15.212000007629394,15.4314766546,14.9925233607
06/12/2015,14.850000381469727,15.2068000125885,15.4288535164,14.9847465088
06/15/2015,14.8100004196167,15.201300020217895,15.4253029388,14.9772971016
06/16/2015,14.899999618530273,15.19250002861023,15.4144071012,14.970592956
06/17/2015,14.859999656677246,15.186800022125244,15.4088265067,14.9647735375
06/18/2015,14.84000015258789,15.180300016403198,15.4022840492,14.9583159836
06/19/2015,14.869999885559082,15.173000020980835,15.3940497948,14.9519502472
06/22/2015,14.8100004196167,15.166700019836426,15.3873175926,14.946082447
06/23/2015,14.829999923706055,15.159700021743774,15.3804190947,14.9389809488
06/24/2015,14.819999694824219,15.153000020980835,15.3734563658,14.9325436762
06/25/2015,14.829999923706055,15.14610001564026,15.3660722652,14.9261277661
06/26/2015,14.850000381469727,15.13940001487732,15.3586935197,14.9201065101
06/29/2015,14.8100004196167,15.132100019454956,15.348739328,14.9154607109
06/30/2015,14.869999885559082,15.124600019454956,15.3392691462,14.9099308927
07/01/2015,14.779999732971191,15.117900018692017,15.329939131,14.9058609064
07/02/2015,14.850000381469727,15.11070001602173,15.3218646607,14.8995353713
07/06/2015,14.890000343322754,15.104000015258789,15.3126863628,14.8953136677
07/07/2015,14.979999542236328,15.097800016403198,15.3035210618,14.892078971
07/08/2015,14.859999656677246,15.092400007247925,15.2940140589,14.8907859556
07/09/2015,14.829999923706055,15.086700000762939,15.2867402351,14.8866597664
07/10/2015,14.920000076293945,15.080200004577637,15.2779016723,14.8824983369
07/13/2015,14.880000114440918,15.074600009918212,15.268797932,14.8804020879
07/14/2015,14.989999771118164,15.069800014495849,15.2628128498,14.8767871792
07/15/2015,14.930000305175781,15.06570001602173,15.2559906033,14.8754094287
07/16/2015,14.930000305175781,15.060700016021729,15.2478964495,14.8735035825
07/17/2015,14.960000038146973,15.055800018310547,15.2399150735,14.8716849631
07/20/2015,14.850000381469727,15.050900020599364,15.2309338651,14.8708661761
07/21/2015,14.960000038146973,15.044600028991699,15.2204830524,14.8687170055
07/22/2015,14.930000305175781,15.039400033950805,15.2099393028,14.8688607651
07/23/2015,14.949999809265137,15.033200035095215,15.196165553,14.8702345172
07/24/2015,14.869999885559082,15.027700033187866,15.183961707,14.8714383593
07/27/2015,14.899999618530273,15.022300033569335,15.1745357475,14.8700643196
07/28/2015,14.90999984741211,15.017500028610229,15.1659006789,14.8690993784
07/29/2015,14.970000267028809,15.013000030517578,15.1577239261,14.8682761349
07/30/2015,15.0,15.009400033950806,15.1506290906,14.8681709773
07/31/2015,14.930000305175781,15.00630002975464,15.1442613073,14.8683387522
08/03/2015,14.9399995803833,15.00250002861023,15.1372395971,14.8677604601
08/04/2015,14.949999809265137,14.998400020599366,15.1286668213,14.8681332199
08/05/2015,14.979999542236328,14.994100017547607,15.1186720402,14.8695279949
08/06/2015,14.9399995803833,14.991700010299683,15.1141912663,14.8692087543
08/07/2015,14.979999542236328,14.987000007629394,15.102147737,14.8718522783
08/10/2015,14.960000038146973,14.98420000076294,15.0960318316,14.8723681699
08/11/2015,14.949999809265137,14.981099996566773,15.0892008094,14.8729991837
08/12/2015,14.960000038146973,14.978399991989136,15.0838392377,14.8729607463
08/13/2015,14.949999809265137,14.975699996948242,15.0780743434,14.8733256505
08/14/2015,14.949999809265137,14.97289999961853,15.0720594128,14.8737405864
08/17/2015,14.899999618530273,14.969899997711181,15.0650892266,14.8747107688
08/18/2015,14.970000267028809,14.966999998092652,15.0598278047,14.8741721915
08/19/2015,14.899999618530273,14.96539999961853,15.0567719938,14.8740280055
08/20/2015,14.949999809265137,14.962299995422363,15.050525341,14.8740746499
08/21/2015,14.899999618530273,14.960299997329711,15.04649114,14.8741088547
08/24/2015,14.890000343322754,14.957999992370606,15.0426876721,14.8733123126
08/25/2015,14.920000076293945,14.955099992752075,15.0370572453,14.8731427402
08/26/2015,14.869999885559082,14.952399997711181,15.030950893,14.8738491024
08/27/2015,14.890000343322754,14.950199995040894,15.0279429233,14.8724570668
08/28/2015,14.789999961853027,14.948199996948242,15.0248861237,14.8715138702
08/31/2015,14.859999656677246,14.945599994659425,15.0231927891,14.8680072002
09/01/2015,14.800000190734863,14.943499994277953,15.0205373428,14.8664626457
09/02/2015,14.890000343322754,14.940699996948242,15.017813632,14.8635863619
09/03/2015,15.100000381469727,14.938999996185302,15.015334794,14.8626651984
09/04/2015,15.0,14.939300003051757,15.0162058765,14.8623941296
09/08/2015,15.039999961853027,14.938900003433227,15.0153839459,14.862416061
09/09/2015,14.90999984741211,14.938000001907348,15.0127395694,14.8632604344
09/10/2015,14.899999618530273,14.93619999885559,15.0094090322,14.8629909655
09/11/2015,14.899999618530273,14.934699993133545,15.0070941392,14.8623058471
09/14/2015,14.989999771118164,14.933199987411498,15.0047385237,14.8616614511
09/15/2015,14.8100004196167,14.932499980926513,15.0031310705,14.8618688913
09/16/2015,14.84000015258789,14.930099983215332,15.0007752212,14.8594247452
09/17/2015,14.8100004196167,14.927599983215332,14.9969846963,14.8582152701
09/18/2015,14.770000457763672,14.925399990081788,14.9949904918,14.8558094883
09/21/2015,14.800000190734863,14.922899990081786,14.99352991,14.8522700701
09/22/2015,14.8100004196167,14.92029998779297,14.9906199985,14.849979977
09/23/2015,14.770000457763672,14.9181999874115,14.9886467902,14.8477531846
09/24/2015,14.800000190734863,14.915699987411498,14.9869214706,14.8444785042
09/25/2015,14.800000190734863,14.913499984741211,14.9848634082,14.8421365613
09/28/2015,14.800000190734863,14.911199989318847,14.9824779547,14.839922024
09/29/2015,14.819999694824219,14.909199991226195,14.9807635845,14.8376363979
09/30/2015,14.8100004196167,14.907399988174438,14.978920813,14.8358791633
10/01/2015,14.800000190734863,14.905499992370606,14.9770593212,14.8339406635
10/02/2015,14.880000114440918,14.903499994277954,14.9751849796,14.831815009
10/05/2015,14.859999656677246,14.902299995422362,14.9733612159,14.831238775
10/06/2015,14.880000114440918,14.901199989318847,14.9720558074,14.8303441712
10/07/2015,14.930000305175781,14.900399990081787,14.9710386965,14.8297612836
10/08/2015,14.899999618530273,14.899399995803833,14.9688955188,14.8299044728
10/09/2015,14.960000038146973,14.898599996566773,14.9676219383,14.8295780548
10/12/2015,14.890000343322754,14.898599996566773,14.9676219383,14.8295780548
10/13/2015,14.880000114440918,14.898100004196166,14.9670012287,14.8291987797
10/14/2015,15.0,14.897000007629394,14.9653007333,14.828699282
10/15/2015,14.960000038146973,14.896700010299682,14.9644797997,14.8289202209
10/16/2015,14.890000343322754,14.89650001525879,14.9640628798,14.8289371507
10/19/2015,14.850000381469727,14.895300016403198,14.9618950623,14.8287049705
10/20/2015,14.899999618530273,14.893700017929078,14.9594366084,14.8279634275
10/21/2015,14.880000114440918,14.893000011444093,14.9582915797,14.8277084432
10/22/2015,14.890000343322754,14.89230001449585,14.9573515256,14.8272485034
10/23/2015,14.890000343322754,14.891900014877319,14.9568413642,14.8269586655
10/26/2015,14.90999984741211,14.891800022125244,14.9567365212,14.8268635231
10/27/2015,14.899999618530273,14.891400022506714,14.9560995518,14.8267004932
10/28/2015,14.859999656677246,14.891300020217896,14.9559784485,14.8266215919
10/29/2015,14.819999694824219,14.890800018310546,14.9555252018,14.8260748348
10/30/2015,14.859999656677246,14.890700016021729,14.9555267059,14.8258733261
11/02/2015,14.869999885559082,14.890200014114379,14.9550687277,14.8253313005
11/03/2015,14.859999656677246,14.890500011444091,14.955205036,14.8257949869
11/04/2015,14.890000343322754,14.890600004196166,14.9552500678,14.8259499406
11/05/2015,14.859999656677246,14.891400003433228,14.9555407189,14.8272592879
11/06/2015,14.869999885559082,14.891000003814698,14.95521053,14.8267894777
11/09/2015,14.920000076293945,14.891100006103516,14.9552699485,14.8269300637
11/10/2015,14.869999885559082,14.891900005340576,14.9559264194,14.8278735913
11/11/2015,14.869999885559082,14.891900005340576,14.9559264194,14.8278735913
11/12/2015,14.869999885559082,14.8925,14.9560353636,14.8289646364
11/13/2015,14.90999984741211,14.89289999961853,14.9561659651,14.8296340341
11/16/2015,14.859999656677246,14.89380000114441,14.9566613715,14.8309386307
11/17/2015,14.9399995803833,14.894099998474122,14.956727325,14.831472672
11/18/2015,15.0,14.894999990463257,14.9576337832,14.8323661977
11/19/2015,14.970000267028809,14.89689998626709,14.9598077184,14.8339922542
11/20/2015,15.0,14.897899990081788,14.9611659612,14.8346340189
11/23/2015,14.989999771118164,14.900099992752075,14.9630522168,14.8371477687
11/24/2015,14.989999771118164,14.90149998664856,14.9648777629,14.8381222104
11/25/2015,14.989999771118164,14.902499980926514,14.9664745245,14.8385254373
11/27/2015,14.9399995803833,14.902599983215332,14.9667032791,14.8384966873
11/30/2015,14.989999771118164,14.903399982452392,14.9674658233,14.8393341416
12/01/2015,15.0,14.904999980926513,14.9692105059,14.840789456
12/02/2015,15.0,14.905799980163573,14.9706872017,14.8409127586
12/03/2015,14.9399995803833,14.906999979019165,14.9725056401,14.8414943179
12/04/2015,15.0,14.906499977111816,14.9715595015,14.8414404527
12/07/2015,14.979999542236328,14.907199974060058,14.9728821757,14.8415177725
12/08/2015,15.029999732971191,14.907699966430664,14.9737431405,14.8416567924
12/09/2015,15.010000228881836,14.908399963378907,14.9753583848,14.841441542
12/10/2015,14.970000267028809,14.909999961853027,14.9774535846,14.8425463391
12/11/2015,14.960000038146973,14.910099964141846,14.9776350033,14.842564925
12/14/2015,14.989999771118164,14.910399961471558,14.9780891885,14.8427107344
12/15/2015,14.90999984741211,14.910799961090088,14.9788392973,14.8427606249
12/16/2015,14.90999984741211,14.911199960708618,14.9791157263,14.8432841951
12/17/2015,14.930000305175781,14.911299962997436,14.9792065248,14.8433934012
12/18/2015,14.90999984741211,14.911499967575073,14.9794318545,14.8435680806
12/21/2015,14.960000038146973,14.910899963378906,14.9785769972,14.8432229295
12/22/2015,14.90999984741211,14.910499963760376,14.9777661582,14.8432337693
12/23/2015,14.920000076293945,14.910299959182739,14.9775376033,14.8430623151
12/24/2015,14.9399995803833,14.910099964141846,14.9772786887,14.8429212396
12/28/2015,14.930000305175781,14.909999961853027,14.9771266401,14.8428732836
12/29/2015,14.920000076293945,14.909499969482422,14.9762887534,14.8427111855
12/30/2015,14.90999984741211,14.909299974441529,14.9760270448,14.8425729041
12/31/2015,15.039999961853027,14.908599977493287,14.9749477924,14.8422521626
01/04/2016,15.0,14.909399976730347,14.9768361127,14.8419638408
01/05/2016,15.0,14.909899978637695,14.9778189201,14.8419810372
01/06/2016,14.979999542236328,14.910299978256226,14.9786293467,14.8419706098
01/07/2016,15.050000190734863,14.910599975585937,14.979168424,14.8420315272
01/08/2016,14.989999771118164,14.911599979400634,14.9814529166,14.8417470422
01/11/2016,14.989999771118164,14.912499980926514,14.9827761677,14.8422237941
01/12/2016,15.029999732971191,14.912699975967406,14.9831677117,14.8422322403
01/13/2016,14.960000038146973,14.913999977111816,14.9854141992,14.8425857551
01/14/2016,14.979999542236328,14.914099979400635,14.9855715212,14.8426284376
01/15/2016,14.960000038146973,14.914899978637695,14.9866563763,14.8431435809
01/19/2016,14.979999542236328,14.915599975585938,14.9874514255,14.8437485257
01/20/2016,14.930000305175781,14.916199970245362,14.9883356084,14.8440643321
01/21/2016,14.949999809265137,14.916799974441528,14.9887982404,14.8448017085
01/22/2016,14.979999542236328,14.917399969100952,14.9894223989,14.8453775393
01/25/2016,14.949999809265137,14.919299964904786,14.9904371553,14.8481627745
01/26/2016,14.949999809265137,14.920199966430664,14.9911502969,14.849249636
01/27/2016,14.920000076293945,14.921699962615968,14.9916720989,14.8517278264
01/28/2016,14.970000267028809,14.921999959945678,14.9918998175,14.8521001024
01/29/2016,14.970000267028809,14.92069995880127,14.9884531792,14.8529467384
02/01/2016,15.010000228881836,14.920399961471558,14.9878672063,14.8529327167
02/02/2016,15.010000228881836,14.920099964141846,14.9870998119,14.8531001164
02/03/2016,15.0,14.921099967956543,14.9886853217,14.8535146142
02/04/2016,15.020000457763672,14.92209997177124,14.9901042359,14.8540957076
02/05/2016,15.0,14.923299980163574,14.9919592892,14.8546406711
02/08/2016,15.029999732971191,14.923399982452393,14.9921635704,14.8546363945
02/09/2016,15.029999732971191,14.925599975585937,14.9942194445,14.8569805067
02/10/2016,15.020000457763672,14.927499971389771,14.9963530129,14.8586469299
02/11/2016,14.989999771118164,14.92959997177124,14.9980385083,14.8611614353
02/12/2016,15.0,14.931799964904785,14.9985888459,14.865011084
02/16/2016,15.029999732971191,14.933799962997437,14.9995993191,14.8680006069
02/17/2016,14.989999771118164,14.935999956130981,15.0012992363,14.870700676
02/18/2016,14.989999771118164,14.938199949264526,15.0015462789,14.8748536196
02/19/2016,14.979999542236328,14.94009994506836,15.0021079122,14.878091978
02/22/2016,15.029999732971191,14.941899938583374,15.0024093459,14.8813905313
02/23/2016,15.050000190734863,14.944199934005738,15.003633584,14.8847662841
02/24/2016,15.079999923706055,14.946499938964843,15.0055316988,14.8874681791
02/25/2016,15.050000190734863,14.949199934005737,15.0081012071,14.8902986609
02/26/2016,15.039999961853027,14.951699934005738,15.00951093,14.893888938
02/29/2016,15.050000190734863,14.953299932479858,15.0113181328,14.8952817322
03/01/2016,15.029999732971191,14.955199937820435,15.0132426939,14.8971571818
03/02/2016,15.130000114440918,14.956699934005737,15.0147181338,14.8986817343
03/03/2016,15.0600004196167,14.958699932098389,15.0191591112,14.898240753
03/04/2016,15.09000015258789,14.960299940109254,15.0212992264,14.8993006538
03/07/2016,15.050000190734863,14.961599941253661,15.0239493075,14.899250575
03/08/2016,15.050000190734863,14.963199939727783,15.0257440402,14.9006558393
03/09/2016,15.09000015258789,14.964899940490723,15.0274698632,14.9023300178
03/10/2016,15.050000190734863,14.965799942016602,15.0295052456,14.9020946384
03/11/2016,15.050000190734863,14.96669994354248,15.0309503609,14.9024495261
03/14/2016,15.050000190734863,14.968299942016602,15.0326125937,14.9039872903
03/15/2016,15.029999732971191,14.970299940109253,15.0340095832,14.906590297
03/16/2016,15.020000457763672,14.971599941253663,15.0351880527,14.9080118298
03/17/2016,15.029999732971191,14.97299994468689,15.03609518,14.9099047093
03/18/2016,15.039999961853027,14.974399938583375,15.0371904567,14.9116094205
03/21/2016,15.039999961853027,14.975899934768677,15.0384475158,14.9133523538
03/22/2016,15.029999732971191,14.977199935913086,15.0397152925,14.9146845794
03/23/2016,15.079999923706055,14.978499937057496,15.0407475,14.9162523741
03/24/2016,15.069999694824219,14.980699939727783,15.0426072769,14.9187926026
03/28/2016,15.069999694824219,14.983199939727783,15.0435966877,14.9228031917
03/29/2016,15.039999961853027,14.985299940109252,15.0450236041,14.9255762761
03/30/2016,15.050000190734863,14.986999940872192,15.0458302557,14.9281696261
03/31/2016,15.050000190734863,14.988899946212769,15.0466562923,14.9311436001
04/01/2016,15.079999923706055,14.99049994468689,15.0477079564,14.933291933
04/04/2016,15.079999923706055,14.992699947357178,15.0490711794,14.9363287153
04/05/2016,15.079999923706055,14.994799947738647,15.0504683015,14.939131594
04/06/2016,15.140000343322754,14.996399946212769,15.0521946212,14.9406052712
04/07/2016,15.09000015258789,14.999099950790406,15.0552443782,14.9429555234
04/08/2016,15.140000343322754,15.001299953460693,15.0566471929,14.945952714
04/11/2016,15.119999885559082,15.00399995803833,15.0594617268,14.9485381893
04/12/2016,15.140000343322754,15.0060999584198,15.0619371988,14.9502627181
04/13/2016,15.15999984741211,15.008899965286254,15.0643598384,14.9534400922
04/14/2016,15.100000381469727,15.011099967956543,15.0681244945,14.9540754414
04/15/2016,15.109999656677246,15.01209997177124,15.0697939694,14.9544059742
04/18/2016,15.149999618530273,15.013499965667725,15.0718502614,14.95514967
04/19/2016,15.100000381469727,15.014999961853027,15.0748915813,14.9551083424
04/20/2016,15.210000038146973,15.016099967956542,15.0765300655,14.9556698704
04/21/2016,15.210000038146973,15.018299970626831,15.0816728106,14.9549271307
04/22/2016,15.1899995803833,15.020499973297119,15.0866116741,14.9543882725
04/25/2016,15.109999656677246,15.02299997329712,15.0907274051,14.9552725415
04/26/2016,15.15999984741211,15.02419997215271,15.092393552,14.9560063923
04/27/2016,15.109999656677246,15.025799970626831,15.0952720082,14.956327933
04/28/2016,15.100000381469727,15.026899967193604,15.0968241655,14.9569757689
04/29/2016,15.180000305175781,15.028499975204468,15.0982477595,14.9587521909
05/02/2016,15.199999809265137,15.030299978256226,15.1015945392,14.9590054173
05/03/2016,15.199999809265137,15.032499980926513,15.1055804393,14.9594195226
05/04/2016,15.109999656677246,15.034199981689452,15.1091557206,14.9592442427
05/05/2016,15.100000381469727,15.035199975967407,15.1104924885,14.9599074635
05/06/2016,15.119999885559082,15.036499977111816,15.1117778181,14.9612221361
05/09/2016,15.140000343322754,15.038099975585938,15.1134351817,14.9627647694
05/10/2016,15.119999885559082,15.039599981307983,15.1154540769,14.9637458857
05/11/2016,15.100000381469727,15.041699981689453,15.1168406053,14.9665593581
05/12/2016,15.119999885559082,15.04359998703003,15.1177824877,14.9694174863
05/13/2016,15.079999923706055,15.045499982833862,15.1191800615,14.9718199041
05/16/2016,15.119999885559082,15.047199983596801,15.1196855931,14.9747143741
05/17/2016,15.109999656677246,15.048799982070923,15.1211087889,14.9764911753
05/18/2016,15.069999694824219,15.050799980163575,15.1219994379,14.9796005225
05/19/2016,15.069999694824219,15.052299976348877,15.1222979258,14.9823020269
05/20/2016,15.0600004196167,15.053599977493286,15.1227016558,14.9844982992
05/23/2016,15.0600004196167,15.054899978637696,15.1228778633,14.986922094
05/24/2016,15.0600004196167,15.056299982070923,15.1229131422,14.9896868219
05/25/2016,15.100000381469727,15.057799987792968,15.1227704636,14.992829512
05/26/2016,15.079999923706055,15.058399991989136,15.1234802735,14.9933197105
05/27/2016,15.119999885559082,15.059199991226196,15.1240487616,14.9943512208
05/31/2016,15.039999961853027,15.060399990081788,15.1252524604,14.9955475198
06/01/2016,15.079999923706055,15.060999994277955,15.1253816857,14.9966183028
06/02/2016,15.09000015258789,15.061299991607665,15.1256996206,14.9969003626
06/03/2016,15.130000114440918,15.062299995422363,15.1263602169,14.9982397739
06/06/2016,15.199999809265137,15.06369999885559,15.1276946221,14.9997053756
06/07/2016,15.149999618530273,15.06539999961853,15.1307210614,15.0000789379
06/08/2016,15.180000305175781,15.067299995422363,15.1322900759,15.0023099149
06/09/2016,15.170000076293945,15.069300003051758,15.1346491457,15.0039508604
06/10/2016,15.15999984741211,15.071400003433228,15.1365769983,15.0062230086
06/13/2016,15.180000305175781,15.073200006484985,15.1383134424,15.0080865706
06/14/2016,15.15999984741211,15.075700006484986,15.1400623482,15.0113376648
06/15/2016,15.180000305175781,15.077800006866456,15.1414487324,15.0141512814
06/16/2016,15.15999984741211,15.07980001449585,15.1434864332,15.0161135958
06/17/2016,15.180000305175781,15.08190001487732,15.1447282659,15.0190717638
06/20/2016,15.100000381469727,15.084200019836425,15.1463639896,15.0220360501
06/21/2016,15.119999885559082,15.086000022888184,15.1459499972,15.0260500486
06/22/2016,15.109999656677246,15.087500019073486,15.1463961132,15.0286039249
06/23/2016,15.109999656677246,15.08890001296997,15.1466389976,15.0311610284
06/24/2016,15.180000305175781,15.089900007247925,15.1471275403,15.0326724742
06/27/2016,15.149999618530273,15.091600008010865,15.1489536603,15.0342463557
06/28/2016,15.109999656677246,15.093100004196167,15.1499980795,15.0362019289
06/29/2016,15.119999885559082,15.093999996185303,15.1504446729,15.0375553194
06/30/2016,15.170000076293945,15.095199995040893,15.1509042272,15.0394957628
07/01/2016,15.170000076293945,15.09659999847412,15.1524071777,15.0407928192
07/05/2016,15.140000343322754,15.098000001907348,15.1538748711,15.0421251327
07/06/2016,15.119999885559082,15.09920000076294,15.1546739767,15.0437260248
07/07/2016,15.119999885559082,15.10050000190735,15.1549127895,15.0460872143
07/08/2016,15.140000343322754,15.10170000076294,15.1551987055,15.048201296
07/11/2016,15.119999885559082,15.102800006866454,15.1559428453,15.0496571685
07/12/2016,15.109999656677246,15.104100008010864,15.1560441193,15.0521558967
07/13/2016,15.119999885559082,15.105300006866456,15.15596469,15.0546353237
07/14/2016,15.09000015258789,15.106700010299683,15.1557928704,15.0576071502
07/15/2016,15.130000114440918,15.10730001449585,15.1558150475,15.0587849815
07/18/2016,15.109999656677246,15.10810001373291,15.1563222978,15.0598777297
07/19/2016,15.170000076293945,15.108400011062622,15.1565397931,15.060260229
07/20/2016,15.119999885559082,15.109600009918212,15.157764716,15.0614353039
07/21/2016,15.109999656677246,15.110400009155274,15.1580638195,15.0627361988
07/22/2016,15.149999618530273,15.111000003814697,15.1582757803,15.0637242273
07/25/2016,15.100000381469727,15.112200002670289,15.1589242823,15.065475723
07/26/2016,15.100000381469727,15.111900005340576,15.1586053389,15.0651946718
07/27/2016,15.100000381469727,15.112300004959106,15.1587296132,15.0658703967
07/28/2016,15.119999885559082,15.112400007247924,15.1587922317,15.0660077828
07/29/2016,15.100000381469727,15.113100004196166,15.1590716118,15.0671283966
08/01/2016,15.109999656677246,15.113600006103516,15.1591526003,15.0680474119
08/02/2016,15.119999885559082,15.113800001144408,15.1592924064,15.0683075959
08/03/2016,15.149999618530273,15.11449999809265,15.1595416363,15.0694583599
08/04/2016,15.15999984741211,15.115499992370605,15.1602073649,15.0707926198
08/05/2016,15.140000343322754,15.116599988937377,15.1610346522,15.0721653257
08/08/2016,15.1899995803833,15.117699995040894,15.161331509,15.0740684811
08/09/2016,15.140000343322754,15.11939998626709,15.1625003267,15.0762996459
08/10/2016,15.149999618530273,15.120499992370606,15.1626989144,15.0783010703
08/11/2016,15.140000343322754,15.121599988937378,15.1631143089,15.080085669
08/12/2016,15.15999984741211,15.122599992752075,15.1633337483,15.0818662372
08/15/2016,15.170000076293945,15.123899993896485,15.1637219507,15.084078037
08/16/2016,15.170000076293945,15.124799995422363,15.1646366401,15.0849633508
08/17/2016,15.260000228881836,15.12579999923706,15.1655033743,15.0860966241
08/18/2016,15.279999732971191,15.127700004577637,15.169193477,15.0862065322
08/19/2016,15.270000457763672,15.130100002288819,15.1733549137,15.0868450909
08/22/2016,15.210000038146973,15.132300004959106,15.1769957422,15.0876042678
08/23/2016,15.1899995803833,15.133900003433228,15.178484634,15.0893153728
08/24/2016,15.180000305175781,15.135,15.179598192,15.090401808
08/25/2016,15.140000343322754,15.136000003814697,15.1804747036,15.0915253041
08/26/2016,15.109999656677246,15.136600008010864,15.1807184718,15.0924815442
08/29/2016,15.130000114440918,15.13630000114441,15.1804962567,15.0921037455
08/30/2016,15.140000343322754,15.13670000076294,15.1806557642,15.0927442374
08/31/2016,15.140000343322754,15.13670000076294,15.1806557642,15.0927442374
09/01/2016,15.149999618530273,15.136900005340577,15.1808248174,15.0929751932
09/02/2016,15.149999618530273,15.136999998092652,15.1809431318,15.0930568644
09/06/2016,15.149999618530273,15.136899995803834,15.1808020341,15.0929979575
09/07/2016,15.140000343322754,15.137399988174439,15.1811634337,15.0936365427
09/08/2016,15.130000114440918,15.137699995040894,15.1813773232,15.0940226669
09/09/2016,15.180000305175781,15.1375,15.1811663379,15.0938336621
09/12/2016,15.199999809265137,15.138299999237061,15.1820048001,15.0945951984
09/13/2016,15.1899995803833,15.138199996948241,15.1817517974,15.0946481965
09/14/2016,15.15999984741211,15.137999992370606,15.1812665942,15.0947333906
09/15/2016,15.130000114440918,15.137699995040894,15.1807082408,15.0946917493
09/16/2016,15.170000076293945,15.137899999618531,15.1808253883,15.094974611
09/19/2016,15.130000114440918,15.138000001907349,15.180988362,15.0950116418
09/20/2016,15.119999885559082,15.138200006484986,15.1811040727,15.0952959403
09/21/2016,15.149999618530273,15.138400001525879,15.1811719459,15.0956280571
09/22/2016,15.119999885559082,15.138099994659424,15.1806838987,15.0955160906
09/23/2016,15.119999885559082,15.137299995422364,15.1794628837,15.0951371071
09/26/2016,15.119999885559082,15.136499996185302,15.1782222855,15.0947777069
09/27/2016,15.119999885559082,15.136599998474122,15.178270603,15.094929394
09/28/2016,15.15999984741211,15.136799993515014,15.1783422563,15.0952577307
09/29/2016,15.140000343322754,15.137199993133544,15.1787711309,15.0956288554
09/30/2016,15.1899995803833,15.137199993133544,15.1787711309,15.0956288554
10/03/2016,15.149999618530273,15.137899990081786,15.1797639248,15.0960360554
10/04/2016,15.140000343322754,15.138399982452393,15.1801065676,15.0966933973
10/05/2016,15.130000114440918,15.138599987030029,15.1802657909,15.0969341831
10/06/2016,15.140000343322754,15.139099988937378,15.1803575836,15.0978423943
10/07/2016,15.170000076293945,15.139299993515015,15.1805129658,15.0980870212
10/10/2016,15.119999885559082,15.139899997711181,15.1811187911,15.0986812043
10/11/2016,15.149999618530273,15.14039999961853,15.1810674135,15.0997325857
10/12/2016,15.109999656677246,15.14119999885559,15.181256934,15.1011430638
10/13/2016,15.149999618530273,15.141699991226197,15.181046007,15.1023539755
10/14/2016,15.100000381469727,15.142599983215332,15.181086859,15.1041131074
10/17/2016,15.100000381469727,15.142999982833862,15.1808285433,15.1051714223
10/18/2016,15.109999656677246,15.142999982833862,15.1808285433,15.1051714223
10/19/2016,15.1899995803833,15.143299980163574,15.1807447412,15.1058552191
10/20/2016,15.199999809265137,15.143999977111816,15.1816563141,15.1063436401
10/21/2016,15.199999809265137,15.145599975585938,15.1821873983,15.1090125528
10/24/2016,15.1899995803833,15.146799974441528,15.183183477,15.1104164719
10/25/2016,15.199999809265137,15.147799968719482,15.1839822728,15.1116176646
10/26/2016,15.180000305175781,15.148499965667725,15.1850068009,15.1119931304
10/27/2016,15.180000305175781,15.14829997062683,15.1845781927,15.1120217486
10/28/2016,15.1899995803833,15.148599977493285,15.1850148044,15.1121851506
10/31/2016,15.170000076293945,15.148699970245362,15.1852144754,15.1121854651
11/01/2016,15.100000381469727,15.148699970245362,15.1852144754,15.1121854651
11/02/2016,15.09000015258789,15.148099975585938,15.1849155798,15.1112843713
11/03/2016,15.119999885559082,15.147199974060058,15.1843235286,15.1100764196
11/04/2016,15.15999984741211,15.146799974441528,15.1839988774,15.1096010715
11/07/2016,15.180000305175781,15.146599969863892,15.1836733852,15.1095265545
11/08/2016,15.149999618530273,15.146799974441528,15.1839988774,15.1096010715
11/09/2016,15.180000305175781,15.146499967575073,15.1835505834,15.1094493518
11/10/2016,15.109999656677246,15.147299966812135,15.1842013048,15.1103986288
11/11/2016,15.100000381469727,15.147199964523315,15.184188597,15.1102113321
11/14/2016,15.020000457763672,15.14709997177124,15.1842023748,15.1099975687
11/15/2016,15.09000015258789,15.146199979782104,15.1852327462,15.1071672133
11/16/2016,15.09000015258789,15.145299978256226,15.184579826,15.1060201305
11/17/2016,15.09000015258789,15.144699983596801,15.1843598662,15.105040101
11/18/2016,15.09000015258789,15.144499988555909,15.1843841443,15.1046158328
11/21/2016,15.149999618530273,15.144199991226197,15.1843790361,15.1040209463
11/22/2016,15.180000305175781,15.14399998664856,15.1840998066,15.1039001667
11/23/2016,15.1899995803833,15.144099988937377,15.1842769194,15.1039230585
11/25/2016,15.180000305175781,15.144599981307984,15.1850330792,15.1041668834
11/28/2016,15.15999984741211,15.145199985504151,15.1857086954,15.1046912756
11/29/2016,15.1899995803833,15.145599985122681,15.1860553369,15.1051446333
11/30/2016,15.279999732971191,15.146099977493286,15.1867913178,15.1054086372
12/01/2016,15.210000038146973,15.147699975967408,15.1904282392,15.1049717127
12/02/2016,15.170000076293945,15.148699979782105,15.1917035181,15.1056964414
12/05/2016,15.180000305175781,15.149199981689453,15.1921575688,15.1062423945
12/06/2016,15.170000076293945,15.150099983215332,15.19274954,15.1074504264
12/07/2016,15.1899995803833,15.150499982833862,15.1931467269,15.1078532387
12/08/2016,15.09000015258789,15.151299982070922,15.1939298331,15.108670131
12/09/2016,15.109999656677246,15.150499982833862,15.1935202567,15.107479709
12/12/2016,15.09000015258789,15.150399980545044,15.193502581,15.1072973801
12/13/2016,15.029999732971191,15.15019998550415,15.1935353486,15.1068646224
12/14/2016,15.050000190734863,15.14899998664856,15.1939554569,15.1040445164
12/15/2016,15.0,15.14849998474121,15.1942683612,15.1027316083
12/16/2016,14.970000267028809,15.147499980926513,15.1953617049,15.099638257
12/19/2016,15.020000457763672,15.146199979782104,15.1970089748,15.0953909847
12/20/2016,14.979999542236328,15.145199985504151,15.1974776359,15.0929223351
12/21/2016,15.010000228881836,15.143999977111816,15.1986259282,15.089374026
12/22/2016,15.0,15.142999982833862,15.1991336951,15.0868662705
12/23/2016,15.010000228881836,15.141799983978272,15.1996683999,15.083931568
12/27/2016,14.9399995803833,15.140399990081788,15.1997281705,15.0810718096
12/28/2016,15.010000228881836,15.138199987411499,15.2007520032,15.0756479716
12/29/2016,15.020000457763672,15.136899986267089,15.200738721,15.0730612516
12/30/2016,15.029999732971191,15.135199995040894,15.1998602874,15.0705397027
01/03/2017,15.149999618530273,15.134099988937377,15.1995994844,15.0686004934
01/04/2017,15.130000114440918,15.134099988937377,15.1995994844,15.0686004934
01/05/2017,15.0600004196167,15.13399998664856,15.1994980313,15.068501942
01/06/2017,15.079999923706055,15.132999992370605,15.1988558448,15.0671441399
01/09/2017,15.119999885559082,15.132099990844727,15.1980589425,15.0661410391
01/10/2017,15.119999885559082,15.131599988937378,15.1974591817,15.0657407962
01/11/2017,15.079999923706055,15.13019998550415,15.1947906401,15.0656093309
01/12/2017,15.149999618530273,15.128199987411499,15.191198031,15.0652019438
01/13/2017,15.100000381469727,15.126999979019166,15.1884083822,15.0655915759
01/17/2017,15.119999885559082,15.125899982452392,15.1867948235,15.0650051414
01/18/2017,15.119999885559082,15.12519998550415,15.1857553503,15.0646446207
01/19/2017,15.050000190734863,15.124599981307984,15.1849061324,15.0642938302
01/20/2017,15.170000076293945,15.123699979782105,15.1844395997,15.0629603599
01/23/2017,15.140000343322754,15.124299983978272,15.1851974505,15.0634025175
01/24/2017,15.149999618530273,15.12439998626709,15.1853149395,15.0634850331
01/25/2017,15.050000190734863,15.124499979019165,15.185448656,15.063551302
01/26/2017,15.100000381469727,15.123599977493287,15.1849761194,15.0622238356
01/27/2017,15.100000381469727,15.12309998512268,15.1844626839,15.0617372864
01/30/2017,15.079999923706055,15.122599992752075,15.1839451704,15.0612548151
01/31/2017,15.09000015258789,15.121899995803833,15.1833278485,15.0604721431
02/01/2017,15.100000381469727,15.121399993896484,15.1828819495,15.0599180383
02/02/2017,15.15999984741211,15.121099996566773,15.1826124398,15.0595875533
02/03/2017,15.100000381469727,15.120899991989136,15.1822529071,15.0595470769
02/06/2017,15.09000015258789,15.119899997711181,15.1807685473,15.0590314481
02/07/2017,15.100000381469727,15.118900003433227,15.1794291769,15.05837083
02/08/2017,15.100000381469727,15.118300008773804,15.1787160731,15.0578839444
02/09/2017,15.119999885559082,15.118000011444092,15.178431714,15.0575683089
02/10/2017,15.119999885559082,15.117500009536743,15.1777058282,15.0572941909
02/13/2017,15.149999618530273,15.117400007247925,15.177593284,15.0572067305
02/14/2017,15.130000114440918,15.117700004577637,15.1779801864,15.0574198228
02/15/2017,15.050000190734863,15.117500009536743,15.1777058282,15.0572941909
02/16/2017,15.079999923706055,15.1168000125885,15.1773784771,15.0562215481
02/17/2017,15.050000190734863,15.11640001296997,15.177087989,15.0557120369
02/21/2017,15.140000343322754,15.115700016021728,15.1767450831,15.054654949
02/22/2017,15.130000114440918,15.115900020599366,15.1769915943,15.0548084469
02/23/2017,15.130000114440918,15.115600023269653,15.1765477924,15.0546522541
02/24/2017,15.15999984741211,15.115500020980836,15.1764158681,15.0545841739
02/27/2017,15.15999984741211,15.115200023651123,15.1758213972,15.0545786501
02/28/2017,15.119999885559082,15.115300025939941,15.175986936,15.0546131158
03/01/2017,15.0600004196167,15.115100021362304,15.1757381355,15.0544619072
03/02/2017,15.069999694824219,15.114400024414062,15.1752656997,15.0535343492
03/03/2017,15.130000114440918,15.113700017929077,15.174669687,15.0527303489
03/06/2017,15.140000343322754,15.113300018310547,15.1740297516,15.052570285
03/07/2017,15.050000190734863,15.113500022888184,15.1742844016,15.0527156441
03/08/2017,15.029999732971191,15.11250002861023,15.1734979039,15.0515021533
03/09/2017,15.050000190734863,15.11170002937317,15.1732475822,15.0501524765
03/10/2017,15.050000190734863,15.110700035095215,15.1724292939,15.0489707763
03/13/2017,15.050000190734863,15.110200033187866,15.1722157673,15.0481842991
03/14/2017,15.050000190734863,15.109700031280518,15.1719969104,15.0474031521
03/15/2017,15.050000190734863,15.109100036621093,15.171679434,15.0465206393
03/16/2017,15.079999923706055,15.107700042724609,15.170019394,15.0453806914
03/17/2017,15.079999923706055,15.10650004386902,15.168182635,15.0448174528
03/20/2017,15.079999923706055,15.105300045013427,15.1663156377,15.0442844523
03/21/2017,15.0600004196167,15.104200048446655,15.1646678366,15.0437322603
03/22/2017,15.069999694824219,15.10280005455017,15.1626511494,15.0429489597
03/23/2017,15.020000457763672,15.101700048446656,15.1611315501,15.0422685468
03/24/2017,15.149999618530273,15.100100049972534,15.1595557673,15.0406443326
03/27/2017,15.069999694824219,15.099700050354004,15.1586822743,15.0407178265
03/28/2017,15.100000381469727,15.098700046539307,15.1573285627,15.0400715304
03/29/2017,15.020000457763672,15.098700046539307,15.1573285627,15.0400715304
03/30/2017,15.050000190734863,15.098000049591064,15.1571438766,15.0388562225
03/31/2017,15.15999984741211,15.097300052642822,15.1565934099,15.0380066953
04/03/2017,15.069999694824219,15.097300052642822,15.1565934099,15.0380066953
04/04/2017,15.079999923706055,15.096200046539307,15.1549669759,15.0374331172
04/05/2017,15.050000190734863,15.095500049591065,15.1540384343,15.0369616648
04/06/2017,15.039999961853027,15.094200048446655,15.1522892206,15.0361108763
04/07/2017,15.069999694824219,15.093500051498413,15.151815934,15.035184169
04/10/2017,15.09000015258789,15.093200044631958,15.151558868,15.0348412212
04/11/2017,15.0600004196167,15.0939000415802,15.1517946257,15.0360054575
04/12/2017,15.050000190734863,15.093600044250488,15.1515917042,15.0356083843
04/13/2017,15.069999694824219,15.093200044631958,15.1513528821,15.0350472072
04/17/2017,15.0600004196167,15.09300004005432,15.1511979152,15.0348021649
04/18/2017,15.069999694824219,15.092700042724609,15.1509898568,15.0344102286
04/19/2017,15.09000015258789,15.091900043487549,15.1499464308,15.0338536562
04/20/2017,15.09000015258789,15.09100004196167,15.1483672156,15.0336328684
04/21/2017,15.069999694824219,15.090000047683716,15.146497778,15.0335023174
04/24/2017,15.069999694824219,15.0889000415802,15.1447013247,15.0330987585
04/25/2017,15.079999923706055,15.088000040054322,15.1433714551,15.0326286251
04/26/2017,15.100000381469727,15.08690004348755,15.1413186484,15.0324814386
04/27/2017,15.170000076293945,15.085100049972533,15.135962471,15.0342376289
04/28/2017,15.119999885559082,15.084700050354003,15.1347291014,15.0346709993
05/01/2017,15.180000305175781,15.084200048446656,15.1336202446,15.0347798523
05/02/2017,15.170000076293945,15.084200048446656,15.1336202446,15.0347798523
05/03/2017,15.15999984741211,15.084200048446656,15.1336202446,15.0347798523
05/04/2017,15.100000381469727,15.083900051116943,15.1327650332,15.035035069
05/05/2017,15.100000381469727,15.084000053405761,15.1328876445,15.0351124623
05/08/2017,15.100000381469727,15.083900060653686,15.132744578,15.0350555433
05/09/2017,15.119999885559082,15.084000062942504,15.1328671988,15.035132927
05/10/2017,15.119999885559082,15.084900064468384,15.133592841,15.036207288
05/11/2017,15.130000114440918,15.085600061416626,15.1342892435,15.0369108793
05/12/2017,15.15999984741211,15.086900062561035,15.1350185246,15.0387816005
05/15/2017,15.079999923706055,15.088800058364868,15.1360076485,15.0415924682
05/16/2017,15.069999694824219,15.089400053024292,15.1361080518,15.0426920543
05/17/2017,15.079999923706055,15.090300054550172,15.1357412932,15.0448588159
05/18/2017,15.09000015258789,15.091000051498414,15.1357325506,15.0462675524
05/19/2017,15.119999885559082,15.091900053024291,15.1356880238,15.0481120823
05/22/2017,15.0600004196167,15.093000049591064,15.1360929328,15.0499071664
05/23/2017,15.0600004196167,15.094200057983398,15.1346024698,15.0537976461
05/24/2017,15.079999923706055,15.094700059890748,15.1343599253,15.0550401945
05/25/2017,15.079999923706055,15.09530005455017,15.1342731935,15.0563269156
05/26/2017,15.079999923706055,15.09580005645752,15.1342494411,15.0573506718
05/30/2017,15.100000381469727,15.095100059509278,15.1331918657,15.0570082533
05/31/2017,15.09000015258789,15.094800062179566,15.1327336317,15.0568664927
06/01/2017,15.079999923706055,15.095100059509278,15.1328755269,15.0573245921
06/02/2017,15.109999656677246,15.095100059509278,15.1328755269,15.0573245921
06/05/2017,15.100000381469727,15.095000057220458,15.1327226751,15.0572774393
06/06/2017,15.069999694824219,15.094800062179566,15.1324425385,15.0571575859
06/07/2017,15.079999923706055,15.094700059890748,15.1323949689,15.0570051509
06/08/2017,15.0600004196167,15.094000062942506,15.1313095349,15.056690591
06/09/2017,15.0600004196167,15.093600063323974,15.131057191,15.0561429356
06/12/2017,15.050000190734863,15.093000068664551,15.1305100177,15.0554901196
06/13/2017,15.039999961853027,15.09230007171631,15.1299525122,15.0546476312
06/14/2017,15.039999961853027,15.09220006942749,15.1299777942,15.0544223446
06/15/2017,15.069999694824219,15.090900068283082,15.128212085,15.0535880516
06/16/2017,15.079999923706055,15.090200061798095,15.1272399925,15.0531601311
06/19/2017,15.130000114440918,15.089500064849853,15.1260616161,15.0529385136
06/20/2017,15.130000114440918,15.090300064086914,15.1268638053,15.0537363229
06/21/2017,15.09000015258789,15.090600061416627,15.1273646796,15.0538354432
06/22/2017,15.09000015258789,15.090500059127807,15.1272525704,15.0537475478
06/23/2017,15.029999732971191,15.090600061416627,15.1273374682,15.0538626546
06/26/2017,15.039999961853027,15.09000005722046,15.1272290439,15.0527710705
06/27/2017,15.039999961853027,15.089400053024292,15.1269451922,15.0518549138
06/28/2017,15.029999732971191,15.088200054168702,15.1253855064,15.0510146019
06/29/2017,15.029999732971191,15.087500047683715,15.1251131857,15.0498869097
06/30/2017,15.069999694824219,15.08690004348755,15.1249446029,15.0488554841
07/03/2017,15.119999885559082,15.086600036621094,15.1246583935,15.0485416798
07/05/2017,15.069999694824219,15.086800031661987,15.1249806332,15.0486194301
07/06/2017,15.050000190734863,15.08630002975464,15.1243698149,15.0482302446
07/07/2017,15.050000190734863,15.085600032806397,15.1236872817,15.0475127839
07/10/2017,15.039999961853027,15.084600038528443,15.1222940561,15.046906021
07/11/2017,15.0600004196167,15.083700037002563,15.121373754,15.04602632
07/12/2017,15.010000228881836,15.083800039291383,15.1213973647,15.0462027139
07/13/2017,15.039999961853027,15.08310004234314,15.1214065508,15.0447935338
07/14/2017,15.020000457763672,15.083000040054321,15.1214057527,15.0445943275
07/17/2017,15.010000228881836,15.081800041198731,15.1202806583,15.0433194241
07/18/2017,15.020000457763672,15.08060004234314,15.119428351,15.0417717337
07/19/2017,15.0600004196167,15.079500045776367,15.1184711503,15.0405289413
07/20/2017,15.029999732971191,15.078500051498413,15.1166674089,15.0403326941
07/21/2017,15.020000457763672,15.077200050354003,15.1147787386,15.0396213621
07/24/2017,15.029999732971191,15.07620005607605,15.1139566118,15.0384435004
07/25/2017,15.020000457763672,15.075900049209595,15.1139025216,15.0378975768
07/26/2017,15.010000228881836,15.075400056838989,15.1138036689,15.0369964448
07/27/2017,15.020000457763672,15.074200057983399,15.1127533605,15.0356467555
07/28/2017,15.039999961853027,15.073000059127807,15.1113536291,15.0346464892
07/31/2017,15.020000457763672,15.07290005683899,15.1113264339,15.0344736798
08/01/2017,15.029999732971191,15.072800064086914,15.1113507547,15.0342493734
08/02/2017,15.079999923706055,15.072600059509277,15.1113200297,15.0338800893
08/03/2017,15.029999732971191,15.07290005683899,15.1115599344,15.0342401793
08/04/2017,15.069999694824219,15.072700052261352,15.1115292483,15.0338708562
08/07/2017,15.029999732971191,15.072900047302246,15.1116632586,15.034136836
08/08/2017,15.050000190734863,15.072700042724609,15.1116321231,15.0337679623
08/09/2017,15.029999732971191,15.072400045394897,15.11139026,15.0334098308
08/10/2017,15.020000457763672,15.071900043487549,15.1111095719,15.0326905151
08/11/2017,15.050000190734863,15.071300048828125,15.1108387225,15.0317613752
08/14/2017,15.029999732971191,15.071200046539307,15.1107797981,15.0316202949
08/15/2017,15.029999732971191,15.070800046920777,15.1105914654,15.0310086284
08/16/2017,15.020000457763672,15.070900039672852,15.1105760735,15.0312240058
08/17/2017,15.020000457763672,15.069600048065185,15.1087898162,15.0304102799
08/18/2017,15.029999732971191,15.06910005569458,15.1085992649,15.0296008465
08/21/2017,15.020000457763672,15.068400049209595,15.1079656602,15.0288344382
08/22/2017,15.010000228881836,15.068400049209595,15.1079656602,15.0288344382
08/23/2017,15.050000190734863,15.068000049591065,15.1079499859,15.0280501132
08/24/2017,15.029999732971191,15.066900053024291,15.1058023376,15.0279977685
08/25/2017,15.010000228881836,15.066500053405761,15.1055736762,15.0274264306
08/28/2017,15.029999732971191,15.065800056457519,15.1052507579,15.026349355
08/29/2017,15.039999961853027,15.065600051879883,15.1051808315,15.0260192723
08/30/2017,15.010000228881836,15.065600051879883,15.1051808315,15.0260192723
08/31/2017,15.010000228881836,15.065000057220459,15.104962514,15.0250376004
09/01/2017,15.020000457763672,15.064200057983399,15.1044537251,15.0239463908
09/05/2017,15.029999732971191,15.063800058364869,15.1042915068,15.0233086099
09/06/2017,15.050000190734863,15.063600053787232,15.1042083984,15.0229917092
09/07/2017,15.029999732971191,15.063400058746337,15.1040256377,15.0227744798
09/08/2017,15.029999732971191,15.063100051879882,15.1038601782,15.0223399255
09/11/2017,15.029999732971191,15.062700052261352,15.1035865801,15.0218135244
09/12/2017,15.0600004196167,15.062100048065185,15.103021782,15.0211783141
09/13/2017,15.0600004196167,15.061800050735474,15.1026260013,15.0209741002
09/14/2017,15.029999732971191,15.061700057983398,15.1025180477,15.0208820683
09/15/2017,15.020000457763672,15.061300058364868,15.1022305916,15.0203695251
09/18/2017,15.029999732971191,15.060700063705445,15.1017915261,15.0196086014
09/19/2017,15.029999732971191,15.060000057220458,15.1010122289,15.0189878856
09/20/2017,15.029999732971191,15.05860005378723,15.098198518,15.0190015896
09/21/2017,15.029999732971191,15.057700052261353,15.0969136819,15.0184864226
09/22/2017,15.010000228881836,15.056200046539306,15.0935304402,15.0188696528
09/25/2017,15.020000457763672,15.054600048065186,15.0904167769,15.0187833193
09/26/2017,15.039999961853027,15.053200054168702,15.0875767646,15.0188233438
09/27/2017,15.029999732971191,15.052600049972535,15.0866769913,15.0185231086
09/28/2017,15.039999961853027,15.05190004348755,15.0857140606,15.0180860264
09/29/2017,15.039999961853027,15.051300039291382,15.0847859683,15.0178141103
10/02/2017,15.020000457763672,15.050500040054322,15.0832833845,15.0177166956
10/03/2017,15.029999732971191,15.049500045776368,15.0816675393,15.0173325522
10/04/2017,15.050000190734863,15.04850004196167,15.0796889446,15.0173111393
10/05/2017,15.050000190734863,15.047400045394898,15.0765074,15.0182926908
10/06/2017,15.029999732971191,15.047100048065186,15.0760238822,15.0181762139
10/09/2017,15.020000457763672,15.046700048446656,15.0755809842,15.0178191127
10/10/2017,15.010000228881836,15.046100053787232,15.0749061004,15.0172940072
10/11/2017,15.020000457763672,15.045300054550172,15.0739864295,15.0166136796
10/12/2017,15.020000457763672,15.044300060272217,15.0720940915,15.0165060291
10/13/2017,15.0600004196167,15.043900060653687,15.0717530293,15.016047092
10/16/2017,15.020000457763672,15.043900060653687,15.0717530293,15.016047092
10/17/2017,15.0600004196167,15.043300065994263,15.0710148234,15.0155853086
10/18/2017,15.020000457763672,15.043100070953368,15.0706207542,15.0155793878
10/19/2017,15.050000190734863,15.042500076293946,15.0698633352,15.0151368173
10/20/2017,15.0,15.042000074386596,15.0687582059,15.0152419428
10/23/2017,15.020000457763672,15.041100072860718,15.0677419119,15.0144582338
10/24/2017,15.029999732971191,15.040500078201294,15.0669339116,15.0140662448
10/25/2017,15.039999961853027,15.039700078964234,15.0652129818,15.0141871762
10/26/2017,15.0,15.039100074768067,15.0638828881,15.0143172614
10/27/2017,15.0,15.038400077819825,15.063288592,15.0135115637
10/30/2017,15.0,15.037600078582763,15.0624242266,15.0127759306
10/31/2017,15.0,15.037000074386597,15.0620000389,15.0120001099
11/01/2017,15.010000228881836,15.03640007019043,15.0615603189,15.0112398214
11/02/2017,15.010000228881836,15.0360000705719,15.0612586929,15.0107414483
11/03/2017,15.010000228881836,15.035700073242188,15.061087234,15.0103129125
11/06/2017,15.0,15.035400075912476,15.0609116,15.0098885518
11/07/2017,15.020000457763672,15.034700078964233,15.0602129812,15.0091871767
11/08/2017,15.010000228881836,15.034100084304809,15.0592434377,15.008956731
11/09/2017,14.960000038146973,15.032900085449219,15.0562364968,15.0095636741
11/10/2017,15.0,15.03120008468628,15.0535732405,15.0088269288
11/13/2017,15.029999732971191,15.0303000831604,15.0520924688,15.0085076975
11/14/2017,15.0600004196167,15.029700078964233,15.0506502099,15.008749948
11/15/2017,15.289999961853027,15.030000085830688,15.0511660536,15.0088341181
11/16/2017,15.100000381469727,15.032500085830689,15.0659178591,14.9990823125
11/17/2017,15.079999923706055,15.033100090026856,15.067179233,14.9990209471
11/20/2017,15.010000228881836,15.033600091934204,15.0679954085,14.9992047753
11/21/2017,15.020000457763672,15.03340009689331,15.0678738219,14.9989263719
11/22/2017,15.0,15.032900104522705,15.0672015319,14.9985986771
11/24/2017,15.010000228881836,15.031700105667115,15.0650183946,14.9983818168
11/27/2017,14.979999542236328,15.03110011100769,15.0642631724,14.9979370496
11/28/2017,14.989999771118164,15.030400104522705,15.0638939724,14.9969062367
11/29/2017,15.0,15.029800100326538,15.0634744142,14.9961257865
11/30/2017,14.970000267028809,15.029400100708008,15.063188257,14.9956119445
12/01/2017,14.970000267028809,15.028500099182128,15.0626578085,14.9943423898
12/04/2017,14.979999542236328,15.028100099563598,15.0627034081,14.9934967911
12/05/2017,14.949999809265137,15.027500095367431,15.0624106886,14.9925895021
12/06/2017,15.0,15.026800088882446,15.062545858,14.9910543197
12/07/2017,15.0,15.026700086593628,15.0625066517,14.9908935215
12/08/2017,15.0,15.02650008201599,15.0623992491,14.9906009149
12/11/2017,14.970000267028809,15.025900077819824,15.0617356748,14.9900644808
12/12/2017,15.0,15.0253000831604,15.0615617687,14.9890383977
12/13/2017,14.899999618530273,15.025100078582764,15.0614455035,14.9887546536
12/14/2017,14.989999771118164,15.023800077438354,15.0622131104,14.9853870445
12/15/2017,14.869999885559082,15.023500070571899,15.0620584851,14.9849416561
12/18/2017,14.779999732971191,15.022100067138672,15.0635559706,14.9806441637
12/19/2017,14.609999656677246,15.019700059890747,15.0676470466,14.9717530732
12/20/2017,14.670000076293945,15.01540005683899,15.0782876299,14.9525124838
12/21/2017,14.640000343322754,15.011900053024291,15.0835617349,14.9402383711
12/22/2017,14.550000190734863,15.008000059127808,15.0886226655,14.9273774528
12/26/2017,14.649999618530273,15.002700061798096,15.0949915222,14.9104086013
12/27/2017,14.619999885559082,14.998900060653687,15.0975904704,14.9002096509
12/28/2017,14.600000381469727,14.994400062561034,15.0997786602,14.889021465
12/29/2017,14.5600004196167,14.99010006904602,15.1024788776,14.8777212605
01/02/2018,14.640000343322754,14.98520007133484,15.1052790598,14.8651210829
01/03/2018,14.649999618530273,14.981300077438355,15.1061011669,14.8564989879
01/04/2018,14.729999542236328,14.977600069046021,15.1066126445,14.8485874936
01/05/2018,14.699999809265137,14.974400062561035,15.1055284234,14.8432717017
01/08/2018,14.710000038146973,14.971100063323975,15.1049126142,14.8372875124
01/09/2018,14.720000267028809,14.967900066375732,15.1040712796,14.8317288531
01/10/2018,14.779999732971191,14.964900064468384,15.103178761,14.826621368
01/11/2018,14.710000038146973,14.96250005722046,15.1018799649,14.8231201495
01/12/2018,14.75,14.959300060272216,15.1007515333,14.8178485873
01/16/2018,14.699999809265137,14.95660005569458,15.0994371971,14.8137629143
01/17/2018,14.710000038146973,14.953500051498413,15.0984923272,14.8085077758
01/18/2018,14.710000038146973,14.950100049972534,15.0967663372,14.8034337628
01/19/2018,14.699999809265137,14.946900053024292,15.0952691886,14.7985309175
01/22/2018,14.699999809265137,14.943800048828125,15.0940450865,14.7935550112
01/23/2018,14.729999542236328,14.940500049591064,15.0924301752,14.788569924
01/24/2018,14.710000038146973,14.937400045394897,15.0904270213,14.7843730695
01/25/2018,14.729999542236328,14.93440004348755,15.0889078268,14.7798922602
01/26/2018,14.710000038146973,14.931600036621093,15.0872453283,14.7759547449
01/29/2018,14.720000267028809,14.928500032424926,15.0854355799,14.771564485
01/30/2018,14.720000267028809,14.925400037765503,15.0833584364,14.7674416391
01/31/2018,14.739999771118164,14.922100038528443,15.0808659177,14.7633341593
02/01/2018,14.739999771118164,14.919200038909912,15.0786157722,14.7597843056
02/02/2018,14.720000267028809,14.916300039291382,15.0763104379,14.7562896407
02/05/2018,14.720000267028809,14.913200044631958,15.0739787046,14.7524213846
02/06/2018,14.720000267028809,14.90980004310608,15.0710327183,14.748567368
02/07/2018,14.720000267028809,14.9064000415802,15.0680139443,14.7447861389
02/08/2018,14.720000267028809,14.903300046920776,15.0654855071,14.7411145867
02/09/2018,14.729999542236328,14.900300045013427,15.0630726524,14.7375274376
02/12/2018,14.75,14.897300043106078,15.0604187858,14.7341813004
02/13/2018,14.739999771118164,14.894500045776367,15.057720036,14.7312800556
02/14/2018,14.739999771118164,14.891600046157837,15.0549630068,14.7282370856
02/15/2018,14.75,14.888700046539306,15.052154409,14.7252456841
02/16/2018,14.739999771118164,14.886100044250488,15.049672072,14.7225280165
02/20/2018,14.729999542236328,14.883300037384034,15.0469524982,14.7196475766
02/21/2018,14.729999542236328,14.880200033187867,15.0437909243,14.7166091421
02/22/2018,14.720000267028809,14.877200031280518,15.0407670879,14.7136329746
02/23/2018,14.75,14.874000034332276,15.0374809859,14.7105190828
02/26/2018,14.729999542236328,14.871100034713745,15.0341822589,14.7080178105
02/27/2018,14.75,14.868200025558473,15.0311870862,14.7052129649
02/28/2018,14.760000228881836,14.865400028228759,15.0279880442,14.7028120122
03/01/2018,14.75,14.86250002861023,15.0243541973,14.7006458599
03/02/2018,14.760000228881836,14.85950002670288,15.0206296992,14.6983703542
03/05/2018,14.760000228881836,14.856800031661987,15.0173110344,14.6962890289
03/06/2018,14.75,14.85420002937317,15.0141512101,14.6942488486
03/07/2018,14.760000228881836,14.85160002708435,15.0111100883,14.6920899658
03/08/2018,14.760000228881836,14.849000024795533,15.0078616558,14.6901383938
03/09/2018,14.779999732971191,14.846400022506714,15.004567832,14.688232213
03/12/2018,14.760000228881836,14.84360001564026,15.0004344972,14.6867655341
03/13/2018,14.770000457763672,14.84100001335144,14.9970417151,14.6849583116
03/14/2018,14.760000228881836,14.83810001373291,14.9927331288,14.6834668987
03/15/2018,14.75,14.835500011444092,14.9892360134,14.6817640095
03/16/2018,14.75,14.832500009536743,14.9849426464,14.6800573726
03/19/2018,14.760000228881836,14.830000009536743,14.9817234672,14.6782765519
03/20/2018,14.729999542236328,14.827400007247924,14.9780693325,14.676730682
03/21/2018,14.729999542236328,14.824400005340577,14.9739882655,14.6748117452
03/22/2018,14.710000038146973,14.82130000114441,14.969594703,14.6730052992
03/23/2018,14.710000038146973,14.818400001525879,14.9660057214,14.6707942817
03/26/2018,14.760000228881836,14.815500001907349,14.9623562529,14.6686437509
03/27/2018,14.770000457763672,14.813100004196167,14.9588785974,14.667321411
03/28/2018,14.779999732971191,14.810800008773803,14.9554214729,14.6661785447
03/29/2018,14.770000457763672,14.808500003814697,14.9517576638,14.6652423438
04/02/2018,14.739999771118164,14.806100006103515,14.9479654208,14.6642345914
04/03/2018,14.670000076293945,14.80340000152588,14.943922047,14.662877956
04/04/2018,14.75,14.800100002288819,14.9398390272,14.6603609774
04/05/2018,14.760000228881836,14.797399997711182,14.9354624584,14.659337537
04/06/2018,14.680000305175781,14.794899997711182,14.9313440958,14.6584558996
04/09/2018,14.710000038146973,14.79210000038147,14.9279991949,14.6562008058
04/10/2018,14.75,14.78920000076294,14.9237189995,14.654681002
04/11/2018,14.760000228881836,14.786400003433227,14.9187746322,14.6540253747
04/12/2018,14.779999732971191,14.783400001525878,14.9129084565,14.6538915465
04/13/2018,14.770000457763672,14.77829999923706,14.8973802676,14.6592197309
04/16/2018,14.75,14.775,14.889608018,14.660391982
04/17/2018,14.789999961853027,14.771700000762939,14.882154101,14.6612459005
04/18/2018,14.800000190734863,14.769499998092652,14.8773459398,14.6616540564
04/19/2018,14.789999961853027,14.767299995422363,14.8722176057,14.6623823851
04/20/2018,14.770000457763672,14.765199995040893,14.8675081321,14.662891858
04/23/2018,14.829999923706055,14.762799997329711,14.8621083747,14.6634916199
04/24/2018,14.789999961853027,14.76130000114441,14.8584252075,14.6641747948
04/25/2018,14.779999732971191,14.759300003051758,14.8537166687,14.6648833374
04/26/2018,14.779999732971191,14.75710000038147,14.8483939577,14.6658060431
04/27/2018,14.770000457763672,14.755199995040893,14.8439860038,14.6664139862
04/30/2018,14.789999961853027,14.753199996948242,14.8393379928,14.6670620011
05/01/2018,14.800000190734863,14.75130000114441,14.8344583224,14.6681416799
05/02/2018,14.800000190734863,14.749800004959106,14.8306823723,14.6689176376
05/03/2018,14.779999732971191,14.747800006866456,14.8248529599,14.6707470539
05/04/2018,14.800000190734863,14.745600004196167,14.8184466748,14.6727533336
05/07/2018,14.8100004196167,14.743600006103515,14.8120473409,14.6751526713
05/08/2018,14.8100004196167,14.742000007629395,14.8069153141,14.6770847011
05/09/2018,14.800000190734863,14.740100011825561,14.8000248617,14.680175162
05/10/2018,14.800000190734863,14.739100017547607,14.7971533475,14.6810466876
05/11/2018,14.819999694824219,14.737200021743774,14.7898703225,14.684529721
05/14/2018,14.8100004196167,14.736700019836427,14.7883344115,14.6850656282
05/15/2018,14.8100004196167,14.73700002670288,14.7889711844,14.685028869
05/16/2018,14.8100004196167,14.739000034332275,14.7898822594,14.6881178092
05/17/2018,14.789999961853027,14.740400037765504,14.7912905224,14.6895095531
05/18/2018,14.829999923706055,14.741900033950806,14.7920138242,14.6917862437
05/21/2018,14.819999694824219,14.744700031280518,14.7917416341,14.6976584284
05/22/2018,14.800000190734863,14.746400032043457,14.7930588052,14.6997412589
05/23/2018,14.8100004196167,14.748200035095214,14.7933969476,14.7030031226
05/24/2018,14.819999694824219,14.750300035476684,14.7933919419,14.7072081291
05/25/2018,14.819999694824219,14.75290002822876,14.7920994341,14.7137006223
05/29/2018,14.8100004196167,14.754700021743774,14.792790883,14.7166091605
05/30/2018,14.800000190734863,14.75630002975464,14.793304263,14.7192957965
05/31/2018,14.829999923706055,14.757000036239624,14.794161887,14.7198381854
06/01/2018,14.819999694824219,14.758300037384034,14.7957181176,14.7208819571
06/04/2018,14.829999923706055,14.759400033950806,14.7969984689,14.721801599
06/05/2018,14.850000381469727,14.760500030517578,14.7985362284,14.7224638326
06/06/2018,14.829999923706055,14.761200037002563,14.8002200714,14.7221800026
06/07/2018,14.829999923706055,14.762400035858155,14.8016714368,14.7231286349
06/08/2018,14.84000015258789,14.763200035095215,14.8030216721,14.7233783981
06/11/2018,14.84000015258789,14.764600038528442,14.804635556,14.7245645211
06/12/2018,14.84000015258789,14.765900039672852,14.8062509111,14.7255491682
06/13/2018,14.819999694824219,14.767200040817261,14.8078222391,14.7265778426
06/14/2018,14.84000015258789,14.768400039672851,14.8087911565,14.7280089229
06/15/2018,14.850000381469727,14.769800043106079,14.8102223408,14.7293777454
06/18/2018,14.84000015258789,14.771000051498413,14.8120000793,14.7300000237
06/19/2018,14.84000015258789,14.772300052642823,14.8134061641,14.7311939412
06/20/2018,14.850000381469727,14.773400058746338,14.8148300248,14.7319700927
06/21/2018,14.84000015258789,14.774800062179565,14.8164289289,14.7331711954
06/22/2018,14.84000015258789,14.776000061035155,14.8177613217,14.7342388004
06/25/2018,14.819999694824219,14.777200059890747,14.8190589089,14.7353412109
06/26/2018,14.819999694824219,14.778000059127807,14.8199047452,14.736095373
06/27/2018,14.8100004196167,14.778800058364869,14.8207352726,14.7368648441
06/28/2018,14.770000457763672,14.779700059890747,14.8213283275,14.7380717923
06/29/2018,14.770000457763672,14.780200061798096,14.8214064063,14.7389937173
07/02/2018,14.819999694824219,14.780700063705444,14.8214739891,14.7399261383
07/03/2018,14.819999694824219,14.781700057983398,14.8221983661,14.7412017499
07/05/2018,14.789999961853027,14.782700052261353,14.8228959843,14.7425041202
07/06/2018,14.75,14.78330005645752,14.8231511844,14.7434489285
07/09/2018,14.789999961853027,14.78330005645752,14.8231511844,14.7434489285
07/10/2018,14.770000457763672,14.783800058364868,14.8234177581,14.7441823586
07/11/2018,14.779999732971191,14.784100065231323,14.8234979303,14.7447022002
