06/03/2014,0.699999988079071,0,0,0
06/04/2014,0.7099999785423279,0,0,0
06/05/2014,0.7099999785423279,0,0,0
06/06/2014,0.7200000286102295,0,0,0
06/09/2014,0.7099999785423279,0,0,0
06/10/2014,0.7099999785423279,0,0,0
06/11/2014,0.7099999785423279,0,0,0
06/12/2014,0.7099999785423279,0,0,0
06/13/2014,0.7099999785423279,0,0,0
06/16/2014,0.699999988079071,0,0,0
06/17/2014,0.699999988079071,0,0,0
06/18/2014,0.6899999976158142,0,0,0
06/19/2014,0.6800000071525574,0,0,0
06/20/2014,0.6700000166893005,0,0,0
06/23/2014,0.6899999976158142,0,0,0
06/24/2014,0.6800000071525574,0,0,0
06/25/2014,0.6800000071525574,0,0,0
06/26/2014,0.6600000262260437,0,0,0
06/27/2014,0.6899999976158142,0,0,0
06/30/2014,0.6700000166893005,0,0,0
07/01/2014,0.6700000166893005,0,0,0
07/02/2014,0.6700000166893005,0,0,0
07/03/2014,0.6600000262260437,0,0,0
07/07/2014,0.6600000262260437,0,0,0
07/08/2014,0.6299999952316284,0,0,0
07/09/2014,0.6499999761581421,0,0,0
07/10/2014,0.6600000262260437,0,0,0
07/11/2014,0.6600000262260437,0,0,0
07/14/2014,0.6600000262260437,0,0,0
07/15/2014,0.6399999856948853,0,0,0
07/16/2014,0.6399999856948853,0,0,0
07/17/2014,0.6399999856948853,0,0,0
07/18/2014,0.6499999761581421,0,0,0
07/21/2014,0.6299999952316284,0,0,0
07/22/2014,0.6399999856948853,0,0,0
07/23/2014,0.6299999952316284,0,0,0
07/24/2014,0.6200000047683716,0,0,0
07/25/2014,0.6200000047683716,0,0,0
07/28/2014,0.6200000047683716,0,0,0
07/29/2014,0.6000000238418579,0,0,0
07/30/2014,0.6000000238418579,0,0,0
07/31/2014,0.5899999737739563,0,0,0
08/01/2014,0.5899999737739563,0,0,0
08/04/2014,0.5899999737739563,0,0,0
08/05/2014,0.5799999833106995,0,0,0
08/06/2014,0.6100000143051147,0,0,0
08/07/2014,0.6000000238418579,0,0,0
08/08/2014,0.6100000143051147,0,0,0
08/11/2014,0.6000000238418579,0,0,0
08/12/2014,0.6000000238418579,0,0,0
08/13/2014,0.5899999737739563,0,0,0
08/14/2014,0.5899999737739563,0,0,0
08/15/2014,0.6000000238418579,0,0,0
08/18/2014,0.5899999737739563,0,0,0
08/19/2014,0.5600000023841858,0,0,0
08/20/2014,0.5600000023841858,0,0,0
08/21/2014,0.5600000023841858,0,0,0
08/22/2014,0.5600000023841858,0,0,0
08/25/2014,0.550000011920929,0,0,0
08/26/2014,0.550000011920929,0,0,0
08/27/2014,0.550000011920929,0,0,0
08/28/2014,0.5600000023841858,0,0,0
08/29/2014,0.5600000023841858,0,0,0
09/02/2014,0.5600000023841858,0,0,0
09/03/2014,0.550000011920929,0,0,0
09/04/2014,0.5799999833106995,0,0,0
09/05/2014,0.6000000238418579,0,0,0
09/08/2014,0.5899999737739563,0,0,0
09/09/2014,0.5899999737739563,0,0,0
09/10/2014,0.5899999737739563,0,0,0
09/11/2014,0.5799999833106995,0,0,0
09/12/2014,0.5799999833106995,0,0,0
09/15/2014,0.5699999928474426,0,0,0
09/16/2014,0.5799999833106995,0,0,0
09/17/2014,0.5699999928474426,0,0,0
09/18/2014,0.5799999833106995,0,0,0
09/19/2014,0.5799999833106995,0,0,0
09/22/2014,0.5699999928474426,0,0,0
09/23/2014,0.5699999928474426,0,0,0
09/24/2014,29.93000030517578,0,0,0
09/25/2014,31.389999389648438,0,0,0
09/26/2014,29.799999237060547,0,0,0
09/29/2014,27.389999389648438,0,0,0
09/30/2014,32.0099983215332,0,0,0
10/01/2014,29.6200008392334,0,0,0
10/02/2014,28.690000534057617,0,0,0
10/03/2014,30.3799991607666,0,0,0
10/06/2014,29.920000076293945,0,0,0
10/07/2014,29.350000381469727,0,0,0
10/08/2014,29.3799991607666,0,0,0
10/09/2014,28.200000762939453,0,0,0
10/10/2014,29.84000015258789,0,0,0
10/13/2014,31.25,0,0,0
10/14/2014,29.600000381469727,0,0,0
10/15/2014,28.760000228881836,0,0,0
10/16/2014,29.450000762939453,0,0,0
10/17/2014,30.290000915527344,0,0,0
10/20/2014,29.8799991607666,0,0,0
10/21/2014,29.479999542236328,0,0,0
10/22/2014,28.600000381469727,0,0,0
10/23/2014,29.209999084472656,6.725499989390373,18.5683016945,-5.11730171572
10/24/2014,30.239999771118164,7.010599980354309,19.0465100296,-5.02531006894
10/27/2014,35.08000183105469,7.305899978280068,19.5441597879,-4.93235983137
10/28/2014,32.31999969482422,7.649599996805191,20.1770028336,-4.87780283997
10/29/2014,34.90999984741211,7.965599993467331,20.7108759219,-4.77967593498
10/30/2014,34.709999084472656,8.307599992156028,21.3098561046,-4.69465612024
10/31/2014,35.279998779296875,8.647599983215333,21.8890763185,-4.59387635204
11/03/2014,36.58000183105469,8.993299971222877,22.4721715402,-4.48557159777
11/04/2014,36.529998779296875,9.351999989748002,23.0806358898,-4.37663591035
11/05/2014,33.79999923706055,9.710199977755547,23.6739649065,-4.25356495102
11/06/2014,33.029998779296875,10.041199970245362,24.178686212,-4.09628627152
11/07/2014,32.709999084472656,10.36449995815754,24.6535259183,-3.92452600199
11/10/2014,34.880001068115234,10.684699949026108,25.1114455513,-3.74204565325
11/11/2014,33.88999938964844,11.026699959635735,25.6166694736,-3.56326955434
11/12/2014,33.70000076293945,11.358899953365325,26.0868171807,-3.36901727393
11/13/2014,42.91999816894531,11.688999961018562,26.5434798721,-3.16547995011
11/14/2014,44.369998931884766,12.11139994263649,27.2447711261,-3.02197124083
11/17/2014,43.45000076293945,12.548299931883811,27.9731968462,-2.87659698247
11/18/2014,42.66999816894531,12.976199939250947,28.6567669187,-2.70436704024
11/19/2014,42.40999984741211,13.395999920964242,29.3023401102,-2.5103402683
11/20/2014,42.63999938964844,13.813399919271468,29.926625749,-2.29982591045
11/21/2014,42.810001373291016,14.23309991300106,30.5438980944,-2.07769826842
11/24/2014,47.0099983215332,14.654499926567077,31.1527233317,-1.84372347859
11/25/2014,42.59000015258789,15.11799990952015,31.8657420195,-1.62974220043
11/26/2014,43.15999984741211,15.537299910783767,32.4419686049,-1.36736878333
11/28/2014,41.31999969482422,15.962599909305572,33.0211696963,-1.09596987773
12/01/2014,39.040000915527344,16.369299906492234,33.5423782084,-0.803778395408
12/02/2014,40.75,16.753099915385246,33.9995227831,-0.493322952314
12/03/2014,43.02000045776367,17.153999915122984,34.4874073822,-0.179407551905
12/04/2014,40.599998474121094,17.577599919438363,35.0200067766,0.135193062249
12/05/2014,41.099998474121094,17.977199904322624,35.4846086863,0.469791122303
12/08/2014,38.150001525878906,18.381799889206885,35.9512766668,0.812323111574
12/09/2014,40.90999984741211,18.756899904608726,36.3439951036,1.16980470558
12/10/2014,39.130001068115234,19.159499903321265,36.7882500264,1.53074978026
12/11/2014,37.849998474121094,19.544499914050103,37.1847774457,1.90422238244
12/12/2014,37.97999954223633,19.916599898934365,37.5466323604,2.28656743744
12/15/2014,37.439998626708984,20.29009989440441,37.9032108364,2.67698895241
12/16/2014,37.27000045776367,20.65829988062382,38.241194062,3.07540569924
12/17/2014,38.619998931884766,21.02479988515377,38.5681176125,3.48148215783
12/18/2014,40.630001068115234,21.404799874424935,38.913539081,3.89606066786
12/19/2014,41.95000076293945,21.80509988486767,39.291191362,4.31900840775
12/22/2014,42.66999816894531,22.218599892258645,39.6872581293,4.74994165521
12/23/2014,41.0099983215332,22.63939987421036,40.0888004813,5.18999926707
12/24/2014,41.599998474121094,23.04359985768795,40.4456466464,5.64155306901
12/26/2014,41.83000183105469,23.45369984269142,40.804919058,6.10248062743
12/29/2014,41.220001220703125,23.866199861168862,41.1589577467,6.57344197568
12/30/2014,39.849998474121094,24.272299873232843,41.4908246059,7.05377514057
12/31/2014,39.650001525878906,24.664799857735634,41.7863186825,7.54328103297
01/02/2015,38.880001068115234,25.05519987285137,42.0685247516,8.04187499409
01/05/2015,39.04999923706055,25.437999883294104,42.3269717545,8.54902801208
01/06/2015,37.150001525878906,25.822499875426292,42.5787862634,9.06621348743
01/07/2015,37.95000076293945,26.188099890947342,42.7879734618,9.58822632008
01/08/2015,38.54999923706055,26.561699898838995,43.0008915314,10.1225082663
01/09/2015,37.060001373291016,26.941199890971184,43.2138793228,10.6685204591
01/12/2015,38.369998931884766,27.305899904966353,43.3915187571,11.2202810528
01/13/2015,37.45000076293945,27.683999894261362,43.5797504431,11.7882493454
01/14/2015,37.75,28.052899901866912,43.741603874,12.3641959298
01/15/2015,35.709999084472656,28.42479990184307,43.8966732457,12.952926558
01/16/2015,36.650001525878906,28.776299892663957,44.0085545866,13.5440451987
01/20/2015,36.849998474121094,29.137299907803534,44.1220913236,14.152508492
01/21/2015,36.224998474121094,29.500299892425538,44.2256088815,14.7749909033
01/22/2015,36.119998931884766,29.85704987704754,44.306218412,15.4078813421
01/23/2015,36.9900016784668,30.212649866342545,44.3710782394,16.0542214933
01/26/2015,36.060001373291016,30.57694988310337,44.4331726017,16.7207271645
01/27/2015,35.79999923706055,30.93194989681244,44.4655875731,17.3983122205
01/28/2015,34.650001525878906,31.284449889063836,44.4769266378,18.0919731404
01/29/2015,33.779998779296875,31.62514990448952,44.4552318685,18.7950679405
01/30/2015,33.869998931884766,31.95694989204407,44.4037063553,19.5101934288
02/02/2015,34.0,32.28974988162518,44.3317070613,20.2477927019
02/03/2015,34.93000030517578,32.62384988188744,44.2375322445,21.0101675193
02/04/2015,34.04999923706055,32.967249885201454,44.127500884,21.8069988864
02/05/2015,36.81999969482422,33.301949877738956,43.9772279617,22.6266717938
02/06/2015,37.06999969482422,33.66434987485409,43.8253899352,23.5033098145
02/09/2015,36.09000015258789,34.029349871873855,43.635448699,24.4232510447
02/10/2015,40.900001525878906,34.38444987356663,43.384722724,25.3841770232
02/11/2015,41.790000915527344,34.78774988889694,43.1443409645,26.4311588133
02/12/2015,45.689998626708984,35.19984989821911,42.8452015347,27.5544982617
02/13/2015,52.52000045776367,35.650949884653095,42.5330282459,28.7688715234
02/17/2015,58.86000061035156,36.170449889302255,42.3049458372,30.0359539414
02/18/2015,60.31999969482422,36.75334989547729,42.2092187455,31.2974810455
02/19/2015,64.27999877929688,37.05724988937378,42.9532178789,31.1612818998
02/20/2015,70.3499984741211,37.386149883270264,43.847099242,30.9252005245
02/23/2015,58.41999816894531,37.79164987564087,44.993739343,30.5895604083
02/24/2015,60.11000061035156,38.10194986343384,45.5145844031,30.6893153238
02/25/2015,60.310001373291016,38.382949886322024,46.0862358116,30.6796639611
02/26/2015,62.459999084472656,38.6898498916626,46.645130499,30.7345692843
02/27/2015,59.27000045776367,39.02754987716675,47.2630024037,30.7920973507
03/02/2015,57.7400016784668,39.31644989013672,47.7478781096,30.8850216707
03/03/2015,58.02000045776367,39.594649906158445,48.1692010014,31.0200988109
03/04/2015,59.310001373291016,39.881349906921386,48.5868732447,31.1758265691
03/05/2015,62.869998931884766,40.18064992904663,49.0332482699,31.3280515882
03/06/2015,59.779998779296875,40.527349910736085,49.5805815186,31.4741183029
03/09/2015,57.790000915527344,40.826749897003175,50.0156460565,31.6378537375
03/10/2015,54.70000076293945,41.09214990615845,50.3833152222,31.8009845901
03/11/2015,55.599998474121094,41.34314990997314,50.6594685483,32.0268312717
03/12/2015,51.720001220703125,41.611549892425536,50.9480896782,32.2750101067
03/13/2015,50.040000915527344,41.834249897003176,51.1436083598,32.5248914342
03/16/2015,50.5,42.03174989700317,51.3035240202,32.7599757738
03/17/2015,53.060001373291016,42.23794990539551,51.4663700891,33.0095297217
03/18/2015,51.56999969482422,42.47374992370605,51.6743831868,33.2731166606
03/19/2015,50.40999984741211,42.7034499168396,51.8413653624,33.5655344712
03/20/2015,48.689998626708984,42.915449924468994,51.9835109991,33.8473888499
03/23/2015,54.88999938964844,43.0999499130249,52.0956419469,34.1042578792
03/24/2015,53.04999923706055,43.29804988861084,52.3329869975,34.2631127797
03/25/2015,50.13999938964844,43.5053498840332,52.5238278362,34.4868719318
03/26/2015,52.869998931884766,43.65764987945557,52.6582684473,34.6570313116
03/27/2015,52.22999954223633,43.83924987792969,52.8407067182,34.8377930377
03/30/2015,54.81999969482422,44.008749885559084,53.0070238312,35.0104759399
03/31/2015,55.56999969482422,44.191149864196774,53.2217994807,35.1605002477
04/01/2015,55.40999984741211,44.38154987335205,53.449307601,35.3137921457
04/02/2015,53.810001373291016,44.59764987945557,53.6681573595,35.5271423995
04/06/2015,54.97999954223633,44.805449905395506,53.8465501578,35.764349653
04/07/2015,59.45000076293945,45.028149909973145,54.0428109563,36.0134888636
04/08/2015,58.72999954223633,45.273849906921384,54.3432376405,36.2044621733
04/09/2015,59.099998474121094,45.522249908447264,54.6165805823,36.4279192346
04/10/2015,58.790000915527344,45.77624988555908,54.8915244964,36.6609752748
04/13/2015,58.09000015258789,45.9349499130249,55.1368541155,36.7330457106
04/14/2015,58.709999084472656,46.07214992523193,55.351653083,36.7926467674
04/15/2015,61.65999984741211,46.224749908447265,55.5850003192,36.8644994977
04/16/2015,61.119998931884766,46.414649925231934,55.8927474423,36.9365524081
04/17/2015,60.70000076293945,46.60174991607666,56.1830560279,37.0204438043
04/20/2015,62.63999938964844,46.78234992980957,56.4570314512,37.1076684084
04/21/2015,66.37000274658203,46.980649909973145,56.7743721131,37.1869277069
04/22/2015,65.52999877929688,47.17424995422363,57.1561823841,37.1923175243
04/23/2015,66.62000274658203,47.40364994049072,57.5399970325,37.2673028485
04/24/2015,66.77999877929688,47.63824996948242,57.9437383949,37.3327615441
04/27/2015,66.62000274658203,47.89284996032715,58.3524452269,37.4332546938
04/28/2015,64.93000030517578,48.168649978637696,58.7540361616,37.5832637957
04/29/2015,66.5,48.41044998168945,59.0992758468,37.7216241166
04/30/2015,62.95000076293945,48.64524997711182,59.4701109958,37.8203889584
05/01/2015,66.91999816894531,48.86875,59.755745088,37.981754912
05/04/2015,66.80999755859375,49.12694999694824,60.1321730937,38.1217269002
05/05/2015,63.09000015258789,49.41354995727539,60.502046862,38.3250530526
05/06/2015,62.68000030517578,49.63534996032715,60.7732545038,38.4974454169
05/07/2015,61.470001220703125,49.87084995269775,61.0330837276,38.7086161778
05/08/2015,66.12999725341797,50.10704998016357,61.2623207878,38.9517791725
05/11/2015,64.31999969482422,50.38854995727539,61.5893320471,39.1877678674
05/12/2015,60.77000045776367,50.65734996795654,61.8666973656,39.4480025703
05/13/2015,61.29999923706055,50.89234996795654,62.0648469946,39.7198529413
05/14/2015,61.5,51.1191499710083,62.2703982062,39.9679017358
05/15/2015,60.22999954223633,51.32784996032715,62.4761314218,40.1795684989
05/18/2015,63.220001220703125,51.51064994812012,62.653531345,40.3677685513
05/19/2015,63.15999984741211,51.716149978637695,62.8835620958,40.5487378614
05/20/2015,63.20000076293945,51.937649993896486,63.1101802044,40.7651197834
05/21/2015,64.83000183105469,52.15365001678467,63.3330288167,40.9742712168
05/22/2015,63.540000915527344,52.38365001678467,63.5848433544,41.1824566791
05/26/2015,62.5,52.60685001373291,63.8057466138,41.4079534137
05/27/2015,64.2699966430664,52.8333500289917,64.0009529211,41.6657471369
05/28/2015,64.26000213623047,53.07954998016358,64.2251635577,41.9339364026
05/29/2015,62.189998626708984,53.333349990844724,64.4416370229,42.2250629588
06/01/2015,60.720001220703125,53.56474998474121,64.6139470593,42.5155529102
06/02/2015,62.11000061035156,53.800449981689454,64.7479034772,42.8529964862
06/03/2015,62.279998779296875,54.042049980163576,64.9032877728,43.1808121875
06/04/2015,61.66999816894531,54.27934997558594,65.0584397675,43.5002601836
06/05/2015,66.23999786376953,54.52544994354248,65.1889094522,43.8619904349
06/08/2015,68.6500015258789,54.80414993286133,65.4057543098,44.2025455559
06/09/2015,65.33999633789062,55.11614994049072,65.6613897428,44.5709101381
06/10/2015,63.369998931884766,55.392049903869626,65.8397960921,44.9443037157
06/11/2015,62.65999984741211,55.66864990234375,65.9565815855,45.3807182192
06/12/2015,66.44999694824219,55.928749885559085,66.0601656896,45.7973340815
06/15/2015,70.83000183105469,56.22474987030029,66.2259972449,46.2235024957
06/16/2015,71.18000030517578,56.57079990386963,66.4722357447,46.669364063
06/17/2015,73.88999938964844,56.92139991760254,66.7125921893,47.1302076459
06/18/2015,72.52999877929688,57.290399894714355,67.0186069464,47.562192843
06/19/2015,73.22000122070312,57.655099868774414,67.2634380132,48.0467617244
06/22/2015,73.4000015258789,58.029299888610836,67.5069759512,48.551623826
06/23/2015,71.86000061035156,58.41679988861084,67.7212534495,49.1123463277
06/24/2015,69.88999938964844,58.797599906921384,67.8621089493,49.7330908645
06/25/2015,69.75,59.157799911499026,67.9357347766,50.3798650464
06/26/2015,65.77999877929688,59.51529991149902,67.9838967438,51.0467030792
06/29/2015,61.90999984741211,59.82379989624023,67.9459951057,51.7016046868
06/30/2015,62.81999969482422,60.10239990234375,67.8025993384,52.4022004663
07/01/2015,62.27000045776367,60.36239990234375,67.7026058427,53.022193962
07/02/2015,60.380001068115234,60.614399909973145,67.5732898766,53.6555099434
07/06/2015,58.029998779296875,60.857299919128415,67.3652363622,54.3493634761
07/07/2015,56.810001373291016,61.028599891662594,67.2270587156,54.8301410677
07/08/2015,56.97999954223633,61.178799896240236,67.0843109308,55.2732888617
07/09/2015,59.29999923706055,61.29169990539551,67.0048062202,55.5785935906
07/10/2015,58.54999923706055,61.35949989318848,67.0079712376,55.7110285487
07/13/2015,57.619998931884766,61.356399879455566,67.0063270375,55.7064727214
07/14/2015,59.220001220703125,61.32939987182617,66.9906553473,55.6681443964
07/15/2015,57.310001373291016,61.27879989624024,66.9360685383,55.6215312542
07/16/2015,56.88999938964844,61.148399925231935,66.7450356572,55.5517641932
07/17/2015,56.86000061035156,61.13309993743896,66.7392568579,55.526943017
07/20/2015,54.97999954223633,61.100599937438965,66.7219935034,55.4792063715
07/21/2015,56.81999969482422,61.04729991912842,66.7011120633,55.3934877749
07/22/2015,57.5,60.990899925231936,66.658452685,55.3233471654
07/23/2015,61.720001220703125,60.973199920654295,66.6488575802,55.2975422611
07/24/2015,63.0099983215332,61.01299991607666,66.6797932987,55.3462065334
07/27/2015,59.83000183105469,61.062899894714356,66.7250864691,55.4007133204
07/28/2015,59.83000183105469,61.068099899291994,66.7289128804,55.4072869182
07/29/2015,58.93000030517578,61.03769992828369,66.6969171812,55.3784826754
07/30/2015,58.58000183105469,61.02919994354248,66.6909376203,55.3674622667
07/31/2015,59.130001068115234,61.03709995269775,66.6948621182,55.3793377872
08/03/2015,56.83000183105469,61.08139995574951,66.7066192609,55.4561806506
08/04/2015,57.56999969482422,61.09369998931885,66.7082549297,55.4791450489
08/05/2015,59.90999984741211,61.15219997406006,66.6988482667,55.6055516815
08/06/2015,58.63999938964844,61.250899963378906,66.6856204278,55.816179499
08/07/2015,60.31999969482422,61.33229995727539,66.6653956891,55.9992042254
08/10/2015,63.13999938964844,61.40489994049072,66.6739204953,56.1358793857
08/11/2015,58.92499923706055,61.520599937438966,66.6986347182,56.3425651567
08/12/2015,57.93000030517578,61.60574993133545,66.6691194374,56.5423804252
08/13/2015,58.060001373291016,61.69814994812012,66.6069296364,56.7893702599
08/14/2015,58.70000076293945,61.72984996795654,66.6046797339,56.855020202
08/17/2015,59.93000030517578,61.78634998321533,66.592510069,56.9801898975
08/18/2015,59.5,61.884249992370606,66.5498341871,57.2186657977
08/19/2015,61.630001068115234,61.95055000305176,66.5339504269,57.3671495792
08/20/2015,55.189998626708984,62.044550018310545,66.5228153014,57.5662847352
08/21/2015,52.16999816894531,62.04825000762939,66.5206938284,57.5758061869
08/24/2015,48.54999923706055,62.01424999237061,66.5483120841,57.4801879007
08/25/2015,46.709999084472656,61.94564998626709,66.6285670659,57.2627329066
08/26/2015,50.13999938964844,61.87464996337891,66.7309895491,57.0183103776
08/27/2015,50.68000030517578,61.82624996185303,66.774315221,56.8781847027
08/28/2015,52.380001068115234,61.73854995727539,66.8042761371,56.6728237774
08/31/2015,51.04999923706055,61.67504997253418,66.8173121302,56.5327878149
09/01/2015,50.2599983215332,61.59454998016358,66.8384977277,56.3506022326
09/02/2015,50.9900016784668,61.509249954223634,66.8662806189,56.1522192895
09/03/2015,48.59000015258789,61.43824996948242,66.8864028396,55.9900970994
09/04/2015,46.5099983215332,61.33704998016358,66.9270830715,55.7470168888
09/08/2015,48.279998779296875,61.18554996490479,66.9668032331,55.4042966967
09/09/2015,48.25,61.057149963378905,66.9793026408,55.1349972859
09/10/2015,47.400001525878906,60.93264995574951,66.990318437,54.8749814745
09/11/2015,48.47999954223633,60.780249977111815,66.9830152467,54.5774847075
09/14/2015,46.439998626708984,60.60134994506836,66.8976028002,54.3050970899
09/15/2015,45.97999954223633,60.41044994354248,66.8423143796,53.9785855075
09/16/2015,46.2400016784668,60.20404991149903,66.7632474751,53.6448523479
09/17/2015,47.31999969482422,59.99864994049072,66.6693619659,53.3279379151
09/18/2015,47.650001525878906,59.80564990997314,66.5606634928,53.0506363271
09/21/2015,49.459999084472656,59.63284992218018,66.4750247866,52.7906750578
09/22/2015,50.04999923706055,59.462449913024905,66.3435553585,52.5813444675
09/23/2015,52.5099983215332,59.333449897766116,66.2686703929,52.3982294026
09/24/2015,52.70000076293945,59.18934989929199,66.115139116,52.2635606826
09/25/2015,50.11000061035156,59.04824993133545,65.9610656303,52.1354342324
09/28/2015,50.86000061035156,58.91844993591309,65.8758731953,51.9610266766
09/29/2015,48.349998474121094,58.800249938964846,65.7930791671,51.8074207108
09/30/2015,50.13999938964844,58.66904991149902,65.7332730821,51.6048267409
10/01/2015,51.13999938964844,58.50914993286133,65.5836443089,51.4346555568
10/02/2015,53.11000061035156,58.37734992980957,65.4651199235,51.2895799361
10/05/2015,53.58000183105469,58.300749931335446,65.403623846,51.1978760167
10/06/2015,52.20000076293945,58.22354995727539,65.3353540655,51.1117458491
10/07/2015,52.86000061035156,58.13054996490479,65.2596865799,51.0014133499
10/08/2015,53.369998931884766,58.05684997558594,65.2019788902,50.911721061
10/09/2015,52.90999984741211,57.95834995269775,65.0995157799,50.8171841255
10/12/2015,50.849998474121094,57.85584995269775,64.9951797456,50.7165201597
10/13/2015,49.93000030517578,57.73234992980957,64.8849716664,50.5797281932
10/14/2015,47.9900016784668,57.58334991455078,64.7417573264,50.4249425027
10/15/2015,50.02000045776367,57.42784992218017,64.6239685162,50.2317313282
10/16/2015,49.95000076293945,57.303049926757815,64.5183145132,50.0877853403
10/19/2015,50.459999084472656,57.159849967956546,64.3775245713,49.9421753646
10/20/2015,49.52000045776367,57.021849937438965,64.2343766155,49.8093232594
10/21/2015,46.40999984741211,56.89514995574951,64.1270354667,49.6632644448
10/22/2015,47.34000015258789,56.752049942016605,64.0481296624,49.4559702217
10/23/2015,46.099998474121094,56.60434993743897,63.9398631746,49.2688367003
10/26/2015,47.619998931884766,56.44254993438721,63.8293529852,49.0557468836
10/27/2015,47.20000076293945,56.3020499420166,63.7216342278,48.8824656562
10/28/2015,49.72999954223633,56.1116499710083,63.5180542085,48.7052457335
10/29/2015,48.279998779296875,55.92244995117188,63.2473512547,48.5975486476
10/30/2015,49.63999938964844,55.75184997558594,63.0540581043,48.4496418469
11/02/2015,50.709999084472656,55.614549980163574,62.9012898209,48.3278101394
11/03/2015,50.70000076293945,55.49504997253418,62.7632313001,48.2268686449
11/04/2015,51.599998474121094,55.337550010681156,62.5369576189,48.1381424024
11/05/2015,49.25,55.14524997711182,62.1832911029,48.1072088514
11/06/2015,47.22999954223633,54.92594997406006,61.8007109109,48.0511890372
11/09/2015,44.779998779296875,54.65934997558594,61.3066943481,48.012005603
11/10/2015,40.5,54.381849975585936,60.8542989612,47.90940099
11/11/2015,40.16999816894531,54.05464996337891,60.392144278,47.7171556488
11/12/2015,40.2599983215332,53.72234992980957,59.9061044656,47.538595394
11/13/2015,38.779998779296875,53.406349906921385,59.4612297183,47.3514700955
11/16/2015,38.63999938964844,53.09524990081787,59.0941648683,47.0963349333
11/17/2015,38.06999969482422,52.78414989471435,58.7176086869,46.8506911026
11/18/2015,39.150001525878906,52.50704990386963,58.4740667559,46.5400330519
11/19/2015,40.16999816894531,52.279449920654294,58.3171184356,46.2417814057
11/20/2015,41.540000915527344,52.05294990539551,58.1157458909,45.9901539199
11/23/2015,40.90999984741211,51.84564990997315,57.9099603917,45.7813394283
11/24/2015,42.4900016784668,51.65094989776611,57.7505799234,45.5513198721
11/25/2015,44.41999816894531,51.49554992675781,57.6285462887,45.3625535648
11/27/2015,43.86000061035156,51.37164989471435,57.5211615454,45.222138244
11/30/2015,43.290000915527344,51.24044990539551,57.4088364851,45.0720633257
12/01/2015,43.13999938964844,51.080349922180176,57.2452419755,44.9154578688
12/02/2015,42.08000183105469,50.92624992370605,57.0950976506,44.7574021969
12/03/2015,40.33000183105469,50.77084995269775,56.9648011489,44.5768987565
12/04/2015,41.0,50.58194995880127,56.8033308133,44.3605691043
12/07/2015,39.38999938964844,50.41884994506836,56.6754024314,44.1622974587
12/08/2015,40.040000915527344,50.24384994506836,56.5613986555,43.9263012346
12/09/2015,38.90999984741211,50.075649948120116,56.4385566207,43.7127432756
12/10/2015,42.33000183105469,49.91494995117188,56.3544334559,43.4754664465
12/11/2015,40.25,49.77004997253418,56.2155498805,43.3245500646
12/14/2015,40.5099983215332,49.59754997253418,56.0646594547,43.1304404904
12/15/2015,41.349998474121094,49.38544994354248,55.7990929286,42.9718069585
12/16/2015,43.97999954223633,49.16884994506836,55.4836977182,42.8540021719
12/17/2015,44.22999954223633,49.010349922180175,55.254132448,42.7665673963
12/18/2015,45.45000076293945,48.85434989929199,55.0202523512,42.6884474474
12/21/2015,45.40999984741211,48.71954990386963,54.8105999469,42.6284998608
12/22/2015,45.150001525878906,48.587849884033204,54.6062210778,42.5694786903
12/23/2015,45.970001220703125,48.44804988861084,54.3816884253,42.5144113519
12/24/2015,46.16999816894531,48.339449882507324,54.2178092107,42.4610905543
12/28/2015,45.560001373291016,48.225449867248535,54.0338185794,42.4170811551
12/29/2015,45.41999816894531,48.081949882507324,53.776009412,42.387890353
12/30/2015,45.65999984741211,47.949749870300295,53.5498367319,42.3496630087
12/31/2015,45.13999938964844,47.80314987182617,53.2677340319,42.3385657117
01/04/2016,43.849998474121094,47.62314987182617,52.871770092,42.3745296516
01/05/2016,43.79999923706055,47.472399864196774,52.6095525167,42.3352472117
01/06/2016,42.099998474121094,47.331099853515624,52.3720940884,42.2901056186
01/07/2016,39.689998626708984,47.17149982452393,52.1221262137,42.2208734354
01/08/2016,38.290000915527344,46.98139980316162,51.8499959961,42.1128036102
01/11/2016,37.90999984741211,46.764999809265134,51.533137971,41.9968616476
01/12/2016,37.84000015258789,46.54909980773926,51.2235876581,41.8746119574
01/13/2016,45.27000045776367,46.311199798583985,50.8143529815,41.8080466157
01/14/2016,46.75,46.21199981689453,50.6268676775,41.7971319563
01/15/2016,48.310001373291016,46.157799835205076,50.532275528,41.7833241424
01/19/2016,46.34000015258789,46.155399856567385,50.5286281106,41.7821716025
01/20/2016,46.33000183105469,46.15169986724854,50.5246138432,41.7787858912
01/21/2016,48.650001525878906,46.113599891662595,50.4681581492,41.7590416341
01/22/2016,46.29999923706055,46.09329990386963,50.4312232243,41.7553765834
01/25/2016,44.56999969482422,46.03249988555908,50.3242458266,41.7407539445
01/26/2016,43.0099983215332,45.96769989013672,50.2320310515,41.7033687288
01/27/2016,42.15999984741211,45.895199890136716,50.1475528543,41.642846926
01/28/2016,39.86000061035156,45.806899871826175,50.0441933452,41.5696063985
01/29/2016,43.58000183105469,45.719599876403805,49.9884679145,41.4507318383
02/01/2016,44.130001068115234,45.690299911499025,49.9636952056,41.4169046174
02/02/2016,42.939998626708984,45.648799934387206,49.9169921763,41.3806076925
02/03/2016,43.349998474121094,45.5956999206543,49.8642311704,41.3271686709
02/04/2016,43.68000030517578,45.55519989013672,49.8256325947,41.2847671855
02/05/2016,40.84000015258789,45.507199897766114,49.7714595862,41.2429402094
02/08/2016,37.18000030517578,45.4511999130249,49.7395447093,41.1628551168
02/09/2016,35.16999816894531,45.363199920654296,49.7293753903,40.997024451
02/10/2016,35.970001220703125,45.25249988555908,49.7338567717,40.7711429995
02/11/2016,36.7400016784668,45.13899990081787,49.7094024601,40.5685973415
02/12/2016,32.779998779296875,45.02989990234375,49.6687636818,40.3910361229
02/16/2016,34.470001220703125,44.863099899291996,49.637571379,40.0886284196
02/17/2016,36.31999969482422,44.70729991912842,49.5634743426,39.8511254957
02/18/2016,35.9900016784668,44.54539993286133,49.4086154794,39.6821843863
02/19/2016,36.040000915527344,44.3782999420166,49.2455287523,39.5110711318
02/22/2016,36.810001373291016,44.23759994506836,49.1403408298,39.3348590603
02/23/2016,35.91999816894531,44.097099952697754,49.0093558739,39.1848440315
02/24/2016,35.959999084472656,43.972799949645996,48.9328993662,39.0127005331
02/25/2016,36.869998931884766,43.83099994659424,48.8153941193,38.8466057739
02/26/2016,38.06999969482422,43.6882999420166,48.6656649678,38.7109349162
02/29/2016,37.470001220703125,43.53789993286133,48.4551665495,38.6206333162
03/01/2016,37.79999923706055,43.37679992675781,48.2258527837,38.5277470698
03/02/2016,37.65999984741211,43.23279991149902,48.0312471535,38.4343526695
03/03/2016,38.560001373291016,43.08079990386963,47.812155207,38.3494446007
03/04/2016,39.619998931884766,42.93269992828369,47.5705323346,38.294867522
03/07/2016,38.75,42.79979991912842,47.3391943456,38.2604054927
03/08/2016,38.220001220703125,42.67879993438721,47.1629289009,38.1946709678
03/09/2016,38.040000915527344,42.56169994354248,47.0076767735,38.1157231136
03/10/2016,37.439998626708984,42.462199935913084,46.8969042941,38.0274955777
03/11/2016,38.529998779296875,42.33639991760254,46.7331940534,37.9396057818
03/14/2016,38.40999984741211,42.22219989776611,46.5677694515,37.8766303441
03/15/2016,37.849998474121094,42.101699905395506,46.3837753176,37.8196244932
03/16/2016,37.66999816894531,41.984999885559084,46.2220989829,37.7479007882
03/17/2016,39.970001220703125,41.897599868774414,46.1326625778,37.6625371597
03/18/2016,41.630001068115234,41.82389987945557,46.02762247,37.6201772889
03/21/2016,42.630001068115234,41.77919990539551,45.9609233905,37.5974764203
03/22/2016,42.189998626708984,41.72929992675781,45.8706053479,37.5879945056
03/23/2016,40.66999816894531,41.67919990539551,45.784164867,37.5742349438
03/24/2016,40.25,41.5885998916626,45.6140886951,37.5631110882
03/28/2016,40.88999938964844,41.50829990386963,45.4792295589,37.5373702489
03/29/2016,41.56999969482422,41.42079990386963,45.3070839471,37.5345158606
03/30/2016,42.040000915527344,41.32939990997315,45.1019560855,37.5568437344
03/31/2016,42.630001068115234,41.24279991149902,44.8967906712,37.5888091518
04/01/2016,42.2599983215332,41.15309993743897,44.6588281124,37.6473717625
04/04/2016,42.4900016784668,41.083199920654295,44.4952225405,37.6711773008
04/05/2016,42.09000015258789,41.0357999420166,44.3946109008,37.6769889833
04/06/2016,42.7599983215332,41.00889995574951,44.3483326289,37.6694672826
04/07/2016,40.70000076293945,41.03149993896484,44.3750569495,37.6879429284
04/08/2016,40.29999923706055,41.03679996490479,44.3794070995,37.6941928303
04/11/2016,38.47999954223633,41.03719997406006,44.3797165173,37.6946834308
04/12/2016,38.5,41.034199981689454,44.3788750048,37.6895249586
04/13/2016,38.779998779296875,41.03279998779297,44.378506009,37.6870939665
04/14/2016,39.41999816894531,41.03989997863769,44.3800598023,37.6997401549
04/15/2016,39.61000061035156,41.04259994506836,44.3813398294,37.7038600607
04/18/2016,39.65999984741211,41.03699996948242,44.3776678257,37.6963321133
04/19/2016,39.790000915527344,41.01819995880127,44.3612733171,37.6751266005
04/20/2016,39.18000030517578,41.00699996948242,44.3522924373,37.6617075017
04/21/2016,39.619998931884766,40.97389995574951,44.3207301608,37.6270697507
04/22/2016,39.599998474121094,40.9258999633789,44.2573475426,37.5944523842
04/25/2016,39.2599983215332,40.8832999420166,44.2041761657,37.5624237184
04/26/2016,39.61000061035156,40.84299991607666,44.1588744291,37.527125403
04/27/2016,41.02000045776367,40.80769992828369,44.1177178292,37.4976820274
04/28/2016,39.58000183105469,40.797099914550785,44.104722828,37.4894770011
04/29/2016,40.84000015258789,40.789599914550784,44.0991232275,37.4800766016
05/02/2016,42.279998779296875,40.78799991607666,44.0974597994,37.4785400328
05/03/2016,41.54999923706055,40.816899909973145,44.126644018,37.5071558019
05/04/2016,39.72999954223633,40.831999893188474,44.1416096401,37.5223901463
05/05/2016,40.380001068115234,40.84019989013672,44.1460511637,37.5343486166
05/06/2016,40.81999969482422,40.82069988250733,44.1234555689,37.5179441961
05/09/2016,40.810001373291016,40.826399879455565,44.1286575398,37.5241422191
05/10/2016,41.400001525878906,40.82939990997315,44.1315050332,37.5272947867
05/11/2016,40.38999938964844,40.82989994049072,44.1320876439,37.5277122371
05/12/2016,40.099998474121094,40.793999938964845,44.0812265311,37.5067733468
05/13/2016,40.63999938964844,40.75269992828369,44.0223953919,37.4830044647
05/16/2016,41.150001525878906,40.70459991455078,43.9400404528,37.4691593763
05/17/2016,41.310001373291016,40.66199993133545,43.863067981,37.4609318817
05/18/2016,41.47999954223633,40.62359992980957,43.7934799865,37.4537198731
05/19/2016,42.540000915527344,40.578699913024906,43.7040187284,37.4533810977
05/20/2016,42.900001525878906,40.542399940490725,43.623331758,37.461468123
05/23/2016,42.18000030517578,40.5157999420166,43.5646116638,37.4669882202
05/24/2016,42.869998931884766,40.48339996337891,43.4969339656,37.4698659612
05/25/2016,44.40999984741211,40.45549995422363,43.4336865593,37.4773133491
05/26/2016,44.95000076293945,40.44819995880127,43.4157709368,37.4806289808
05/27/2016,43.83000183105469,40.45919998168945,43.4413630024,37.477036961
05/31/2016,45.41999816894531,40.459500007629394,43.4420006106,37.4769994047
06/01/2016,46.18000030517578,40.492700004577635,43.5115343284,37.4738656808
06/02/2016,47.470001220703125,40.557600021362305,43.6278050983,37.4873949444
06/03/2016,47.45000076293945,40.649400024414064,43.7869348561,37.5118651927
06/06/2016,47.52000045776367,40.744800033569334,43.9420585826,37.5475414845
06/07/2016,47.68000030517578,40.841600036621095,44.0954818374,37.5877182359
06/08/2016,46.880001068115234,40.865700035095216,44.1609535675,37.5704465027
06/09/2016,45.709999084472656,40.867000045776365,44.1645995456,37.569400546
06/10/2016,45.58000183105469,40.84100002288818,44.0896997888,37.592300257
06/13/2016,45.9900016784668,40.83340003967285,44.070093378,37.5967067013
06/14/2016,45.5,40.83000003814697,44.0610913861,37.5989086902
06/15/2016,46.75,40.798500022888184,43.9679674563,37.6290325895
06/16/2016,47.790000915527344,40.80300003051758,43.9805843559,37.6254157051
06/17/2016,48.290000915527344,40.83520004272461,44.066652387,37.6037476985
06/20/2016,48.31999969482422,40.88800006866455,44.1967671344,37.5792330029
06/21/2016,49.77000045776367,40.949600067138675,44.3378608726,37.5613392617
06/22/2016,49.33000183105469,41.04870006561279,44.5467870909,37.5506130403
06/23/2016,51.029998779296875,41.106200065612796,44.6915914375,37.5208086937
06/24/2016,48.349998474121094,41.17520004272461,44.8824435439,37.4679565416
06/27/2016,44.540000915527344,41.229300041198734,45.000819596,37.4577804864
06/28/2016,45.5099983215332,41.241200065612794,45.0212598437,37.4611402875
06/29/2016,46.540000915527344,41.25950004577637,45.0557173678,37.4632827238
06/30/2016,48.59000015258789,41.31650005340576,45.1486135757,37.4843865311
07/01/2016,48.369998931884766,41.430600051879885,45.3074553462,37.5537447575
07/05/2016,49.400001525878906,41.56260005950928,45.4487529361,37.6764471829
07/06/2016,50.209999084472656,41.696900062561035,45.6193514248,37.7744487003
07/07/2016,50.5,41.8316000366211,45.8123663874,37.8508336858
07/08/2016,51.70000076293945,42.00880004882813,45.9770739332,38.0405261644
07/11/2016,52.720001220703125,42.181100044250485,46.1921309801,38.1700691084
07/12/2016,53.060001373291016,42.34510005950928,46.4473716949,38.2428284242
07/13/2016,52.84000015258789,42.51580005645752,46.7043215651,38.3272785478
07/14/2016,53.630001068115234,42.683800048828125,46.9454921731,38.4221079245
07/15/2016,53.58000183105469,42.852000045776364,47.2093968124,38.4946032791
07/18/2016,54.099998474121094,43.02860008239746,47.4587347002,38.5984654646
07/19/2016,53.369998931884766,43.210000076293944,47.7176928561,38.7023072965
07/20/2016,52.70000076293945,43.375000076293944,47.9490976725,38.8009024801
07/21/2016,51.380001068115234,43.521300086975096,48.1569328608,38.8856673132
07/22/2016,53.599998474121094,43.66040008544922,48.3209957593,38.9998044116
07/25/2016,55.0,43.818400077819824,48.5449951756,39.0918049801
07/26/2016,56.97999954223633,43.9918000793457,48.8065333525,39.1770668062
07/27/2016,55.959999084472656,44.176000061035154,49.129747707,39.2222524151
07/28/2016,56.54999923706055,44.33940006256103,49.4083221419,39.2704779832
07/29/2016,56.38999938964844,44.51740005493164,49.6982166354,39.3365834745
08/01/2016,56.47999954223633,44.6991000366211,49.9736483003,39.424551773
08/02/2016,54.900001525878906,44.883500022888185,50.2436600906,39.5233399552
08/03/2016,56.150001525878906,45.05810005187988,50.4571811473,39.6590189565
08/04/2016,56.36000061035156,45.2343000793457,50.7045077487,39.76409241
08/05/2016,56.209999084472656,45.4138000869751,50.9512230507,39.8763771232
08/08/2016,55.59000015258789,45.59740009307861,51.1851377656,40.0096624206
08/09/2016,55.310001373291016,45.77660011291504,51.3944985809,40.1587016449
08/10/2016,51.709999084472656,45.930000114440915,51.596475485,40.2635247439
08/11/2016,53.130001068115234,46.030800094604494,51.7095293937,40.3520707956
08/12/2016,52.95000076293945,46.13580009460449,51.8476538792,40.42394631
08/15/2016,51.88999938964844,46.2434001159668,51.9811989715,40.5056012604
08/16/2016,54.16999816894531,46.355600128173826,52.0930176313,40.618182625
08/17/2016,53.90999984741211,46.494800109863284,52.2512267452,40.7383734745
08/18/2016,55.470001220703125,46.625000114440915,52.4003970296,40.8496031993
08/19/2016,55.61000061035156,46.76400012969971,52.583166623,40.9448336364
08/22/2016,54.72999954223633,46.89970012664795,52.7651617237,41.0342385296
08/23/2016,56.06999969482422,47.02070011138916,52.9215332169,41.1198670059
08/24/2016,54.56999969482422,47.15880012512207,53.1080030246,41.2095972256
08/25/2016,54.13999938964844,47.279600105285645,53.2553598483,41.3038403623
08/26/2016,53.79999923706055,47.40010009765625,53.3914701884,41.4087300069
08/29/2016,53.689998626708984,47.51050010681152,53.5170472886,41.503952925
08/30/2016,53.880001068115234,47.640400085449215,53.6387138526,41.6420863183
08/31/2016,52.79999923706055,47.77620010375976,53.7604993746,41.791900833
09/01/2016,53.630001068115234,47.91940010070801,53.8506329955,41.988167206
09/02/2016,55.380001068115234,48.07070011138916,53.9524932572,42.1889069656
09/06/2016,57.470001220703125,48.23670013427734,54.0881121087,42.3852881598
09/07/2016,56.880001068115234,48.41720016479492,54.2722525119,42.5621478176
09/08/2016,54.869998931884766,48.589900169372555,54.4373213999,42.7424789388
09/09/2016,51.86000061035156,48.74200016021729,54.5528663476,42.9311339728
09/12/2016,52.58000183105469,48.86270015716553,54.6113898967,43.1140104176
09/13/2016,51.84000015258789,48.99670017242432,54.6738574074,43.3195429375
09/14/2016,51.709999084472656,49.11890018463135,54.7239692934,43.5138310759
09/15/2016,50.869998931884766,49.24000019073486,54.7683975661,43.7116028154
09/16/2016,50.59000015258789,49.356100196838376,54.7948742236,43.9173261701
09/19/2016,50.02000045776367,49.46590019226074,54.8169344282,44.1148659563
09/20/2016,49.56999969482422,49.555900192260744,54.8393844065,44.272415978
09/21/2016,50.25,49.65580017089844,54.8432891534,44.4683111884
09/22/2016,50.720001220703125,49.74990016937256,54.861410178,44.6383901607
09/23/2016,51.560001373291016,49.83430019378662,54.8911596834,44.7774407042
09/26/2016,50.70000076293945,49.934400215148926,54.924920419,44.9438800113
09/27/2016,50.91999816894531,50.044100227355955,54.9285471073,45.1596533474
09/28/2016,50.45000076293945,50.14950019836426,54.9370294167,45.3619709801
09/29/2016,49.619998931884766,50.24580020904541,54.9406558547,45.5509445634
09/30/2016,49.56999969482422,50.33390018463135,54.9325392446,45.7352611247
10/03/2016,49.63999938964844,50.4156001663208,54.9265309243,45.9046694083
10/04/2016,49.970001220703125,50.5081001663208,54.9059210938,46.1102792389
10/05/2016,50.599998474121094,50.60680019378662,54.8788836329,46.3347167547
10/06/2016,49.84000015258789,50.70640018463135,54.8593998274,46.5534005419
10/07/2016,49.72999954223633,50.79330017089844,54.8348485576,46.7517517842
10/10/2016,50.34000015258789,50.87750015258789,54.8067494761,46.9482508291
10/11/2016,49.93000030517578,50.966100158691404,54.780665556,47.1515347613
10/12/2016,48.09000015258789,51.04000015258789,54.7610472507,47.3189530545
10/13/2016,47.040000915527344,51.09190013885498,54.7344167306,47.4493835471
10/14/2016,46.630001068115234,51.140500144958494,54.6951484324,47.5858518576
10/17/2016,45.400001525878906,51.1781001663208,54.6642936207,47.6919067119
10/18/2016,46.470001220703125,51.188000183105466,54.6563195471,47.7196808191
10/19/2016,45.20000076293945,51.20320018768311,54.6473948606,47.7590055147
10/20/2016,45.560001373291016,51.21690017700195,54.634360162,47.799440192
10/21/2016,46.95000076293945,51.21830020904541,54.6334129598,47.8031874583
10/24/2016,47.220001220703125,51.226000213623045,54.6305963648,47.8214040624
10/25/2016,46.52000045776367,51.22350021362305,54.6309440793,47.8160563479
10/26/2016,45.970001220703125,51.21420021057129,54.6331800769,47.7952203442
10/27/2016,45.2599983215332,51.198700218200685,54.6378466514,47.759553785
10/28/2016,46.40999984741211,51.17450019836426,54.6466770169,47.7023233798
10/31/2016,46.75,51.169800186157225,54.6480996525,47.6915007198
11/01/2016,46.04999923706055,51.1802001953125,54.6436827019,47.7167176887
11/02/2016,44.939998626708984,51.18490016937256,54.641091192,47.7287091467
11/03/2016,47.79999923706055,51.17440013885498,54.6479090828,47.7008911949
11/04/2016,47.72999954223633,51.197400131225585,54.6407434236,47.7540568388
11/07/2016,49.43000030517578,51.20720012664795,54.6392479087,47.7751523445
11/08/2016,49.5,51.22360012054443,54.6431753729,47.8040248682
11/09/2016,51.34000015258789,51.23570011138916,54.6470043235,47.8243958993
11/10/2016,52.06999969482422,51.265900115966794,54.6646028218,47.8671974101
11/11/2016,53.040000915527344,51.2889001083374,54.6851833248,47.8926168918
11/14/2016,53.70000076293945,51.32600009918213,54.7209454586,47.9310547398
11/15/2016,53.9900016784668,51.35270011901856,54.7557022827,47.9496979554
11/16/2016,55.0099983215332,51.40910015106201,54.8086051423,48.0095951598
11/17/2016,54.459999084472656,51.51380012512207,54.8609618383,48.1666384119
11/18/2016,54.459999084472656,51.603300132751464,54.9081187065,48.298481559
11/21/2016,54.619998931884766,51.68250011444092,54.9598146351,48.4051855938
11/22/2016,52.90999984741211,51.742800102233886,55.018133339,48.4674668655
11/23/2016,52.369998931884766,51.78820011138916,55.0478952392,48.5285049836
11/25/2016,51.939998626708984,51.81790008544922,55.06921985,48.5665803209
11/28/2016,50.72999954223633,51.83520008087158,55.0825184431,48.5878817186
11/29/2016,51.15999984741211,51.83750007629394,55.083953271,48.5910468816
11/30/2016,51.0099983215332,51.83210006713867,55.0792265184,48.5849736159
12/01/2016,48.38999938964844,51.81500003814697,55.0619081994,48.5680918769
12/02/2016,48.52000045776367,51.76830001831055,55.0305136421,48.5060863946
12/05/2016,49.779998779296875,51.7251000213623,55.001409008,48.4487910347
12/06/2016,48.97999954223633,51.68659999847412,54.9629189745,48.4102810225
12/07/2016,49.0099983215332,51.640599975585936,54.9223003254,48.3588996258
12/08/2016,48.11000061035156,51.58969997406006,54.8723331574,48.3070667907
12/09/2016,47.83000183105469,51.53709999084472,54.8329006964,48.2412992852
12/12/2016,47.66999816894531,51.48840000152588,54.8025866269,48.1742133762
12/13/2016,47.88999938964844,51.45129997253418,54.7871868108,48.1154131343
12/14/2016,47.5,51.394199981689454,54.7416677044,48.046732259
12/15/2016,47.81999969482422,51.31919998168945,54.669057464,47.9693424993
12/16/2016,47.810001373291016,51.227599983215335,54.5465082528,47.9086917136
12/19/2016,47.4900016784668,51.14610000610352,54.4478198073,47.8443802049
12/20/2016,46.900001525878906,51.05550003051758,54.331899666,47.7791003951
12/21/2016,46.22999954223633,50.96060005187988,54.2184983636,47.7027017402
12/22/2016,45.880001068115234,50.85810005187988,54.1019470371,47.6142530666
12/23/2016,46.130001068115234,50.76790004730225,54.0234878963,47.5123121983
12/27/2016,46.31999969482422,50.66770004272461,53.9102674064,47.4251326791
12/28/2016,45.40999984741211,50.56730003356934,53.7874188313,47.3471812358
12/29/2016,45.43000030517578,50.45930004119873,53.669452374,47.2491477084
12/30/2016,45.5,50.35770004272461,53.5646383274,47.150761758
01/03/2017,46.15999984741211,50.2596000289917,53.4635895985,47.0556104595
01/04/2017,46.97999954223633,50.20410003662109,53.4304756432,46.97772443
01/05/2017,47.65999984741211,50.142600021362306,53.3712307798,46.9139692629
01/06/2017,48.439998626708984,50.08970001220703,53.3152350392,46.8641649852
01/09/2017,49.720001220703125,50.055200004577635,53.2797449846,46.8306550246
01/10/2017,50.41999816894531,50.01070003509521,53.2087491316,46.8126509386
01/11/2017,51.220001220703125,49.975800018310544,53.1500605419,46.8015394947
01/12/2017,50.79999923706055,49.93330001831055,53.0618366602,46.8047633764
01/13/2017,52.209999084472656,49.885200004577634,52.9626486699,46.8077513393
01/17/2017,50.41999816894531,49.86,52.9078486395,46.8121513605
01/18/2017,50.040000915527344,49.80349998474121,52.7874041546,46.8195958149
01/19/2017,51.47999954223633,49.75819999694824,52.7035346364,46.8128653575
01/20/2017,51.349998474121094,49.731599998474124,52.649121696,46.8140783009
01/23/2017,50.599998474121094,49.707099990844725,52.600541889,46.8136580927
01/24/2017,51.72999954223633,49.676199989318846,52.5433220777,46.809077901
01/25/2017,52.0099983215332,49.65469997406006,52.4981816972,46.8112182509
01/26/2017,51.93000030517578,49.64679996490479,52.4826192695,46.8109806603
01/27/2017,51.619998931884766,49.62979995727539,52.4467226143,46.8128773003
01/30/2017,51.529998779296875,49.59219993591309,52.3567252632,46.8276746086
01/31/2017,53.060001373291016,49.532799911499026,52.1891178584,46.8764819646
02/01/2017,53.02000045776367,49.49459991455078,52.0712573711,46.917942458
02/02/2017,53.20000076293945,49.47609992980957,52.0205363592,46.9316635004
02/03/2017,53.97999954223633,49.48949993133545,52.0499338267,46.9290660359
02/06/2017,54.0,49.50349990844727,52.0845383779,46.922461439
02/07/2017,53.90999984741211,49.52509990692138,52.1344840906,46.9157157233
02/08/2017,53.77000045776367,49.547099914550785,52.1839422398,46.9102575893
02/09/2017,55.33000183105469,49.57609992980957,52.2431066263,46.9090932333
02/10/2017,52.86000061035156,49.62349994659424,52.3495725597,46.8974273335
02/13/2017,52.869998931884766,49.65189994812012,52.3966845609,46.9071153353
02/14/2017,54.31999969482422,49.68489994049072,52.4482761555,46.9215237255
02/15/2017,53.689998626708984,49.725599937438965,52.5267139537,46.9244859212
02/16/2017,51.599998474121094,49.75529991149902,52.582424577,46.928175246
02/17/2017,52.54999923706055,49.75569988250732,52.5830826597,46.9283171054
02/21/2017,52.18000030517578,49.774199867248534,52.6137271459,46.9346725886
02/22/2017,51.029998779296875,49.78679988861084,52.6341682571,46.9394315201
02/23/2017,50.56999969482422,49.79259986877442,52.6419033042,46.9432964334
02/24/2017,50.529998779296875,49.80209987640381,52.6523955472,46.9518042056
02/27/2017,50.599998474121094,49.811699867248535,52.6628141958,46.9605855387
02/28/2017,50.58000183105469,49.82129985809326,52.6734359156,46.9691638005
03/01/2017,51.63999938964844,49.82739986419678,52.6804995902,46.9743001382
03/02/2017,50.84000015258789,49.837799873352054,52.6955885238,46.9800112229
03/03/2017,51.20000076293945,49.84779987335205,52.7073278023,46.9882719444
03/06/2017,50.43000030517578,49.86249988555908,52.725161163,46.9998386082
03/07/2017,49.290000915527344,49.86339988708496,52.7262252889,47.0005744853
03/08/2017,49.7400016784668,49.85699989318848,52.7203845738,46.9936152126
03/09/2017,49.83000183105469,49.873499908447265,52.7314036128,47.0155962041
03/10/2017,50.119998931884766,49.90139991760254,52.7450888824,47.0577109528
03/13/2017,51.0,49.936299896240236,52.7609779789,47.1116218135
03/14/2017,49.970001220703125,49.99229988098145,52.7817809837,47.2028187782
03/15/2017,50.0,50.027299880981445,52.7942330057,47.2603667563
03/16/2017,50.58000183105469,50.07529987335205,52.7993766348,47.3512231119
03/17/2017,50.720001220703125,50.125499877929684,52.8118993637,47.4391003922
03/20/2017,50.79999923706055,50.16319988250732,52.8311611414,47.4952386236
03/21/2017,49.43000030517578,50.198999862670895,52.8512001927,47.5467995326
03/22/2017,48.72999954223633,50.22809986114502,52.8556239843,47.600575738
03/23/2017,48.54999923706055,50.25569984436035,52.8526692828,47.6587304059
03/24/2017,48.779998779296875,50.28859985351563,52.8425559342,47.7346437728
03/27/2017,49.040000915527344,50.31229984283447,52.8410254833,47.7835742024
03/28/2017,49.040000915527344,50.33519985198975,52.8418343682,47.8285653357
03/29/2017,50.150001525878906,50.365099868774415,52.8380472089,47.8921525287
03/30/2017,51.33000183105469,50.41719989776611,52.8294394323,48.0049603632
03/31/2017,50.869998931884766,50.45249992370606,52.8519765668,48.0530232806
04/03/2017,51.060001373291016,50.48389991760254,52.86804026,48.0997595752
04/04/2017,50.970001220703125,50.50019992828369,52.8826506343,48.1177492222
04/05/2017,51.619998931884766,50.51489994049072,52.8956683899,48.134131491
04/06/2017,51.689998626708984,50.51769992828369,52.8996015014,48.1357983551
04/07/2017,52.15999984741211,50.51389991760254,52.8936240951,48.1341757401
04/10/2017,52.650001525878906,50.50509990692139,52.8770810004,48.1331188134
04/11/2017,52.84000015258789,50.49459991455078,52.8547092707,48.1344905584
04/12/2017,53.04999923706055,50.48309989929199,52.8289077794,48.1372920192
04/13/2017,51.95000076293945,50.46349990844727,52.7793997507,48.1476000661
04/17/2017,52.880001068115234,50.438399925231934,52.7242561897,48.1525436608
04/18/2017,52.529998779296875,50.422599945068356,52.685953825,48.1592460652
04/19/2017,52.41999816894531,50.40169994354248,52.6356569019,48.1677429852
04/20/2017,51.86000061035156,50.396799926757815,52.6257815944,48.1678182591
04/21/2017,51.880001068115234,50.39169994354248,52.6167409958,48.1666588913
04/24/2017,52.61000061035156,50.39109996795654,52.6157314966,48.1664684393
04/25/2017,52.7599983215332,50.4098999786377,52.6452341079,48.1745658494
04/26/2017,52.65999984741211,50.4258999633789,52.6722449489,48.1795549779
04/27/2017,53.90999984741211,50.442399978637695,52.6990111231,48.1857888342
04/28/2017,52.90999984741211,50.49759998321533,52.7707840549,48.2244159116
05/01/2017,53.18000030517578,50.54149997711182,52.8184554765,48.2645444777
05/02/2017,53.27000045776367,50.5754999923706,52.8661742041,48.2848257806
05/03/2017,51.970001220703125,50.61840000152588,52.9189423385,48.3178576645
05/04/2017,53.689998626708984,50.64800003051758,52.9466991369,48.3493009242
05/05/2017,54.209999084472656,50.70380001068115,53.0079326214,48.3996674
05/08/2017,54.5,50.767599983215334,53.0795912918,48.4556086746
05/09/2017,54.790000915527344,50.83590000152588,53.1562438655,48.5155561375
05/10/2017,55.25,50.904900016784666,53.2391666,48.5706334336
05/11/2017,55.150001525878906,50.982400016784666,53.330944189,48.6338558446
05/12/2017,48.290000915527344,51.055700035095214,53.4187421637,48.6926579065
05/15/2017,47.81999969482422,51.06050003051758,53.4174239537,48.7035761073
05/16/2017,48.38999938964844,51.06380001068115,53.4159486729,48.7116513484
05/17/2017,46.720001220703125,51.07869998931885,53.4090435776,48.7483564011
05/18/2017,46.459999084472656,51.08360000610352,53.4042380258,48.7629619864
05/19/2017,46.65999984741211,51.08939998626709,53.3977174719,48.7810825006
05/22/2017,46.40999984741211,51.094699974060056,53.3922075375,48.7971924106
05/23/2017,47.9900016784668,51.09559997558594,53.3912538518,48.7999460994
05/24/2017,49.0,51.12139999389648,53.3669618385,48.8758381493
05/25/2017,48.869998931884766,51.15709999084473,53.3393824161,48.9748175656
05/26/2017,48.9900016784668,51.190799980163575,53.3105880365,49.0710119238
05/30/2017,48.9900016784668,51.21909999847412,53.2898597973,49.1483401996
05/31/2017,49.0099983215332,51.239200019836424,53.2782270427,49.2001729969
06/01/2017,48.9900016784668,51.25270000457763,53.272362257,49.2330377521
06/02/2017,48.95000076293945,51.258200035095214,53.2709321361,49.2454679341
06/05/2017,48.689998626708984,51.25050003051758,53.2705615403,49.2304385208
06/06/2017,48.70000076293945,51.233200035095216,53.2676566098,49.1987434604
06/07/2017,47.61000061035156,51.20800003051758,53.2580116786,49.1579883824
06/08/2017,48.65999984741211,51.17610004425049,53.2568022094,49.0953978791
06/09/2017,47.290000915527344,51.140600051879886,53.2336073095,49.0475927943
06/12/2017,48.02000045776367,51.1093000793457,53.2359825094,48.9826176492
06/13/2017,48.83000183105469,51.08910007476807,53.2353465268,48.9428536227
06/14/2017,48.38999938964844,51.06260009765625,53.2201864363,48.905013759
06/15/2017,48.540000915527344,51.03300010681152,53.2066846784,48.8593155353
06/16/2017,48.56999969482422,51.01240013122558,53.1998085986,48.8249916639
06/19/2017,48.970001220703125,50.98080013275146,53.1804048593,48.7811954062
06/20/2017,48.66999816894531,50.95040016174316,53.1565682035,48.74423212
06/21/2017,49.369998931884766,50.91780014038086,53.1333183269,48.7022819538
06/22/2017,49.59000015258789,50.89530014038086,53.114993957,48.6756063238
06/23/2017,49.97999954223633,50.87590015411377,53.0984378786,48.6533624296
06/26/2017,49.63999938964844,50.84510013580322,53.0584796092,48.6317206624
06/27/2017,49.470001220703125,50.811300125122074,53.0170034181,48.6055968321
06/28/2017,50.869998931884766,50.77400012969971,52.97051274,48.5774875194
06/29/2017,49.810001373291016,50.74290012359619,52.9156882569,48.5701119903
06/30/2017,49.95000076293945,50.7010001373291,52.8508533109,48.5511469637
07/03/2017,49.209999084472656,50.661400146484375,52.7881262026,48.5346740903
07/05/2017,49.279998779296875,50.61580013275147,52.7241919484,48.5074083171
07/06/2017,48.650001525878906,50.555300102233886,52.6137612922,48.4968389123
07/07/2017,49.29999923706055,50.51320011138916,52.5671415038,48.4592587189
07/10/2017,49.439998626708984,50.477500114440915,52.521166993,48.4338332359
07/11/2017,49.27000045776367,50.428700103759766,52.4380056885,48.4193945191
07/12/2017,50.439998626708984,50.384500122070314,52.3700530583,48.3989471859
07/13/2017,51.0,50.37290012359619,52.3547029243,48.3910973229
07/14/2017,42.68000030517578,50.35740013122559,52.3281454289,48.3866548336
07/17/2017,42.400001525878906,50.26240013122558,52.3673984674,48.1574017951
07/18/2017,42.33000183105469,50.176100158691405,52.420170423,47.9320298943
07/19/2017,42.56999969482422,50.09370018005371,52.4692259358,47.7181744243
07/20/2017,42.560001373291016,50.01410018920898,52.5042695776,47.5239308008
07/21/2017,42.349998474121094,49.933700218200684,52.5311379077,47.3362625287
07/24/2017,42.4900016784668,49.851400184631345,52.5552599294,47.1475404399
07/25/2017,43.209999084472656,49.75990020751953,52.5549666257,46.9648337894
07/26/2017,42.779998779296875,49.68360019683838,52.5513380647,46.815862329
07/27/2017,42.650001525878906,49.599400177001954,52.5439601193,46.6548402347
07/28/2017,42.20000076293945,49.52160018920898,52.5449134158,46.4982869626
07/31/2017,41.68000030517578,49.450700187683104,52.5605101264,46.3408902489
08/01/2017,42.13999938964844,49.37010017395019,52.5743820445,46.1658183034
08/02/2017,40.22999954223633,49.29320014953613,52.5768166269,46.0095836722
08/03/2017,40.720001220703125,49.194300155639645,52.5982590349,45.7903412763
08/04/2017,40.68000030517578,49.09150016784668,52.5931997723,45.5898005634
08/07/2017,40.709999084472656,48.9986001586914,52.5976396648,45.3995606526
08/08/2017,40.20000076293945,48.90570014953613,52.5964231161,45.214977183
08/09/2017,40.29999923706055,48.80190013885498,52.5887881396,45.0150121381
08/10/2017,40.209999084472656,48.697700119018556,52.5727091717,44.8226910664
08/11/2017,40.06999969482422,48.591800117492674,52.551685775,44.63191446
08/14/2017,40.599998474121094,48.49820011138916,52.5467947427,44.4496054801
08/15/2017,40.369998931884766,48.416900100708006,52.5409499765,44.2928502249
08/16/2017,40.52000045776367,48.33510009765625,52.5361053545,44.1340948408
08/17/2017,40.06999969482422,48.25250011444092,52.524548907,43.9804513219
08/18/2017,40.08000183105469,48.16280010223389,52.5108670693,43.8147331352
08/21/2017,40.279998779296875,48.07320011138916,52.4939782847,43.6524219381
08/22/2017,40.38999938964844,47.97450008392334,52.4575511422,43.4914490256
08/23/2017,39.720001220703125,47.865100059509274,52.3981377842,43.3320623348
08/24/2017,40.0099983215332,47.75360008239746,52.3480675105,43.1591326543
08/25/2017,40.02000045776367,47.643100051879884,52.28930619,42.9968939137
08/28/2017,40.040000915527344,47.53360004425049,52.2288822495,42.838317839
08/29/2017,40.189998626708984,47.41780006408691,52.1534963246,42.6821038036
08/30/2017,39.4900016784668,47.30280006408692,52.0728617411,42.5327383871
08/31/2017,40.0099983215332,47.17610008239746,51.9835848516,42.3686153132
09/01/2017,41.45000076293945,47.049700050354005,51.8777252172,42.2216748835
09/05/2017,40.63999938964844,46.935800056457516,51.7602320823,42.1113680306
09/06/2017,41.11000061035156,46.8117000579834,51.6368715893,41.9865285267
09/07/2017,40.869998931884766,46.70330005645752,51.5335797762,41.8730203368
09/08/2017,41.52000045776367,46.58320003509522,51.4077140854,41.7586859848
09/11/2017,42.09000015258789,46.47310005187988,51.2862621686,41.6599379352
09/12/2017,42.439998626708984,46.369800071716305,51.1650392056,41.5745609378
09/13/2017,41.900001525878906,46.275600051879884,51.0545596753,41.4966404285
09/14/2017,41.439998626708984,46.17580005645752,50.9408667464,41.4107333665
09/15/2017,41.68000030517578,46.06410003662109,50.8079036213,41.320296452
09/18/2017,42.41999816894531,45.95330005645752,50.6687267158,41.2378733971
09/19/2017,42.09000015258789,45.85090003967285,50.5306229821,41.1711770972
09/20/2017,42.290000915527344,45.73270004272461,50.3563120897,41.1090879957
09/21/2017,42.15999984741211,45.62650005340576,50.2057898861,41.0472102207
09/22/2017,42.849998474121094,45.51630004882813,50.0448057523,40.9877943453
09/25/2017,41.9900016784668,45.4121000289917,49.8804777215,40.9437223365
09/26/2017,42.5099983215332,45.312300033569336,49.744397286,40.8802027812
09/27/2017,41.90999984741211,45.20050003051758,49.5602772526,40.8407228085
09/28/2017,41.04999923706055,45.07750003814697,49.3540747902,40.8009252861
09/29/2017,41.0,44.94300003051758,49.1317198743,40.7542801867
10/02/2017,41.11000061035156,44.80510002136231,48.8931552736,40.7170447691
10/03/2017,41.709999084472656,44.66370002746582,48.6307871236,40.6966129313
10/04/2017,42.02000045776367,44.52930000305176,48.3643143398,40.6942856663
10/05/2017,42.36000061035156,44.46659999847412,48.2908568937,40.6423431032
10/06/2017,42.650001525878906,44.412000007629395,48.2269553621,40.5970446532
10/09/2017,42.630001068115234,44.3546000289917,48.1524140311,40.5567860269
10/10/2017,42.2599983215332,44.31370002746582,48.1078415077,40.5195585472
10/11/2017,42.11000061035156,44.27170001983642,48.0650964508,40.4783035889
10/12/2017,42.029998779296875,44.22620002746582,48.0179642495,40.4344358054
10/13/2017,42.40999984741211,44.18240001678467,47.9739828864,40.3908171471
10/16/2017,42.369998931884766,44.12659999847412,47.9027650816,40.3504349154
10/17/2017,42.58000183105469,44.060299987792966,47.8084172806,40.312182695
10/18/2017,42.97999954223633,43.99740001678467,47.716944024,40.2778560096
10/19/2017,43.83000183105469,43.937299995422364,47.6240988688,40.2505011221
10/20/2017,43.65999984741211,43.88569999694824,47.5373627085,40.2340372854
10/23/2017,43.5099983215332,43.83220001220703,47.4474044854,40.216995539
10/24/2017,43.470001220703125,43.777399978637696,47.3553476163,40.1994523409
10/25/2017,43.40999984741211,43.72259998321533,47.2626696449,40.1825303215
10/26/2017,43.58000183105469,43.669799995422366,47.174587017,40.1650129738
10/27/2017,43.09000015258789,43.61860000610351,47.0867352496,40.1504647626
10/30/2017,41.900001525878906,43.573400001525876,47.0185996209,40.1282003822
10/31/2017,42.369998931884766,43.505800018310545,46.9166794216,40.094920615
11/01/2017,41.470001220703125,43.45659999847412,46.8479679141,40.0652320829
11/02/2017,46.09000015258789,43.391100006103514,46.7568548396,40.0253451726
11/03/2017,44.61000061035156,43.363699989318846,46.6960533511,40.0313466275
11/06/2017,44.4900016784668,43.32590000152588,46.622268592,40.029531411
11/07/2017,44.54999923706055,43.285400009155275,46.5420990249,40.0287009935
11/08/2017,45.36000061035156,43.24520000457764,46.4609727907,40.0294272184
11/09/2017,44.209999084472656,43.20909999847412,46.3803586962,40.0378413007
11/10/2017,44.84000015258789,43.16450000762939,46.2896714382,40.0393285771
11/13/2017,44.33000183105469,43.11920001983643,46.1863868775,40.0520131622
11/14/2017,44.400001525878906,43.0666000366211,46.0667360883,40.066463985
11/15/2017,43.88999938964844,43.01080005645752,45.9327054893,40.0888946236
11/16/2017,44.72999954223633,42.95330005645752,45.7997877493,40.1068123636
11/17/2017,45.099998474121094,42.90590003967285,45.682073322,40.1297267573
11/20/2017,45.86000061035156,42.84820003509522,45.5160982286,40.1803018416
11/21/2017,47.02000045776367,42.80870002746582,45.4014135035,40.2159865514
11/22/2017,47.189998626708984,42.77940002441406,45.3069825512,40.2518174976
11/24/2017,46.93000030517578,42.75920001983643,45.2430021752,40.2753978644
11/27/2017,47.029998779296875,42.73570003509521,45.1682847681,40.303115302
11/28/2017,47.39500045776367,42.71950000762939,45.1177965778,40.3212034375
11/29/2017,46.66999816894531,42.700450019836424,45.0535409403,40.3473590994
11/30/2017,47.060001373291016,42.67275001525879,44.9617732918,40.3837267387
12/01/2017,46.47999954223633,42.65065002441406,44.8859087928,40.415391256
12/04/2017,44.779998779296875,42.611050033569335,44.7405366532,40.4815634139
12/05/2017,44.52000045776367,42.548850021362306,44.5171342978,40.5805657449
12/06/2017,44.06999969482422,42.56725002288818,44.5452507229,40.5892493229
12/07/2017,44.130001068115234,42.58395000457764,44.5675101184,40.6003898908
12/08/2017,44.02000045776367,42.60194999694824,44.591282691,40.6126173029
12/11/2017,43.900001525878906,42.616450004577636,44.6107751486,40.6221248605
12/12/2017,43.5,42.62985000610352,44.628248465,40.6314515472
12/13/2017,43.4900016784668,42.64135002136231,44.6414131683,40.6412868744
12/14/2017,43.0,42.651350021362305,44.6531306349,40.6495694078
12/15/2017,43.599998474121094,42.64925003051758,44.6505535795,40.6479464815
12/18/2017,43.970001220703125,42.65745002746582,44.6609511951,40.6539488598
12/19/2017,43.83000183105469,42.670650024414066,44.6784025093,40.6628975395
12/20/2017,42.83000183105469,42.686950035095215,44.6974301292,40.6764699409
12/21/2017,42.2599983215332,42.698450050354005,44.7064249305,40.6904751702
12/22/2017,41.939998626708984,42.69965003967285,44.7073266588,40.6919734205
12/26/2017,41.86000061035156,42.71675003051758,44.7105534221,40.7229466389
12/27/2017,42.09000015258789,42.72815002441406,44.7137461923,40.7425538565
12/28/2017,41.7400016784668,42.742250022888186,44.7182349702,40.7662650756
12/29/2017,41.38999938964844,42.75255004882813,44.7205833311,40.7845167666
01/02/2018,41.59000015258789,42.764450035095216,44.7205747128,40.8083253574
01/03/2018,42.310001373291016,42.77735004425049,44.7213962095,40.8333038791
01/04/2018,40.77000045776367,42.79835006713867,44.7258213976,40.8708787367
01/05/2018,41.790000915527344,42.805350074768064,44.7241517304,40.8865484192
01/08/2018,42.27000045776367,42.81725009918213,44.726001462,40.9084987363
01/09/2018,42.54999923706055,42.836250114440915,44.7299436492,40.9425565797
01/10/2018,42.630001068115234,42.85655010223389,44.7361331371,40.9769670673
01/11/2018,43.29999923706055,42.882150115966795,44.7409243457,41.0233758862
01/12/2018,43.41999816894531,42.91435009002686,44.7520743424,41.0766258377
01/16/2018,42.38999938964844,42.94575008392334,44.7649266008,41.126573567
01/17/2018,41.90999984741211,42.96575008392334,44.7676305383,41.1638696296
01/18/2018,42.4900016784668,42.987650070190426,44.7630629211,41.2122372193
01/19/2018,42.84000015258789,43.01245010375977,44.7632465481,41.2616536595
01/22/2018,43.349998474121094,43.04065010070801,44.7655393118,41.3157608896
01/23/2018,43.22999954223633,43.07375007629395,44.7722980418,41.3752021108
01/24/2018,43.75,43.10415008544922,44.7778361209,41.43046405
01/25/2018,43.619998931884766,43.14675006866455,44.7816692473,41.51183089
01/26/2018,43.4900016784668,43.18285007476807,44.7876880852,41.5780120643
01/29/2018,43.54999923706055,43.203250083923336,44.7988705379,41.6076296299
01/30/2018,42.619998931884766,43.23235008239746,44.8073604417,41.6573397231
01/31/2018,43.279998779296875,43.247450065612796,44.809223317,41.6856768142
02/01/2018,44.029998779296875,43.27155006408692,44.8149368381,41.7281632901
02/02/2018,44.25,43.29665004730224,44.8317350317,41.7615650629
02/05/2018,42.83000183105469,43.31825004577637,44.8513997681,41.7851003235
02/06/2018,42.0,43.32215007781983,44.8535557943,41.7907443614
02/07/2018,41.869998931884766,43.323150062561034,44.8536591974,41.7926409278
02/08/2018,42.2400016784668,43.327450065612794,44.8532592314,41.8016408998
02/09/2018,44.04999923706055,43.3330500793457,44.8538218515,41.8122783072
02/12/2018,43.560001373291016,43.34935009002685,44.868983143,41.829717037
02/13/2018,44.68000030517578,43.36405010223389,44.8785310834,41.849569121
02/14/2018,45.349998474121094,43.38795009613037,44.9041502365,41.8717499558
02/15/2018,48.849998474121094,43.41985008239746,44.9434192395,41.8962809252
02/16/2018,47.900001525878906,43.47985008239746,45.0951769173,41.8645232475
02/20/2018,49.29999923706055,43.53895008087158,45.2059740396,41.8719261221
02/21/2018,49.15999984741211,43.60685009002685,45.3663011193,41.8473990608
02/22/2018,49.779998779296875,43.67935009002686,45.5151042645,41.8435959155
02/23/2018,49.959999084472656,43.76665008544922,45.681177804,41.8521223669
02/26/2018,49.720001220703125,43.85625007629395,45.8473353126,41.86516484
02/27/2018,48.56999969482422,43.94235008239746,45.9979337271,41.8867664376
02/28/2018,49.5099983215332,44.01095008850098,46.1049977621,41.9169024149
03/01/2018,49.43000030517578,44.08585006713867,46.2404224523,41.931277682
03/02/2018,50.2599983215332,44.156550064086915,46.3685621634,41.9445379648
03/05/2018,49.7599983215332,44.23265003204346,46.5211058965,41.9441941676
03/06/2018,49.27000045776367,44.303950004577636,46.6516675156,41.9562324935
03/07/2018,50.040000915527344,44.374050025939944,46.7639669042,41.9841331477
03/08/2018,50.310001373291016,44.4533500289917,46.8977691812,42.0089308768
03/09/2018,50.9900016784668,44.53615005493164,47.0366712975,42.0356288124
03/12/2018,51.310001373291016,44.62195007324219,47.1942178863,42.0496822602
03/13/2018,52.040000915527344,44.71135009765625,47.3580757729,42.0646244224
03/14/2018,51.95000076293945,44.80595008850098,47.5423477964,42.0695523806
03/15/2018,51.790000915527344,44.89565010070801,47.7164407646,42.0748594368
03/16/2018,51.41999816894531,44.97525009155274,47.8760238643,42.0744763188
03/19/2018,50.9900016784668,45.05285007476807,48.0204274822,42.0852726674
03/20/2018,51.40999984741211,45.127650108337406,48.1491752861,42.1061249305
03/21/2018,51.560001373291016,45.20705009460449,48.2877174292,42.12638276
03/22/2018,50.779998779296875,45.28855010986328,48.4278454094,42.1492548104
03/23/2018,49.09000015258789,45.3605500793457,48.5421156837,42.178984475
03/26/2018,50.02000045776367,45.4205500793457,48.6152791294,42.2258210293
03/27/2018,50.029998779296875,45.50175006866455,48.7091332827,42.2943668546
03/28/2018,50.0,45.57835006713867,48.8014559038,42.3552442305
03/29/2018,51.02000045776367,45.663650054931644,48.8897715227,42.4375285871
04/02/2018,50.04999923706055,45.7129500579834,48.9825855708,42.4433145451
04/03/2018,49.709999084472656,45.76735004425049,49.063331235,42.4713688535
04/04/2018,51.2599983215332,45.819550018310544,49.1361590996,42.502940937
04/05/2018,52.27000045776367,45.886650009155275,49.2445154881,42.5287845302
04/06/2018,50.779998779296875,45.9557500076294,49.372646816,42.5388531993
04/09/2018,50.709999084472656,46.02145000457764,49.4671900715,42.5757099377
04/10/2018,51.22999954223633,46.080149993896484,49.5551385704,42.6051614174
04/11/2018,51.619998931884766,46.1491499710083,49.6570501874,42.6412497547
04/12/2018,51.790000915527344,46.22134994506836,49.7666084367,42.6760914535
04/13/2018,51.68000030517578,46.30034996032715,49.8806241889,42.7200757317
04/16/2018,52.029998779296875,46.36984996795654,49.9862403887,42.7534595472
04/17/2018,53.58000183105469,46.4391499710083,50.0967071889,42.7815927531
04/18/2018,53.029998779296875,46.516349983215335,50.2417128479,42.7909871186
04/19/2018,53.31999969482422,46.576449966430665,50.3575154292,42.7953845037
04/20/2018,52.400001525878906,46.63774997711182,50.4775010826,42.7979988716
04/23/2018,52.47999954223633,46.692449989318845,50.5747016282,42.8101983505
04/24/2018,53.34000015258789,46.746949996948246,50.6715806092,42.8223193847
04/25/2018,53.279998779296875,46.806399993896484,50.7850523474,42.8277476403
04/26/2018,54.36000061035156,46.8725,50.9029086762,42.8420913238
04/27/2018,54.81999969482422,46.94549999237061,51.0441754107,42.8468245741
04/30/2018,54.959999084472656,47.02889999389649,51.2014406076,42.8563593801
05/01/2018,55.02000045776367,47.130699996948245,51.3707683565,42.8906316374
05/02/2018,55.58000183105469,47.23569999694824,51.5393505161,42.9320494778
05/03/2018,55.06999969482422,47.350800018310544,51.7216371146,42.979962922
05/04/2018,57.56999969482422,47.460200004577636,51.8856235485,43.0347764606
05/07/2018,57.060001373291016,47.59569999694824,52.1200501231,43.0713498708
05/08/2018,58.5,47.727299995422364,52.332902414,43.1216975769
05/09/2018,59.529998779296875,47.87729999542236,52.5858967757,43.1687032151
05/10/2018,59.5,48.037699966430665,52.8657974709,43.2096024619
05/11/2018,58.779998779296875,48.202699966430664,53.1365989849,43.268800948
05/14/2018,58.2599983215332,48.35449996948242,53.3771745732,43.3318253658
05/15/2018,58.88999938964844,48.49739994049072,53.5960066576,43.3987932234
05/16/2018,58.970001220703125,48.64799991607666,53.8282822718,43.4677175603
05/17/2018,59.02000045776367,48.809399909973145,54.0568965912,43.5619032287
05/18/2018,59.02000045776367,48.97699993133545,54.2799942436,43.674005619
05/21/2018,59.58000183105469,49.14779994964599,54.4962577416,43.7993421577
05/22/2018,59.7400016784668,49.324999961853024,54.7223872072,43.9276127165
05/23/2018,59.790000915527344,49.50149997711182,54.9477745943,44.0552253599
05/24/2018,60.2400016784668,49.68199996948242,55.1670205635,44.1969793755
05/25/2018,60.20000076293945,49.870499992370604,55.3911032132,44.3498967715
05/29/2018,59.9900016784668,50.05659999847412,55.6085137042,44.5046862927
05/30/2018,60.970001220703125,50.23340000152588,55.8172261397,44.6495738633
05/31/2018,60.849998474121094,50.43540000915527,56.0385684955,44.8322315228
06/01/2018,61.97999954223633,50.62599998474121,56.255953634,44.9960463355
06/04/2018,62.41999816894531,50.82309997558594,56.5018705701,45.1443293811
06/05/2018,62.41999816894531,51.02179996490479,56.7549833998,45.28861653
06/06/2018,64.33000183105469,51.219699935913084,57.0011525419,45.4382473299
06/07/2018,63.939998626708984,51.42999996185303,57.3013330047,45.558666919
06/08/2018,64.6500015258789,51.63519996643066,57.5811098243,45.6892901086
06/11/2018,64.69999694824219,51.857799987792966,57.8697386541,45.8458613215
06/12/2018,65.55999755859375,52.08569995880127,58.1479686003,46.0234313173
06/13/2018,65.66999816894531,52.31639991760254,58.4476861867,46.1851136485
06/14/2018,66.25,52.544699897766115,58.7435477561,46.3458520394
06/15/2018,65.33000183105469,52.7736999130249,59.0511357693,46.4962640567
06/18/2018,65.6500015258789,52.99469993591308,59.3210847591,46.6683151128
06/19/2018,66.29000091552734,53.213699951171876,59.5950873973,46.832312505
06/20/2018,66.5199966430664,53.440399971008304,59.8793609366,47.0014390055
06/21/2018,63.65999984741211,53.6706999206543,60.1612957699,47.1801040714
06/22/2018,63.45000076293945,53.87179992675781,60.3572427469,47.3863571067
06/25/2018,62.790000915527344,54.08009994506836,60.5352505035,47.6249493867
06/26/2018,63.720001220703125,54.27519996643066,60.6957222669,47.854677666
06/27/2018,61.95000076293945,54.472099990844725,60.8773117925,48.0668881892
06/28/2018,62.81999969482422,54.64909999847412,61.0138219829,48.284378014
06/29/2018,62.959999084472656,54.848999977111816,61.1530027643,48.5449971899
07/02/2018,64.05000305175781,55.058599967956546,61.2798083752,48.8373915607
07/03/2018,64.13999938964844,55.28040000915527,61.4223296822,49.1384703361
07/05/2018,64.19000244140625,55.49939998626709,61.5623814512,49.4364185213
07/06/2018,65.0,55.700800018310545,61.7144145892,49.6871854474
07/09/2018,65.73999786376953,55.915200004577635,61.874088671,49.9563113382
07/10/2018,65.76000213623047,56.12579998016358,62.0559746147,50.1956253457
07/11/2018,65.97000122070312,56.32990001678467,62.2368716522,50.4229283814
