05/21/2014,53.86000061035156,0,0,0
05/22/2014,54.16999816894531,0,0,0
05/23/2014,54.130001068115234,0,0,0
05/27/2014,54.400001525878906,0,0,0
05/28/2014,54.52000045776367,0,0,0
05/29/2014,54.650001525878906,0,0,0
05/30/2014,55.0099983215332,0,0,0
06/02/2014,55.0,0,0,0
06/03/2014,55.0,0,0,0
06/04/2014,55.220001220703125,0,0,0
06/05/2014,55.72999954223633,0,0,0
06/06/2014,55.22999954223633,0,0,0
06/09/2014,54.900001525878906,0,0,0
06/10/2014,55.09000015258789,0,0,0
06/11/2014,54.70000076293945,0,0,0
06/12/2014,54.9900016784668,0,0,0
06/13/2014,55.220001220703125,0,0,0
06/16/2014,55.59000015258789,0,0,0
06/17/2014,55.52000045776367,0,0,0
06/18/2014,56.47999954223633,0,0,0
06/19/2014,56.970001220703125,0,0,0
06/20/2014,56.7400016784668,0,0,0
06/23/2014,56.65999984741211,0,0,0
06/24/2014,56.68000030517578,0,0,0
06/25/2014,57.040000915527344,0,0,0
06/26/2014,57.279998779296875,0,0,0
06/27/2014,57.54999923706055,0,0,0
06/30/2014,57.7400016784668,0,0,0
07/01/2014,57.09000015258789,0,0,0
07/02/2014,56.02000045776367,0,0,0
07/03/2014,56.0,0,0,0
07/07/2014,56.40999984741211,0,0,0
07/08/2014,56.599998474121094,0,0,0
07/09/2014,56.400001525878906,0,0,0
07/10/2014,56.61000061035156,0,0,0
07/11/2014,56.16999816894531,0,0,0
07/14/2014,55.939998626708984,0,0,0
07/15/2014,56.380001068115234,0,0,0
07/16/2014,56.66999816894531,0,0,0
07/17/2014,56.310001373291016,0,0,0
07/18/2014,56.91999816894531,0,0,0
07/21/2014,57.189998626708984,0,0,0
07/22/2014,57.369998931884766,0,0,0
07/23/2014,57.25,0,0,0
07/24/2014,57.310001373291016,0,0,0
07/25/2014,56.97999954223633,0,0,0
07/28/2014,57.70000076293945,0,0,0
07/29/2014,57.599998474121094,0,0,0
07/30/2014,56.790000915527344,0,0,0
07/31/2014,56.09000015258789,0,0,0
08/01/2014,56.09000015258789,0,0,0
08/04/2014,55.72999954223633,0,0,0
08/05/2014,55.22999954223633,0,0,0
08/06/2014,54.7599983215332,0,0,0
08/07/2014,55.34000015258789,0,0,0
08/08/2014,56.900001525878906,0,0,0
08/11/2014,56.029998779296875,0,0,0
08/12/2014,56.099998474121094,0,0,0
08/13/2014,56.369998931884766,0,0,0
08/14/2014,56.58000183105469,0,0,0
08/15/2014,56.959999084472656,0,0,0
08/18/2014,56.849998474121094,0,0,0
08/19/2014,57.380001068115234,0,0,0
08/20/2014,57.5099983215332,0,0,0
08/21/2014,57.58000183105469,0,0,0
08/22/2014,57.18000030517578,0,0,0
08/25/2014,57.43000030517578,0,0,0
08/26/2014,56.689998626708984,0,0,0
08/27/2014,57.13999938964844,0,0,0
08/28/2014,57.72999954223633,0,0,0
08/29/2014,57.88999938964844,0,0,0
09/02/2014,57.15999984741211,0,0,0
09/03/2014,57.7400016784668,0,0,0
09/04/2014,57.61000061035156,0,0,0
09/05/2014,58.119998931884766,0,0,0
09/08/2014,57.599998474121094,0,0,0
09/09/2014,56.93000030517578,0,0,0
09/10/2014,56.83000183105469,0,0,0
09/11/2014,57.279998779296875,0,0,0
09/12/2014,56.43000030517578,0,0,0
09/15/2014,56.540000915527344,0,0,0
09/16/2014,57.2400016784668,0,0,0
09/17/2014,57.02000045776367,0,0,0
09/18/2014,56.630001068115234,0,0,0
09/19/2014,57.130001068115234,0,0,0
09/22/2014,56.869998931884766,0,0,0
09/23/2014,56.75,0,0,0
09/24/2014,56.529998779296875,0,0,0
09/25/2014,56.150001525878906,0,0,0
09/26/2014,56.349998474121094,0,0,0
09/29/2014,56.529998779296875,0,0,0
09/30/2014,56.65999984741211,0,0,0
10/01/2014,56.939998626708984,0,0,0
10/02/2014,56.79999923706055,0,0,0
10/03/2014,57.029998779296875,0,0,0
10/06/2014,57.20000076293945,0,0,0
10/07/2014,57.13999938964844,0,0,0
10/08/2014,58.77000045776367,0,0,0
10/09/2014,58.20000076293945,0,0,0
10/10/2014,59.130001068115234,0,0,0
10/13/2014,59.81999969482422,56.50650001525879,57.5391270769,55.4738729536
10/14/2014,61.56999969482422,56.56610000610352,57.6161093869,55.5160906253
10/15/2014,61.459999084472656,56.64010002136231,57.7758908376,55.5043092051
10/16/2014,60.91999816894531,56.713400001525876,57.9192010604,55.5075989427
10/17/2014,60.70000076293945,56.778599967956545,58.0328494305,55.5243505054
10/20/2014,61.459999084472656,56.8403999710083,58.1334906864,55.5473092556
10/21/2014,61.06999969482422,56.90849994659424,58.2623369005,55.5546629927
10/22/2014,61.900001525878906,56.96909996032715,58.3713623657,55.5668375549
10/23/2014,62.0099983215332,57.038099975585936,58.5098143526,55.5663855986
10/24/2014,62.5,57.10819995880127,58.6466044623,55.5697954553
10/27/2014,62.689998626708984,57.18099994659424,58.7985446014,55.5634552918
10/28/2014,62.880001068115234,57.25059993743896,58.9517886966,55.5494111783
10/29/2014,62.279998779296875,57.32709995269775,59.1059378467,55.5482620587
10/30/2014,63.540000915527344,57.40089992523193,59.2298946812,55.5719051692
10/31/2014,63.36000061035156,57.48539993286133,59.3989214504,55.5718784153
11/03/2014,63.599998474121094,57.57199993133545,59.5523003844,55.5916994783
11/04/2014,63.380001068115234,57.65809989929199,59.7101421002,55.6060576984
11/05/2014,64.63999938964844,57.739699897766116,59.8544521085,55.624947687
11/06/2014,63.25,57.83019989013672,60.0424195684,55.6179802118
11/07/2014,63.56999969482422,57.90749988555908,60.1720777124,55.6429220587
11/10/2014,63.470001220703125,57.97839988708496,60.3072509756,55.6495487986
11/11/2014,63.459999084472656,58.04339988708496,60.4331133774,55.6536863968
11/12/2014,62.25,58.11059986114502,60.5565397069,55.6646600154
11/13/2014,62.0,58.1664998626709,60.642343325,55.6906564004
11/14/2014,62.029998779296875,58.21969985961914,60.7200660396,55.7193336797
11/17/2014,62.540000915527344,58.26959983825684,60.7955863601,55.7436133164
11/18/2014,63.029998779296875,58.32219985961914,60.8815769904,55.7628227289
11/19/2014,62.34000015258789,58.376999855041504,60.9775919081,55.776407802
11/20/2014,62.119998931884766,58.42299983978271,61.0524406691,55.7935590105
11/21/2014,62.369998931884766,58.47329982757569,61.1247783071,55.8218213481
11/24/2014,61.88999938964844,58.53679981231689,61.2047506627,55.8688489619
11/25/2014,61.650001525878906,58.59569980621338,61.271999205,55.9194004074
11/26/2014,62.33000183105469,58.64809982299805,61.3323776509,55.9638219951
11/28/2014,63.150001525878906,58.70539985656738,61.406451688,56.0043480252
12/01/2014,63.83000183105469,58.772899856567385,61.4997150266,56.0460846866
12/02/2014,64.18000030517578,58.84509986877441,61.6090227334,56.0811770041
12/03/2014,63.93000030517578,58.92519989013672,61.7262538925,56.1241458878
12/04/2014,64.06999969482422,59.00509990692139,61.8336835662,56.1765162476
12/05/2014,63.2599983215332,59.081999893188474,61.9425230218,56.2214767646
12/08/2014,63.90999984741211,59.14789989471436,62.0279396417,56.2678601477
12/09/2014,64.05000305175781,59.223899879455566,62.1282229032,56.3195768557
12/10/2014,63.41999816894531,59.295199928283694,62.2294530899,56.3609467667
12/11/2014,64.43000030517578,59.35749992370606,62.3124586725,56.4025411749
12/12/2014,64.11000061035156,59.428099937438965,62.4188519908,56.4373478841
12/15/2014,64.05000305175781,59.49669994354248,62.515251356,56.4781485311
12/16/2014,64.13999938964844,59.56409996032715,62.6082121548,56.5199877658
12/17/2014,64.77999877929688,59.63569995880127,62.7023113295,56.5690885881
12/18/2014,65.55999755859375,59.706499938964846,62.8091216452,56.6038782328
12/19/2014,65.69000244140625,59.78609992980957,62.9354151177,56.6367847419
12/22/2014,65.94000244140625,59.87509994506836,63.0639962597,56.6862036304
12/23/2014,66.01000213623047,59.973599967956545,63.1960087052,56.7511912307
12/24/2014,66.91000366210938,60.07279998779297,63.3266646841,56.8189352915
12/26/2014,67.76000213623047,60.184600028991696,63.4791425764,56.8900574816
12/29/2014,68.5,60.30990005493164,63.6515608712,56.9682392387
12/30/2014,66.91000366210938,60.447300071716306,63.8400248653,57.0545752781
12/31/2014,66.01000213623047,60.56300010681152,63.9767978863,57.1492023273
01/02/2015,66.33999633789062,60.65410011291504,64.0904119138,57.217788312
01/05/2015,65.70999908447266,60.75720008850098,64.207863824,57.306536353
01/06/2015,66.08000183105469,60.85330009460449,64.3067406854,57.3998595038
01/07/2015,67.05999755859375,60.95040012359619,64.4129147757,57.4878854715
01/08/2015,67.4800033569336,61.05520008087158,64.5423612014,57.5680389603
01/09/2015,67.12999725341797,61.16040012359619,64.6809540418,57.6398462054
01/12/2015,66.9000015258789,61.26320011138916,64.8064044985,57.7199957243
01/13/2015,66.7699966430664,61.358400115966795,64.9238141511,57.7929860809
01/14/2015,67.48999786376953,61.45100009918213,65.0354602107,57.8665399877
01/15/2015,68.37000274658203,61.550100059509276,65.1630465237,57.9371535954
01/16/2015,69.0999984741211,61.66200008392334,65.3109716576,58.0130285103
01/20/2015,69.98999786376953,61.778700065612796,65.4767420663,58.0806580649
01/21/2015,70.44999694824219,61.911700057983396,65.6631172479,58.1602828681
01/22/2015,70.05000305175781,62.04480003356934,65.8601308442,58.2294692229
01/23/2015,70.37000274658203,62.168000068664554,66.0404965072,58.2955036301
01/26/2015,70.41000366210938,62.29280010223388,66.2260391236,58.3595610808
01/27/2015,70.87999725341797,62.42530014038086,66.4062857584,58.4443145223
01/28/2015,70.8499984741211,62.55670009613037,66.5972791832,58.5161210091
01/29/2015,71.4000015258789,62.689100074768064,66.7820011518,58.5961989977
01/30/2015,69.27999877929688,62.82190010070801,66.979331347,58.6644688544
02/02/2015,69.45999908447266,62.938700103759764,67.111826048,58.7655741595
02/03/2015,68.98999786376953,63.064000091552735,67.2429364073,58.8850637758
02/04/2015,68.2300033569336,63.18560005187988,67.3582813641,59.0129187397
02/05/2015,68.80999755859375,63.29510009765625,67.4550253201,59.1351748752
02/06/2015,66.7699966430664,63.41890007019043,67.5568339038,59.2809662365
02/09/2015,66.04000091552734,63.521200027465824,67.6140153271,59.4283847278
02/10/2015,67.0,63.60920001983643,67.6604099787,59.557990061
02/11/2015,65.94000244140625,63.70900001525879,67.7193792776,59.6986207529
02/12/2015,65.61000061035156,63.8021000289917,67.7547100113,59.8494900466
02/13/2015,63.91999816894531,63.88690002441406,67.7860602716,59.9877397773
02/17/2015,63.81999969482422,63.95740001678467,67.79225625,60.1225437836
02/18/2015,65.41000366210938,64.02810001373291,67.7939792575,60.26222077
02/19/2015,64.80000305175781,64.11690006256103,67.8088971353,60.4249029898
02/20/2015,63.75,64.20340007781982,67.8080237346,60.5987764211
02/23/2015,64.2699966430664,64.27740009307861,67.794946433,60.7598537532
02/24/2015,65.26000213623047,64.35480007171631,67.7850944867,60.9245056567
02/25/2015,63.790000915527344,64.4408000946045,67.7837954839,61.0978047054
02/26/2015,63.060001373291016,64.50930011749267,67.7669896497,61.2516105852
02/27/2015,63.13999938964844,64.57190013885499,67.7397533226,61.4040469551
03/02/2015,61.81999969482422,64.6330001449585,67.7124905605,61.5535097294
03/03/2015,62.16999816894531,64.67920013427734,67.6804934717,61.6779067968
03/04/2015,61.869998931884766,64.7295001220703,67.6449412679,61.8140589762
03/05/2015,62.31999969482422,64.76050010681152,67.6285041487,61.892496065
03/06/2015,59.97999954223633,64.80170009613038,67.6040042643,61.9993959279
03/09/2015,60.41999816894531,64.81020008087158,67.5965314799,62.0238686819
03/10/2015,60.08000183105469,64.81620006561279,67.5924069013,62.0399932299
03/11/2015,59.720001220703125,64.8013000869751,67.5988061109,62.003794063
03/12/2015,61.400001525878906,64.7839001083374,67.6074245464,61.9603756702
03/13/2015,60.84000015258789,64.78870014190674,67.6060530709,61.9713472129
03/16/2015,61.720001220703125,64.79010013580323,67.6054550435,61.9747452281
03/17/2015,61.16999816894531,64.79270015716553,67.6050969712,61.9803033431
03/18/2015,62.09000015258789,64.79370014190674,67.6047905975,61.9826096864
03/19/2015,60.84000015258789,64.79560012817383,67.6047976931,61.9864025632
03/20/2015,61.470001220703125,64.78390014648437,67.6070767273,61.9607235656
03/23/2015,61.529998779296875,64.77360015869141,67.6069510334,61.940249284
03/24/2015,60.880001068115234,64.76200016021728,67.6062115034,61.917788817
03/25/2015,60.58000183105469,64.74200016021729,67.6063357077,61.8776646128
03/26/2015,58.79999923706055,64.72500019073486,67.6088755213,61.8411248602
03/27/2015,59.79999923706055,64.6776001739502,67.6189441339,61.736256214
03/30/2015,60.790000915527344,64.64200016021728,67.6203866618,61.6636136586
03/31/2015,61.0,64.61390018463135,67.6151528982,61.612647471
04/01/2015,61.150001525878906,64.59010017395019,67.6104195421,61.5697808058
04/02/2015,60.95000076293945,64.5552001953125,67.5948430962,61.5155572944
04/06/2015,61.54999923706055,64.5322002029419,67.5902778866,61.4741225193
04/07/2015,60.59000015258789,64.51200019836426,67.5830111079,61.4409892888
04/08/2015,60.599998474121094,64.48320018768311,67.5772657641,61.3891346113
04/09/2015,60.2599983215332,64.4546001815796,67.5711282147,61.3380721485
04/10/2015,60.86000061035156,64.43470016479492,67.5715290091,61.2978713205
04/13/2015,60.459999084472656,64.42330017089844,67.5710092361,61.2755911057
04/14/2015,60.81999969482422,64.4076001739502,67.5710831451,61.2441172028
04/15/2015,60.7599983215332,64.39040016174316,67.5686320869,61.2121682366
04/16/2015,60.90999984741211,64.36770015716553,67.5636247708,61.1717755436
04/17/2015,60.939998626708984,64.35340015411377,67.5615414987,61.1452588095
04/20/2015,61.79999923706055,64.34160015106201,67.5600879849,61.1231123172
04/21/2015,61.470001220703125,64.33590015411377,67.5583769477,61.1134233605
04/22/2015,61.63999938964844,64.33170017242432,67.5576339143,61.1057664306
04/23/2015,62.099998474121094,64.331600151062,67.5576171925,61.1055831097
04/24/2015,62.5,64.32930011749268,67.5568250459,61.1017751891
04/27/2015,61.689998626708984,64.32280010223388,67.5533466273,61.0922535772
04/28/2015,62.27000045776367,64.30140007019043,67.5422118241,61.0605883163
04/29/2015,62.08000183105469,64.2823000717163,67.529393307,61.0352068364
04/30/2015,61.54999923706055,64.2638000869751,67.5181098838,61.0094902902
05/01/2015,61.65999984741211,64.23860008239745,67.5040508596,60.9731493052
05/04/2015,62.099998474121094,64.22260009765625,67.4967149332,60.9484852621
05/05/2015,60.81999969482422,64.20450008392334,67.4852892471,60.9237109208
05/06/2015,61.099998474121094,64.17220005035401,67.470206111,60.8741939897
05/07/2015,61.2400016784668,64.14900005340576,67.4603490059,60.8376511009
05/08/2015,61.08000183105469,64.11710006713867,67.4409302944,60.7932698398
05/11/2015,61.5099983215332,64.0868000793457,67.4243393591,60.7492607996
05/12/2015,61.130001068115234,64.06140003204345,67.4087734522,60.7140266119
05/13/2015,60.2400016784668,64.03130004882813,67.3913405285,60.6712595691
05/14/2015,61.099998474121094,63.98590007781982,67.3661285913,60.6056715643
05/15/2015,61.470001220703125,63.9413000869751,67.3298782691,60.5527219049
05/18/2015,61.04999923706055,63.899100074768064,67.291912306,60.5062878435
05/19/2015,61.13999938964844,63.85020004272461,67.2484796891,60.4519203964
05/20/2015,61.380001068115234,63.80150001525879,67.20337263,60.3996274005
05/21/2015,61.369998931884766,63.746199989318846,67.1420338805,60.3503660982
05/22/2015,61.13999938964844,63.68229995727539,67.062087205,60.3025127095
05/26/2015,61.06999969482422,63.60869995117187,66.9628131669,60.2545867354
05/27/2015,61.34000015258789,63.550299911499025,66.8972580569,60.2033417661
05/28/2015,61.810001373291016,63.503599891662596,66.8484916441,60.1587081392
05/29/2015,61.84000015258789,63.4582999420166,66.7951367767,60.1214631073
06/01/2015,61.709999084472656,63.41959995269775,66.7525370694,60.086662836
06/02/2015,61.09000015258789,63.375899925231934,66.7023109193,60.0494889312
06/03/2015,59.77000045776367,63.316199951171875,66.6295024786,60.0028974237
06/04/2015,59.689998626708984,63.23909992218017,66.5443097407,59.9338901037
06/05/2015,58.61000061035156,63.164699935913085,66.4652221622,59.8641777096
06/08/2015,58.529998779296875,63.08179992675781,66.3915586241,59.7720412295
06/09/2015,58.439998626708984,62.999399948120114,66.3188688612,59.6799310351
06/10/2015,57.75,62.90889995574951,66.2280730943,59.5897268172
06/11/2015,58.040000915527344,62.802699928283694,66.1153330091,59.4900668474
06/12/2015,57.540000915527344,62.69209995269775,65.9771538188,59.4070460866
06/15/2015,57.209999084472656,62.56759998321533,65.8093474697,59.3258524967
06/16/2015,57.540000915527344,62.43520000457764,65.6222227636,59.2481772455
06/17/2015,58.2400016784668,62.31009998321533,65.4407934428,59.1794065236
06/18/2015,59.20000076293945,62.18879997253418,65.2388105499,59.1387893952
06/19/2015,58.9900016784668,62.07669994354248,65.0268601784,59.1265397086
06/22/2015,58.720001220703125,61.95779998779297,64.7879245149,59.1276754607
06/23/2015,58.06999969482422,61.83650001525879,64.540018579,59.1329814515
06/24/2015,57.84000015258789,61.70319999694824,64.2563359833,59.1500640106
06/25/2015,57.5,61.588800010681155,64.0546832887,59.1229167327
06/26/2015,58.099998474121094,61.46920001983643,63.838567296,59.0998327436
06/29/2015,58.130001068115234,61.36030002593994,63.6296464669,59.0909535849
06/30/2015,57.880001068115234,61.259300003051756,63.4438256586,59.0747743475
07/01/2015,58.279998779296875,61.15000003814697,63.2246740209,59.0753260554
07/02/2015,59.13999938964844,61.06510005950928,63.0809347705,59.0492653485
07/06/2015,59.599998474121094,60.99610004425049,62.9578320138,59.0343680747
07/07/2015,61.08000183105469,60.9221000289917,62.7934469149,59.0507531431
07/08/2015,61.22999954223633,60.87350002288818,62.6757300555,59.0712699903
07/09/2015,60.4900016784668,60.829700012207034,62.5683895159,59.0910105085
07/10/2015,60.810001373291016,60.795400047302245,62.5063995287,59.0844005659
07/13/2015,60.689998626708984,60.765300064086915,62.4490854774,59.0815146508
07/14/2015,60.41999816894531,60.71810001373291,62.3358853707,59.1003146567
07/15/2015,60.790000915527344,60.67429996490478,62.2394134879,59.1091864419
07/16/2015,61.720001220703125,60.64469997406006,62.1790528476,59.1103471005
07/17/2015,61.29999923706055,60.61920001983643,62.1137646592,59.1246353805
07/20/2015,61.400001525878906,60.57959999084473,62.0013664034,59.1578335783
07/21/2015,61.47999954223633,60.55569999694824,61.942967948,59.1684320459
07/22/2015,62.20000076293945,60.53989997863769,61.9074126002,59.1723873571
07/23/2015,61.150001525878906,60.53049999237061,61.8832588722,59.1777411125
07/24/2015,60.900001525878906,60.52380001068115,61.8718064735,59.1757935478
07/27/2015,61.619998931884766,60.51110004425049,61.8494855368,59.1727145517
07/28/2015,61.900001525878906,60.508600044250485,61.8446763828,59.1725237057
07/29/2015,62.34000015258789,60.50440006256103,61.8354262217,59.1733739034
07/30/2015,63.150001525878906,60.528000068664554,61.8703927064,59.1856074309
07/31/2015,63.59000015258789,60.555300102233886,61.9227447901,59.1878554143
08/03/2015,63.790000915527344,60.59040008544922,61.9898671001,59.1909330708
08/04/2015,63.2400016784668,60.63110008239746,62.0634582598,59.198741905
08/05/2015,63.40999984741211,60.64950008392334,62.1032755031,59.1957246648
08/06/2015,63.720001220703125,60.67520008087158,62.1546064368,59.1957937249
08/07/2015,65.1500015258789,60.69520008087158,62.2018636836,59.1885364782
08/10/2015,65.1500015258789,60.735000114440915,62.3049203022,59.1650799267
08/11/2015,65.8499984741211,60.76560012817383,62.3904924811,59.1407077752
08/12/2015,66.5999984741211,60.81570011138916,62.5175287932,59.1138714296
08/13/2015,66.91999816894531,60.86700008392334,62.662519271,59.0714808969
08/14/2015,67.31999969482422,60.92090007781982,62.8137751733,59.0280249823
08/17/2015,66.70999908447266,60.985300064086914,62.9823721211,58.9882280071
08/18/2015,66.51000213623047,61.04660003662109,63.1228028774,58.9703971958
08/19/2015,66.87000274658203,61.123700065612795,63.2574032538,58.9899968774
08/20/2015,66.81999969482422,61.19440010070801,63.3990245373,58.9897756641
08/21/2015,66.05999755859375,61.254700088500975,63.5288089555,58.9805912215
08/24/2015,63.369998931884766,61.305300064086914,63.6289331887,58.9816669395
08/25/2015,62.20000076293945,61.32750003814697,63.6601308912,58.9948691851
08/26/2015,63.47999954223633,61.340000038146975,63.673923337,59.0060767393
08/27/2015,63.900001525878906,61.35930004119873,63.7028401959,59.0157598865
08/28/2015,63.599998474121094,61.39240005493164,63.7481840567,59.0366160531
08/31/2015,62.90999984741211,61.42240005493164,63.786987581,59.0578125289
09/01/2015,61.58000183105469,61.44890007019043,63.815160764,59.0826393764
09/02/2015,61.650001525878906,61.45610008239746,63.8216532274,59.0905469374
09/03/2015,61.880001068115234,61.46800010681152,63.831504682,59.1044955316
09/04/2015,60.86000061035156,61.478600120544435,63.8415516476,59.1156485935
09/08/2015,62.34000015258789,61.47960014343262,63.8422684839,59.1169318029
09/09/2015,61.29999923706055,61.49390014648438,63.8574050934,59.1303951996
09/10/2015,61.56999969482422,61.49750015258789,63.8604327755,59.1345675296
09/11/2015,62.38999938964844,61.49520015716553,63.8579491484,59.132451166
09/14/2015,62.63999938964844,61.50440013885498,63.8688236336,59.1399766441
09/15/2015,62.65999984741211,61.51440013885498,63.8814891629,59.1473111148
09/16/2015,63.54999923706055,61.52000015258789,63.8891294906,59.1508708146
09/17/2015,64.51000213623047,61.530500144958495,63.9062670814,59.1547332085
09/18/2015,65.05000305175781,61.55870018005371,63.9528583239,59.1645420362
09/21/2015,65.02999877929688,61.58650020599365,64.0047749739,59.1682254381
09/22/2015,64.98999786376953,61.616000175476074,64.0579919835,59.1740083675
09/23/2015,65.52999877929688,61.650400161743164,64.1153414743,59.1854588492
09/24/2015,65.94999694824219,61.689100151062014,64.1840851045,59.1941151977
09/25/2015,66.26000213623047,61.72760013580322,64.2580806652,59.1971196064
09/28/2015,65.81999969482422,61.78200016021729,64.350572067,59.2134282534
09/29/2015,65.9000015258789,61.829200172424315,64.4279954585,59.2304048864
09/30/2015,66.8499984741211,61.87580017089844,64.5052122852,59.2463880566
10/01/2015,65.62999725341797,61.933500137329105,64.6077425194,59.2592577552
10/02/2015,66.63999938964844,61.974700126647946,64.6737225887,59.2756776646
10/05/2015,67.08000183105469,62.02980010986328,64.7669886765,59.2926115432
10/06/2015,65.6500015258789,62.09820011138916,64.8749849931,59.3214152297
10/07/2015,65.41000366210938,62.14370014190674,64.9409582448,59.346442039
10/08/2015,66.2699966430664,62.1831001663208,64.9982820817,59.3679182509
10/09/2015,65.43000030517578,62.23530014038086,65.0772558808,59.3933443999
10/12/2015,65.7699966430664,62.27820014953613,65.1356354111,59.420764888
10/13/2015,65.54000091552734,62.32210010528564,65.1990547242,59.4451454863
10/14/2015,65.4800033569336,62.36380012512207,65.2568284481,59.4707718021
10/15/2015,66.47000122070312,62.40720016479492,65.3140643958,59.5003359338
10/16/2015,67.0199966430664,62.46120018005371,65.392774182,59.5296261781
10/19/2015,66.93000030517578,62.5180001449585,65.4821450891,59.5538552008
10/20/2015,67.16000366210938,62.569200134277345,65.5647265726,59.573673696
10/21/2015,66.97000122070312,62.62240016937256,65.6515561315,59.5932442072
10/22/2015,67.77999877929688,62.67500019073486,65.7333838607,59.6166165208
10/23/2015,67.04000091552734,62.74190017700195,65.837820544,59.64597981
10/26/2015,67.04000091552734,62.81460018157959,65.9252034106,59.7039969525
10/27/2015,67.25,62.888100204467776,66.0108168038,59.7653836051
10/28/2015,66.41000366210938,62.97450019836426,66.0971808317,59.851819565
10/29/2015,65.33999633789062,63.05330024719238,66.1622254316,59.9443750628
10/30/2015,65.75,63.1223002243042,66.2045265426,60.0400739061
11/02/2015,65.58999633789062,63.202300224304196,66.2476493079,60.1569511407
11/03/2015,65.63999938964844,63.27780017852783,66.2876121965,60.2679881605
11/04/2015,65.91999816894531,63.358800163269045,66.3217351665,60.39586516
11/05/2015,65.3499984741211,63.44590015411377,66.3543219307,60.5374783776
11/06/2015,61.95000076293945,63.52400012969971,66.3771172093,60.6708830501
11/09/2015,61.93000030517578,63.56110012054443,66.3690297857,60.7531704554
11/10/2015,62.66999816894531,63.5884001159668,66.3669135143,60.8098867176
11/11/2015,62.91999816894531,63.62520008087158,66.3666895313,60.8837106305
11/12/2015,62.540000915527344,63.667200050354005,66.3650443283,60.9693557724
11/13/2015,61.90999984741211,63.711900062561035,66.3530711887,61.0707289364
11/16/2015,62.720001220703125,63.75260005950928,66.3336472862,61.1715528328
11/17/2015,62.459999084472656,63.80480007171631,66.3105519496,61.2990481938
11/18/2015,62.79999923706055,63.848400077819825,66.2916619953,61.4051381604
11/19/2015,63.189998626708984,63.895100059509275,66.272354459,61.51784566
11/20/2015,63.310001373291016,63.94820003509521,66.2485644397,61.6478356305
11/23/2015,62.81999969482422,63.99850006103516,66.2282835084,61.7687166137
11/24/2015,62.349998474121094,64.03530006408691,66.2143866446,61.8562134836
11/25/2015,62.029998779296875,64.06280006408691,66.2027405978,61.9228595304
11/27/2015,62.209999084472656,64.07230003356933,66.2010572287,61.9435428384
11/30/2015,62.150001525878906,64.0821000289917,66.19997776,61.964222298
12/01/2015,62.59000015258789,64.09870002746582,66.1947508055,62.0026492494
12/02/2015,61.470001220703125,64.1165000152588,66.1920043851,62.0409956454
12/03/2015,60.5,64.12430004119874,66.1883465499,62.0602535325
12/04/2015,62.150001525878906,64.12510005950928,66.1877256519,62.0624744672
12/07/2015,62.779998779296875,64.1387000656128,66.1836990028,62.0937011284
12/08/2015,63.470001220703125,64.14930004119873,66.1844580067,62.1141420757
12/09/2015,63.02000045776367,64.17100006103516,66.1871415174,62.1548586047
12/10/2015,61.150001525878906,64.18720005035401,66.1874569349,62.1869431658
12/11/2015,60.810001373291016,64.18390007019043,66.1888871318,62.1789130086
12/14/2015,62.040000915527344,64.17000007629395,66.1934261973,62.1465739553
12/15/2015,62.66999816894531,64.17890007019042,66.1909485559,62.1668515845
12/16/2015,64.22000122070312,64.19660003662109,66.1873993517,62.2058007215
12/17/2015,64.22000122070312,64.22260005950928,66.1964852272,62.2487148918
12/18/2015,63.290000915527344,64.24580005645753,66.2058357305,62.2857643824
12/21/2015,63.40999984741211,64.25530006408691,66.2083654446,62.3022346835
12/22/2015,63.70000076293945,64.25790004730224,66.2096649145,62.3061351801
12/23/2015,64.79000091552734,64.25900005340576,66.2104191525,62.3075809544
12/24/2015,64.75,64.26900005340576,66.2205523887,62.3174477181
12/28/2015,65.08999633789062,64.2841000366211,66.2334726898,62.3347273835
12/29/2015,65.13999938964844,64.30090000152587,66.2499063327,62.3518936703
12/30/2015,65.25,64.31509998321533,66.2649949762,62.3652049903
12/31/2015,64.2699966430664,64.31609996795655,66.2664484645,62.3657514714
01/04/2016,64.4000015258789,64.30729991912841,66.2558504456,62.3587493926
01/05/2016,64.91000366210938,64.292799949646,66.2352019813,62.3503979179
01/06/2016,65.22000122070312,64.27590000152588,66.2054641488,62.3463358543
01/07/2016,65.72000122070312,64.25890003204346,66.1725169005,62.3452831636
01/08/2016,66.43000030517578,64.24290004730224,66.137449697,62.3483503976
01/11/2016,66.30999755859375,64.24010005950927,66.131205248,62.348994871
01/12/2016,65.5,64.2381000137329,66.1269078484,62.3492921791
01/13/2016,66.68000030517578,64.22439998626709,66.0989831776,62.349816795
01/14/2016,67.62000274658203,64.2229999923706,66.0956955181,62.3503044667
01/15/2016,67.68000030517578,64.23860004425049,66.1329062093,62.3442938792
01/19/2016,69.06999969482422,64.2817000579834,66.204569246,62.3588308699
01/20/2016,68.25,64.35040004730224,66.3198288072,62.3809712874
01/21/2016,67.69000244140625,64.39810005187988,66.4033100602,62.3928900436
01/22/2016,67.97000122070312,64.43600006103516,66.4670874444,62.4049126777
01/25/2016,67.80999755859375,64.47970008850098,66.5391439265,62.4202562505
01/26/2016,67.98999786376953,64.5287000656128,66.60840609,62.4489940412
01/27/2016,68.33000183105469,64.59280002593994,66.6794063508,62.5061937011
01/28/2016,69.1500015258789,64.6596000289917,66.7578206698,62.5613793882
01/29/2016,69.38999938964844,64.73230003356933,66.8587101349,62.6058899322
02/01/2016,70.41999816894531,64.81760002136231,66.9580061594,62.6771938833
02/02/2016,71.12000274658203,64.89840000152589,67.0955102486,62.7012897544
02/03/2016,71.66999816894531,64.99660003662109,67.2494313036,62.7437687696
02/04/2016,71.52999877929688,65.09760002136231,67.4198778359,62.7753222068
02/05/2016,72.04000091552734,65.18900001525878,67.5817112003,62.7962888302
02/08/2016,73.08000183105469,65.28300003051758,67.7569884912,62.8090115698
02/09/2016,73.61000061035156,65.38720005035401,67.9657446652,62.8086554355
02/10/2016,73.38999938964844,65.48780006408691,68.1861631587,62.7894369695
02/11/2016,72.1500015258789,65.57660003662109,68.3851876904,62.7680123828
02/12/2016,70.72000122070312,65.64760002136231,68.530731416,62.7644686267
02/16/2016,70.97000122070312,65.70450004577637,68.6307070194,62.7782930722
02/17/2016,69.97000122070312,65.7643000793457,68.7360438605,62.7925562982
02/18/2016,71.30999755859375,65.80870010375976,68.8096366223,62.8077635852
02/19/2016,70.87000274658203,65.86230010986328,68.9127410807,62.811859139
02/22/2016,71.58000183105469,65.9084001159668,68.9990722264,62.8177280055
02/23/2016,72.05000305175781,65.9660001373291,69.1077399174,62.8242603573
02/24/2016,71.56999969482422,66.02750015258789,69.2270085445,62.8279917606
02/25/2016,72.44999694824219,66.07470016479492,69.32047497,62.8289253596
02/26/2016,70.3499984741211,66.14290016174317,69.4496915568,62.8361087667
02/29/2016,70.01000213623047,66.1800001525879,69.512869578,62.8471307272
03/01/2016,69.77999877929688,66.20930015563965,69.5627683959,62.8558319154
03/02/2016,70.30000305175781,66.25060012817383,69.6223080466,62.8788922097
03/03/2016,70.62999725341797,66.29950012207031,69.6940448182,62.9049554259
03/04/2016,71.38999938964844,66.34310012817383,69.7648768718,62.9213233845
03/07/2016,71.69000244140625,66.40270011901856,69.8597766778,62.9456235603
03/08/2016,72.87999725341797,66.46190017700195,69.9581018599,62.9656984941
03/09/2016,72.7300033569336,66.53530014038085,70.0879694708,62.9826308099
03/10/2016,73.05999755859375,66.60780014038086,70.2117993202,63.0038009606
03/11/2016,73.2699966430664,66.67370010375977,70.334381176,63.0130190315
03/14/2016,73.47000122070312,66.73620010375977,70.455150457,63.0172497505
03/15/2016,73.9000015258789,66.80160011291504,70.5804067709,63.0227934549
03/16/2016,74.44000244140625,66.86900009155273,70.7131418028,63.0248583803
03/17/2016,75.4800033569336,66.94370010375977,70.8609624333,63.0264377743
03/18/2016,75.25,67.02070014953614,71.0282812066,63.0131190925
03/21/2016,74.75,67.10280014038086,71.1931761078,63.0124241729
03/22/2016,74.55999755859375,67.17990013122558,71.3404275456,63.0193727168
03/23/2016,75.3499984741211,67.25300010681153,71.4778378552,63.0281623584
03/24/2016,75.55999755859375,67.34240005493164,71.6423731996,63.0424269103
03/28/2016,75.55000305175781,67.44460006713867,71.8166152871,63.0725848472
03/29/2016,76.63999938964844,67.54260009765625,71.9848036003,63.100396595
03/30/2016,76.4800033569336,67.65310012817383,72.1819478653,63.124252391
03/31/2016,76.62000274658203,67.76150016784668,72.3698976896,63.1531026461
04/01/2016,76.98999786376953,67.86850021362305,72.5564313236,63.1805691037
04/04/2016,76.87000274658203,67.98490020751953,72.7526814333,63.2171189818
04/05/2016,75.7300033569336,68.13410022735596,72.9439575567,63.324242898
04/06/2016,75.41000366210938,68.27210025787353,73.0999105696,63.4442899462
04/07/2016,75.97000122070312,68.39950031280517,73.2458579971,63.5531426286
04/08/2016,76.04000091552734,68.53000034332275,73.4026821458,63.6573185408
04/11/2016,75.58000183105469,68.66500034332276,73.5568305839,63.7731701027
04/12/2016,76.05000305175781,68.80170036315918,73.6938561606,63.9095445658
04/13/2016,75.25,68.93500038146972,73.8412135572,64.0287872058
04/14/2016,75.27999877929688,69.062900390625,73.9653594773,64.1604413039
04/15/2016,75.8499984741211,69.18770038604737,74.0879875075,64.2874132646
04/18/2016,75.7699966430664,69.31430038452149,74.2215322119,64.4070685571
04/19/2016,76.01000213623047,69.43890033721924,74.3502792816,64.5275213929
04/20/2016,73.45999908447266,69.5708003616333,74.479765716,64.6618350073
04/21/2016,71.0999984741211,69.68190036773682,74.5517521629,64.8120485726
04/22/2016,71.58000183105469,69.77260036468506,74.5831953446,64.9620053848
04/25/2016,72.25,69.86630039215088,74.6195920921,65.1130086922
04/26/2016,72.04000091552734,69.96730037689208,74.6625094824,65.2720912714
04/27/2016,73.5199966430664,70.06180038452149,74.7023578491,65.42124292
04/28/2016,74.26000213623047,70.18230033874512,74.7541330596,65.6104676179
04/29/2016,74.5999984741211,70.31990036010743,74.8044881653,65.8353125549
05/02/2016,75.4000015258789,70.44440032958984,74.8729155965,66.0158850626
05/03/2016,75.22000122070312,70.57060035705567,74.9585349901,66.182665724
05/04/2016,76.2300033569336,70.68810035705566,75.0415068734,66.3346938407
05/05/2016,75.58000183105469,70.82020038604736,75.1392080506,66.5011927215
05/06/2016,74.16000366210938,70.96450038909911,75.1982262132,66.730774565
05/09/2016,74.3499984741211,71.0980004119873,75.2183870452,66.9776137788
05/10/2016,73.80999755859375,71.22110038757324,75.2519456796,67.1902550956
05/11/2016,74.43000030517578,71.33250038146973,75.2785254959,67.3864752671
05/12/2016,74.95999908447266,71.43460037231445,75.3269978867,67.5422028579
05/13/2016,74.62000274658203,71.54200035095215,75.381662264,67.7023384379
05/16/2016,74.01000213623047,71.65530036926269,75.4161450553,67.8944556832
05/17/2016,72.27999877929688,71.76130039215087,75.436666108,68.0859346763
05/18/2016,71.13999938964844,71.84710037231446,75.4323195388,68.2618812059
05/19/2016,71.83000183105469,71.91060035705567,75.425815516,68.3953851981
05/20/2016,72.16000366210938,71.9814003753662,75.4221921386,68.5406086121
05/23/2016,71.69999694824219,72.0521004486084,75.4224793521,68.6817215452
05/24/2016,72.13999938964844,72.11770042419434,75.4159755726,68.8194252758
05/25/2016,71.79000091552734,72.18660041809082,75.4118482576,68.9613525786
05/26/2016,72.7300033569336,72.26180046081544,75.3877267777,69.135874144
05/27/2016,72.73999786376953,72.34510047912597,75.3697640571,69.3204369012
05/31/2016,73.26000213623047,72.42340042114257,75.3544773003,69.492323542
06/01/2016,73.6500015258789,72.50380043029786,75.3450777723,69.6625230883
06/02/2016,73.63999938964844,72.58310043334961,75.3434458639,69.8227550028
06/03/2016,75.3499984741211,72.65520042419433,75.3472019898,69.9631988586
06/06/2016,75.04000091552734,72.74560043334961,75.3740417279,70.1171591388
06/07/2016,74.6500015258789,72.84100044250488,75.3762041733,70.3057967117
06/08/2016,75.4000015258789,72.92070045471192,75.3852595404,70.456141369
06/09/2016,76.54000091552734,72.99850044250488,75.4168664249,70.5801344601
06/10/2016,77.13999938964844,73.0871004486084,75.4710471516,70.7031537456
06/13/2016,77.22000122070312,73.16780044555664,75.5509870322,70.7846138589
06/14/2016,78.25,73.25750045776367,75.6226406045,70.8923603111
06/15/2016,77.30999755859375,73.36310043334962,75.7129976085,71.0132032582
06/16/2016,77.94999694824219,73.45650039672852,75.7755989196,71.1374018739
06/17/2016,77.83999633789062,73.557900390625,75.8494110647,71.2663897165
06/20/2016,77.16000366210938,73.65640037536622,75.9179633292,71.3948374216
06/21/2016,77.16999816894531,73.74470039367675,75.9686422199,71.5207585675
06/22/2016,77.16000366210938,73.82490036010742,76.0261952707,71.6236054496
06/23/2016,76.86000061035156,73.90260040283204,76.0830149645,71.7221858412
06/24/2016,78.41000366210938,73.96700042724609,76.1386903854,71.7953104691
06/27/2016,79.7300033569336,74.03990043640137,76.2370057326,71.8427951402
06/28/2016,79.19999694824219,74.12050048828125,76.3762450791,71.8647558975
06/29/2016,79.06999969482422,74.19720046997071,76.493590381,71.9008105589
06/30/2016,80.44000244140625,74.26750045776367,76.6040301835,71.9309707321
07/01/2016,80.51000213623047,74.34110046386719,76.7537443405,71.9284565872
07/05/2016,81.66999816894531,74.41010047912597,76.8983323578,71.9218686005
07/06/2016,81.55000305175781,74.49290046691894,77.0815482078,71.904252726
07/07/2016,79.98999786376953,74.58690048217774,77.2581167478,71.9156842165
07/08/2016,80.37999725341797,74.6796004486084,77.3757474343,71.9834534629
07/11/2016,80.19999694824219,74.77370040893555,77.5027456154,72.0446552025
07/12/2016,78.7699966430664,74.87600036621093,77.614780047,72.1372206854
07/13/2016,79.41999816894531,74.95060035705566,77.6928288835,72.2083718306
07/14/2016,79.12000274658203,75.0361003112793,77.7830530681,72.2891475544
07/15/2016,79.1500015258789,75.11150032043457,77.8660240018,72.3569766391
07/18/2016,79.05999755859375,75.18250030517578,77.9486758198,72.4163247905
07/19/2016,79.11000061035156,75.25740028381348,78.0261482344,72.4886523332
07/20/2016,78.91000366210938,75.32400032043456,78.1044930478,72.5435075931
07/21/2016,79.88999938964844,75.40960037231446,78.1673167635,72.6518839812
07/22/2016,81.18000030517578,75.50840034484864,78.2478202473,72.7689804424
07/25/2016,81.19000244140625,75.62240036010742,78.3582640289,72.8865366913
07/26/2016,80.44999694824219,75.7313003540039,78.4698754587,72.9927252493
07/27/2016,79.43000030517578,75.82950035095215,78.5594414505,73.0995592514
07/28/2016,79.87999725341797,75.90990036010743,78.6262689943,73.1935317259
07/29/2016,80.08000183105469,75.99180030822754,78.7031638516,73.2804367649
08/01/2016,80.45999908447266,76.0638003540039,78.7871455382,73.3404551698
08/02/2016,80.12000274658203,76.1411003112793,78.8783904525,73.40381017
08/03/2016,78.9000015258789,76.21170036315918,78.9596373446,73.4637633817
08/04/2016,78.79000091552734,76.2680004119873,79.0127629486,73.5232378754
08/05/2016,77.75,76.32120040893555,79.0627707643,73.5796300536
08/08/2016,77.6500015258789,76.35970039367676,79.0940226876,73.6253780998
08/09/2016,78.08999633789062,76.39180038452149,79.1222370465,73.6613637225
08/10/2016,78.23999786376953,76.41790031433105,79.1519683668,73.6838322618
08/11/2016,78.38999938964844,76.44780029296875,79.1852798984,73.7103206875
08/12/2016,78.79000091552734,76.48420028686523,79.223062413,73.7453381608
08/15/2016,76.23999786376953,76.52650032043456,79.2679813174,73.7850193234
08/16/2016,75.08000183105469,76.53540031433106,79.2744910608,73.7963095678
08/17/2016,76.37999725341797,76.53060035705566,79.2718159305,73.7893847836
08/18/2016,77.37999725341797,76.53890029907227,79.2783902212,73.799410377
08/19/2016,76.5,76.54630027770996,79.2870524563,73.8055480992
08/22/2016,76.75,76.54650024414063,79.2872483078,73.8057521805
08/23/2016,76.45999908447266,76.5478002166748,79.2886136642,73.8069867692
08/24/2016,76.31999969482422,76.54250022888183,79.2829658767,73.8020345811
08/25/2016,76.44999694824219,76.53700019836425,79.2773549569,73.7966454399
08/26/2016,74.7699966430664,76.54420013427735,79.2833707423,73.8050295262
08/29/2016,75.25,76.53780006408691,79.280358837,73.7952412912
08/30/2016,74.5999984741211,76.53060005187989,79.2755840441,73.7856160596
08/31/2016,75.25,76.51620002746581,79.2674897444,73.7649103106
09/01/2016,74.87999725341797,76.51290000915527,79.2655082578,73.7602917605
09/02/2016,75.55000305175781,76.50119995117187,79.2582339113,73.744165991
09/06/2016,76.27999877929688,76.50419998168945,79.2600337937,73.7483661697
09/07/2016,76.01000213623047,76.51419998168946,79.2673864947,73.7610134687
09/08/2016,75.87000274658203,76.51580001831054,79.268646533,73.7629535036
09/09/2016,72.94999694824219,76.5168000793457,79.2693936287,73.76420653
09/12/2016,74.44999694824219,76.48620002746583,79.2611752145,73.7112248404
09/13/2016,73.2300033569336,76.49610000610352,79.2620124392,73.730187573
09/14/2016,74.12999725341797,76.51740005493164,79.2496724885,73.7851276213
09/15/2016,74.55999755859375,76.54290000915528,79.240654689,73.8451453293
09/16/2016,75.30999755859375,76.56599998474121,79.2366508081,73.8953491614
09/19/2016,76.4000015258789,76.59869995117188,79.2335121414,73.9638877609
09/20/2016,76.54000091552734,76.6275,79.2441804362,74.0108195638
09/21/2016,78.05999755859375,76.65029998779296,79.2561631394,74.0444368361
09/22/2016,78.8499984741211,76.6848999786377,79.2862766748,74.0835232825
09/23/2016,78.68000030517578,76.71939994812011,79.326378533,74.1124213633
09/26/2016,78.66000366210938,76.75399993896484,79.3638079309,74.144191947
09/27/2016,77.8499984741211,76.7782999420166,79.3944211247,74.1621787594
09/28/2016,77.16999816894531,76.80099990844727,79.4164732782,74.1855265387
09/29/2016,76.52999877929688,76.83109985351562,79.4332927607,74.2289069463
09/30/2016,75.30000305175781,76.85289985656738,79.4433208,74.2624789131
10/03/2016,74.23999786376953,76.86779991149902,79.4449264108,74.2906734122
10/04/2016,72.7699966430664,76.86589988708496,79.4448923551,74.286907419
10/05/2016,72.5,76.8439998626709,79.4482583357,74.2397413896
10/06/2016,72.33000183105469,76.82279983520507,79.453570534,74.1920291364
10/07/2016,72.02999877929688,76.80599983215332,79.459941478,74.1520581863
10/10/2016,72.19999694824219,76.80349983215332,79.4618179122,74.1451817521
10/11/2016,71.66000366210938,76.81409980773925,79.4518474588,74.1763521567
10/12/2016,72.06999969482422,76.8123998260498,79.4534118527,74.1713877994
10/13/2016,72.94000244140625,76.81149978637696,79.4541120176,74.1688875552
10/14/2016,72.48999786376953,76.82389984130859,79.4453223459,74.2024773368
10/17/2016,73.0,76.8273998260498,79.4427930138,74.2120066383
10/18/2016,73.23999786376953,76.83949981689453,79.4342774824,74.2447221514
10/19/2016,73.44000244140625,76.8445997619629,79.4317854251,74.2574140989
10/20/2016,73.62000274658203,76.85159980773926,79.4285972692,74.2746023463
10/21/2016,73.16999816894531,76.85519981384277,79.4274244179,74.2829752098
10/24/2016,73.16999816894531,76.85039978027343,79.429040997,74.2717585636
10/25/2016,73.6500015258789,76.84569976806641,79.430608913,74.2607906231
10/26/2016,73.87999725341797,76.82869979858398,79.4289343914,74.2284652057
10/27/2016,73.47000122070312,76.8170997619629,79.4278543286,74.2063451954
10/28/2016,73.98999786376953,76.80529975891113,79.4284596293,74.1821398885
10/31/2016,75.55000305175781,76.79119972229005,79.4256407467,74.1567586979
11/01/2016,74.05000305175781,76.78129974365234,79.4185248355,74.1440746519
11/02/2016,73.81999969482422,76.75039978027344,79.4013080282,74.0994915323
11/03/2016,73.87000274658203,76.71639976501464,79.3828254117,74.0499741183
11/04/2016,73.75,76.67259979248047,79.3494277202,73.9957718647
11/07/2016,74.54000091552734,76.63699981689453,79.3287452605,73.9452543733
11/08/2016,75.33000183105469,76.60289985656738,79.2993911239,73.9064085892
11/09/2016,72.26000213623047,76.57779991149903,79.2743409856,73.8812588374
11/10/2016,70.69000244140625,76.52879989624023,79.25863083,73.7989689624
11/11/2016,70.48999786376953,76.46399993896485,79.254086335,73.6739135429
11/14/2016,69.55000305175781,76.39729988098145,79.2489969189,73.5456028431
11/15/2016,70.56999969482422,76.3241999053955,79.2556749963,73.3927248145
11/16/2016,69.83999633789062,76.24579986572266,79.2248940351,73.2667056964
11/17/2016,70.04000091552734,76.14689979553222,79.1724852421,73.1213143489
11/18/2016,69.52999877929688,76.05529983520508,79.1253983449,72.9852013255
11/21/2016,70.0999984741211,75.9598998260498,79.0826094,72.8371902521
11/22/2016,70.31999969482422,75.85649978637696,79.0002705731,72.7127289997
11/23/2016,69.55000305175781,75.7545997619629,78.9110041461,72.5981953779
11/25/2016,70.66000366210938,75.63339981079102,78.7930279579,72.4737716637
11/28/2016,72.6500015258789,75.52449981689453,78.6659446394,72.3830549944
11/29/2016,72.6500015258789,75.45109985351563,78.5730397463,72.3291599607
11/30/2016,69.7699966430664,75.37379989624023,78.4683199937,72.2792797988
12/01/2016,69.47000122070312,75.26949989318848,78.3753460697,72.1636537167
12/02/2016,69.69000244140625,75.17649993896484,78.3152000766,72.0377998013
12/05/2016,69.72000122070312,75.07919998168946,78.2356085497,71.9227914137
12/06/2016,69.1500015258789,74.98519996643067,78.1597878592,71.8106120737
12/07/2016,70.41000366210938,74.88519996643066,78.0844261193,71.6859738136
12/08/2016,70.58000183105469,74.79870002746583,78.0008165475,71.5965835074
12/09/2016,71.44000244140625,74.71340003967285,77.9131461448,71.5136539345
12/12/2016,72.81999969482422,74.63870002746582,77.8267764921,71.4506235628
12/13/2016,73.27999877929688,74.56800003051758,77.716991665,71.4190083961
12/14/2016,71.20999908447266,74.4890000152588,77.5694725938,71.4085274367
12/15/2016,71.75,74.38919998168946,77.4120852585,71.3663147049
12/16/2016,72.68000030517578,74.30220001220704,77.274166965,71.3302330594
12/19/2016,73.04000091552734,74.23470001220703,77.1658095767,71.3035904477
12/20/2016,73.44000244140625,74.16630004882812,77.0441992781,71.2884008195
12/21/2016,73.12000274658203,74.09990005493164,76.916538372,71.2832617378
12/22/2016,73.5,74.02650009155273,76.7711598601,71.281840323
12/23/2016,73.62999725341797,73.96030006408691,76.6361623698,71.2844377584
12/27/2016,73.75,73.9076000213623,76.5371525078,71.278047535
12/28/2016,73.06999969482422,73.85720001220703,76.4405846352,71.2738153892
12/29/2016,74.06999969482422,73.81040000915527,76.3650709853,71.255729033
12/30/2016,73.68000030517578,73.77459999084472,76.300131752,71.2490682296
01/03/2017,73.62999725341797,73.73050003051758,76.2185170934,71.2424829677
01/04/2017,73.55999755859375,73.68440002441406,76.1307951265,71.2380049223
01/05/2017,73.72000122070312,73.63610000610352,76.0363592024,71.2358408098
01/06/2017,73.94000244140625,73.58540000915528,75.929140005,71.2416600133
01/09/2017,72.76000213623047,73.56240005493164,75.8912144961,71.2335856138
01/10/2017,72.63999938964844,73.5392000579834,75.8643335454,71.2140665706
01/11/2017,73.02999877929688,73.5018000793457,75.8109625481,71.1926376106
01/12/2017,73.62000274658203,73.4583000946045,75.7347361007,71.1818640885
01/13/2017,73.5999984741211,73.42950012207031,75.6853976255,71.1736026187
01/17/2017,74.5999984741211,73.39800010681152,75.6291690375,71.1668311761
01/18/2017,74.43000030517578,73.37940010070801,75.5926462372,71.1661539642
01/19/2017,73.48999786376953,73.36050010681153,75.5565573918,71.1644428218
01/20/2017,73.08000183105469,73.3309001159668,75.5049537558,71.1568464761
01/23/2017,72.95999908447266,73.31400016784669,75.4833648518,71.1446354839
01/24/2017,72.79000091552734,73.2911001586914,75.4519775119,71.1302228055
01/25/2017,72.73999786376953,73.27300018310547,75.4304158091,71.1155845572
01/26/2017,73.0199966430664,73.24790016174316,75.3967528333,71.0990474902
01/27/2017,73.12000274658203,73.22930015563965,75.3719862817,71.0866140296
01/30/2017,73.26000213623047,73.20500015258789,75.3349710877,71.0750292175
01/31/2017,74.3499984741211,73.17480018615723,75.2822484615,71.0673519108
02/01/2017,73.33000183105469,73.15820014953613,75.2497282706,71.0666720285
02/02/2017,74.47000122070312,73.13280014038087,75.2065892197,71.059011061
02/03/2017,74.19999694824219,73.14800018310547,75.2259600002,71.070040366
02/06/2017,74.30000305175781,73.14550018310547,75.222041964,71.0689584022
02/07/2017,74.51000213623047,73.15620018005372,75.2359041587,71.0764962014
02/08/2017,75.25,73.16000022888184,75.2418261554,71.0781743024
02/09/2017,74.38999938964844,73.16690025329589,75.2544904054,71.0793101012
02/10/2017,74.75,73.15770027160644,75.2378394635,71.0775610797
02/13/2017,74.3499984741211,73.14120025634766,75.2020097617,71.080390751
02/14/2017,73.69000244140625,73.1193002319336,75.1553625292,71.0832379347
02/15/2017,73.69999694824219,73.07560028076172,75.051148838,71.1000517235
02/16/2017,74.29000091552734,73.02410026550292,74.9137038794,71.1344966517
02/17/2017,73.5,72.98020027160645,74.7870781313,71.1733224119
02/21/2017,74.5199966430664,72.92860023498535,74.6438976693,71.2133028007
02/22/2017,75.01000213623047,72.8953002166748,74.5458335293,71.2447669041
02/23/2017,75.91000366210938,72.87370025634766,74.4817372192,71.2656632935
02/24/2017,76.61000061035156,72.86750030517578,74.4625710338,71.2724295765
02/27/2017,76.47000122070312,72.88060028076171,74.500776632,71.2604239295
02/28/2017,77.04000091552734,72.90290031433105,74.5566332102,71.2491674184
03/01/2017,76.18000030517578,72.94560035705567,74.6497096779,71.2414910362
03/02/2017,77.19000244140625,72.98240036010742,74.7159695599,71.2488311603
03/03/2017,76.66999816894531,73.03100036621093,74.8130450133,71.2489557191
03/06/2017,76.63999938964844,73.07740036010742,74.8928708702,71.26192985
03/07/2017,76.63999938964844,73.12180038452148,74.9692809831,71.274319786
03/08/2017,75.51000213623047,73.17160034179688,75.045930428,71.2972702556
03/09/2017,75.12999725341797,73.20600036621094,75.0913321407,71.3206685917
03/10/2017,75.9800033569336,73.22790031433105,75.1227106963,71.3330899324
03/13/2017,76.27999877929688,73.26280036926269,75.1757520365,71.3498487021
03/14/2017,76.41999816894531,73.29560035705566,75.2317440666,71.3594566475
03/15/2017,77.63999938964844,73.32740036010742,75.2883258876,71.3664748326
03/16/2017,76.31999969482422,73.36940032958984,75.376717753,71.3620829062
03/17/2017,76.68000030517578,73.39640029907227,75.4249531306,71.3678474675
03/20/2017,76.08999633789062,73.43150032043457,75.4860324545,71.3769681864
03/21/2017,77.33999633789062,73.46070030212402,75.5319901968,71.3894104074
03/22/2017,78.11000061035156,73.49760025024415,75.6044963676,71.3907041329
03/23/2017,77.88999938964844,73.53990028381348,75.6959387929,71.3838617747
03/24/2017,78.41000366210938,73.58410026550293,75.7831303194,71.3850702116
03/27/2017,78.55000305175781,73.62830032348633,75.8788614624,71.3777391846
03/28/2017,78.52999877929688,73.65830032348633,75.9538237069,71.3627769401
03/29/2017,78.18000030517578,73.70310028076172,76.0489947191,71.3572058424
03/30/2017,77.73999786376953,73.74670028686523,76.1345046002,71.3588959735
03/31/2017,77.66000366210938,73.78540023803711,76.2060249452,71.3647755309
04/03/2017,77.83000183105469,73.8245002746582,76.2756241282,71.3733764211
04/04/2017,77.95999908447266,73.85740028381348,76.3397875925,71.3750129752
04/05/2017,78.52999877929688,73.88370025634765,76.3953098354,71.3720906773
04/06/2017,78.33000183105469,73.94640022277832,76.4946875566,71.398112889
04/07/2017,77.81999969482422,74.02280021667481,76.586791196,71.4588092373
04/10/2017,78.01000213623047,74.09610023498536,76.6628213269,71.5293791431
04/11/2017,77.9000015258789,74.18070022583008,76.7355811017,71.6258193499
04/12/2017,78.58000183105469,74.25400024414063,76.8093874625,71.6986130258
04/13/2017,78.52999877929688,74.34140029907226,76.8937861748,71.7890144234
04/17/2017,78.87000274658203,74.42630027770996,76.9753959719,71.8772045836
04/18/2017,79.08999633789062,74.51970031738281,77.0587734796,71.9806271552
04/19/2017,78.77999877929688,74.6096002960205,77.149747719,72.0694528731
04/20/2017,78.27999877929688,74.69420028686524,77.2309516097,72.1574489641
04/21/2017,79.08999633789062,74.78150024414063,77.2897741222,72.273226366
04/24/2017,79.4000015258789,74.86580017089844,77.3757992576,72.3558010842
04/25/2017,79.4000015258789,74.93330017089843,77.4733850805,72.3932152613
04/26/2017,79.13999938964844,75.00080017089844,77.5688451045,72.4327552373
04/27/2017,79.58000183105469,75.09450019836426,77.6408292682,72.5481711285
04/28/2017,79.27999877929688,75.19560020446778,77.7171905523,72.6740098566
05/01/2017,78.8499984741211,75.29150016784668,77.7840747664,72.7989255693
05/02/2017,79.26000213623047,75.38280014038087,77.8365331212,72.9290671596
05/03/2017,78.76000213623047,75.48390014648437,77.8864890621,73.0813112309
05/04/2017,78.87999725341797,75.56740013122558,77.9370721416,73.1977281208
05/05/2017,79.80999755859375,75.65040008544922,77.9890851911,73.3117149798
05/08/2017,79.38999938964844,75.7341000366211,78.0703770685,73.3978230047
05/09/2017,78.80999755859375,75.79980003356934,78.1455643169,73.4540357502
05/10/2017,79.04000091552734,75.8551000213623,78.2059872777,73.504212765
05/11/2017,79.45999908447266,75.93340003967285,78.258525049,73.6082750303
05/12/2017,79.9000015258789,76.01050003051758,78.3234251374,73.6975749237
05/15/2017,79.61000061035156,76.08270004272461,78.4032106854,73.7621894001
05/16/2017,79.13999938964844,76.14840003967285,78.4748332466,73.8219668328
05/17/2017,79.36000061035156,76.20540000915527,78.534602654,73.8761973643
05/18/2017,79.91999816894531,76.26779998779297,78.5970937628,73.9385062127
05/19/2017,80.37000274658203,76.33199996948242,78.6725696011,73.9914303378
05/22/2017,80.94999694824219,76.39940002441406,78.7581645126,74.0406355362
05/23/2017,81.30999755859375,76.47139999389648,78.8579188046,74.0848811832
05/24/2017,81.44999694824219,76.55379997253418,78.9635940097,74.1440059354
05/25/2017,82.04000091552734,76.62759994506835,79.0729415726,74.1822583175
05/26/2017,82.0999984741211,76.71119995117188,79.1969119459,74.2254879564
05/30/2017,82.19999694824219,76.7958999633789,79.319200069,74.2725998577
05/31/2017,82.79000091552734,76.8822999572754,79.4409930735,74.3236068411
06/01/2017,83.43000030517578,76.97299995422364,79.5783198859,74.3676800225
06/02/2017,83.52999877929688,77.06789993286132,79.7331623471,74.4026375186
06/05/2017,83.05000305175781,77.175599899292,79.8818947529,74.4693050457
06/06/2017,82.9000015258789,77.27969993591309,80.0096384739,74.5497613979
06/07/2017,83.76000213623047,77.37839996337891,80.1312350522,74.6255648746
06/08/2017,83.04000091552734,77.47979995727539,80.2786947452,74.6809051693
06/09/2017,83.25,77.57419998168945,80.3997141687,74.7486857947
06/12/2017,83.30000305175781,77.66069999694824,80.5259637685,74.7954362254
06/13/2017,82.87999725341797,77.74940002441406,80.6503502084,74.8484498404
06/14/2017,83.58999633789062,77.84330001831054,80.7568030598,74.9297969768
06/15/2017,84.26000213623047,77.9483999633789,80.8777017683,75.0190981585
06/16/2017,84.8499984741211,78.06139999389649,81.0139517452,75.1088482426
06/19/2017,84.75,78.18199996948242,81.1629380266,75.2010619123
06/20/2017,84.95999908447266,78.30209999084472,81.3032331202,75.3009668615
06/21/2017,84.6500015258789,78.42150001525879,81.4475227746,75.3954772559
06/22/2017,84.19999694824219,78.53680000305175,81.5782475582,75.4953524479
06/23/2017,83.83999633789062,78.64619995117188,81.6926252204,75.5997746819
06/26/2017,84.04000091552734,78.74109992980956,81.8000021272,75.6821977325
06/27/2017,82.66999816894531,78.8481999206543,81.9032606296,75.7931392117
06/28/2017,81.81999969482422,78.93019989013672,81.9766809946,75.8837187856
06/29/2017,80.83000183105469,79.00639991760254,82.0288164849,75.9839833503
06/30/2017,80.81999969482422,79.0716999053955,82.0620997687,76.0813000421
07/03/2017,80.56999969482422,79.13479988098145,82.0946958913,76.1749038707
07/05/2017,80.47000122070312,79.18799987792968,82.1253176061,76.2506821498
07/06/2017,80.38999938964844,79.24879989624023,82.1488629958,76.3487367967
07/07/2017,80.52999877929688,79.30519989013672,82.1718732897,76.4385264905
07/10/2017,80.37000274658203,79.36699989318848,82.1925013092,76.5414984771
07/11/2017,80.41000366210938,79.43379989624023,82.2026937473,76.6649060452
07/12/2017,81.11000061035156,79.50089996337891,82.2107035568,76.79109637
07/13/2017,80.33000183105469,79.56909996032715,82.232320123,76.9058797976
07/14/2017,80.7300033569336,79.63739997863769,82.2307620274,77.0440379299
07/17/2017,81.11000061035156,79.69950004577636,82.2434595482,77.1555405433
07/18/2017,81.20999908447266,79.76050003051758,82.2640954778,77.2569045832
07/19/2017,81.75,79.81349998474121,82.2909842775,77.336015692
07/20/2017,82.41000366210938,79.8648999786377,82.3286699968,77.4011299605
07/21/2017,82.93000030517578,79.92430000305175,82.3770854586,77.4715145475
07/24/2017,82.13999938964844,79.98319999694824,82.4367357747,77.5296642192
07/25/2017,81.51000213623047,80.04279998779298,82.4755268962,77.6100730794
07/26/2017,82.11000061035156,80.0859999847412,82.5060074753,77.6659924942
07/27/2017,82.29000091552734,80.14040000915527,82.5440954959,77.7367045224
07/28/2017,82.37999725341797,80.19690002441406,82.5839985848,77.8098014641
07/31/2017,82.86000061035156,80.25430000305175,82.6241287929,77.8844712132
08/01/2017,82.73999786376953,80.32779998779297,82.6630728582,77.9925271173
08/02/2017,82.69999694824219,80.40389999389649,82.6920703594,78.1157296283
08/03/2017,83.12000274658203,80.47109992980957,82.7268081973,78.2153916623
08/04/2017,82.80000305175781,80.53949996948242,82.7706554539,78.3083444851
08/07/2017,83.5,80.60330001831055,82.8067927322,78.3998073044
08/08/2017,84.05999755859375,80.66190002441407,82.8637273067,78.4600727421
08/09/2017,83.26000213623047,80.73930000305175,82.9231045521,78.555495454
08/10/2017,83.63999938964844,80.8051000213623,82.9645983237,78.645601719
08/11/2017,82.87000274658203,80.88060005187988,83.0056358587,78.7555642451
08/14/2017,82.55000305175781,80.9359001159668,83.0399290053,78.8318712266
08/15/2017,83.05000305175781,80.98030014038086,83.0710326455,78.8895676353
08/16/2017,83.44000244140625,81.03190017700196,83.1093594325,78.9544409215
08/17/2017,83.0199966430664,81.08220016479493,83.1564597969,79.0079405327
08/18/2017,83.52999877929688,81.12690010070801,83.1942620106,79.0595381908
08/21/2017,83.75,81.17690010070801,83.2413116717,79.1124885297
08/22/2017,83.93000030517578,81.23260009765625,83.2905327962,79.1746673991
08/23/2017,84.26000213623047,81.29450012207032,83.3395019201,79.249498324
08/24/2017,84.2300033569336,81.36050010681153,83.3936067771,79.3273934365
08/25/2017,84.4800033569336,81.42450012207031,83.4461635558,79.4028366884
08/28/2017,84.58999633789062,81.48970016479493,83.5037024784,79.4756978511
08/29/2017,84.41999816894531,81.55030014038086,83.5655055897,79.535094691
08/30/2017,84.08000183105469,81.61120010375977,83.6201781159,79.6022220916
08/31/2017,84.2699966430664,81.67380012512207,83.6610826176,79.6865176327
09/01/2017,83.98999786376953,81.73640007019043,83.7058012884,79.766998852
09/05/2017,84.37000274658203,81.79730003356934,83.7411209731,79.853479094
09/06/2017,84.05000305175781,81.8552000427246,83.7885301618,79.9218699237
09/07/2017,84.73999786376953,81.91040008544923,83.826729982,79.9940701889
09/08/2017,85.52999877929688,81.9691000366211,83.8812978989,80.0569021744
09/11/2017,86.05000305175781,82.03350006103516,83.9560662936,80.1109338284
09/12/2017,84.20999908447266,82.10620010375976,84.0417738893,80.1706263182
09/13/2017,83.76000213623047,82.16550010681152,84.073585777,80.2574144366
09/14/2017,84.51000213623047,82.21220016479492,84.1014982255,80.3229021041
09/15/2017,84.44000244140625,82.26330017089843,84.1449351724,80.3816651694
09/18/2017,83.56999969482422,82.31370018005371,84.1854388515,80.4419615086
09/19/2017,83.41000366210938,82.35800018310547,84.2063784673,80.5096218989
09/20/2017,82.5999984741211,82.39630020141601,84.2263083312,80.5662920717
09/21/2017,82.43000030517578,82.42950019836425,84.2325889648,80.626411432
09/22/2017,81.58999633789062,82.4653002166748,84.2321389571,80.6984614762
09/25/2017,82.23999786376953,82.48860015869141,84.2281686277,80.7490316897
09/26/2017,81.83999633789062,82.5234001159668,84.2223648067,80.8244354253
09/27/2017,80.62000274658203,82.55300010681152,84.2135817591,80.8924184545
09/28/2017,80.70999908447266,82.5611001586914,84.210218096,80.9119822214
09/29/2017,80.68000030517578,82.57430015563965,84.2031410571,80.9454592542
10/02/2017,81.11000061035156,82.59300018310547,84.1889190313,80.9970813349
10/03/2017,80.9000015258789,82.61370018005371,84.1764808171,81.050919543
10/04/2017,81.77999877929688,82.62810020446777,84.1682252915,81.0879751175
10/05/2017,81.7699966430664,82.64690017700195,84.1649250058,81.1288753482
10/06/2017,81.55999755859375,82.6685001373291,84.1582634846,81.17873679
10/09/2017,81.48999786376953,82.69270011901855,84.1441110864,81.2412891516
10/10/2017,82.4000015258789,82.71400009155273,84.1315811913,81.2964189918
10/11/2017,82.83999633789062,82.73880012512207,84.128707538,81.3488927123
10/12/2017,83.52999877929688,82.76350006103516,84.1328878534,81.3941122686
10/13/2017,83.08000183105469,82.78930007934571,84.14854419,81.4300559686
10/16/2017,82.8499984741211,82.8070001220703,84.158367199,81.4556330452
10/17/2017,83.55999755859375,82.82100013732911,84.1654706236,81.476529651
10/18/2017,83.77999877929688,82.83620010375977,84.1803472027,81.4920530048
10/19/2017,84.83999633789062,82.85300010681152,84.1983390286,81.507661185
10/20/2017,84.86000061035156,82.87940010070801,84.2375080728,81.5212921286
10/23/2017,85.0999984741211,82.90010009765625,84.2723889286,81.5278112667
10/24/2017,85.76000213623047,82.9168000793457,84.3054992306,81.5281009281
10/25/2017,85.33000183105469,82.93910011291504,84.3551036066,81.5230966193
10/26/2017,85.5,82.96190010070801,84.3977229206,81.5260772808
10/27/2017,85.91999816894531,82.98790008544921,84.445738337,81.5300618339
10/30/2017,85.9000015258789,83.00950004577636,84.4943691933,81.5246308982
10/31/2017,86.05000305175781,83.03810005187988,84.5505679391,81.5256321646
11/01/2017,85.80000305175781,83.06610008239745,84.6078658523,81.5243343125
11/02/2017,86.80000305175781,83.09110008239746,84.6565430988,81.525657066
11/03/2017,87.04000091552734,83.13030014038085,84.7384634286,81.5221368522
11/06/2017,86.31999969482422,83.16480018615722,84.81880844,81.5107919323
11/07/2017,87.69000244140625,83.18540016174316,84.8655421531,81.5052581704
11/08/2017,87.86000061035156,83.21380020141602,84.9450645055,81.4825358974
11/09/2017,87.66000366210938,83.24490020751954,85.0305601875,81.4592402275
11/10/2017,87.19000244140625,83.2719002532959,85.1031206948,81.4406798118
11/13/2017,88.30999755859375,83.29730026245117,85.1647173988,81.4298831261
11/14/2017,88.95999908447266,83.3384002685547,85.2693793672,81.4074211699
11/15/2017,88.0199966430664,83.3896002960205,85.3994676009,81.3797329912
11/16/2017,87.36000061035156,83.4294002532959,85.4905062768,81.3682942298
11/17/2017,86.52999877929688,83.47630027770997,85.5726513228,81.3799492326
11/20/2017,86.0,83.52340026855468,85.634865808,81.4119347291
11/21/2017,86.4800033569336,83.57510025024413,85.6832760842,81.4669244163
11/22/2017,86.66000366210938,83.63170028686524,85.7411268944,81.5222736793
11/24/2017,86.9000015258789,83.69260032653808,85.8006652938,81.5845353593
11/27/2017,87.5,83.75690032958984,85.863752529,81.6500481302
11/28/2017,87.9800033569336,83.82800033569336,85.9399943488,81.7160063226
11/29/2017,88.4000015258789,83.90250038146972,86.0281982911,81.7768024719
11/30/2017,89.04000091552734,83.98280036926269,86.1251433121,81.8404574264
12/01/2017,88.81999969482422,84.06910034179687,86.2394205048,81.8987801788
12/04/2017,88.4800033569336,84.1462003326416,86.3467668361,81.9456338292
12/05/2017,88.0199966430664,84.2277003479004,86.4363278538,82.019072842
12/06/2017,88.47000122070312,84.30060028076171,86.5128835649,82.0883169966
12/07/2017,88.48999786376953,84.37420028686523,86.601490153,82.1469104207
12/08/2017,88.91999816894531,84.44700027465821,86.6886060638,82.2053944855
12/11/2017,89.66000366210938,84.51870025634766,86.7873991397,82.250001373
12/12/2017,88.08999633789062,84.59120025634766,86.9067136697,82.275686843
12/13/2017,87.9800033569336,84.6428002166748,86.9781288228,82.3074716105
12/14/2017,87.58999633789062,84.70120025634766,87.0462116129,82.3561888998
12/15/2017,88.23999786376953,84.76200019836426,87.1022983851,82.4217020116
12/18/2017,87.31999969482422,84.82330017089843,87.1735919774,82.4730083644
12/19/2017,85.55999755859375,84.8736001586914,87.222961885,82.5242384324
12/20/2017,84.91000366210938,84.90540016174316,87.2422827305,82.568517593
12/21/2017,84.79000091552734,84.92590019226074,87.253723963,82.5980764215
12/22/2017,84.75,84.94640022277832,87.2638872783,82.6289131672
12/26/2017,84.19999694824219,84.9669002532959,87.2734666311,82.6603338755
12/27/2017,84.66000366210938,84.9777001953125,87.2781138362,82.6772865544
12/28/2017,85.08999633789062,84.99630020141602,87.2865278367,82.7060725662
12/29/2017,84.94999694824219,85.01220016479492,87.2974984953,82.7269018343
01/02/2018,83.58000183105469,85.02110015869141,87.3044050099,82.7377953075
01/03/2018,82.79000091552734,85.02430015563965,87.305357758,82.7432425533
01/04/2018,81.81999969482422,85.01580017089844,87.3035741065,82.7280262353
01/05/2018,81.73999786376953,85.00530014038085,87.3052754165,82.7053248643
01/08/2018,82.88999938964844,84.99720008850097,87.3072126018,82.6871875752
01/09/2018,82.01000213623047,84.99560005187988,87.3070157298,82.684184374
01/10/2018,80.91999816894531,84.98130004882813,87.3066768045,82.6559232931
01/11/2018,80.38999938964844,84.96030006408691,87.312620339,82.6079797892
01/12/2018,79.48999786376953,84.92890007019042,87.3207285718,82.5370715686
01/16/2018,79.0199966430664,84.88630004882812,87.3359831584,82.4366169392
01/17/2018,79.2699966430664,84.83720001220703,87.3538498862,82.3205501382
01/18/2018,78.27999877929688,84.7872999572754,87.3636622246,82.2109376899
01/19/2018,78.2699966430664,84.72779991149902,87.3838206509,82.0717791721
01/22/2018,78.52999877929688,84.66569984436035,87.3982824962,81.9331171925
01/23/2018,79.66000366210938,84.60509986877442,87.4050546108,81.8051451267
01/24/2018,79.41999816894531,84.55749992370606,87.4003291379,81.7146707095
01/25/2018,80.37999725341797,84.51089988708496,87.3990074987,81.6227922755
01/26/2018,80.4000015258789,84.47199989318848,87.3891415745,81.5548582119
01/29/2018,79.12999725341797,84.43609992980957,87.3809115076,81.491288352
01/30/2018,79.58999633789062,84.38369987487793,87.3754674178,81.391932332
01/31/2018,80.36000061035156,84.33909980773926,87.3685166271,81.3096829884
02/01/2018,78.75,84.29529983520507,87.3501603786,81.2404392919
02/02/2018,77.95999908447266,84.2274998474121,87.329085698,81.1259139968
02/05/2018,77.12999725341797,84.14659980773926,87.3045881629,80.9886114526
02/06/2018,75.87999725341797,84.07579978942871,87.3100175817,80.8415819971
02/07/2018,75.26000213623047,83.99699974060059,87.3323662558,80.6616332254
02/08/2018,74.7300033569336,83.90449974060058,87.3507778921,80.4582215891
02/09/2018,76.88999938964844,83.80739974975586,87.3719826001,80.2428168994
02/12/2018,77.4000015258789,83.7405997467041,87.3709894429,80.1102100505
02/13/2018,77.02999877929688,83.6804997253418,87.3652054468,79.9957940039
02/14/2018,75.88999938964844,83.62479972839355,87.3670678325,79.8825316243
02/15/2018,77.11000061035156,83.55939971923829,87.3783379628,79.7404614757
02/16/2018,77.7699966430664,83.51459976196288,87.3823438413,79.6468556826
02/20/2018,76.36000061035156,83.46989974975585,87.3777386311,79.5620608684
02/21/2018,75.47000122070312,83.41509979248048,87.3833667308,79.4468328542
02/22/2018,75.79000091552734,83.36359977722168,87.4006296855,79.326569869
02/23/2018,77.62999725341797,83.31439979553222,87.4129809979,79.2158185931
02/26/2018,76.95999908447266,83.28389976501465,87.4132049531,79.1545945769
02/27/2018,75.66000366210938,83.24239974975586,87.4139819326,79.0708175669
02/28/2018,74.88999938964844,83.18999977111817,87.4231323181,78.9568672241
03/01/2018,74.58999633789062,83.12109977722167,87.4319793843,78.8102201702
03/02/2018,74.3499984741211,83.04929977416992,87.4411183278,78.6574812205
03/05/2018,76.08999633789062,82.97719978332519,87.4512885196,78.5031110471
03/06/2018,75.13999938964844,82.92319976806641,87.4472214342,78.3991781019
03/07/2018,74.4800033569336,82.8505997467041,87.4402125833,78.2609869101
03/08/2018,75.30999755859375,82.76699981689453,87.4315710466,78.1024285872
03/09/2018,75.23999786376953,82.6847998046875,87.4072689753,77.9623306341
03/12/2018,75.69000244140625,82.60639976501464,87.3863848501,77.8264146799
03/13/2018,75.48999786376953,82.5347998046875,87.3639718844,77.705627725
03/14/2018,75.97000122070312,82.45409980773925,87.3326418569,77.5755577586
03/15/2018,76.58000183105469,82.37599983215333,87.295037155,77.4569625093
03/16/2018,77.44999694824219,82.29339988708496,87.2396437724,77.3471560018
03/19/2018,77.05000305175781,82.21929985046387,87.1820157284,77.2565839725
03/20/2018,76.88999938964844,82.13879989624023,87.1193922999,77.1582074926
03/21/2018,76.66999816894531,82.05009986877441,87.044376694,77.0558230435
03/22/2018,76.76000213623047,81.96349983215332,86.9752040148,76.9517956495
03/23/2018,75.58000183105469,81.87609985351563,86.9015585994,76.8506411076
03/26/2018,76.41999816894531,81.77269989013672,86.8202162518,76.7251835284
03/27/2018,77.62000274658203,81.67789985656738,86.7360222695,76.6197774436
03/28/2018,77.55999755859375,81.59359985351563,86.6484003718,76.5387993352
03/29/2018,77.94000244140625,81.51119979858399,86.5639198291,76.458479768
04/02/2018,77.06999969482422,81.42259979248047,86.4594589183,76.3857406667
04/03/2018,77.66000366210938,81.32289978027343,86.3462362296,76.299563331
04/04/2018,78.2699966430664,81.23629981994628,86.2473743089,76.225225331
04/05/2018,78.88999938964844,81.1420997619629,86.1193962825,76.1648032414
04/06/2018,78.55999755859375,81.05239974975586,85.98847635,76.1163231495
04/09/2018,78.45999908447266,80.9613996887207,85.8585506548,76.0642487226
04/10/2018,77.5999984741211,80.87409965515137,85.7371317768,76.0110675335
04/11/2018,77.51000213623047,80.76699966430664,85.5827947822,75.9512045464
04/12/2018,76.30999755859375,80.65249969482421,85.4078756325,75.8971237572
04/13/2018,76.69000244140625,80.5353997039795,85.2519303183,75.8188690897
04/16/2018,77.79000091552734,80.42869972229003,85.1101946946,75.74720475
04/17/2018,78.45999908447266,80.34129974365234,84.9895386824,75.6930608049
04/18/2018,78.01000213623047,80.26589973449707,84.8827844099,75.6490150591
04/19/2018,78.11000061035156,80.18119972229005,84.7608492629,75.6015501816
04/20/2018,77.5999984741211,80.09569969177247,84.6332132524,75.5581861312
04/23/2018,77.69999694824219,80.00269966125488,84.4948795684,75.5105197541
04/24/2018,78.30999755859375,79.9046996307373,84.3387728807,75.4706263807
04/25/2018,78.38999938964844,79.8079995727539,84.1697629925,75.4462361531
04/26/2018,79.44999694824219,79.7078995513916,83.985380397,75.4304187058
04/27/2018,80.43000030517578,79.61199951171875,83.7854189186,75.4385801048
04/30/2018,80.12999725341797,79.52809951782227,83.5986288343,75.4575702014
05/01/2018,79.94999694824219,79.4445994567871,83.4150520307,75.4741468829
05/02/2018,79.25,79.36389945983886,83.2401297225,75.4876691972
05/03/2018,79.0,79.27169944763183,83.0383397337,75.5050591615
05/04/2018,79.25,79.17679946899415,82.8277638605,75.5258350775
05/07/2018,78.36000061035156,79.0800994873047,82.5973348328,75.5628641418
05/08/2018,76.2300033569336,78.96709945678711,82.3203094367,75.6138894769
05/09/2018,75.43000030517578,78.84849952697753,82.0846385384,75.6123605155
05/10/2018,76.56999969482422,78.72299949645996,81.843874885,75.6021241079
05/11/2018,76.83000183105469,78.61279953002929,81.610771663,75.6148273971
05/14/2018,76.62999725341797,78.49869956970215,81.3411935992,75.6562055402
05/15/2018,74.9000015258789,78.39179954528808,81.0982939231,75.6853051675
05/16/2018,74.55999755859375,78.28519958496094,80.9161393737,75.6542597962
05/17/2018,73.94000244140625,78.18169952392579,80.7528904776,75.6105085702
05/18/2018,73.97000122070312,78.07319953918457,80.5916264574,75.554772621
05/21/2018,73.83999633789062,77.9653995513916,80.4257692442,75.5050298586
05/22/2018,74.13999938964844,77.86179954528808,80.2751319993,75.4484670912
05/23/2018,75.0999984741211,77.75659950256347,80.0995610167,75.4136379885
05/24/2018,75.87999725341797,77.65669952392578,79.8955110054,75.4178880424
05/25/2018,75.91000366210938,77.56599952697754,79.688190658,75.443808396
05/29/2018,75.98999786376953,77.48929954528809,79.529778238,75.4488208526
05/30/2018,76.33000183105469,77.42129951477051,79.3962511588,75.4463478707
05/31/2018,76.7300033569336,77.36639953613282,79.2940519068,75.4387471654
06/01/2018,75.54000091552734,77.31629959106445,79.1940908562,75.4385083259
06/04/2018,74.94999694824219,77.24279960632325,79.0432409031,75.4423583096
06/05/2018,74.01000213623047,77.17219955444335,78.9220314711,75.4223676378
06/06/2018,72.38999938964844,77.10309959411622,78.8399565003,75.366242688
06/07/2018,72.79000091552734,77.02309959411622,78.7906877659,75.2555114223
06/08/2018,72.75,76.9560996246338,78.7556035348,75.1565957144
06/11/2018,71.38999938964844,76.89339965820312,78.7287740256,75.0580252908
06/12/2018,72.4800033569336,76.81459968566895,78.7142790391,74.9149203323
06/13/2018,72.43000030517578,76.7565997314453,78.6987199541,74.8144795088
06/14/2018,73.25,76.6981997680664,78.6813062522,74.7150932839
06/15/2018,73.7300033569336,76.64539978027344,78.6492135014,74.6415860592
06/18/2018,73.9000015258789,76.58609977722168,78.5875667232,74.5846328312
06/19/2018,74.86000061035156,76.53089981079101,78.5295654499,74.5322341717
06/20/2018,75.02999877929688,76.47569984436035,78.4432823282,74.5081173605
06/21/2018,75.44999694824219,76.42199981689453,78.3547171311,74.4892825027
06/22/2018,75.76000213623047,76.38519981384277,78.300965293,74.4694343347
06/25/2018,77.41999816894531,76.34689987182617,78.2363156543,74.4574840893
06/26/2018,77.4800033569336,76.31749984741211,78.1666870369,74.4683126579
06/27/2018,77.9000015258789,76.30479988098145,78.1415566822,74.4680430797
06/28/2018,77.94000244140625,76.3041999053955,78.1404256611,74.4679741497
06/29/2018,78.26000213623047,76.31229995727539,78.1539292636,74.470670651
