05/21/2014,65.56999969482422,0,0,0
05/22/2014,66.12999725341797,0,0,0
05/23/2014,66.5,0,0,0
05/27/2014,66.8499984741211,0,0,0
05/28/2014,66.6500015258789,0,0,0
05/29/2014,66.80000305175781,0,0,0
05/30/2014,66.7300033569336,0,0,0
06/02/2014,67.16999816894531,0,0,0
06/03/2014,66.94000244140625,0,0,0
06/04/2014,66.73999786376953,0,0,0
06/05/2014,67.38999938964844,0,0,0
06/06/2014,67.66000366210938,0,0,0
06/09/2014,68.0999984741211,0,0,0
06/10/2014,67.5,0,0,0
06/11/2014,67.25,0,0,0
06/12/2014,66.44000244140625,0,0,0
06/13/2014,66.47000122070312,0,0,0
06/16/2014,66.33000183105469,0,0,0
06/17/2014,67.23999786376953,0,0,0
06/18/2014,68.06999969482422,0,0,0
06/19/2014,67.61000061035156,0,0,0
06/20/2014,68.23999786376953,0,0,0
06/23/2014,67.80999755859375,0,0,0
06/24/2014,67.06999969482422,0,0,0
06/25/2014,67.0199966430664,0,0,0
06/26/2014,66.7300033569336,0,0,0
06/27/2014,66.91999816894531,0,0,0
06/30/2014,66.36000061035156,0,0,0
07/01/2014,66.55000305175781,0,0,0
07/02/2014,66.63999938964844,0,0,0
07/03/2014,67.37000274658203,0,0,0
07/07/2014,67.6500015258789,0,0,0
07/08/2014,67.83000183105469,0,0,0
07/09/2014,67.69999694824219,0,0,0
07/10/2014,67.19999694824219,0,0,0
07/11/2014,67.0999984741211,0,0,0
07/14/2014,67.26000213623047,0,0,0
07/15/2014,67.5,0,0,0
07/16/2014,67.98999786376953,0,0,0
07/17/2014,66.9800033569336,0,0,0
07/18/2014,67.38999938964844,0,0,0
07/21/2014,67.36000061035156,0,0,0
07/22/2014,67.41999816894531,0,0,0
07/23/2014,67.0199966430664,0,0,0
07/24/2014,67.05000305175781,0,0,0
07/25/2014,67.43000030517578,0,0,0
07/28/2014,67.08000183105469,0,0,0
07/29/2014,66.0999984741211,0,0,0
07/30/2014,65.20999908447266,0,0,0
07/31/2014,63.650001525878906,0,0,0
08/01/2014,63.400001525878906,0,0,0
08/04/2014,63.9900016784668,0,0,0
08/05/2014,62.84000015258789,0,0,0
08/06/2014,61.849998474121094,0,0,0
08/07/2014,61.790000915527344,0,0,0
08/08/2014,62.79999923706055,0,0,0
08/11/2014,62.58000183105469,0,0,0
08/12/2014,62.66999816894531,0,0,0
08/13/2014,63.04999923706055,0,0,0
08/14/2014,62.95000076293945,0,0,0
08/15/2014,62.970001220703125,0,0,0
08/18/2014,63.81999969482422,0,0,0
08/19/2014,63.93000030517578,0,0,0
08/20/2014,64.4800033569336,0,0,0
08/21/2014,64.55999755859375,0,0,0
08/22/2014,64.5999984741211,0,0,0
08/25/2014,64.75,0,0,0
08/26/2014,64.33999633789062,0,0,0
08/27/2014,64.4000015258789,0,0,0
08/28/2014,64.26000213623047,0,0,0
08/29/2014,64.0199966430664,0,0,0
09/02/2014,64.30999755859375,0,0,0
09/03/2014,64.29000091552734,0,0,0
09/04/2014,64.63999938964844,0,0,0
09/05/2014,65.08000183105469,0,0,0
09/08/2014,64.9800033569336,0,0,0
09/09/2014,65.11000061035156,0,0,0
09/10/2014,65.01000213623047,0,0,0
09/11/2014,64.66000366210938,0,0,0
09/12/2014,64.48999786376953,0,0,0
09/15/2014,64.30000305175781,0,0,0
09/16/2014,64.41000366210938,0,0,0
09/17/2014,64.52999877929688,0,0,0
09/18/2014,64.73999786376953,0,0,0
09/19/2014,65.0,0,0,0
09/22/2014,64.25,0,0,0
09/23/2014,63.5,0,0,0
09/24/2014,64.20999908447266,0,0,0
09/25/2014,62.40999984741211,0,0,0
09/26/2014,63.040000915527344,0,0,0
09/29/2014,62.66999816894531,0,0,0
09/30/2014,62.58000183105469,0,0,0
10/01/2014,61.400001525878906,0,0,0
10/02/2014,62.13999938964844,0,0,0
10/03/2014,62.41999816894531,0,0,0
10/06/2014,62.459999084472656,0,0,0
10/07/2014,61.0,0,0,0
10/08/2014,61.81999969482422,0,0,0
10/09/2014,59.65999984741211,0,0,0
10/10/2014,59.43000030517578,0,0,0
10/13/2014,58.66999816894531,65.22360012054443,67.3075091655,63.1396910755
10/14/2014,59.16999816894531,65.15460010528564,67.3377659177,62.9714342929
10/15/2014,59.349998474121094,65.08500011444092,67.3455331076,62.8244671213
10/16/2014,60.470001220703125,65.01350009918212,67.3402526327,62.6867475656
10/17/2014,61.220001220703125,64.94970012664795,67.3124132861,62.5869869672
10/20/2014,61.22999954223633,64.89540012359619,67.2807012103,62.5100990369
10/21/2014,62.959999084472656,64.83970008850098,67.2448269607,62.4345732163
10/22/2014,60.95000076293945,64.80200004577637,67.2067483221,62.3972517695
10/23/2014,62.04999923706055,64.7398000717163,67.1628663665,62.3167337769
10/24/2014,62.38999938964844,64.69090003967285,67.1184091409,62.2633909384
10/27/2014,62.27000045776367,64.64740005493164,67.0767747907,62.2180253191
10/28/2014,63.380001068115234,64.59620006561279,67.0211829409,62.1712171903
10/29/2014,63.29999923706055,64.55340003967285,66.9616426725,62.1451574069
10/30/2014,63.41999816894531,64.50540004730225,66.8901967075,62.1206033871
10/31/2014,64.05999755859375,64.4646000289917,66.8326572818,62.0965427762
11/03/2014,64.51000213623047,64.43270000457764,66.7844504255,62.0809495836
11/04/2014,64.19000244140625,64.41340000152587,66.7565015098,62.0702984933
11/05/2014,64.41000366210938,64.39060001373291,66.7246539586,62.0565460689
11/06/2014,64.66999816894531,64.37140003204345,66.6973041894,62.0454958747
11/07/2014,64.86000061035156,64.34570003509522,66.6538968925,62.0375031777
11/10/2014,65.11000061035156,64.31360004425049,66.5919071557,62.0352929328
11/11/2014,64.55999755859375,64.28860004425049,66.5442015751,62.0329985134
11/12/2014,64.05000305175781,64.25180004119873,66.4723822046,62.0312178778
11/13/2014,63.52000045776367,64.21420009613037,66.4058594933,62.022540699
11/14/2014,63.619998931884766,64.17870010375977,66.3524926149,62.0049075926
11/17/2014,63.7400016784668,64.14470012664795,66.30029974,61.9891005133
11/18/2014,64.04000091552734,64.11480010986328,66.2550140156,61.9745862041
11/19/2014,64.1500015258789,64.08600013732911,66.2075681216,61.9644321531
11/20/2014,64.20999908447266,64.06390014648437,66.1731399343,61.9546603587
11/21/2014,65.58999633789062,64.04050010681152,66.1349573857,61.946042828
11/24/2014,65.7699966430664,64.03000007629394,66.1140049858,61.9459951668
11/25/2014,65.69999694824219,64.01400001525879,66.0783498313,61.9496501992
11/26/2014,65.37999725341797,63.99449996948242,66.0334655646,61.9555343744
11/28/2014,63.75,63.969999923706055,65.9772033831,61.9627964643
12/01/2014,62.810001373291016,63.930499954223635,65.9024686917,61.9585312167
12/02/2014,63.540000915527344,63.88659999847412,65.8340066228,61.9391933742
12/03/2014,64.4800033569336,63.851000022888186,65.7716944842,61.9303055616
12/04/2014,64.55999755859375,63.82320003509521,65.7142415133,61.9321585569
12/05/2014,64.87999725341797,63.79380001068115,65.6499825547,61.9376174666
12/08/2014,63.61000061035156,63.76270000457764,65.5738222828,61.9515777263
12/09/2014,63.630001068115234,63.72899997711182,65.5110636621,61.9469362921
12/10/2014,61.45000076293945,63.69139999389648,65.435076013,61.9477239748
12/11/2014,61.31999969482422,63.632299995422365,65.3506031264,61.9139968645
12/12/2014,58.43000030517578,63.57130001068115,65.2621120653,61.8804879561
12/15/2014,58.150001525878906,63.48540004730225,65.2165445076,61.754255587
12/16/2014,59.209999084472656,63.39640003204346,65.1702492273,61.6225508368
12/17/2014,59.7400016784668,63.31420001983643,65.0896842757,61.5387157639
12/18/2014,62.0,63.240800018310544,65.0107980657,61.4708019709
12/19/2014,62.33000183105469,63.19980003356934,64.9504735547,61.4491265124
12/22/2014,62.599998474121094,63.17100006103516,64.9120298788,61.4299702433
12/23/2014,62.83000183105469,63.160500030517575,64.9017755916,61.4192244694
12/24/2014,62.72999954223633,63.15480003356934,64.8962151968,61.4133848704
12/26/2014,62.779998779296875,63.142200012207034,64.8820841885,61.402315836
12/29/2014,62.61000061035156,63.14159999847412,64.8815986297,61.4016013673
12/30/2014,62.369998931884766,63.14920001983643,64.8851957313,61.4132043083
12/31/2014,61.72999954223633,63.155,64.8874101108,61.4225898892
01/02/2015,61.790000915527344,63.14430000305176,64.8821654494,61.4064345567
01/05/2015,60.52000045776367,63.13639999389648,64.8786028625,61.3941971253
01/06/2015,60.41999816894531,63.11490001678467,64.8758908586,61.3539091749
01/07/2015,60.290000915527344,63.08860000610352,64.8698860283,61.3073139839
01/08/2015,61.869998931884766,63.06200000762939,64.8648870824,61.2591129329
01/09/2015,60.900001525878906,63.05099998474121,64.8577663868,61.2442335827
01/12/2015,60.16999816894531,63.02180000305176,64.8394651347,61.2041348714
01/13/2015,60.08000183105469,62.98419998168945,64.821473023,61.1469269403
01/14/2015,59.619998931884766,62.94019996643066,64.7937386412,61.0866612917
01/15/2015,59.380001068115234,62.89079998016357,64.7662106463,61.015389314
01/16/2015,60.349998474121094,62.83860000610352,64.7382009707,60.9389990415
01/20/2015,60.47999954223633,62.79459999084472,64.7003661622,60.8888338195
01/21/2015,60.97999954223633,62.75600002288818,64.6691508261,60.8428492197
01/22/2015,59.810001373291016,62.721800003051754,64.6358247474,60.8077752587
01/23/2015,58.119998931884766,62.677299995422366,64.606713255,60.7478867359
01/26/2015,59.43000030517578,62.61830001831055,64.595372631,60.6412274057
01/27/2015,57.29999923706055,62.569500045776365,64.5643606483,60.5746394433
01/28/2015,56.22999954223633,62.4996000289917,64.5545107244,60.4446893335
01/29/2015,56.880001068115234,62.41550003051758,64.5515831199,60.2794169411
01/30/2015,56.939998626708984,62.33350002288818,64.5224606787,60.144539367
02/02/2015,58.970001220703125,62.25309997558594,64.490496534,60.0157034172
02/03/2015,59.439998626708984,62.19169998168945,64.4340964591,59.9493035042
02/04/2015,57.33000183105469,62.13599994659424,64.3768769627,59.8951229305
02/05/2015,57.150001525878906,62.06269992828369,64.3394140386,59.785985818
02/06/2015,57.029998779296875,61.98929996490479,64.3045683918,59.674031538
02/09/2015,57.349998474121094,61.916599922180175,64.2719631187,59.5612367257
02/10/2015,58.040000915527344,61.84599987030029,64.2311873442,59.4608123964
02/11/2015,57.689998626708984,61.7810998916626,64.1806258985,59.3815738848
02/12/2015,58.599998474121094,61.71059989929199,64.1256723893,59.2955274093
02/13/2015,58.68000030517578,61.6465998840332,64.0584531159,59.2347466521
02/17/2015,58.29999923706055,61.59089988708496,64.0063012474,59.1754985268
02/18/2015,58.849998474121094,61.53889987945556,63.9685733903,59.1092263686
02/19/2015,58.689998626708984,61.48529987335205,63.9145784919,59.0560212548
02/20/2015,58.66999816894531,61.44809986114502,63.8913757678,59.0048239545
02/23/2015,58.7400016784668,61.4043998336792,63.857871754,58.9509279133
02/24/2015,58.54999923706055,61.365099868774415,63.8294360391,58.9007636984
02/25/2015,58.29999923706055,61.32479984283447,63.8018579197,58.8477417659
02/26/2015,57.939998626708984,61.29379981994629,63.7890539852,58.7985456547
02/27/2015,57.91999816894531,61.2517998123169,63.7677188563,58.7358807684
03/02/2015,58.33000183105469,61.206799812316895,63.7415948304,58.6720047943
03/03/2015,58.380001068115234,61.16549983978271,63.7131526179,58.6178470617
03/04/2015,57.779998779296875,61.139299850463864,63.7019477722,58.5766519288
03/05/2015,58.08000183105469,61.098899841308594,63.6822596157,58.5155400669
03/06/2015,56.560001373291016,61.08309986114502,63.6800078696,58.4861918527
03/09/2015,57.099998474121094,61.05439987182617,63.6850584078,58.4237413358
03/10/2015,56.09000015258789,61.03869987487793,63.6881596373,58.3892401125
03/11/2015,55.5099983215332,61.007899894714356,63.6965174247,58.3192823647
03/12/2015,56.04999923706055,60.96949989318848,63.7084727861,58.2305270002
03/13/2015,55.2599983215332,60.92529987335205,63.7073025233,58.1432972234
03/16/2015,56.22999954223633,60.86569984436035,63.7040223258,58.0273773629
03/17/2015,55.689998626708984,60.81569984436035,63.6909640999,57.9404355889
03/18/2015,56.779998779296875,60.74299983978271,63.6548046385,57.8311950411
03/19/2015,56.27000045776367,60.701299819946286,63.6395805374,57.7630191025
03/20/2015,56.689998626708984,60.64349983215332,63.6113824065,57.6756172578
03/23/2015,56.93000030517578,60.586499824523926,63.574957133,57.598042516
03/24/2015,56.810001373291016,60.53309982299805,63.5386586177,57.5275410283
03/25/2015,56.599998474121094,60.46739982604981,63.4818041341,57.452995518
03/26/2015,56.470001220703125,60.40039981842041,63.4255404877,57.3752591491
03/27/2015,56.540000915527344,60.33089984893799,63.3656892012,57.2961104966
03/30/2015,56.59000015258789,60.25569988250732,63.2903232245,57.2210765405
03/31/2015,56.619998931884766,60.1764998626709,63.2023962345,57.1506034908
04/01/2015,55.88999938964844,60.100799827575685,63.120025443,57.0815742121
04/02/2015,55.540000915527344,60.01559978485108,63.0322337196,56.9989658501
04/06/2015,56.9900016784668,59.924299812316896,62.9368436245,56.9117560001
04/07/2015,56.470001220703125,59.84559982299805,62.8308495887,56.8603500573
04/08/2015,56.7400016784668,59.75919982910156,62.7157279801,56.8026716781
04/09/2015,56.720001220703125,59.68099987030029,62.6128290707,56.7491706699
04/10/2015,56.849998474121094,59.60769985198974,62.5209528121,56.6944468919
04/13/2015,58.400001525878906,59.54099983215332,62.4402380296,56.6417616347
04/14/2015,58.33000183105469,59.48879985809326,62.3609930485,56.6166066677
04/15/2015,59.15999984741211,59.434699859619144,62.2771051567,56.5922945626
04/16/2015,58.90999984741211,59.38589984893799,62.1904591823,56.5813405155
04/17/2015,58.43000030517578,59.33349983215332,62.0972120916,56.5697875727
04/20/2015,58.70000076293945,59.27569984436035,61.996935828,56.5544638607
04/21/2015,58.220001220703125,59.20679988861084,61.8534938579,56.5601059193
04/22/2015,58.150001525878906,59.13129993438721,61.6961139479,56.5664859209
04/23/2015,58.209999084472656,59.05579998016358,61.5358649676,56.5757349928
04/24/2015,57.650001525878906,58.98409999847412,61.3825954716,56.5856045254
04/27/2015,58.459999084472656,58.92310001373291,61.2767609272,56.5694391003
04/28/2015,58.65999984741211,58.879599990844724,61.2009987171,56.5582012646
04/29/2015,59.09000015258789,58.830799980163576,61.1045192856,56.5570806748
04/30/2015,58.83000183105469,58.77689994812012,60.9788152793,56.574984617
05/01/2015,59.33000183105469,58.71959999084473,60.8434488223,56.5957511594
05/04/2015,59.4900016784668,58.66410003662109,60.6968013363,56.6313987369
05/05/2015,58.400001525878906,58.622900047302245,60.5958113339,56.6499887607
05/06/2015,58.220001220703125,58.570600051879886,60.4783290386,56.6628710652
05/07/2015,58.099998474121094,58.53830005645752,60.4242232542,56.6523768587
05/08/2015,58.790000915527344,58.50610004425049,60.3716326816,56.6405674069
05/11/2015,59.29999923706055,58.509700050354006,60.3754297055,56.6439703952
05/12/2015,60.18000030517578,58.521200027465824,60.3882208615,56.6541791935
05/13/2015,60.34000015258789,58.53090003967285,60.4039842467,56.6578158327
05/14/2015,60.529998779296875,58.53690002441406,60.4148024743,56.6589975746
05/15/2015,60.189998626708984,58.52220001220703,60.3785661757,56.6658338487
05/18/2015,60.20000076293945,58.50079998016358,60.325206554,56.6763934063
05/19/2015,59.900001525878906,58.47680000305176,60.2624992773,56.6911007288
05/20/2015,60.130001068115234,58.4475,60.1849161194,56.7100838806
05/21/2015,61.720001220703125,58.421500015258786,60.1134955377,56.7295044928
05/22/2015,61.779998779296875,58.41090003967285,60.0787047272,56.7430953522
05/26/2015,60.83000183105469,58.4026000213623,60.051444281,56.7537557617
05/27/2015,60.95000076293945,58.387200050354004,60.0058323396,56.7685677611
05/28/2015,61.02000045776367,58.37940006256103,59.9837211147,56.7750790104
05/29/2015,60.310001373291016,58.3717000579834,59.9614146459,56.7819854701
06/01/2015,60.2400016784668,58.36960006713867,59.9566117983,56.782588336
06/02/2015,60.29999923706055,58.367800102233886,59.9525857953,56.7830144091
06/03/2015,60.34000015258789,58.36790008544922,59.9528073567,56.7829928142
06/04/2015,58.91999816894531,58.35260009765625,59.9107855142,56.7944146811
06/05/2015,59.209999084472656,58.33280006408691,59.8709407001,56.794659428
06/08/2015,59.119998931884766,58.32320007324219,59.8528164529,56.7935836936
06/09/2015,59.18000030517578,58.313600044250485,59.835151709,56.7920483795
06/10/2015,59.77000045776367,58.3092000579834,59.8276004736,56.7907996424
06/11/2015,60.13999938964844,58.313100051879886,59.8347431908,56.791456913
06/12/2015,59.630001068115234,58.31100006103516,59.8299732314,56.7920268907
06/15/2015,58.70000076293945,58.302500076293946,59.8116585476,56.793341605
06/16/2015,58.61000061035156,58.279700088500974,59.7652738787,56.7941262983
06/17/2015,58.349998474121094,58.267700080871585,59.7456913698,56.7897087919
06/18/2015,58.75,58.27000007629395,59.747938686,56.7920614666
06/19/2015,58.11000061035156,58.26320007324219,59.737345347,56.7890547995
06/22/2015,58.2599983215332,58.271300086975096,59.7423527101,56.8002474638
06/23/2015,57.880001068115234,58.29160007476807,59.7482798367,56.8349203129
06/24/2015,57.4900016784668,58.30160007476807,59.751973802,56.8512263475
06/25/2015,56.619998931884766,58.30710010528564,59.7533369575,56.860863253
06/26/2015,56.58000183105469,58.28360008239746,59.7379444386,56.8292557262
06/29/2015,55.560001373291016,58.25500011444092,59.7144347455,56.7955654833
06/30/2015,55.43000030517578,58.237300109863284,59.7184179702,56.7561822495
07/01/2015,55.45000076293945,58.22010009765625,59.7235632384,56.7166369569
07/02/2015,55.86000061035156,58.20430011749268,59.7283483018,56.6802519332
07/06/2015,55.2599983215332,58.18940013885498,59.7289325183,56.6498677594
07/07/2015,55.04999923706055,58.16160011291504,59.7284370077,56.5947632181
07/08/2015,53.97999954223633,58.135200119018556,59.7317205278,56.5386797103
07/09/2015,53.7599983215332,58.089000129699706,59.737405274,56.4405949854
07/10/2015,53.83000183105469,58.03980010986328,59.7423654191,56.3372348006
07/13/2015,54.29999923706055,57.99510013580322,59.7481767241,56.2420235475
07/14/2015,54.20000076293945,57.94960014343262,59.7385765183,56.1606237686
07/15/2015,53.47999954223633,57.904700164794924,59.7304968451,56.0789034845
07/16/2015,53.369998931884766,57.85280017852783,59.7291697729,55.9764305841
07/17/2015,52.59000015258789,57.799100151062014,59.725486137,55.8727141651
07/20/2015,52.7400016784668,57.73950016021728,59.7327687176,55.7462316029
07/21/2015,52.13999938964844,57.68390018463135,59.7373939009,55.6304064683
07/22/2015,51.7599983215332,57.625900192260744,59.7519681451,55.4998322395
07/23/2015,51.52000045776367,57.56430019378662,59.7687487624,55.3598516252
07/24/2015,50.68000030517578,57.49620018005371,59.7797124928,55.2126878673
07/27/2015,50.459999084472656,57.41920017242432,59.7993880324,55.0390123125
07/28/2015,51.79999923706055,57.34600017547607,59.8244954953,54.8675048556
07/29/2015,52.209999084472656,57.283200149536135,59.8211498904,54.7452504087
07/30/2015,51.97999954223633,57.239700126647946,59.8264819421,54.6529183112
07/31/2015,51.75,57.1885001373291,59.8276795664,54.5493207082
08/03/2015,51.33000183105469,57.145100135803226,59.83714217,54.4530581016
08/04/2015,49.63999938964844,57.103300170898436,59.8522565511,54.3543437907
08/05/2015,49.90999984741211,57.039200172424316,59.88499822,54.1934021248
08/06/2015,49.7400016784668,56.98570018768311,59.9135498525,54.0578505229
08/07/2015,49.189998626708984,56.92080020904541,59.9353287438,53.9062716743
08/10/2015,50.02000045776367,56.85580020904541,59.9647649069,53.7468355112
08/11/2015,48.93000030517578,56.78820022583008,59.9707017354,53.6056987162
08/12/2015,49.08000183105469,56.7148002243042,59.9916517693,53.4379486793
08/13/2015,49.40999984741211,56.638700256347654,60.002457108,53.2749434047
08/14/2015,49.599998474121094,56.56350025177002,60.0031074467,53.1238930569
08/17/2015,50.34000015258789,56.49140022277832,59.9999604949,52.9828399507
08/18/2015,50.11000061035156,56.42880023956299,59.9903105537,52.8672899255
08/19/2015,49.72999954223633,56.365200233459475,59.9817685059,52.748631961
08/20/2015,49.06999969482422,56.29710021972656,59.9733594307,52.6208410087
08/21/2015,47.959999084472656,56.22190021514893,59.9676549671,52.4761454632
08/24/2015,46.36000061035156,56.13530021667481,59.9699037659,52.3006966675
08/25/2015,45.15999984741211,56.04000022888184,59.9960165826,52.0839838752
08/26/2015,46.40999984741211,55.93620021820068,60.0374847777,51.8349156587
08/27/2015,47.63999938964844,55.830400199890136,60.0382168967,51.622583503
08/28/2015,48.04999923706055,55.74210018157959,60.0275010054,51.4566993578
08/31/2015,47.720001220703125,55.655200157165524,60.0070773041,51.3033230102
09/01/2015,46.27000045776367,55.56520015716553,59.9866332405,51.1437670738
09/02/2015,46.790000915527344,55.45940017700195,59.9744170299,50.9443833241
09/03/2015,46.43000030517578,55.34330017089844,59.9299123676,50.7566879742
09/04/2015,45.81999969482422,55.22430015563965,59.8856428502,50.562957461
09/08/2015,46.849998474121094,55.09090015411377,59.8279700826,50.3538302257
09/09/2015,46.52000045776367,54.97030014038086,59.7618089345,50.1787913463
09/10/2015,46.369998931884766,54.85120014190674,59.7028753278,49.999524956
09/11/2015,46.040000915527344,54.72790012359619,59.6365378463,49.8192624009
09/14/2015,45.52000045776367,54.60610012054443,59.5772908509,49.6349093902
09/15/2015,46.31999969482422,54.479800109863284,59.5193204525,49.4402797672
09/16/2015,47.060001373291016,54.3609001159668,59.4510187452,49.2707814868
09/17/2015,46.849998474121094,54.25500011444092,59.3855889883,49.1244112406
09/18/2015,45.11000061035156,54.1389001083374,59.3042639204,48.9735362963
09/21/2015,45.119998931884766,54.0034001159668,59.2257970653,48.7810031667
09/22/2015,44.650001525878906,53.86370010375977,59.1347841449,48.5926160626
09/23/2015,43.66999816894531,53.721900100708005,59.0479211873,48.3958790141
09/24/2015,43.65999984741211,53.56530006408691,58.9539804515,48.1766196767
09/25/2015,43.779998779296875,53.407000045776364,58.8515336579,47.9624664337
09/28/2015,43.040000915527344,53.26080001831055,58.7652584568,47.7563415798
09/29/2015,43.459999084472656,53.109000015258786,58.683471294,47.5345287365
09/30/2015,44.16999816894531,52.962600021362306,58.596002955,47.3291970877
10/01/2015,42.779998779296875,52.81639999389648,58.4862647742,47.1465352136
10/02/2015,44.189998626708984,52.65119998931885,58.3702032667,46.9321967119
10/05/2015,46.02000045776367,52.49129997253418,58.2210924133,46.7615075317
10/06/2015,46.20000076293945,52.34809997558594,58.0588592425,46.6373407087
10/07/2015,46.349998474121094,52.20479999542236,57.888178663,46.5214213278
10/08/2015,47.52000045776367,52.06639999389648,57.7220866503,46.4107133375
10/09/2015,47.150001525878906,51.93959999084473,57.5534984747,46.325701507
10/12/2015,46.95000076293945,51.81209999084473,57.3884180006,46.2357819811
10/13/2015,46.4900016784668,51.68029998779297,57.2140578982,46.1465420774
10/14/2015,46.27000045776367,51.5279999923706,56.9924960605,46.0635039242
10/15/2015,46.81999969482422,51.37290000915527,56.763826838,45.9819731803
10/16/2015,45.27000045776367,51.232799987792966,56.5577774828,45.9078224928
10/19/2015,45.47999954223633,51.07599998474121,56.343077823,45.8089221465
10/20/2015,46.119998931884766,50.92059997558594,56.1208192543,45.7203806968
10/21/2015,46.290000915527344,50.77869995117187,55.913969569,45.6434303333
10/22/2015,47.779998779296875,50.63919994354248,55.7045583398,45.5738415473
10/23/2015,48.18000030517578,50.513999938964844,55.4930179671,45.5349819108
10/26/2015,48.0099983215332,50.39239994049072,55.2775618319,45.507238049
10/27/2015,46.88999938964844,50.283299942016605,55.098116964,45.46848292
10/28/2015,47.40999984741211,50.16009994506836,54.9019951386,45.4182047515
10/29/2015,47.18000030517578,50.04299995422363,54.7061201785,45.37987973
10/30/2015,47.22999954223633,49.922999954223634,54.5031102303,45.3428896781
11/02/2015,48.349998474121094,49.797599945068356,54.2769495968,45.3182502934
11/03/2015,49.63999938964844,49.679699935913085,54.0388255509,45.3205743209
11/04/2015,49.68000030517578,49.57979991912842,53.8226676933,45.3369321449
11/05/2015,49.150001525878906,49.48959991455078,53.6323177031,45.346882126
11/06/2015,49.22999954223633,49.39499992370605,53.4351110236,45.3548888239
11/09/2015,48.31999969482422,49.30379993438721,53.2423951817,45.3652046871
11/10/2015,47.790000915527344,49.19949993133545,53.0229833828,45.3760164799
11/11/2015,47.970001220703125,49.096299934387204,52.8157450698,45.376854799
11/12/2015,47.25,48.993399963378906,52.598484639,45.3883152878
11/13/2015,47.689998626708984,48.88709995269775,52.3836716262,45.3905282792
11/16/2015,48.849998474121094,48.78909992218018,52.1788846937,45.3993151507
11/17/2015,48.68000030517578,48.71139991760254,52.0085821691,45.4142176661
11/18/2015,50.0099983215332,48.63239990234375,51.8333420599,45.4314577448
11/19/2015,50.13999938964844,48.57689987182617,51.7045206281,45.4492791155
11/20/2015,50.15999984741211,48.5239998626709,51.5791587996,45.4688409258
11/23/2015,50.02000045776367,48.471099853515625,51.4507420793,45.4914576278
11/24/2015,50.06999969482422,48.41269985198974,51.3028364613,45.5225632427
11/25/2015,50.2400016784668,48.360799865722655,51.1730600735,45.548539658
11/27/2015,50.290000915527344,48.31269989013672,51.0502816662,45.5751181141
11/30/2015,50.0,48.275799903869625,50.9611130535,45.5904867542
12/01/2015,49.619998931884766,48.238199920654296,50.8722950764,45.6041047649
12/02/2015,48.90999984741211,48.1960998916626,50.7735203223,45.618679461
12/03/2015,48.58000183105469,48.14219989776611,50.646738084,45.6376617115
12/04/2015,49.16999816894531,48.08599990844726,50.51591766,45.6560821568
12/07/2015,48.5099983215332,48.04289989471435,50.4142794236,45.6715203658
12/08/2015,47.279998779296875,47.99429988861084,50.3050315644,45.6835682128
12/09/2015,47.13999938964844,47.94119987487793,50.2062735862,45.6761261636
12/10/2015,46.970001220703125,47.885199851989746,50.0995975466,45.6708021574
12/11/2015,45.47999954223633,47.833499870300294,50.0079485259,45.6590512147
12/14/2015,44.9900016784668,47.77069988250732,49.9213971774,45.6200025876
12/15/2015,45.220001220703125,47.705399894714354,49.840343698,45.5704560915
12/16/2015,46.099998474121094,47.650799903869625,49.7787786335,45.5228211743
12/17/2015,45.0,47.607199897766115,49.7217982907,45.4926015048
12/18/2015,44.59000015258789,47.539199905395506,49.6270412822,45.4513585286
12/21/2015,45.880001068115234,47.46299991607666,49.5177722437,45.4082275884
12/22/2015,46.849998474121094,47.401999931335446,49.4118243808,45.3921754819
12/23/2015,48.33000183105469,47.35299991607666,49.3153936906,45.3906061416
12/24/2015,48.2599983215332,47.32299991607666,49.2469201876,45.3990796445
12/28/2015,48.2599983215332,47.30919990539551,49.2213645336,45.3970352772
12/29/2015,48.4900016784668,47.29269989013672,49.1894075344,45.3959922458
12/30/2015,48.529998779296875,47.28019989013672,49.1648181786,45.3955816017
12/31/2015,47.83000183105469,47.2735998916626,49.1526659346,45.3945338487
01/04/2016,47.29999923706055,47.251699905395505,49.1112907891,45.3921090217
01/05/2016,46.9900016784668,47.235399894714355,49.0873364407,45.3834633487
01/06/2016,46.45000076293945,47.214499893188474,49.0572719356,45.3717278508
01/07/2016,44.61000061035156,47.18489990234375,49.0159037334,45.3538960713
01/08/2016,44.099998474121094,47.134999923706054,48.9675006942,45.3024991532
01/11/2016,43.79999923706055,47.07259990692139,48.9011395935,45.2440602204
01/12/2016,44.220001220703125,47.009499893188476,48.8410066212,45.1779931652
01/13/2016,43.2599983215332,46.95439990997315,48.7861156989,45.122684121
01/14/2016,43.83000183105469,46.89629989624024,48.7519764646,45.0406233279
01/15/2016,43.09000015258789,46.85499992370605,48.7323749841,44.9776248633
01/19/2016,43.13999938964844,46.82229991912842,48.7361363323,44.9084635059
01/20/2016,42.63999938964844,46.80209991455078,48.7438318046,44.8603680245
01/21/2016,42.939998626708984,46.76439990997314,48.7494930629,44.779306757
01/22/2016,43.16999816894531,46.71739990234375,48.7365530744,44.6982467303
01/25/2016,42.290000915527344,46.668599891662595,48.7137601475,44.6234396358
01/26/2016,43.099998474121094,46.61429988861084,48.7024566893,44.526143088
01/27/2016,43.380001068115234,46.582599868774416,48.6996052198,44.4655945178
01/28/2016,44.599998474121094,46.54849987030029,48.6892205632,44.4077791774
01/29/2016,45.97999954223633,46.53019985198975,48.6796594003,44.3807403037
02/01/2016,45.5,46.53179985046387,48.6807896483,44.3828100527
02/02/2016,45.84000015258789,46.51829986572265,48.6694875626,44.3671121689
02/03/2016,46.09000015258789,46.511499862670895,48.6637459321,44.3592537933
02/04/2016,46.869998931884766,46.50869987487793,48.661310313,44.3560894368
02/05/2016,46.90999984741211,46.516999855041504,48.6693872253,44.3646124848
02/08/2016,47.060001373291016,46.53089984893799,48.6812911142,44.3805085837
02/09/2016,46.90999984741211,46.53829986572266,48.6892258358,44.3873738956
02/10/2016,45.77000045776367,46.536799850463865,48.6874137542,44.3861859467
02/11/2016,45.43000030517578,46.525999870300296,48.6777253181,44.3742744225
02/12/2016,46.02000045776367,46.529199867248536,48.6790542284,44.3793455061
02/16/2016,46.619998931884766,46.53819988250732,48.6840160772,44.3923836878
02/17/2016,47.7599983215332,46.55789985656738,48.6953172311,44.420482482
02/18/2016,48.34000015258789,46.59879985809326,48.7196324466,44.4779672696
02/19/2016,48.060001373291016,46.64559986114502,48.7526577526,44.5385419697
02/22/2016,49.279998779296875,46.68839988708496,48.780229167,44.5965706072
02/23/2016,48.459999084472656,46.750799865722655,48.8258689433,44.6757307882
02/24/2016,48.36000061035156,46.80079986572266,48.8561177483,44.7454819831
02/25/2016,48.630001068115234,46.84269989013672,48.8866362591,44.7987635212
02/26/2016,49.380001068115234,46.901199913024904,48.9114592693,44.8909405567
02/29/2016,48.83000183105469,46.953099937438964,48.9596859671,44.9465139077
03/01/2016,49.970001220703125,46.981199951171874,48.9941874684,44.9682124339
03/02/2016,50.40999984741211,47.01889995574951,49.0521053224,44.9856945891
03/03/2016,50.790000915527344,47.059499969482424,49.119305056,44.9996948829
03/04/2016,51.2599983215332,47.09219997406006,49.1847518779,44.9996480702
03/07/2016,51.90999984741211,47.1332999420166,49.266550111,45.0000497731
03/08/2016,50.72999954223633,47.182899932861325,49.3683355321,44.9974643337
03/09/2016,50.060001373291016,47.22529991149902,49.4378434877,45.0127563353
03/10/2016,50.54999923706055,47.263199920654294,49.4914597841,45.0349400572
03/11/2016,51.2599983215332,47.30049991607666,49.5521253207,45.0488745115
03/14/2016,51.2400016784668,47.360399894714355,49.6367513506,45.0840484388
03/15/2016,50.790000915527344,47.41799991607666,49.7187850502,45.1172147819
03/16/2016,51.45000076293945,47.46469993591309,49.7859683787,45.1434314931
03/17/2016,54.7400016784668,47.516299934387206,49.8680336933,45.1645661755
03/18/2016,54.63999938964844,47.58589996337891,50.0449507572,45.1268491695
03/21/2016,54.9900016784668,47.65049995422363,50.2072227164,45.093777192
03/22/2016,55.31999969482422,47.72029998779297,50.3791248604,45.0614751152
03/23/2016,54.599998474121094,47.80459999084473,50.5673709872,45.0418289945
03/24/2016,54.38999938964844,47.87649997711182,50.7204323397,45.0325676146
03/28/2016,54.33000183105469,47.94859996795654,50.8644460719,45.032753864
03/29/2016,54.45000076293945,48.019599990844725,51.0027487519,45.0364512298
03/30/2016,54.560001373291016,48.08060001373291,51.1314793029,45.0297207246
03/31/2016,54.380001068115234,48.12980003356934,51.2444353173,45.0151647498
04/01/2016,54.75,48.17680004119873,51.3493956459,45.0042044365
04/04/2016,54.11000061035156,48.232800025939945,51.470828012,44.9947720399
04/05/2016,53.5099983215332,48.28160003662109,51.5706598712,44.992540202
04/06/2016,53.220001220703125,48.33350002288818,51.6634501318,45.003549914
04/07/2016,52.869998931884766,48.38780002593994,51.7525354189,45.023064633
04/08/2016,53.84000015258789,48.43680000305176,51.8306471974,45.0429528087
04/11/2016,53.779998779296875,48.50270000457763,51.9366069259,45.0687930832
04/12/2016,54.529998779296875,48.56360000610351,52.0363369559,45.0908630563
04/13/2016,55.470001220703125,48.620400009155276,52.1434433788,45.0973566395
04/14/2016,55.06999969482422,48.68830001831055,52.2766644116,45.099935625
04/15/2016,55.31999969482422,48.73890003204346,52.3808213246,45.0969787395
04/18/2016,55.220001220703125,48.79070003509521,52.4885893512,45.092810719
04/19/2016,55.650001525878906,48.841300048828124,52.5918245922,45.0907755054
04/20/2016,55.06999969482422,48.89760005950928,52.7071873693,45.0880127497
04/21/2016,55.16999816894531,48.94760005950928,52.8047616369,45.0904384821
04/22/2016,55.470001220703125,48.99690002441406,52.9014799392,45.0923201097
04/25/2016,55.310001373291016,49.04870002746582,53.0041204049,45.09327965
04/26/2016,56.11000061035156,49.10180004119873,53.1049887677,45.0986113147
04/27/2016,56.290000915527344,49.1667000579834,53.2299218608,45.1034782552
04/28/2016,55.02000045776367,49.24050006866455,53.3649491444,45.1160509929
04/29/2016,54.630001068115234,49.30490005493164,53.4686239277,45.1411761822
05/02/2016,55.209999084472656,49.359500083923336,53.5567611371,45.1622390308
05/03/2016,54.66999816894531,49.42650009155273,53.6629583057,45.1900418774
05/04/2016,52.779998779296875,49.50040008544922,53.763143924,45.2376562469
05/05/2016,52.97999954223633,49.556800079345706,53.8252479044,45.2883522543
05/06/2016,53.310001373291016,49.61690006256104,53.8908095714,45.3429905537
05/09/2016,52.619998931884766,49.69520008087158,53.96432436,45.4260758018
05/10/2016,53.5,49.77150005340576,54.0240000226,45.5190000842
05/11/2016,52.86000061035156,49.854300041198734,54.0979724899,45.6106275925
05/12/2016,52.90999984741211,49.921900062561036,54.1590666448,45.6847334803
05/13/2016,51.810001373291016,50.00100006103516,54.219336254,45.782663868
05/16/2016,52.810001373291016,50.07320007324219,54.2599748526,45.8864252939
05/17/2016,52.349998474121094,50.14250007629394,54.316628991,45.9683711616
05/18/2016,50.79999923706055,50.19750007629395,54.3641116517,46.0308885009
05/19/2016,50.13999938964844,50.222200050354004,54.384987156,46.0594129447
05/20/2016,50.650001525878906,50.24100006103516,54.3991256315,46.0828744905
05/23/2016,50.689998626708984,50.264900093078616,54.4184366815,46.1113635046
05/24/2016,51.16999816894531,50.28690006256104,54.4368020658,46.1369980593
05/25/2016,52.09000015258789,50.31330005645752,54.4603377074,46.1662624055
05/26/2016,52.02000045776367,50.35590003967285,54.4990878765,46.2127122028
05/27/2016,52.20000076293945,50.40310005187988,54.5380830767,46.2681170271
05/31/2016,52.02000045776367,50.45520004272461,54.5796595616,46.3307405238
06/01/2016,52.15999984741211,50.510900039672855,54.618470322,46.4033297574
06/02/2016,52.2400016784668,50.58640003204346,54.6540065194,46.5187935447
06/03/2016,52.29999923706055,50.66780006408691,54.6859347685,46.6496653596
06/06/2016,53.47999954223633,50.75280006408691,54.7142588058,46.7913413223
06/07/2016,53.529998779296875,50.84540004730225,54.7610330955,46.9297669991
06/08/2016,53.81999969482422,50.948100051879884,54.7975574666,47.0986426372
06/09/2016,53.59000015258789,51.04800003051758,54.8406438623,47.2553561988
06/10/2016,52.72999954223633,51.153000030517575,54.8684330147,47.4375670463
06/13/2016,51.630001068115234,51.24890003204346,54.8790560799,47.6187439842
06/14/2016,52.02000045776367,51.338800048828126,54.8644590789,47.8131410188
06/15/2016,51.959999084472656,51.42960006713867,54.8532339026,48.0059662317
06/16/2016,52.119998931884766,51.51750007629394,54.8392684643,48.1957316882
06/17/2016,52.439998626708984,51.615800056457516,54.8058854752,48.4257146377
06/20/2016,53.36000061035156,51.709200057983395,54.7832081395,48.6351919764
06/21/2016,53.150001525878906,51.80900005340576,54.770935487,48.8470646198
06/22/2016,52.59000015258789,51.89450008392334,54.7692239088,49.019776259
06/23/2016,53.66999816894531,51.96060009002686,54.7739063115,49.1472938686
06/24/2016,50.83000183105469,52.04230007171631,54.7845334482,49.3000666952
06/27/2016,49.22999954223633,52.092200088500974,54.7656557749,49.4187444021
06/28/2016,49.72999954223633,52.12360008239746,54.7442941176,49.5029060472
06/29/2016,50.65999984741211,52.152200088500976,54.7306704201,49.5737297569
06/30/2016,52.15999984741211,52.18970008850098,54.7184474034,49.6609527736
07/01/2016,52.20000076293945,52.24070007324219,54.7163480119,49.7650521346
07/05/2016,51.04999923706055,52.29360008239746,54.7105997143,49.8766004505
07/06/2016,51.66999816894531,52.34640007019043,54.6764196607,50.0163804797
07/07/2016,52.369998931884766,52.40880004882813,54.6339532734,50.1836468242
07/08/2016,53.439998626708984,52.47230003356933,54.6028215843,50.3417784829
07/11/2016,53.88999938964844,52.54050003051758,54.5902173189,50.4907827422
07/12/2016,55.029998779296875,52.60180004119873,54.5986131998,50.6049868826
07/13/2016,55.22999954223633,52.66870002746582,54.6334186562,50.7039813987
07/14/2016,56.04999923706055,52.74040000915527,54.6660635109,50.8147365074
07/15/2016,56.22999954223633,52.80810001373291,54.7299187709,50.8862812566
07/18/2016,56.189998626708984,52.88580001831055,54.7872163829,50.9843836537
07/19/2016,56.34000015258789,52.96409999847412,54.8385604505,51.0896395465
07/20/2016,56.18000030517578,53.04119998931885,54.8942462544,51.1881537242
07/21/2016,55.4900016784668,53.10919998168945,54.9513816667,51.2670182967
07/22/2016,55.810001373291016,53.175799980163575,54.9821124116,51.3694875488
07/25/2016,55.61000061035156,53.23419998168945,55.0302992976,51.4381006658
07/26/2016,56.18000030517578,53.286199989318845,55.0750409476,51.497359031
07/27/2016,56.040000915527344,53.34009998321533,55.1341115409,51.5460884255
07/28/2016,55.83000183105469,53.387900009155274,55.1895156863,51.5862843321
07/29/2016,55.900001525878906,53.4271000289917,55.2387509696,51.6154490884
08/01/2016,55.779998779296875,53.47880004882813,55.2865099665,51.6710901312
08/02/2016,53.029998779296875,53.53600002288818,55.3250267475,51.7469732983
08/03/2016,52.90999984741211,53.560800018310545,55.3252829305,51.7963171061
08/04/2016,53.029998779296875,53.57730003356934,55.3278502959,51.8267497712
08/05/2016,53.790000915527344,53.595200004577634,55.3308473082,51.8595527009
08/08/2016,54.310001373291016,53.625200004577636,55.3378761612,51.912523848
08/09/2016,54.33000183105469,53.65380001068115,55.3537459712,51.9538540502
08/10/2016,53.439998626708984,53.649700012207035,55.347514374,51.9518856504
08/11/2016,54.029998779296875,53.63770000457764,55.3327110444,51.9426889648
08/12/2016,53.970001220703125,53.62809997558594,55.3181360846,51.9380638666
08/15/2016,54.709999084472656,53.614599990844724,55.2964393167,51.932760665
08/16/2016,54.56999969482422,53.615699996948244,55.2982192979,51.933180696
08/17/2016,54.900001525878906,53.6175,55.3009427349,51.9340572651
08/18/2016,54.66999816894531,53.623199996948244,55.3100071776,51.9363928163
08/19/2016,52.97999954223633,53.6253999710083,55.3134270721,51.9373728699
08/22/2016,52.91999816894531,53.60959995269776,55.2961990374,51.9230008679
08/23/2016,53.97999954223633,53.594999923706055,55.2811860461,51.9088138013
08/24/2016,53.88999938964844,53.58729991912842,55.2699485291,51.9046513092
08/25/2016,54.09000015258789,53.585099906921386,55.2672073987,51.9029924151
08/26/2016,53.72999954223633,53.59089992523193,55.273738246,51.9080616045
08/29/2016,53.72999954223633,53.59599990844727,55.2784792196,51.9135205973
08/30/2016,53.470001220703125,53.60459991455078,55.2855435357,51.9236562934
08/31/2016,52.68000030517578,53.600899925231936,55.2817285312,51.9200713192
09/01/2016,52.65999984741211,53.589899940490724,55.2731181676,51.9066817133
09/02/2016,52.90999984741211,53.57119995117188,55.254257643,51.8881422593
09/06/2016,52.560001373291016,53.545599937438965,55.2190231435,51.8721767314
09/07/2016,52.790000915527344,53.52049995422363,55.1896887742,51.8513111343
09/08/2016,52.81999969482422,53.49519996643066,55.1560748932,51.8343250396
09/09/2016,50.86000061035156,53.471199951171876,55.1242997915,51.8181001108
09/12/2016,52.09000015258789,53.4232999420166,55.0819610069,51.7646388771
09/13/2016,51.209999084472656,53.39349994659424,55.0490751249,51.7379247683
09/14/2016,51.290000915527344,53.35389995574951,55.0138633025,51.693936609
09/15/2016,51.58000183105469,53.31209995269776,54.970879329,51.6533205764
09/16/2016,51.09000015258789,53.27479995727539,54.9301679731,51.6194319415
09/19/2016,51.189998626708984,53.22459995269775,54.8693105964,51.579889309
09/20/2016,51.220001220703125,53.17359992980957,54.8014516719,51.5457481877
09/21/2016,51.77000045776367,53.13559993743897,54.7642591482,51.5069407267
09/22/2016,52.79999923706055,53.10699993133545,54.7342765324,51.4797233302
09/23/2016,51.91999816894531,53.08289993286133,54.696642405,51.4691574607
09/26/2016,51.43000030517578,53.05539993286133,54.6652890947,51.445510771
09/27/2016,51.81999969482422,53.04189994812012,54.6596828895,51.4241170067
09/28/2016,52.689998626708984,53.03029994964599,54.6526375135,51.4079623858
09/29/2016,53.02000045776367,53.02409992218018,54.6465414317,51.4016584126
09/30/2016,54.5099983215332,53.02809993743897,54.6500332418,51.4061666331
10/03/2016,53.79999923706055,53.0381999206543,54.6661738042,51.4102260371
10/04/2016,53.349998474121094,53.047599906921384,54.6772306743,51.4179691396
10/05/2016,53.689998626708984,53.05199989318848,54.6818471833,51.4221526031
10/06/2016,53.38999938964844,53.070799865722655,54.6970512518,51.4445484796
10/07/2016,52.70000076293945,53.07659984588623,54.7029450294,51.4502546624
10/10/2016,51.77000045776367,53.08009986877441,54.7052537627,51.4549459749
10/11/2016,50.790000915527344,53.089799880981445,54.7041747149,51.4754250471
10/12/2016,50.20000076293945,53.09629989624023,54.7000584122,51.4925413803
10/13/2016,50.20000076293945,53.091799888610836,54.7030301195,51.4805696577
10/14/2016,49.880001068115234,53.08689990997314,54.7061520139,51.467647806
10/17/2016,49.689998626708984,53.073999938964846,54.7134839571,51.4345159208
10/18/2016,49.880001068115234,53.04999992370605,54.7209768649,51.3790229825
10/19/2016,49.90999984741211,53.02859992980957,54.7261233956,51.3310764641
10/20/2016,50.150001525878906,53.005699920654294,54.7294900486,51.2819097927
10/21/2016,50.11000061035156,52.98699993133545,54.7314014948,51.2425983679
10/24/2016,50.310001373291016,52.966499938964844,54.7324128826,51.2005869953
10/25/2016,50.11000061035156,52.94719993591308,54.7313994437,51.1630004282
10/26/2016,50.439998626708984,52.925299949645996,54.7306244597,51.1199754396
10/27/2016,49.84000015258789,52.894899940490724,54.7161530081,51.0736468728
10/28/2016,50.09000015258789,52.85799995422363,54.7032348307,51.0127650778
10/31/2016,50.68000030517578,52.82069995880127,54.6837255232,50.9576743944
11/01/2016,51.0,52.79159996032715,54.665079388,50.9181205327
11/02/2016,50.040000915527344,52.774299964904785,54.6562367954,50.8923631344
11/03/2016,49.84000015258789,52.758399963378906,54.6565841318,50.8602157949
11/04/2016,49.40999984741211,52.73659996032715,54.6555439755,50.8176559451
11/07/2016,50.38999938964844,52.71109996795654,54.6569487488,50.7652511872
11/08/2016,51.33000183105469,52.69379997253418,54.6524753572,50.7351245879
11/09/2016,53.38999938964844,52.68270000457764,54.6459221916,50.7194778175
11/10/2016,55.75,52.682999992370604,54.6463279397,50.719672045
11/11/2016,55.5,52.708999977111816,54.6954200273,50.7225799269
11/14/2016,55.5099983215332,52.73809997558594,54.7437851472,50.732414804
11/15/2016,55.779998779296875,52.756499977111815,54.7790192748,50.7339806795
11/16/2016,54.970001220703125,52.80599994659424,54.8412973601,50.7707025331
11/17/2016,54.70000076293945,52.8633999633789,54.8778706198,50.8489293069
11/18/2016,54.20000076293945,52.913099975585936,54.9108915006,50.9153084506
11/21/2016,54.5099983215332,52.94849998474121,54.9373977577,50.9596022118
11/22/2016,54.349998474121094,52.971999969482425,54.9653207033,50.9786792356
11/23/2016,55.060001373291016,52.99349994659424,54.9899703997,50.9970294935
11/25/2016,55.2400016784668,53.03359996795654,55.0309027967,51.0362971392
11/28/2016,54.43000030517578,53.06930000305176,55.0738029548,51.0647970513
11/29/2016,54.400001525878906,53.08990001678467,55.0976929733,51.0821070603
11/30/2016,56.439998626708984,53.09950004577637,55.1112352085,51.0877648831
12/01/2016,56.77000045776367,53.12500003814697,55.1625889395,51.0874111368
12/02/2016,56.349998474121094,53.14240005493164,55.2034764361,51.0813236738
12/05/2016,56.93000030517578,53.15360004425049,55.2289835194,51.0782165691
12/06/2016,56.56999969482422,53.16240005493164,55.2518640617,51.0729360482
12/07/2016,58.2599983215332,53.16580005645752,55.2605229408,51.0710771721
12/08/2016,57.599998474121094,53.18650005340576,55.3208585664,51.0521415404
12/09/2016,57.4900016784668,53.1991000366211,55.3556416098,51.0425584634
12/12/2016,57.09000015258789,53.21220005035401,55.3906767318,51.033723369
12/13/2016,56.77000045776367,53.22820003509521,55.4291076174,51.0272924528
12/14/2016,56.27000045776367,53.23780002593994,55.4520015856,51.0235984663
12/15/2016,56.18000030517578,53.24440002441406,55.4666317912,51.0221682577
12/16/2016,55.72999954223633,53.24440002441406,55.4666317912,51.0221682577
12/19/2016,56.310001373291016,53.24130001068115,55.4598429157,51.0227571057
12/20/2016,57.310001373291016,53.24610000610352,55.4707494371,51.0214505751
12/21/2016,56.91999816894531,53.260200004577634,55.5059932478,51.0144067614
12/22/2016,56.689998626708984,53.27159999847412,55.5329944132,51.0102055838
12/23/2016,56.79999923706055,53.30819999694824,55.5948647995,51.0215351944
12/27/2016,57.16999816894531,53.347099990844725,55.6596016007,51.034598381
12/28/2016,56.29999923706055,53.38849998474121,55.7318074142,51.0451925553
12/29/2016,56.20000076293945,53.41359996795654,55.7744506512,51.0527492847
12/30/2016,55.75,53.432499961853026,55.8079712157,51.057028708
01/03/2017,56.95000076293945,53.446699943542484,55.8317188128,51.0616810743
01/04/2017,56.61000061035156,53.48179996490479,55.8921554807,51.0714444491
01/05/2017,56.13999938964844,53.50759998321533,55.9374146356,51.0777853308
01/06/2017,56.400001525878906,53.52929996490479,55.9727985782,51.0858013516
01/09/2017,56.189998626708984,53.54619998931885,56.0036109506,51.088789028
01/10/2017,56.689998626708984,53.56239997863769,56.0318171664,51.0929827909
01/11/2017,57.56999969482422,53.580299949646,56.0657833618,51.0948165375
01/12/2017,57.470001220703125,53.609299964904785,56.1240741913,51.0945257385
01/13/2017,57.119998931884766,53.65419998168945,56.1972617878,51.1111381756
01/17/2017,56.310001373291016,53.69619998931885,56.2613757045,51.1310242741
01/18/2017,57.220001220703125,53.71950000762939,56.2976966087,51.1413034066
01/19/2017,58.43000030517578,53.75280002593994,56.3543828537,51.1512171982
01/20/2017,58.83000183105469,53.79620002746582,56.4389210939,51.1534789611
01/23/2017,58.290000915527344,53.847200050354004,56.5369437953,51.1574563054
01/24/2017,59.11000061035156,53.89280006408691,56.6185824266,51.1670177016
01/25/2017,60.2599983215332,53.9492000579834,56.7235671489,51.174832967
01/26/2017,60.08000183105469,54.02500003814697,56.8663940948,51.1836059815
01/27/2017,60.13999938964844,54.099200057983396,57.0002365545,51.1981635614
01/30/2017,59.13999938964844,54.171500053405765,57.131492631,51.2115074758
01/31/2017,58.65999984741211,54.23730003356933,57.233650647,51.2409494202
02/01/2017,58.779998779296875,54.29600002288819,57.3207855192,51.2712145266
02/02/2017,58.880001068115234,54.35560001373291,57.4092947952,51.3019052322
02/03/2017,59.540000915527344,54.435800018310545,57.5019261858,51.3696738508
02/06/2017,59.86000061035156,54.51030002593994,57.6088610342,51.4117390177
02/07/2017,62.540000915527344,54.59680004119873,57.7226393156,51.4709607668
02/08/2017,62.40999984741211,54.70930004119873,57.9155143379,51.5030857445
02/09/2017,62.709999084472656,54.8176000213623,58.0983261502,51.5368738925
02/10/2017,63.2599983215332,54.93380001068115,58.2854579761,51.5821420453
02/13/2017,64.1500015258789,55.05450000762939,58.4855549362,51.623445079
02/14/2017,64.13999938964844,55.18380001068115,58.7102241345,51.6573758868
02/15/2017,63.72999954223633,55.3075,58.9277154927,51.6872845073
02/16/2017,62.900001525878906,55.416800003051755,59.1236211624,51.7099788437
02/17/2017,61.88999938964844,55.52660003662109,59.2903978367,51.7628022366
02/21/2017,62.16999816894531,55.63120002746582,59.424923784,51.8374762709
02/22/2017,61.81999969482422,55.73470001220703,59.5640516578,51.9053483666
02/23/2017,60.61000061035156,55.82600002288818,59.6903505493,51.9616494965
02/24/2017,60.47999954223633,55.90190002441406,59.7848852756,52.0189147732
02/27/2017,60.43000030517578,55.96160003662109,59.8685459562,52.0546541171
02/28/2017,60.099998474121094,56.027900047302246,59.9538103311,52.1019897635
03/01/2017,60.880001068115234,56.09540004730225,60.03269907,52.1581010246
03/02/2017,60.310001373291016,56.16730007171631,60.1256101265,52.2089900169
03/03/2017,60.369998931884766,56.236500091552735,60.2061242044,52.2668759787
03/06/2017,60.33000183105469,56.313200073242186,60.2878475496,52.3385525969
03/07/2017,60.220001220703125,56.3988000869751,60.3668519434,52.4307482306
03/08/2017,59.790000915527344,56.49310009002686,60.4387271054,52.5474730747
03/09/2017,59.279998779296875,56.589000091552734,60.4968691135,52.6811310696
03/10/2017,59.52000045776367,56.67980007171631,60.543401665,52.8161984784
03/13/2017,60.130001068115234,56.77620006561279,60.5888656726,52.9635344587
03/14/2017,58.970001220703125,56.88060009002685,60.6403682968,53.1208318833
03/15/2017,60.27000045776367,56.971500091552734,60.6703061506,53.2726940325
03/16/2017,60.22999954223633,57.07510009765625,60.7193539981,53.4308461972
03/17/2017,60.599998474121094,57.175900077819826,60.7662189853,53.5855811703
03/20/2017,60.099998474121094,57.28080005645752,60.8159607314,53.7456393815
03/21/2017,58.959999084472656,57.37870002746582,60.85452152,53.902878535
03/22/2017,59.119998931884766,57.46720001220703,60.8686949711,54.0657050533
03/23/2017,58.9900016784668,57.55400001525879,60.8850862592,54.2229137714
03/24/2017,58.56999969482422,57.64550003051758,60.8879260328,54.4030740282
03/27/2017,58.43000030517578,57.73030002593994,60.8836833762,54.5769166757
03/28/2017,59.439998626708984,57.80780002593994,60.8811774591,54.7344225928
03/29/2017,59.54999923706055,57.892200012207034,60.8924841321,54.8919158923
03/30/2017,59.61000061035156,57.98729999542236,60.8861917611,55.0884082297
03/31/2017,59.86000061035156,58.085,60.8700628007,55.2999371993
04/03/2017,59.81999969482422,58.18950000762939,60.8398970623,55.5391029529
04/04/2017,59.709999084472656,58.283800010681155,60.820328199,55.7472718223
04/05/2017,59.560001373291016,58.367599983215335,60.8096770012,55.9255229652
04/06/2017,59.689998626708984,58.42930000305176,60.8222869239,56.0363130822
04/07/2017,59.36000061035156,58.46869998931885,60.8496538254,56.0877461532
04/10/2017,59.619998931884766,58.507299995422365,60.8710393171,56.1435606738
04/11/2017,59.72999954223633,58.54840000152588,60.8953378333,56.2014621697
04/12/2017,58.41999816894531,58.58790000915528,60.9211120135,56.2546880048
04/13/2017,57.869998931884766,58.622399978637695,60.9271945472,56.3176054101
04/17/2017,58.400001525878906,58.65409996032715,60.9262975819,56.3819023387
04/18/2017,58.40999984741211,58.69609996795654,60.9239630011,56.4682369348
04/19/2017,58.209999084472656,58.735099983215335,60.9231211797,56.5470787868
04/20/2017,59.16999816894531,58.77369998931885,60.9176246505,56.6297753282
04/21/2017,59.0,58.81479995727539,60.9262872752,56.7033126394
04/24/2017,59.86000061035156,58.85239994049072,60.9331488677,56.7716510133
04/25/2017,61.220001220703125,58.90669994354248,60.9416800451,56.871719842
04/26/2017,61.220001220703125,58.97489994049072,60.9716230299,56.9781768511
04/27/2017,60.83000183105469,59.022699966430665,61.0153780147,57.0300219181
04/28/2017,60.279998779296875,59.06329998016358,61.0510208591,57.0755791012
05/01/2017,60.369998931884766,59.102599983215335,61.0750789594,57.1301210071
05/02/2017,59.15999984741211,59.136999969482424,61.1012685508,57.1727313881
05/03/2017,59.27000045776367,59.1628999710083,61.1101520439,57.2156478981
05/04/2017,58.16999816894531,59.172999992370606,61.1181609153,57.2278390694
05/05/2017,58.939998626708984,59.17869998931885,61.1200745835,57.2373253951
05/08/2017,58.619998931884766,59.19319995880127,61.127309012,57.2590909056
05/09/2017,58.849998474121094,59.20849994659424,61.1319330335,57.2850668597
05/10/2017,58.93000030517578,59.22929992675781,61.1374363569,57.3211634966
05/11/2017,58.15999984741211,59.25589992523194,61.1409989532,57.3708008972
05/12/2017,57.439998626708984,59.2756999206543,61.1386558221,57.4127440192
05/15/2017,58.34000015258789,59.292799911499024,61.1308125234,57.4547872996
05/16/2017,58.599998474121094,59.31309989929199,61.1291356023,57.4970641963
05/17/2017,57.9900016784668,59.32599987030029,61.1323166656,57.519683075
05/18/2017,58.45000076293945,59.336699905395506,61.1318674028,57.5415324079
05/19/2017,59.400001525878906,59.35429992675781,61.1319749984,57.5766248551
05/22/2017,59.459999084472656,59.380299949645995,61.1393420257,57.6212578736
05/23/2017,59.2400016784668,59.40319995880127,61.1481680946,57.6582318231
05/24/2017,59.77000045776367,59.43259998321533,61.1495790812,57.7156208852
05/25/2017,59.25,59.46829998016357,61.1545336967,57.7820662636
05/26/2017,58.91999816894531,59.503299980163575,61.1477993411,57.8588006192
05/30/2017,58.95000076293945,59.522999954223636,61.1484842206,57.8975156878
05/31/2017,59.119998931884766,59.546399955749514,61.1464246959,57.9463752156
06/01/2017,59.25,59.57619995117187,61.1398411055,58.0125587968
06/02/2017,59.34000015258789,59.60469993591309,61.1358247219,58.07357515
06/05/2017,59.06999969482422,59.636199951171875,61.1286642451,58.1437356572
06/06/2017,58.650001525878906,59.659999961853025,61.1239972409,58.1960026828
06/07/2017,57.619998931884766,59.67079998016357,61.1232776392,58.2183223212
06/08/2017,59.650001525878906,59.67229995727539,61.1225798604,58.2220200541
06/09/2017,60.709999084472656,59.69759998321533,61.1250222309,58.2701777355
06/12/2017,60.95000076293945,59.74159996032715,61.131236442,58.3519634787
06/13/2017,60.84000015258789,59.77889995574951,61.1502919437,58.4075079678
06/14/2017,59.9900016784668,59.80299995422363,61.1716486338,58.4343512746
06/15/2017,60.2599983215332,59.814599952697755,61.1798644293,58.4493354761
06/16/2017,60.68000030517578,59.834299926757815,61.1916129993,58.4769868542
06/19/2017,61.380001068115234,59.84999992370606,61.2079241791,58.4920756683
06/20/2017,60.22999954223633,59.861199951171876,61.2270553209,58.4953445815
06/21/2017,58.63999938964844,59.86269992828369,61.2288770873,58.4965227693
06/22/2017,58.72999954223633,59.84769992828369,61.2189752639,58.4764245927
06/23/2017,59.08000183105469,59.84359992980957,61.2175953363,58.4696045234
06/26/2017,58.9900016784668,59.847799949645996,61.2188096016,58.4767902977
06/27/2017,58.63999938964844,59.849899978637694,61.2194324686,58.4803674887
06/28/2017,59.060001373291016,59.847499961853025,61.2189390004,58.4760609233
06/29/2017,58.380001068115234,59.842699966430665,61.2160455093,58.4693544236
06/30/2017,59.619998931884766,59.8278999710083,61.2089324933,58.4468674487
07/03/2017,60.25,59.798699951171876,61.1526849953,58.4447149071
07/05/2017,59.31999969482422,59.77709995269775,61.1062563715,58.4479435339
07/06/2017,59.18000030517578,59.74319995880127,61.0399566859,58.4464432317
07/07/2017,59.470001220703125,59.70239997863769,60.9511620065,58.4536379508
07/10/2017,59.7400016784668,59.655599975585936,60.8217667126,58.4894332386
07/11/2017,59.81999969482422,59.61159999847412,60.687230844,58.5359691529
07/12/2017,60.060001373291016,59.5725,60.5656138214,58.5793861786
07/13/2017,59.810001373291016,59.544099998474124,60.4806481361,58.6075518609
07/14/2017,60.18000030517578,59.52330001831055,60.4301430978,58.6164569388
07/17/2017,60.36000061035156,59.503400039672854,60.3730153588,58.6337847205
07/18/2017,59.83000183105469,59.488800048828125,60.3312304313,58.6463696664
07/19/2017,60.599998474121094,59.481000061035154,60.3165964882,58.6454036339
07/20/2017,60.29999923706055,59.482200050354,60.3193150508,58.6450850499
07/21/2017,60.040000915527344,59.48090003967285,60.3166419471,58.6451581323
07/24/2017,60.029998779296875,59.48030006408691,60.3156187368,58.6449813914
07/25/2017,60.43000030517578,59.47180004119873,60.2970970134,58.646503069
07/26/2017,59.79999923706055,59.473000030517575,60.2996010922,58.6463989689
07/27/2017,59.90999984741211,59.46730003356934,60.289650348,58.6449497191
07/28/2017,59.529998779296875,59.46310001373291,60.2820992121,58.6441008154
07/31/2017,59.61000061035156,59.45619998931885,60.2716923784,58.6407076003
08/01/2017,59.959999084472656,59.45439998626709,60.2693520783,58.6394478942
08/02/2017,60.9900016784668,59.46119998931885,60.2775043559,58.6448956227
08/03/2017,60.68000030517578,59.47590000152588,60.3062460135,58.6455539895
08/04/2017,61.150001525878906,59.48139999389648,60.317859403,58.6449405848
08/07/2017,60.90999984741211,59.50319999694824,60.354326384,58.6520736099
08/08/2017,60.43000030517578,59.50959999084473,60.3688358115,58.6503641702
08/09/2017,60.029998779296875,59.51159999847412,60.3727409902,58.6504590067
08/10/2017,59.13999938964844,59.50590000152588,60.3616876961,58.6501123069
08/11/2017,58.88999938964844,59.49630001068115,60.3507528889,58.6418471325
08/14/2017,59.630001068115234,59.49560001373291,60.3505205063,58.6406795211
08/15/2017,59.40999984741211,59.500700035095214,60.3548855613,58.6465145089
08/16/2017,59.31999969482422,59.50490001678467,60.3575953964,58.6522046372
08/17/2017,58.290000915527344,59.51240001678467,60.3601232355,58.664676798
08/18/2017,58.0,59.51100002288818,60.3606231157,58.66137693
08/21/2017,58.0,59.496600036621096,60.3594052516,58.6337948216
08/22/2017,58.81999969482422,59.48110004425049,60.3566354183,58.6055646702
08/23/2017,58.43000030517578,59.47320003509522,60.3510976169,58.5953024533
08/24/2017,58.02000045776367,59.45890003204346,60.3420116807,58.5757883834
08/25/2017,58.560001373291016,59.440900039672854,60.334747104,58.5470529753
08/28/2017,58.400001525878906,59.42940006256104,60.3271004617,58.5316996634
08/29/2017,58.349998474121094,59.41780006408691,60.321214417,58.5143857111
08/30/2017,58.630001068115234,59.40440006256104,60.3135969691,58.495203156
08/31/2017,59.040000915527344,59.39710006713867,60.3095489423,58.4846511919
09/01/2017,58.810001373291016,59.3913000869751,60.3041569592,58.4784432148
09/05/2017,58.65999984741211,59.382100105285645,60.2961323466,58.468067864
09/06/2017,59.90999984741211,59.384500122070314,60.29631538,58.4726848642
09/07/2017,60.209999084472656,59.40490013122559,60.3053529424,58.50444732
09/08/2017,60.400001525878906,59.42300010681152,60.3212602514,58.5247399623
09/11/2017,60.90999984741211,59.44290012359619,60.3405408641,58.545259383
09/12/2017,61.2599983215332,59.469900131225586,60.3706516313,58.5691486311
09/13/2017,61.29999923706055,59.49080013275147,60.4084392548,58.5731610107
09/14/2017,61.88999938964844,59.51380012512207,60.4475322735,58.5800679767
09/15/2017,62.349998474121094,59.53410011291504,60.4967570181,58.5714432077
09/18/2017,62.9900016784668,59.54540008544922,60.5340612196,58.5567389513
09/19/2017,63.209999084472656,59.56310009002686,60.5964187532,58.5297814268
09/20/2017,63.88999938964844,59.586900062561035,60.6750771362,58.4987229889
09/21/2017,63.439998626708984,59.62300006866455,60.7905568823,58.4554432551
09/22/2017,63.439998626708984,59.653700065612796,60.8794084853,58.4279916459
09/25/2017,63.61000061035156,59.696500053405764,60.9776918657,58.4153082411
09/26/2017,63.099998474121094,59.73990005493164,61.078146948,58.4016531618
09/27/2017,63.34000015258789,59.7892000579834,61.1591383599,58.419261756
09/28/2017,62.86000061035156,59.83320007324219,61.2451722161,58.4212279304
09/29/2017,62.84000015258789,59.87560009002686,61.3139200181,58.4372801619
10/02/2017,63.20000076293945,59.91550010681152,61.3799215949,58.4510786187
10/03/2017,63.33000183105469,59.95820011138916,61.4551551379,58.4612450849
10/04/2017,63.91999816894531,60.009900131225585,61.5329092205,58.486891042
10/05/2017,63.97999954223633,60.07470012664795,61.6246041158,58.5247961375
10/06/2017,63.70000076293945,60.13110012054443,61.7190054111,58.54319483
10/09/2017,63.81999969482422,60.18210014343262,61.8015969803,58.5626033065
10/10/2017,63.41999816894531,60.24040012359619,61.8846815143,58.5961187329
10/11/2017,63.43000030517578,60.29010009765625,61.9545021954,58.6256979999
10/12/2017,63.91999816894531,60.33040008544922,62.0213398337,58.6394603372
10/13/2017,63.970001220703125,60.375000076293944,62.1008518191,58.6491483335
10/16/2017,64.44000244140625,60.42230007171631,62.1809032297,58.6636969137
10/17/2017,65.4800033569336,60.469000091552736,62.2711289856,58.6668711975
10/18/2017,65.51000213623047,60.53130012512207,62.3967837572,58.665816493
10/19/2017,65.16000366210938,60.59720016479492,62.520114142,58.6742861876
10/20/2017,65.77999877929688,60.65930019378662,62.6277515772,58.6908488104
10/23/2017,66.0999984741211,60.725900192260745,62.7529390043,58.6988613803
10/24/2017,66.73999786376953,60.794400177001954,62.8851466004,58.7036537536
10/25/2017,66.5,60.86840015411377,63.0359086627,58.7008916455
10/26/2017,66.83000183105469,60.942700157165525,63.1737042742,58.7116960401
10/27/2017,67.37999725341797,61.024500160217286,63.31899938,58.7300009404
10/30/2017,67.33999633789062,61.12210014343262,63.4765041147,58.7676961722
10/31/2017,64.45999908447266,61.19900009155273,63.6284560071,58.7695441761
11/01/2017,64.06999969482422,61.236500091552735,63.6869693772,58.7860308059
11/02/2017,63.619998931884766,61.267700080871585,63.734133267,58.8012668947
11/03/2017,64.0999984741211,61.29550006866455,63.7725999151,58.8184002223
11/06/2017,64.5199966430664,61.33660003662109,63.8257652168,58.8474348564
11/07/2017,63.08000183105469,61.379200019836425,63.8859664555,58.8724335842
11/08/2017,62.52000045776367,61.40320003509522,63.9146419372,58.891758133
11/09/2017,61.47999954223633,61.4146000289917,63.9284969079,58.9007031501
11/10/2017,61.61000061035156,61.4271000289917,63.9381817193,58.9160183387
11/13/2017,61.38999938964844,61.45680004119873,63.9522567912,58.9613432912
11/14/2017,60.7400016784668,61.48340003967285,63.9637804631,59.0030196162
11/15/2017,59.59000015258789,61.50000003814697,63.9697722274,59.0302278489
11/16/2017,59.02000045776367,61.50600002288818,63.9703901594,59.0416098864
11/17/2017,59.849998474121094,61.509800033569334,63.9700574687,59.0495425985
11/20/2017,60.2599983215332,61.517700004577634,63.9713378171,59.0640621921
11/21/2017,60.349998474121094,61.536499977111816,63.9731681254,59.0998318288
11/22/2017,61.880001068115234,61.54379997253418,63.9758045923,59.1117953528
11/24/2017,61.630001068115234,61.56009998321533,63.9888387317,59.1313612347
11/27/2017,61.880001068115234,61.583199996948245,64.0014858912,59.1649141027
11/28/2017,64.1500015258789,61.610200004577635,64.0165467973,59.2038532118
11/29/2017,63.869998931884766,61.65700000762939,64.0667751125,59.2472249027
11/30/2017,64.81999969482422,61.698299980163576,64.110256693,59.2863432673
12/01/2017,64.69000244140625,61.74829998016357,64.1725947552,59.3240052051
12/04/2017,65.0999984741211,61.79459999084472,64.230394333,59.3588056487
12/05/2017,64.68000030517578,61.847499961853025,64.2970235777,59.397976346
12/06/2017,64.7300033569336,61.89249996185303,64.3522897853,59.4327101384
12/07/2017,65.77999877929688,61.93619998931885,64.4071684221,59.4652315565
12/08/2017,66.55000305175781,61.99569995880127,64.4867904698,59.5046094478
12/11/2017,66.41000366210938,62.055200004577635,64.5830308175,59.5273691916
12/12/2017,66.66999816894531,62.11630004882812,64.6746259184,59.5579741792
12/13/2017,67.19999694824219,62.182600021362305,64.7719796871,59.5932203556
12/14/2017,66.51000213623047,62.25430000305176,64.882065587,59.6265344191
12/15/2017,67.26000213623047,62.315100021362305,64.9701489163,59.6600511264
12/18/2017,68.36000061035156,62.389700050354,65.0776328471,59.7017672536
12/19/2017,68.54000091552734,62.474200057983396,65.2151484751,59.7332516408
12/20/2017,68.95999908447266,62.564300079345706,65.354629164,59.7739709947
12/21/2017,69.58000183105469,62.65780006408691,65.503668114,59.8119320142
12/22/2017,69.66000366210938,62.75400009155273,65.6688067719,59.8391934112
12/26/2017,69.52999877929688,62.84070011138916,65.8297456178,59.8516546049
12/27/2017,69.75,62.92920009613037,65.9832697945,59.8751303978
12/28/2017,69.9800033569336,63.01520008087158,66.1382632187,59.892136943
12/29/2017,69.69000244140625,63.1059001159668,66.2974613378,59.9143388941
01/02/2018,70.73999786376953,63.1985001373291,66.4449424832,59.9520577914
01/03/2018,71.38999938964844,63.30560012817383,66.6216618538,59.9895384025
01/04/2018,71.48999786376953,63.42810012817383,66.8135560705,60.0426441858
01/05/2018,72.43000030517578,63.55410011291504,67.0022060146,60.1059942112
01/08/2018,72.19999694824219,63.68210010528564,67.2186069723,60.1455932383
01/09/2018,72.31999969482422,63.810000076293946,67.4202022421,60.1997979105
01/10/2018,72.58999633789062,63.94000007629395,67.6195733639,60.2604267887
01/11/2018,73.87999725341797,64.08300003051758,67.8176767287,60.3483233324
01/12/2018,73.91000366210938,64.24180000305176,68.0513111607,60.4322888454
01/16/2018,72.83000183105469,64.40090003967285,68.2780385961,60.5237614832
01/17/2018,73.06999969482422,64.54100006103516,68.4667622104,60.6152379116
01/18/2018,73.44999694824219,64.68740005493164,68.6552925261,60.7195075838
01/19/2018,73.13999938964844,64.84170001983642,68.847152685,60.8362473547
01/22/2018,73.26000213623047,64.9875,69.0268580881,60.9481419119
01/23/2018,73.12000274658203,65.13610000610352,69.2036205478,61.0685794645
01/24/2018,72.62999725341797,65.28380004882813,69.3703417828,61.1972583148
01/25/2018,72.68000030517578,65.42380001068115,69.5197930624,61.327806959
01/26/2018,74.05000305175781,65.56020000457764,69.6684295064,61.4519705028
01/29/2018,72.98999786376953,65.7126000213623,69.850164476,61.5750355667
01/30/2018,72.47000122070312,65.85590000152588,69.9948755068,61.7169244962
01/31/2018,72.2300033569336,65.98150001525879,70.128700147,61.8342998835
02/01/2018,72.58000183105469,66.1017000579834,70.2540676468,61.9493324691
02/02/2018,70.56999969482422,66.22350006103515,70.3854601316,62.0615399904
02/05/2018,68.44000244140625,66.32010005950927,70.469698572,62.170501547
02/06/2018,69.25,66.39190010070801,70.5153581318,62.2684420696
02/07/2018,68.95999908447266,66.4714001083374,70.5724973626,62.370302854
02/08/2018,66.4000015258789,66.54210010528564,70.6245061511,62.4596940595
02/09/2018,69.06999969482422,66.58260013580322,70.6432483143,62.5219519573
02/12/2018,70.30999755859375,66.6434001159668,70.695309656,62.5914905759
02/13/2018,70.37999725341797,66.714400100708,70.7677304431,62.6610697583
02/14/2018,71.30999755859375,66.7793000793457,70.8388405076,62.7197596511
02/15/2018,71.5,66.85800006866455,70.9283118079,62.7876883294
02/16/2018,72.98999786376953,66.93860008239746,71.0202168684,62.8569832964
02/20/2018,71.06999969482422,67.03240005493164,71.1441144856,62.9206856242
02/21/2018,71.80999755859375,67.11210006713867,71.2240616129,63.0001385213
02/22/2018,72.08999633789062,67.19680004119873,71.3174151287,63.0761849537
02/23/2018,72.19000244140625,67.28909999847411,71.4149095947,63.1632904023
02/26/2018,73.52999877929688,67.38260002136231,71.5124675886,63.2527324541
02/27/2018,73.08999633789062,67.48590000152588,71.6389830715,63.3328169315
02/28/2018,71.05999755859375,67.58349994659424,71.7524227449,63.4145771482
03/01/2018,69.58000183105469,67.65489994049072,71.8216093428,63.4881905382
03/02/2018,69.36000061035156,67.7108999633789,71.865456797,63.5563431297
03/05/2018,70.1500015258789,67.76749996185303,71.9055503639,63.6294495598
03/06/2018,70.47000122070312,67.83079998016358,71.9563774902,63.7052224702
03/07/2018,69.58999633789062,67.90130001068115,72.0111079919,63.7914920295
03/08/2018,70.20999908447266,67.9628999710083,72.0513371822,63.8744627599
03/09/2018,72.2699966430664,68.02579998016357,72.0999141677,63.9516857927
03/12/2018,71.41999816894531,68.1087999343872,72.1839875911,64.0336122776
03/13/2018,71.2300033569336,68.1785998916626,72.2501256488,64.1070741346
03/14/2018,70.73999786376953,68.2360998916626,72.3097103467,64.1624894366
03/15/2018,70.93000030517578,68.28839984893798,72.3602478096,64.2165518883
03/16/2018,72.37999725341797,68.34609981536865,72.4140880689,64.2781115618
03/19/2018,70.7300033569336,68.41209980010986,72.4914437392,64.332755861
03/20/2018,70.55000305175781,68.45839984893799,72.5375139589,64.3792857389
03/21/2018,71.1500015258789,68.49649990081787,72.5771786794,64.4158211222
03/22/2018,68.7699966430664,68.54299991607667,72.6271555978,64.4588442343
03/23/2018,67.36000061035156,68.56239986419678,72.6429786131,64.4818211153
03/26/2018,69.51000213623047,68.5621998977661,72.6428370742,64.4815627213
03/27/2018,67.91999816894531,68.58389995574952,72.6637497506,64.5040501609
03/28/2018,67.30000305175781,68.61849994659424,72.6778495572,64.559150336
03/29/2018,68.30000305175781,68.65079998016357,72.6866111458,64.6149888146
04/02/2018,66.27999877929688,68.6976000213623,72.7018131168,64.6933869259
04/03/2018,67.8499984741211,68.71940002441406,72.704411421,64.7343886278
04/04/2018,68.12999725341797,68.75270004272461,72.7163367116,64.7890633738
04/05/2018,68.41000366210938,68.80319999694824,72.7262024103,64.8801975836
04/06/2018,66.30999755859375,68.8621000289917,72.7342104084,64.9899896496
04/09/2018,66.19000244140625,68.91040000915527,72.7197416973,65.1010583211
04/10/2018,67.55999755859375,68.95620002746583,72.704537495,65.2078625599
04/11/2018,67.08000183105469,69.01790000915527,72.6912155109,65.3445845074
04/12/2018,68.19999694824219,69.08130001068115,72.6648102591,65.4977897622
04/13/2018,68.41999816894531,69.16739997863769,72.6229826671,65.7118172901
04/16/2018,68.80999755859375,69.26139995574951,72.5641419447,65.9586579668
04/17/2018,69.38999938964844,69.35099994659424,72.51586477,66.1861351232
04/18/2018,70.62000274658203,69.4422999572754,72.4724131173,66.4121867973
04/19/2018,70.66999816894531,69.545,72.4360566995,66.6539433005
04/20/2018,70.19999694824219,69.6328999710083,72.4213792263,66.8444207157
04/23/2018,69.9000015258789,69.71859992980957,72.3889976821,67.0482021775
04/24/2018,68.30000305175781,69.7987999343872,72.3503651127,67.2472347561
04/25/2018,68.70999908447266,69.840299949646,72.3327159049,67.3478839944
04/26/2018,67.48999786376953,69.88869995117187,72.3107085374,67.4666913649
04/27/2018,67.81999969482422,69.91539993286133,72.2957430168,67.535056849
04/30/2018,66.41000366210938,69.9466999053955,72.2782042998,67.615195511
05/01/2018,68.9800033569336,69.9597999572754,72.2675950489,67.6520048656
05/02/2018,67.5999984741211,70.00279998779297,72.2511118773,67.7544880983
05/03/2018,67.41999816894531,70.03149993896484,72.2300888895,67.8329109884
05/04/2018,68.41999816894531,70.04789993286133,72.2206795369,67.8751203289
05/07/2018,69.30000305175781,70.06659988403321,72.2171275716,67.9160721965
05/08/2018,69.76000213623047,70.09549987792968,72.2159016967,67.9750980592
05/09/2018,71.93000030517578,70.12639991760254,72.2189901853,68.0338096499
05/10/2018,71.97000122070312,70.17369995117187,72.2530239123,68.09437599
05/11/2018,72.0,70.2282999420166,72.2822344936,68.1743653905
05/14/2018,72.16000366210938,70.27569992065429,72.3152296891,68.2361701522
05/15/2018,71.83000183105469,70.31369995117187,72.352583136,68.2748167663
05/16/2018,71.94999694824219,70.34659996032715,72.3831396388,68.3100602818
05/17/2018,72.97000122070312,70.37649993896484,72.4144111374,68.3385887406
05/18/2018,73.13999938964844,70.41039993286132,72.4629230727,68.357876793
05/21/2018,74.08000183105469,70.44519989013672,72.5141407759,68.3762590043
05/22/2018,73.26000213623047,70.4906999206543,72.5888391098,68.3925607315
05/23/2018,73.01000213623047,70.5257999420166,72.6405481609,68.4110517231
05/24/2018,73.25,70.55609992980958,72.6844738646,68.427725995
05/25/2018,72.48999786376953,70.5916999053955,72.7350099565,68.4483898543
05/29/2018,70.7699966430664,70.60919990539551,72.7607777343,68.4576220765
05/30/2018,71.6500015258789,70.60299987792969,72.7532116794,68.4527880765
05/31/2018,70.83999633789062,70.60459991455077,72.7555305739,68.4536692552
06/01/2018,71.37000274658203,70.58869987487793,72.7319411443,68.4454586055
06/04/2018,71.51000213623047,70.58039993286133,72.7189872724,68.4418125933
06/05/2018,72.66999816894531,70.57229995727539,72.7058110842,68.4387888304
06/06/2018,73.29000091552734,70.57309997558593,72.7073824029,68.4388175483
06/07/2018,73.37000274658203,70.56720001220702,72.6931319211,68.4412681033
06/08/2018,73.1500015258789,70.56180000305176,72.6799055222,68.4436944839
06/11/2018,73.18000030517578,70.565,72.6867684196,68.4432315804
06/12/2018,73.20999908447266,70.56610000610351,72.689194928,68.4430050842
06/13/2018,72.77999877929688,70.56370002746581,72.6836669365,68.4437331185
06/14/2018,72.9000015258789,70.5601000213623,72.6759906974,68.4442093454
06/15/2018,72.27999877929688,70.55650001525879,72.6680958736,68.4449041569
06/18/2018,72.13999938964844,70.54809997558594,72.6511348126,68.4450651386
06/19/2018,70.55999755859375,70.54319999694825,72.6419448577,68.4444551362
06/20/2018,70.38999938964844,70.52199996948242,72.6097318046,68.4342681344
06/21/2018,69.19999694824219,70.48539993286133,72.5428232818,68.4279765839
06/22/2018,69.87000274658203,70.44749992370606,72.4933119694,68.401687878
06/25/2018,69.1500015258789,70.42149993896484,72.4579431231,68.3850567549
06/26/2018,68.94999694824219,70.3906999206543,72.4228447081,68.3585551332
06/27/2018,68.55000305175781,70.35439987182617,72.37952223,68.3292775137
06/28/2018,68.58999633789062,70.33419990539551,72.3671303451,68.3012694657
06/29/2018,69.5875015258789,70.33569984436035,72.3672870425,68.3041126463
