08/07/2013,20.639999389648438,0,0,0
08/08/2013,20.829999923706055,0,0,0
08/09/2013,20.719999313354492,0,0,0
08/12/2013,20.84000015258789,0,0,0
08/13/2013,21.110000610351562,0,0,0
08/14/2013,21.059999465942383,0,0,0
08/15/2013,20.209999084472656,0,0,0
08/16/2013,19.889999389648438,0,0,0
08/19/2013,20.049999237060547,0,0,0
08/20/2013,19.989999771118164,0,0,0
08/21/2013,20.18000030517578,0,0,0
08/22/2013,20.34000015258789,0,0,0
08/23/2013,20.34000015258789,0,0,0
08/26/2013,20.200000762939453,0,0,0
08/27/2013,19.799999237060547,0,0,0
08/28/2013,19.709999084472656,0,0,0
08/29/2013,20.049999237060547,0,0,0
08/30/2013,19.799999237060547,0,0,0
09/03/2013,19.760000228881836,0,0,0
09/04/2013,19.799999237060547,0,0,0
09/05/2013,19.809999465942383,0,0,0
09/06/2013,20.030000686645508,0,0,0
09/09/2013,20.350000381469727,0,0,0
09/10/2013,20.59000015258789,0,0,0
09/11/2013,20.549999237060547,0,0,0
09/12/2013,20.59000015258789,0,0,0
09/13/2013,20.59000015258789,0,0,0
09/16/2013,20.520000457763672,0,0,0
09/17/2013,20.799999237060547,0,0,0
09/18/2013,20.940000534057617,0,0,0
09/19/2013,21.079999923706055,0,0,0
09/20/2013,21.25,0,0,0
09/23/2013,20.780000686645508,0,0,0
09/24/2013,20.389999389648438,0,0,0
09/25/2013,20.3799991607666,0,0,0
09/26/2013,20.59000015258789,0,0,0
09/27/2013,20.3799991607666,0,0,0
09/30/2013,20.260000228881836,0,0,0
10/01/2013,20.850000381469727,0,0,0
10/02/2013,21.049999237060547,0,0,0
10/03/2013,20.530000686645508,0,0,0
10/04/2013,21.690000534057617,0,0,0
10/07/2013,21.979999542236328,0,0,0
10/08/2013,21.350000381469727,0,0,0
10/09/2013,20.780000686645508,0,0,0
10/10/2013,21.15999984741211,0,0,0
10/11/2013,21.200000762939453,0,0,0
10/14/2013,21.290000915527344,0,0,0
10/15/2013,20.100000381469727,0,0,0
10/16/2013,20.350000381469727,0,0,0
10/17/2013,19.690000534057617,0,0,0
10/18/2013,20.200000762939453,0,0,0
10/21/2013,20.65999984741211,0,0,0
10/22/2013,20.690000534057617,0,0,0
10/23/2013,20.559999465942383,0,0,0
10/24/2013,20.84000015258789,0,0,0
10/25/2013,20.06999969482422,0,0,0
10/28/2013,20.079999923706055,0,0,0
10/29/2013,20.139999389648438,0,0,0
10/30/2013,19.90999984741211,0,0,0
10/31/2013,20.1299991607666,0,0,0
11/01/2013,19.75,0,0,0
11/04/2013,20.079999923706055,0,0,0
11/05/2013,20.020000457763672,0,0,0
11/06/2013,19.940000534057617,0,0,0
11/07/2013,19.399999618530273,0,0,0
11/08/2013,19.440000534057617,0,0,0
11/11/2013,19.770000457763672,0,0,0
11/12/2013,19.700000762939453,0,0,0
11/13/2013,19.989999771118164,0,0,0
11/14/2013,19.920000076293945,0,0,0
11/15/2013,20.3700008392334,0,0,0
11/18/2013,19.770000457763672,0,0,0
11/19/2013,19.43000030517578,0,0,0
11/20/2013,19.389999389648438,0,0,0
11/21/2013,19.510000228881836,0,0,0
11/22/2013,19.700000762939453,0,0,0
11/25/2013,19.420000076293945,0,0,0
11/26/2013,19.600000381469727,0,0,0
11/27/2013,19.639999389648438,0,0,0
11/29/2013,17.100000381469727,0,0,0
12/02/2013,16.760000228881836,0,0,0
12/03/2013,17.059999465942383,0,0,0
12/04/2013,17.540000915527344,0,0,0
12/05/2013,17.639999389648438,0,0,0
12/06/2013,17.700000762939453,0,0,0
12/09/2013,18.040000915527344,0,0,0
12/10/2013,18.100000381469727,0,0,0
12/11/2013,17.790000915527344,0,0,0
12/12/2013,17.549999237060547,0,0,0
12/13/2013,17.68000030517578,0,0,0
12/16/2013,17.84000015258789,0,0,0
12/17/2013,17.8799991607666,0,0,0
12/18/2013,18.049999237060547,0,0,0
12/19/2013,17.8799991607666,0,0,0
12/20/2013,18.43000030517578,0,0,0
12/23/2013,18.969999313354492,0,0,0
12/24/2013,18.899999618530273,0,0,0
12/26/2013,18.8799991607666,0,0,0
12/27/2013,18.90999984741211,0,0,0
12/30/2013,18.899999618530273,19.84039999008179,20.9531766493,18.7276233308
12/31/2013,19.1299991607666,19.822999992370605,20.9367410171,18.7092589677
01/02/2014,19.020000457763672,19.80599998474121,20.9172119729,18.6947879965
01/03/2014,19.270000457763672,19.788999996185304,20.8991022833,18.678897709
01/06/2014,19.239999771118164,19.77329999923706,20.8795224859,18.6670775126
01/07/2014,19.829999923706055,19.754599990844728,20.8538519664,18.6553480153
01/08/2014,19.84000015258789,19.742299995422364,20.8337301533,18.6508698376
01/09/2014,19.469999313354492,19.738600006103514,20.8290651034,18.6481349088
01/10/2014,19.559999465942383,19.734400005340575,20.825082697,18.6437173137
01/13/2014,19.639999389648438,19.729500007629394,20.8198544687,18.6391455466
01/14/2014,20.899999618530273,19.726000003814697,20.8160743605,18.6359256472
01/15/2014,21.469999313354492,19.733199996948244,20.828614006,18.6377859879
01/16/2014,21.520000457763672,19.74449998855591,20.8518783412,18.6371216359
01/17/2014,21.479999542236328,19.756299991607666,20.8761773914,18.6364225918
01/21/2014,21.3700008392334,19.769099979400636,20.9012237573,18.6369762015
01/22/2014,21.350000381469727,19.784799995422365,20.9280746982,18.6415252927
01/23/2014,21.360000610351562,19.801200008392335,20.9549983687,18.6474016481
01/24/2014,21.68000030517578,19.814300022125245,20.9782410123,18.650359032
01/27/2014,21.549999237060547,19.833100032806396,21.011748207,18.6544518586
01/28/2014,22.0,19.851000022888183,21.0419303742,18.6600696715
01/29/2014,21.40999984741211,19.873000030517577,21.0829533766,18.6630466845
01/30/2014,22.139999389648438,19.889000034332277,21.1085553193,18.6694447493
01/31/2014,21.200000762939453,19.910100021362304,21.1499956028,18.6702044399
02/03/2014,20.31999969482422,19.918600025177003,21.1643817552,18.6728182952
02/04/2014,20.780000686645508,19.915900020599366,21.1605157301,18.6712843111
02/05/2014,20.219999313354492,19.918200035095214,21.1641971682,18.672202902
02/06/2014,20.979999542236328,19.914500026702882,21.1590452608,18.6699547926
02/07/2014,21.510000228881836,19.918400020599364,21.1656640335,18.6711360077
02/10/2014,21.489999771118164,19.928300018310548,21.1841989749,18.6724010617
02/11/2014,21.6200008392334,19.935200023651124,21.1977470703,18.672652977
02/12/2014,21.459999084472656,19.942000026702882,21.2117512237,18.6722488297
02/13/2014,22.190000534057617,19.945800018310546,21.219513658,18.6720863786
02/14/2014,22.059999465942383,19.955200023651123,21.241906307,18.6684937403
02/18/2014,22.799999237060547,19.96800001144409,21.2691333887,18.6668666342
02/19/2014,22.1200008392334,19.992100009918214,21.3228098269,18.661390193
02/20/2014,22.670000076293945,20.00950002670288,21.3564450212,18.6625550322
02/21/2014,22.610000610351562,20.03030002593994,21.40188341,18.6587166419
02/24/2014,22.6299991607666,20.05260004043579,21.4476159346,18.6575841463
02/25/2014,23.059999465942383,20.076300029754638,21.4945762262,18.6580238333
02/26/2014,23.3799991607666,20.098400020599364,21.5454858718,18.6513141694
02/27/2014,23.860000610351562,20.121700019836425,21.6022904727,18.6411095669
02/28/2014,23.149999618530273,20.155000019073487,21.681145824,18.6288542141
03/03/2014,22.770000457763672,20.169600009918213,21.7171935672,18.6220064527
03/04/2014,23.5,20.177500019073488,21.7362908224,18.6187092158
03/05/2014,23.360000610351562,20.19900001525879,21.7883423349,18.6096576957
03/06/2014,23.450000762939453,20.224800014495848,21.8440242111,18.6055758179
03/07/2014,23.389999389648438,20.247700023651124,21.8959220353,18.599478012
03/10/2014,23.1299991607666,20.269600009918214,21.9446605689,18.5945394509
03/11/2014,22.84000015258789,20.287999992370604,21.9841414871,18.5918584977
03/12/2014,23.1200008392334,20.315399990081787,22.0303107224,18.6004892578
03/13/2014,22.600000381469727,20.343099994659426,22.0805686755,18.6056313138
03/14/2014,22.850000381469727,20.372199993133545,22.1228059486,18.6215940376
03/17/2014,23.170000076293945,20.398699989318846,22.1664718591,18.6309281195
03/18/2014,23.780000686645508,20.423799991607666,22.2127956984,18.6348042848
03/19/2014,23.690000534057617,20.454699993133545,22.2744480616,18.6349519247
03/20/2014,23.520000457763672,20.4860000038147,22.3339892241,18.6380107836
03/21/2014,23.020000457763672,20.512800006866456,22.3850030793,18.6405969344
03/24/2014,22.299999237060547,20.54230001449585,22.4304668275,18.6541332015
03/25/2014,22.15999984741211,20.564500007629395,22.4601368204,18.6688631948
03/26/2014,21.65999984741211,20.58470001220703,22.4864584289,18.6829415955
03/27/2014,21.8700008392334,20.60220001220703,22.5057202563,18.6986797681
03/28/2014,21.809999465942383,20.619600028991698,22.5266737066,18.7125263513
03/31/2014,22.030000686645508,20.640200023651122,22.5488943728,18.7315056745
04/01/2014,22.700000762939453,20.65970003128052,22.5725280647,18.7468719979
04/02/2014,22.780000686645508,20.686500034332276,22.6089279161,18.7640721526
04/03/2014,22.489999771118164,20.714900035858154,22.6470432074,18.7827568644
04/04/2014,22.010000228881836,20.745800037384033,22.6813729719,18.8102271029
04/07/2014,22.290000915527344,20.771500034332277,22.7066261265,18.8363739421
04/08/2014,22.81999969482422,20.79670003890991,22.735025705,18.8583743729
04/09/2014,23.299999237060547,20.82790002822876,22.7734186918,18.8823813647
04/10/2014,21.670000076293945,20.861000022888184,22.8200914545,18.9019085913
04/11/2014,20.469999313354492,20.878500022888183,22.8369236209,18.9200764249
04/14/2014,20.510000228881836,20.879500007629396,22.837689223,18.9213107923
04/15/2014,20.760000228881836,20.886900005340575,22.8422786519,18.9315213587
04/16/2014,21.540000915527344,20.900200004577638,22.8501395497,18.9502604594
04/17/2014,21.639999389648438,20.921700019836425,22.8667163108,18.9766837288
04/21/2014,21.799999237060547,20.94300001144409,22.8840989938,19.0019010291
04/22/2014,22.030000686645508,20.963999996185304,22.9028961423,19.0251038501
04/23/2014,22.040000915527344,20.99010000228882,22.9256002664,19.0545997382
04/24/2014,22.93000030517578,21.014500007629394,22.9477007375,19.0812992778
04/25/2014,22.049999237060547,21.047400016784668,22.9849194478,19.1098805858
04/28/2014,21.459999084472656,21.096900005340576,22.9957848649,19.1980151458
04/29/2014,21.600000381469727,21.143899993896483,22.9923550579,19.2954449299
04/30/2014,21.979999542236328,21.18930000305176,22.9920819653,19.3865180408
05/01/2014,21.940000534057617,21.233699989318847,23.0003719067,19.4670280719
05/02/2014,21.959999084472656,21.27670000076294,23.0073422016,19.5460577999
05/05/2014,21.950000762939453,21.319299983978272,23.0134218423,19.6251781257
05/06/2014,21.350000381469727,21.358399982452394,23.021216831,19.6955831339
05/07/2014,20.760000228881836,21.390899982452392,23.0211553759,19.760644589
05/08/2014,20.68000030517578,21.420599975585937,23.0115638854,19.8296360658
05/09/2014,20.360000610351562,21.45189998626709,22.9965215741,19.9072783984
05/12/2014,20.989999771118164,21.478699989318848,22.9802950678,19.9771049108
05/13/2014,20.579999923706055,21.51019998550415,22.9675202812,20.0528796899
05/14/2014,20.829999923706055,21.537199993133544,22.9513861849,20.1230138014
05/15/2014,21.059999465942383,21.565,22.9370588081,20.1929411919
05/16/2014,21.219999313354492,21.596800003051758,22.9190299665,20.2745700396
05/19/2014,21.5,21.624699993133547,22.9086965862,20.3407034
05/20/2014,21.260000228881836,21.65,22.9060606294,20.3939393706
05/21/2014,21.420000076293945,21.673600006103516,22.8995801534,20.4476198588
05/22/2014,21.760000228881836,21.69900001525879,22.8927266312,20.5052733994
05/23/2014,21.93000030517578,21.727500019073485,22.8878546951,20.567145343
05/27/2014,22.15999984741211,21.757800025939943,22.8829521767,20.6326478752
05/28/2014,22.290000915527344,21.788100032806398,22.882455343,20.6937447226
05/29/2014,22.670000076293945,21.820800037384032,22.8802525125,20.7613475623
05/30/2014,22.469999313354492,21.854800033569337,22.8860270549,20.8235730123
06/02/2014,22.1299991607666,21.8871000289917,22.8859988112,20.8882012468
06/03/2014,22.200000762939453,21.910100021362304,22.8876189055,20.9325811372
06/04/2014,22.549999237060547,21.93370002746582,22.8891964944,20.9782035605
06/05/2014,22.790000915527344,21.96450002670288,22.8892296594,21.0397703941
06/06/2014,23.030000686645508,21.996800041198732,22.8929472893,21.1006527931
06/09/2014,23.18000030517578,22.0307000541687,22.9007923608,21.1606077476
06/10/2014,23.290000915527344,22.053500061035155,22.9235373347,21.1834627873
06/11/2014,23.780000686645508,22.071700077056885,22.9483517921,21.195048362
06/12/2014,23.43000030517578,22.094300079345704,22.9854491434,21.2031510153
06/13/2014,23.6200008392334,22.113800086975097,23.0125957832,21.2150043908
06/16/2014,24.170000076293945,22.136300086975098,23.0443097165,21.2282904574
06/17/2014,24.34000015258789,22.16450008392334,23.0912486646,21.2377515033
06/18/2014,24.40999984741211,22.1943000793457,23.1423669037,21.246233255
06/19/2014,24.639999389648438,22.221600074768066,23.1934712729,21.2497288766
06/20/2014,24.329999923706055,22.252500076293945,23.2512767737,21.2537233789
06/23/2014,24.18000030517578,22.275800075531006,23.2953757199,21.2562244312
06/24/2014,23.920000076293945,22.30350008010864,23.3367139443,21.2702862159
06/25/2014,24.510000228881836,22.321300086975096,23.3668035286,21.2757966453
06/26/2014,24.399999618530273,22.354400081634523,23.4161499572,21.2926502061
06/27/2014,24.729999542236328,22.395200080871582,23.4563810662,21.3340190956
06/30/2014,25.1299991607666,22.43470006942749,23.5084640234,21.3609361154
07/01/2014,25.149999618530273,22.483800067901612,23.5673846731,21.4002154627
07/02/2014,25.079999923706055,22.525500068664552,23.6304384139,21.4205617234
07/03/2014,25.280000686645508,22.561200065612795,23.6901626659,21.4322374653
07/07/2014,24.90999984741211,22.599100074768067,23.7547662072,21.4434339424
07/08/2014,23.809999465942383,22.632000064849855,23.806009445,21.4579906847
07/09/2014,24.239999771118164,22.65550006866455,23.8293342722,21.4816658651
07/10/2014,24.09000015258789,22.676000061035158,23.8593875642,21.4926125579
07/11/2014,24.25,22.69630006790161,23.8863392637,21.5062608721
07/14/2014,24.239999771118164,22.710800075531004,23.9108064659,21.5107936851
07/15/2014,24.049999237060547,22.732000064849853,23.9400811785,21.5239189512
07/16/2014,24.229999542236328,22.74580005645752,23.9609553205,21.5306447925
07/17/2014,23.690000534057617,22.762000045776368,23.9860032901,21.5379968014
07/18/2014,23.979999542236328,22.772600059509276,23.9999994194,21.5452006996
07/21/2014,23.959999084472656,22.781800060272218,24.0147545199,21.5488456006
07/22/2014,24.309999465942383,22.787600059509277,24.0247120865,21.5504880325
07/23/2014,24.030000686645508,22.792100048065187,24.0339142401,21.550285856
07/24/2014,25.950000762939453,22.800900058746336,24.0483246481,21.5534754694
07/25/2014,25.520000457763672,22.832700061798096,24.1188632204,21.5465369032
07/28/2014,25.280000686645508,22.85290006637573,24.1649864098,21.540813723
07/29/2014,25.1200008392334,22.87210006713867,24.2053437047,21.5388564296
07/30/2014,25.530000686645508,22.888800067901613,24.2395223168,21.538077819
07/31/2014,24.549999237060547,22.910200080871583,24.2854237109,21.5349764508
08/01/2014,24.18000030517578,22.92440008163452,24.3091183523,21.539681811
08/04/2014,24.40999984741211,22.9378000831604,24.3281091189,21.5474910475
08/05/2014,24.459999084472656,22.95070007324219,24.348603702,21.5527964445
08/06/2014,24.510000228881836,22.969300060272218,24.3747674303,21.5638326903
08/07/2014,24.690000534057617,22.98590005874634,24.3996391486,21.5721609689
08/08/2014,24.84000015258789,23.001100063323975,24.4248724574,21.5773276693
08/11/2014,25.18000030517578,23.011700057983397,24.44514491,21.578255206
08/12/2014,24.850000381469727,23.02660005569458,24.4746872347,21.5785128766
08/13/2014,25.639999389648438,23.03990005493164,24.4985271615,21.5812729484
08/14/2014,25.40999984741211,23.06610004425049,24.5474871652,21.5847129233
08/15/2014,25.110000610351562,23.097200050354004,24.5947347412,21.5996653595
08/18/2014,25.43000030517578,23.1267000579834,24.6345031348,21.6188969812
08/19/2014,25.540000915527344,23.164400062561036,24.6821578342,21.6466422909
08/20/2014,25.260000228881836,23.201100063323974,24.7314339693,21.6707661573
08/21/2014,25.479999542236328,23.235600070953367,24.7730559902,21.6981441517
08/22/2014,25.440000534057617,23.27010005950928,24.8187830631,21.721417056
08/25/2014,25.40999984741211,23.29750005722046,24.8600309639,21.7349691506
08/26/2014,25.8799991607666,23.323800048828126,24.8994775673,21.7481225303
08/27/2014,25.59000015258789,23.35770004272461,24.9514377071,21.7639623784
08/28/2014,25.299999237060547,23.39350004196167,24.9967426289,21.790257455
08/29/2014,25.809999465942383,23.423600025177002,25.0340816526,21.8131183977
09/02/2014,26.420000076293945,23.453500022888182,25.0801723168,21.826827729
09/03/2014,26.469999313354492,23.484700031280518,25.1378349054,21.8315651572
09/04/2014,26.170000076293945,23.532700023651124,25.2020530934,21.8633469539
09/05/2014,26.399999618530273,23.58970003128052,25.2507969068,21.9286031558
09/08/2014,26.450000762939453,23.648600025177004,25.3038661517,21.9933338987
09/09/2014,26.010000228881836,23.705500030517577,25.3582875886,22.0527124725
09/10/2014,26.309999465942383,23.75020002365112,25.4042622867,22.0961377606
09/11/2014,25.950000762939453,23.79690002441406,25.4566401682,22.1371598807
09/12/2014,26.420000076293945,23.83840003967285,25.4995735387,22.1772265406
09/15/2014,25.68000030517578,23.882300033569337,25.5530823921,22.211517675
09/16/2014,26.100000381469727,23.91870002746582,25.5885998246,22.2488002304
09/17/2014,26.280000686645508,23.95040002822876,25.6312824998,22.2695175566
09/18/2014,26.780000686645508,23.99270004272461,25.6784437221,22.3069563633
09/19/2014,26.420000076293945,24.045900058746337,25.7348187123,22.3569814052
09/22/2014,26.079999923706055,24.09410005569458,25.7813055071,22.4068946043
09/23/2014,25.510000228881836,24.135100059509277,25.8202484233,22.4499516957
09/24/2014,25.84000015258789,24.17080005645752,25.8468577535,22.4947423595
09/25/2014,25.040000915527344,24.209600067138673,25.8789262315,22.5402739028
09/26/2014,25.290000915527344,24.240500068664552,25.8962575384,22.5847425989
09/29/2014,25.549999237060547,24.279900074005127,25.9131315561,22.646668592
09/30/2014,25.270000457763672,24.327800064086915,25.9269827411,22.728617387
10/01/2014,24.780000686645508,24.373700065612795,25.9328958229,22.8145043084
10/02/2014,24.989999771118164,24.417900066375733,25.9244493481,22.9113507847
10/03/2014,25.549999237060547,24.457900066375732,25.9255031171,22.9902970156
10/06/2014,25.1299991607666,24.507600059509276,25.9263792305,23.0888208885
10/07/2014,24.350000381469727,24.550600051879883,25.9216258414,23.1795742624
10/08/2014,24.940000534057617,24.583500061035156,25.9090900363,23.2579100857
10/09/2014,24.360000610351562,24.620700073242187,25.9028640623,23.3385360842
10/10/2014,23.579999923706055,24.649300079345704,25.8928508371,23.4057493216
10/13/2014,23.440000534057617,24.672500076293947,25.873516621,23.4714835316
10/14/2014,24.030000686645508,24.69270008087158,25.8552127428,23.5301874189
10/15/2014,24.040000915527344,24.715400085449218,25.8420343738,23.5887657971
10/16/2014,23.770000457763672,24.736500091552735,25.8300432916,23.6429568915
10/17/2014,24.6200008392334,24.75260009765625,25.8196217472,23.6855784481
10/20/2014,25.059999465942383,24.77590009689331,25.8139387228,23.737861471
10/21/2014,25.270000457763672,24.799800090789795,25.816368807,23.7832313746
10/22/2014,25.170000076293945,24.827800102233887,25.8180319546,23.8375682499
10/23/2014,25.440000534057617,24.85820011138916,25.811103396,23.9052968268
10/24/2014,25.729999542236328,24.89060010910034,25.8069513461,23.9742488721
10/27/2014,25.43000030517578,24.9224001121521,25.8117538882,24.0330463361
10/28/2014,25.75,24.948800106048584,25.8132990913,24.0843011208
10/29/2014,25.739999771118164,24.97600009918213,25.8222978934,24.129702305
10/30/2014,25.739999771118164,25.001600093841553,25.8317479115,24.1714522762
10/31/2014,26.049999237060547,25.026100082397463,25.8413925288,24.210807636
11/03/2014,26.31999969482422,25.04880006790161,25.8606760076,24.2369241282
11/04/2014,26.420000076293945,25.077700061798097,25.8828470608,24.2725530628
11/05/2014,26.489999771118164,25.1057000541687,25.9083497371,24.3030503712
11/06/2014,26.56999969482422,25.128900051116943,25.9376743004,24.3201258019
11/07/2014,27.100000381469727,25.151200046539305,25.9686121506,24.3337879425
11/10/2014,27.1200008392334,25.178100051879884,26.0147142925,24.3414858113
11/11/2014,27.15999984741211,25.202900066375733,26.0597096195,24.3460905132
11/12/2014,27.15999984741211,25.231200065612793,26.1052736148,24.3571265165
11/13/2014,26.920000076293945,25.261000061035155,26.1494081915,24.3725919306
11/14/2014,27.139999389648438,25.291000061035156,26.1842575867,24.3977425354
11/17/2014,26.889999389648438,25.31730005264282,26.225763423,24.4088366822
11/18/2014,26.950000762939453,25.342200050354005,26.2592633615,24.4251367392
11/19/2014,26.770000457763672,25.364400062561035,26.293170547,24.4356295781
11/20/2014,27.049999237060547,25.380800075531006,26.3197107951,24.441889356
11/21/2014,27.110000610351562,25.39980007171631,26.3529642283,24.4466359152
11/24/2014,27.3700008392334,25.420100078582763,26.3877441022,24.4524560549
11/25/2014,27.329999923706055,25.441000080108644,26.427774116,24.4542260443
11/26/2014,27.520000457763672,25.465200080871583,26.4681960676,24.4622040941
11/28/2014,27.559999465942383,25.502300090789795,26.5119781057,24.4926220759
12/01/2014,27.299999237060547,25.535500087738036,26.5576325157,24.5133676598
12/02/2014,27.469999313354492,25.567600078582764,26.5942276462,24.5409725109
12/03/2014,27.450000762939453,25.59980007171631,26.6350574561,24.5645426873
12/04/2014,27.6299991607666,25.631900081634523,26.6742384618,24.5895617015
12/05/2014,27.860000610351562,25.667700080871583,26.7165506685,24.6188494932
12/08/2014,27.770000457763672,25.704000091552736,26.7652078244,24.6427923588
12/09/2014,27.84000015258789,25.744800090789795,26.8062231192,24.6833770624
12/10/2014,27.68000030517578,25.78340009689331,26.8501157609,24.7166844328
12/11/2014,28.360000610351562,25.82060010910034,26.8879432957,24.7532569225
12/12/2014,28.100000381469727,25.861100120544435,26.9470318095,24.7751684316
12/15/2014,28.15999984741211,25.901800117492677,26.9945895006,24.8090107344
12/16/2014,27.989999771118164,25.923900108337403,27.0395486432,24.8082515735
12/17/2014,28.479999542236328,25.948600101470948,27.0822305053,24.8149696976
12/18/2014,29.6299991607666,25.980600090026854,27.1397823332,24.8214178469
12/19/2014,30.100000381469727,26.025700073242188,27.2370812228,24.8143189237
12/22/2014,30.6299991607666,26.07140007019043,27.3476828958,24.7951172446
12/23/2014,30.90999984741211,26.13220006942749,27.4775115065,24.7868886324
12/24/2014,31.190000534057617,26.199500064849854,27.6121204814,24.7868796483
12/26/2014,31.309999465942383,26.26730007171631,27.7532097054,24.781390438
12/29/2014,31.149999618530273,26.335800075531004,27.8929962713,24.7786038798
12/30/2014,31.0,26.40220006942749,28.020495702,24.7839044368
12/31/2014,30.65999984741211,26.465300064086914,28.13771763,24.7928824982
01/02/2015,30.790000915527344,26.523500061035158,28.2390560467,24.8079440754
01/05/2015,30.520000457763672,26.57960006713867,28.3414075222,24.8177926121
01/06/2015,29.950000762939453,26.63630006790161,28.4324356475,24.8401644883
01/07/2015,30.3799991607666,26.679400081634522,28.5026184946,24.8561816686
01/08/2015,31.209999084472656,26.729100074768066,28.5844937953,24.8737063543
01/09/2015,31.06999969482422,26.790100059509278,28.6909773803,24.8892227388
01/12/2015,30.84000015258789,26.846500053405762,28.789392311,24.9036077958
01/13/2015,30.899999618530273,26.899500045776367,28.877992491,24.9210076005
01/14/2015,30.920000076293945,26.95590003967285,28.9669723329,24.9448277465
01/15/2015,30.270000457763672,27.010300045013427,29.0540247026,24.9665753874
01/16/2015,30.920000076293945,27.05860004425049,29.121625892,24.9955741965
01/20/2015,31.040000915527344,27.113700046539307,29.2053417257,25.0220583673
01/21/2015,31.190000534057617,27.165300064086914,29.2892681803,25.0413319479
01/22/2015,31.43000030517578,27.221300067901613,29.3765891434,25.0660109924
01/23/2015,31.93000030517578,27.282600078582764,29.4693170049,25.0958831523
01/26/2015,32.45000076293945,27.343800086975097,29.5736617952,25.1139383788
01/27/2015,32.45000076293945,27.404100093841553,29.6890171461,25.1191830416
01/28/2015,31.399999618530273,27.463900108337402,29.8012395332,25.1265606835
01/29/2015,29.219999313354492,27.516200103759765,29.8823377409,25.1500624666
01/30/2015,29.899999618530273,27.544400100708007,29.9138688936,25.1749313078
02/02/2015,30.030000686645508,27.578900089263914,29.9572826285,25.20051755
02/03/2015,30.520000457763672,27.619100093841553,30.0045878713,25.2336123164
02/04/2015,31.030000686645508,27.661200103759764,30.0603237584,25.2620764492
02/05/2015,31.729999542236328,27.712000102996825,30.128075394,25.2959248119
02/06/2015,31.809999465942383,27.76510009765625,30.2103711985,25.3198289968
02/09/2015,31.489999771118164,27.826400089263917,30.2953530587,25.3574471198
02/10/2015,32.2400016784668,27.8803000831604,30.3697254431,25.3908747232
02/11/2015,32.779998779296875,27.939900093078613,30.4614367,25.4183634862
02/12/2015,32.97999954223633,27.999900074005126,30.5641463081,25.4356538399
02/13/2015,33.22999954223633,28.06550006866455,30.6720511341,25.4589490032
02/17/2015,33.0,28.137000064849854,30.7858289848,25.4881711449
02/18/2015,33.290000915527344,28.211900062561035,30.8911090951,25.5326910301
02/19/2015,33.5,28.286400070190428,31.0019520913,25.570848049
02/20/2015,33.84000015258789,28.371000061035158,31.1157205912,25.6262795309
02/23/2015,33.31999969482422,28.45650005340576,31.2368515784,25.6761485284
02/24/2015,33.720001220703125,28.534200057983398,31.3406882781,25.7277118379
02/25/2015,34.2400016784668,28.618700065612792,31.4527098089,25.7846903223
02/26/2015,34.04999923706055,28.713300075531006,31.5753441444,25.8512560067
02/27/2015,33.61000061035156,28.80390007019043,31.6899461234,25.917854017
03/02/2015,34.099998474121094,28.88450008392334,31.7910225381,25.9779776298
03/03/2015,34.029998779296875,28.974200077056885,31.9018062921,26.046593862
03/04/2015,33.689998626708984,29.071000061035157,32.0041360433,26.1378640788
03/05/2015,34.2400016784668,29.15850004196167,32.0976037064,26.2193963775
03/06/2015,33.599998474121094,29.257300052642822,32.1994981305,26.3151019748
03/09/2015,33.72999954223633,29.357500038146974,32.2751639016,26.4398361747
03/10/2015,32.900001525878906,29.46040002822876,32.348858705,26.5719413514
03/11/2015,33.380001068115234,29.549100036621095,32.4054512144,26.6927488589
03/12/2015,33.95000076293945,29.642500038146974,32.4697380519,26.8152620244
03/13/2015,33.189998626708984,29.74430004119873,32.5413689816,26.9472311008
03/16/2015,34.099998474121094,29.830000019073488,32.5999087063,27.0600913319
03/17/2015,34.2599983215332,29.920400009155273,32.6806575683,27.16014245
03/18/2015,34.849998474121094,30.01029998779297,32.7640245132,27.2565754624
03/19/2015,35.47999954223633,30.10709997177124,32.8591120188,27.3550879248
03/20/2015,35.310001373291016,30.207499961853028,32.9705331638,27.4444667599
03/23/2015,34.59000015258789,30.303299980163573,33.0754922423,27.531107718
03/24/2015,34.150001525878906,30.394899978637696,33.1558648217,27.6339351355
03/25/2015,33.099998474121094,30.478899993896484,33.2250113865,27.7327886013
03/26/2015,33.63999938964844,30.552499980926513,33.2690861919,27.83591377
03/27/2015,34.58000183105469,30.631499977111815,33.3217275856,27.9412723686
03/30/2015,35.16999816894531,30.71680000305176,33.3956157245,28.0379842816
03/31/2015,34.95000076293945,30.805299987792967,33.4835853781,28.1270145975
04/01/2015,34.060001373291016,30.890599994659425,33.5636906091,28.2175093803
04/02/2015,34.38999938964844,30.966300010681152,33.6208209031,28.3117791183
04/06/2015,34.400001525878906,31.044500007629395,33.6834976466,28.4055023687
04/07/2015,34.54999923706055,31.117500019073486,33.7473256156,28.4876744226
04/08/2015,34.4900016784668,31.191800003051757,33.812579027,28.5710209791
04/09/2015,35.22999954223633,31.265100021362304,33.8745706607,28.655629382
04/10/2015,35.619998931884766,31.34580001831055,33.9518526532,28.7397473834
04/13/2015,34.2599983215332,31.432800006866454,34.0348668872,28.8307331265
04/14/2015,34.16999816894531,31.503999996185303,34.0849555834,28.923044409
04/15/2015,34.84000015258789,31.576799983978272,34.1290964698,29.0245034981
04/16/2015,34.560001373291016,31.655699977874757,34.1856019889,29.1257979668
04/17/2015,33.720001220703125,31.73359998703003,34.2315961524,29.2356038217
04/20/2015,34.630001068115234,31.800300006866454,34.2611195224,29.3394804913
04/21/2015,38.08000183105469,31.875500011444093,34.3065616405,29.4444383824
04/22/2015,38.06999969482422,31.982600021362305,34.4484778433,29.5167221995
04/23/2015,38.720001220703125,32.090000019073486,34.5846174535,29.5953825846
04/24/2015,38.68000030517578,32.20200002670288,34.739970149,29.6640299044
04/27/2015,38.20000076293945,32.313200035095214,34.8886786477,29.7377214225
04/28/2015,38.560001373291016,32.42220005035401,35.0138079463,29.8305921544
04/29/2015,38.41999816894531,32.53310007095337,35.1476011326,29.9185990093
04/30/2015,37.7400016784668,32.64280004501343,35.2718223772,30.0137777128
05/01/2015,38.380001068115234,32.74390007019043,35.3726012944,30.115198846
05/04/2015,38.72999954223633,32.84910007476807,35.4907159989,30.2074841507
05/05/2015,37.84000015258789,32.958700065612796,35.6146367721,30.3027633592
05/06/2015,37.939998626708984,33.05870006561279,35.7082773538,30.4091227774
05/07/2015,38.400001525878906,33.161300048828124,35.7992347893,30.5233653084
05/08/2015,39.0099983215332,33.2617000579834,35.9060401839,30.617359932
05/11/2015,38.970001220703125,33.370800037384036,36.0249721851,30.7166278896
05/12/2015,38.650001525878906,33.478900051116945,36.1387741703,30.819025932
05/13/2015,38.439998626708984,33.58550006866455,36.2368562137,30.9341439237
05/14/2015,38.849998474121094,33.685100059509274,36.3298627059,31.0403374131
05/15/2015,38.63999938964844,33.77730005264282,36.4397410267,31.1148590786
05/18/2015,39.540000915527344,33.86270004272461,36.5427246512,31.1826754343
05/19/2015,39.119998931884766,33.95180006027222,36.670698181,31.2329019396
05/20/2015,38.790000915527344,34.033900051116944,36.7834898192,31.2843102831
05/21/2015,38.790000915527344,34.10990005493164,36.8847505377,31.3350495722
05/22/2015,39.290000915527344,34.18470006942749,36.9837783404,31.3856217984
05/26/2015,39.290000915527344,34.26610008239746,37.093954411,31.4382457537
05/27/2015,39.43000030517578,34.34900009155273,37.2012990575,31.4967011257
05/28/2015,40.18000030517578,34.43670009613037,37.3089808108,31.5644193815
05/29/2015,40.060001373291016,34.53060009002686,37.4354322915,31.6257678886
06/01/2015,39.86000061035156,34.62600009918213,37.5541125711,31.6978876272
06/02/2015,39.72999954223633,34.72510009765625,37.6609679002,31.7892322951
06/03/2015,40.08000183105469,34.81860010147095,37.7634716889,31.873728514
06/04/2015,39.5,34.90730012893677,37.8756337423,31.9389665156
06/05/2015,41.040000915527344,34.99160013198853,37.9694480335,32.0137522305
06/08/2015,40.58000183105469,35.09360013961792,38.1020296002,32.085170679
06/09/2015,40.7599983215332,35.19040016174316,38.2180099049,32.1627904185
06/10/2015,41.20000076293945,35.288800144195555,38.3358609031,32.2417393853
06/11/2015,41.0,35.39810014724731,38.4591738481,32.3370264464
06/12/2015,41.220001220703125,35.498900146484374,38.5767712581,32.4210290349
06/15/2015,41.06999969482422,35.60070014953613,38.6977018432,32.5036984559
06/16/2015,42.47999954223633,35.6995001411438,38.8117738624,32.5872264198
06/17/2015,42.88999938964844,35.81000013351441,38.9646004094,32.6553998576
06/18/2015,43.7400016784668,35.91960012435913,39.1274359448,32.7117643039
06/19/2015,43.119998931884766,36.032500133514404,39.3140652854,32.7509349816
06/22/2015,43.54999923706055,36.139200115203856,39.475555662,32.8028445684
06/23/2015,43.209999084472656,36.26070011138916,39.6431704081,32.8782298146
06/24/2015,41.709999084472656,36.40060010910034,39.7782836621,33.0229165561
06/25/2015,41.970001220703125,36.51870010375976,39.8734158417,33.1639843658
06/26/2015,41.720001220703125,36.63810010910034,39.9721660891,33.3040341291
06/29/2015,40.599998474121094,36.75010011672973,40.0648244963,33.4353757371
06/30/2015,41.33000183105469,36.84580009460449,40.1320230064,33.5595771829
07/01/2015,41.279998779296875,36.941800117492676,40.2173781612,33.6662220738
07/02/2015,41.22999954223633,37.03650011062622,40.2992120698,33.7737881514
07/06/2015,39.970001220703125,37.1339001083374,40.3748907415,33.8929094752
07/07/2015,40.61000061035156,37.211200103759765,40.4266281113,33.9957720963
07/08/2015,40.56999969482422,37.289500122070315,40.4913760372,34.087624207
07/09/2015,41.380001068115234,37.36540012359619,40.554153389,34.1766468582
07/10/2015,41.45000076293945,37.44690013885498,40.6330671092,34.2607331686
07/13/2015,41.5099983215332,37.53140014648437,40.7105539095,34.3522463835
07/14/2015,42.61000061035156,37.61360012054443,40.7882905894,34.4389096517
07/15/2015,42.13999938964844,37.70470012664795,40.8907295492,34.5186707041
07/16/2015,42.7599983215332,37.78770011901855,40.9800745048,34.5953257332
07/17/2015,42.40999984741211,37.882100105285645,41.0805336101,34.6836666004
07/20/2015,42.400001525878906,37.969000091552736,41.17122016,34.7667800231
07/21/2015,42.959999084472656,38.050600090026855,41.2607150806,34.8404850995
07/22/2015,42.29999923706055,38.13970008850097,41.3611707706,34.9182294064
07/23/2015,46.83000183105469,38.226600074768065,41.4419104587,35.0112896909
07/24/2015,47.9900016784668,38.3539001083374,41.6541898496,35.0536103671
07/27/2015,47.099998474121094,38.4935001373291,41.9014331642,35.0855671104
07/28/2015,47.119998931884766,38.62760013580322,42.1069688393,35.1482314323
07/29/2015,47.36000061035156,38.7564001083374,42.3085987673,35.2042014494
07/30/2015,47.58000183105469,38.894000129699705,42.5097318931,35.2782683663
07/31/2015,47.7400016784668,39.03250015258789,42.7124636257,35.3525366795
08/03/2015,47.650001525878906,39.18090015411377,42.9094707967,35.4523295115
08/04/2015,47.68000030517578,39.323600158691406,43.1001896551,35.5470106623
08/05/2015,48.83000183105469,39.46090015411377,43.2888650788,35.6329352294
08/06/2015,46.63999938964844,39.61730018615722,43.5048975287,35.7297028437
08/07/2015,46.900001525878906,39.7427001953125,43.6524910841,35.8329093065
08/10/2015,47.540000915527344,39.86910022735596,43.8038374805,35.9343629742
08/11/2015,46.93000030517578,39.99600025177002,43.9712445191,36.0207559845
08/12/2015,46.47999954223633,40.110500259399416,44.1187813968,36.102219122
08/13/2015,46.5,40.22220024108887,44.2507357201,36.1936647621
08/14/2015,46.720001220703125,40.34130023956299,44.377610958,36.3049895211
08/17/2015,47.849998474121094,40.46700023651123,44.5042716159,36.4297288571
08/18/2015,47.75,40.61450023651123,44.6493686881,36.579631785
08/19/2015,47.34000015258789,40.75560024261475,44.7908166132,36.720383872
08/20/2015,44.61000061035156,40.88320022583008,44.9228601702,36.8435402814
08/21/2015,42.86000061035156,40.97760025024414,44.9928741805,36.9623263199
08/24/2015,40.91999816894531,41.056700248718265,45.0301474525,37.083253045
08/25/2015,40.63999938964844,41.1253002166748,45.0360834692,37.2145169641
08/26/2015,42.540000915527344,41.1878002166748,45.0399466047,37.3356538286
08/27/2015,42.65999984741211,41.26920021057129,45.0626087297,37.4757916915
08/28/2015,42.959999084472656,41.3503002166748,45.0854357699,37.6151646635
08/31/2015,42.13999938964844,41.43500019073486,45.1091446979,37.7608556836
09/01/2015,40.86000061035156,41.504100189208984,45.1254967372,37.8827036412
09/02/2015,41.90999984741211,41.55650020599365,45.1299704189,37.9830299931
09/03/2015,42.150001525878906,41.633000221252445,45.1305275382,38.1354729043
09/04/2015,41.75,41.71280025482178,45.1292367308,38.2963637788
09/08/2015,43.29999923706055,41.7819002532959,45.1277818128,38.4360186938
09/09/2015,43.0099983215332,41.86930023193359,45.1386690801,38.5999313838
09/10/2015,44.060001373291016,41.962200202941894,45.1290667044,38.7953337015
09/11/2015,44.33000183105469,42.05650020599365,45.1430107282,38.9699896838
09/14/2015,43.970001220703125,42.11900020599365,45.1875835366,39.0504168754
09/15/2015,44.72999954223633,42.17800022125244,45.224808494,39.1311919485
09/16/2015,44.900001525878906,42.23810020446777,45.2753651052,39.2008353037
09/17/2015,45.18000030517578,42.300300216674806,45.3277357112,39.2728647222
09/18/2015,44.79999923706055,42.37010021209717,45.3826233745,39.3575770497
09/21/2015,45.599998474121094,42.432500190734864,45.4300454544,39.4349549271
09/22/2015,45.38999938964844,42.50430019378662,45.4908452037,39.5177551839
09/23/2015,45.9900016784668,42.580800170898435,45.5421995099,39.6194008319
09/24/2015,45.900001525878906,42.65690017700195,45.6071297023,39.7066706517
09/25/2015,45.11000061035156,42.72860019683838,45.669634868,39.7875655257
09/28/2015,42.83000183105469,42.80130020141601,45.7102735979,39.8923268049
09/29/2015,42.2400016784668,42.850200233459475,45.7178509647,39.9825495022
09/30/2015,42.47999954223633,42.888600234985354,45.7219069416,40.0552935284
10/01/2015,43.040000915527344,42.92330024719238,45.730016624,40.1165838704
10/02/2015,43.68000030517578,42.96400024414063,45.7424621907,40.1855382975
10/05/2015,44.189998626708984,43.014300231933596,45.759540005,40.2690604589
10/06/2015,43.45000076293945,43.071800231933594,45.7806035612,40.3629969026
10/07/2015,43.04999923706055,43.11780025482178,45.7933737878,40.4422267219
10/08/2015,42.790000915527344,43.1619002532959,45.7993778142,40.5244226924
10/09/2015,43.0,43.194400253295896,45.8069532532,40.5818472534
10/12/2015,42.79999923706055,43.233200263977054,45.813568104,40.6528324239
10/13/2015,41.599998474121094,43.27330024719238,45.8151788061,40.7314216883
10/14/2015,41.869998931884766,43.30140022277832,45.8088604236,40.793940022
10/15/2015,43.2400016784668,43.327200202941896,45.806366771,40.8480336349
10/16/2015,43.4900016784668,43.36670021057129,45.8124706161,40.920929805
10/19/2015,43.68000030517578,43.4073002243042,45.8208702951,40.9937301535
10/20/2015,43.38999938964844,43.4423002243042,45.8340954689,41.0505049797
10/21/2015,41.90999984741211,43.475600204467774,45.8431313029,41.108069106
10/22/2015,43.2400016784668,43.49610019683838,45.8410029012,41.1511974925
10/23/2015,34.90999984741211,43.53120021820068,45.8455375757,41.2168628607
10/26/2015,34.72999954223633,43.479500198364256,45.9244189634,41.0345814333
10/27/2015,33.81999969482422,43.43180019378662,45.9974435588,40.8661568288
10/28/2015,34.970001220703125,43.35960018157959,46.0879647256,40.6312356376
10/29/2015,34.060001373291016,43.303500175476074,46.1438202123,40.4631801386
10/30/2015,34.36000061035156,43.23650020599365,46.2118417998,40.2611586122
11/02/2015,34.77000045776367,43.16810020446778,46.2655876041,40.0706128049
11/03/2015,34.65999984741211,43.10580020904541,46.3071782108,39.9044222073
11/04/2015,35.099998474121094,43.0402001953125,46.3450860946,39.735314296
11/05/2015,33.310001373291016,42.98050018310547,46.3731920125,39.5878083537
11/06/2015,34.04999923706055,42.88880020141602,46.4150771937,39.3625232091
11/09/2015,33.439998626708984,42.800400199890134,46.4346895219,39.1661108778
11/10/2015,33.380001068115234,42.69740016937256,46.4477058285,38.9470945102
11/11/2015,32.91999816894531,42.60000019073486,46.462856536,38.7371438455
11/12/2015,33.27000045776367,42.49370018005371,46.4734437473,38.5139566128
11/13/2015,33.16999816894531,42.39430019378662,46.4776951084,38.3109052792
11/16/2015,33.400001525878906,42.30890018463135,46.4937556977,38.1240446716
11/17/2015,33.40999984741211,42.223200187683105,46.5008405891,37.9455597863
11/18/2015,34.040000915527344,42.140100173950195,46.5065054119,37.773694936
11/19/2015,34.41999816894531,42.074500198364255,46.5122460555,37.6367543412
11/20/2015,34.75,42.00540016174316,46.5075312918,37.5032690316
11/23/2015,35.040000915527344,41.94010017395019,46.4992740978,37.3809262501
11/24/2015,35.75,41.878200187683106,46.4883310457,37.2680693297
11/25/2015,36.7599983215332,41.83600017547607,46.4825754551,37.1894248958
11/27/2015,36.689998626708984,41.797500152587894,46.4699520546,37.1250482506
11/30/2015,36.02000045776367,41.758700141906736,46.4572211305,37.0601791533
12/01/2015,36.099998474121094,41.70510013580322,46.4380821905,36.9721180811
12/02/2015,35.900001525878906,41.65160011291504,46.417287657,36.8859125689
12/03/2015,34.70000076293945,41.59550014495849,46.3954208645,36.7955794255
12/04/2015,35.220001220703125,41.51640014648437,46.3638911582,36.6689091347
12/07/2015,34.4900016784668,41.44720016479492,46.3345243924,36.5598759372
12/08/2015,34.52000045776367,41.364500198364254,46.2986557025,36.4303446942
12/09/2015,32.709999084472656,41.28560020446778,46.2652795518,36.3059208572
12/10/2015,31.799999237060547,41.18870018005371,46.2395226111,36.137877749
12/11/2015,30.540000915527344,41.07710018157959,46.2101747696,35.9440255936
12/14/2015,30.420000076293945,40.95950019836426,46.1968635387,35.7221368581
12/15/2015,30.59000015258789,40.79540018081665,46.1028693212,35.4879310404
12/16/2015,31.950000762939453,40.62140016555786,45.9751681528,35.2676321783
12/17/2015,31.420000076293945,40.46990018844605,45.8524728757,35.0873275011
12/18/2015,31.219999313354492,40.31290019989014,45.7280833478,34.897717052
12/21/2015,31.65999984741211,40.15150018692017,45.5946932557,34.7083071181
12/22/2015,31.540000915527344,39.99230016708374,45.4486941733,34.5359061608
12/23/2015,31.889999389648438,39.830300159454346,45.294743076,34.3658572429
12/24/2015,31.770000457763672,39.67270013809204,45.1366094611,34.2087908151
12/28/2015,31.790000915527344,39.51360013961792,44.9736688519,34.0535314273
12/29/2015,31.780000686645508,39.34320013046265,44.7756858069,33.910714454
12/30/2015,31.450000762939453,39.194600143432616,44.6286967319,33.760503555
12/31/2015,31.170000076293945,39.04010013580322,44.4725573672,33.6076429044
01/04/2016,30.229999542236328,38.87640012741089,44.2968886197,33.4559116351
01/05/2016,29.84000015258789,38.70940011978149,44.1364438975,33.282356342
01/06/2016,29.5,38.54300012588501,43.9843194155,33.1016808363
01/07/2016,29.170000076293945,38.37300012588501,43.8286096843,32.9173905674
01/08/2016,28.610000610351562,38.19750011444092,43.6640441074,32.7309561215
01/11/2016,28.350000381469727,38.005100135803225,43.4671125577,32.543087714
01/12/2016,28.729999542236328,37.81110013961792,43.2680702217,32.3541300575
01/13/2016,28.389999389648438,37.625000133514405,43.0711504978,32.1788497692
01/14/2016,29.290000915527344,37.462800121307374,42.9399522114,31.9856480313
01/15/2016,28.280000686645508,37.327100124359134,42.8368577657,31.8173424831
01/19/2016,26.459999084472656,37.20070014953613,42.7712354228,31.6301648763
01/20/2016,25.989999771118164,37.058900146484376,42.7198271723,31.3979731207
01/21/2016,26.729999542236328,36.89340013504028,42.6330417124,31.1537585577
01/22/2016,27.75,36.73410013198853,42.5322480551,30.9359522088
01/25/2016,27.209999084472656,36.5820001411438,42.4142301868,30.7497700955
01/26/2016,26.8700008392334,36.43270013809204,42.3116496443,30.5537506319
01/27/2016,25.829999923706055,36.29280014038086,42.2308905381,30.3547097427
01/28/2016,26.360000610351562,36.1320001411438,42.1331861481,30.1308141342
01/29/2016,28.139999389648438,35.97410013198853,42.0224104265,29.9257898375
02/01/2016,28.389999389648438,35.83800012588501,41.907897601,29.7681026508
02/02/2016,27.059999465942383,35.68890012741089,41.7567941106,29.6210061442
02/03/2016,26.389999389648438,35.52940013885498,41.6123674759,29.4464328018
02/04/2016,26.719999313354492,35.35270011901856,41.4419401055,29.2634601326
02/05/2016,25.110000610351562,35.17660009384155,41.2583061181,29.0948940696
02/08/2016,24.229999542236328,34.98800008773804,41.0865001837,28.8894999917
02/09/2016,23.84000015258789,34.78300008773804,40.8951158135,28.670884362
02/10/2016,23.90999984741211,34.572400074005124,40.6951087535,28.4496913945
02/11/2016,23.829999923706055,34.35970006942749,40.4796654485,28.2397346904
02/12/2016,24.110000610351562,34.15000007629394,40.2679040914,28.0320960612
02/16/2016,25.420000076293945,33.93510009765625,40.0243988091,27.8458013862
02/17/2016,26.18000030517578,33.735400104522704,39.7729990326,27.6978011765
02/18/2016,25.59000015258789,33.53730009078979,39.4940143918,27.5805857897
02/19/2016,26.09000015258789,33.334200077056884,39.2116508462,27.4567493079
02/22/2016,26.56999969482422,33.14400007247925,38.9445466886,27.3434534564
02/23/2016,26.549999237060547,32.98140005111694,38.7358670801,27.2269330221
02/24/2016,27.299999237060547,32.82450002670288,38.5381403106,27.1108597428
02/25/2016,28.059999465942383,32.672700023651124,38.3291615,27.0162385473
02/26/2016,28.110000610351562,32.52290000915527,38.1006304773,26.945169541
02/29/2016,28.399999618530273,32.36720001220703,37.8477805132,26.8866195113
03/01/2016,29.610000610351562,32.20930002212524,37.5732007799,26.8453992643
03/02/2016,29.350000381469727,32.07090002059937,37.320310161,26.8214898802
03/03/2016,28.770000457763672,31.933900032043457,37.0725929181,26.795207146
03/04/2016,28.510000228881836,31.79370002746582,36.8244118933,26.7629881616
03/07/2016,28.420000076293945,31.64880002975464,36.5619539171,26.7356461424
03/08/2016,27.190000534057617,31.505000038146974,36.2986585301,26.7113415462
03/09/2016,27.670000076293945,31.36090005874634,36.064675054,26.6571250635
03/10/2016,27.5,31.21890007019043,35.8164158173,26.6213843231
03/11/2016,28.520000457763672,31.061500053405762,35.511849435,26.6111506718
03/14/2016,28.010000228881836,30.91180004119873,35.1900140611,26.6335860213
03/15/2016,27.600000381469727,30.755100040435792,34.8456373342,26.6645627467
03/16/2016,28.290000915527344,30.597200050354004,34.4972901349,26.6971099658
03/17/2016,28.989999771118164,30.461000061035158,34.1980563245,26.7239437976
03/18/2016,28.700000762939453,30.31850004196167,33.8304642867,26.8065357973
03/21/2016,29.65999984741211,30.256400051116945,33.7414270441,26.7713730581
03/22/2016,28.959999084472656,30.2057000541687,33.6620375174,26.7493625909
03/23/2016,28.43000030517578,30.157100048065185,33.5964012546,26.7177988415
03/24/2016,28.530000686645508,30.091700038909913,33.5009087721,26.6824913057
03/28/2016,28.639999389648438,30.036400032043456,33.4255829704,26.6472170937
03/29/2016,29.079999923706055,29.979200019836426,33.3431044888,26.6152955509
03/30/2016,29.399999618530273,29.92230001449585,33.2526428775,26.5919571515
03/31/2016,30.6299991607666,29.86970001220703,33.1661658175,26.573234207
04/01/2016,31.0,29.825000019073485,33.0802894138,26.5697106243
04/04/2016,31.0,29.801900005340578,33.0405307867,26.5632692239
04/05/2016,30.639999389648438,29.77140001296997,32.9841387284,26.5586612975
04/06/2016,30.670000076293945,29.743400020599367,32.9361832179,26.5506168233
04/07/2016,30.350000381469727,29.716300010681152,32.8895424123,26.5430576091
04/08/2016,30.360000610351562,29.690600032806397,32.8481601341,26.5330399315
04/11/2016,29.940000534057617,29.661500034332274,32.7992856995,26.5237143691
04/12/2016,28.790000915527344,29.629200057983397,32.7472660653,26.5111340507
04/13/2016,29.790000915527344,29.58310005187988,32.6790754281,26.4871246756
04/14/2016,29.43000030517578,29.546900062561036,32.6189888553,26.4748112699
04/15/2016,29.639999389648438,29.50080005645752,32.5395270008,26.4620731121
04/18/2016,30.270000457763672,29.45300006866455,32.4512971299,26.4547030074
04/19/2016,30.020000457763672,29.408200073242188,32.3601267393,26.4562734072
04/20/2016,30.790000915527344,29.358000068664552,32.2559169396,26.4600831977
04/21/2016,30.780000686645508,29.308400077819826,32.138133575,26.4786665807
04/22/2016,31.139999389648438,29.24860010147095,31.9817683267,26.5154318763
04/25/2016,31.290000915527344,29.193100109100342,31.8292256924,26.5569745258
04/26/2016,30.950000762939453,29.14580011367798,31.7001738231,26.5914264043
04/27/2016,33.349998474121094,29.09430013656616,31.558263499,26.6303367742
04/28/2016,32.33000183105469,29.068800106048585,31.4747093248,26.6628908873
04/29/2016,32.5099983215332,29.045100116729735,31.4066859479,26.6835142855
05/02/2016,32.86000061035156,29.018000087738038,31.3234532722,26.7125469033
05/03/2016,32.150001525878906,29.001700077056885,31.2739303386,26.7294698155
05/04/2016,32.15999984741211,28.97800008773804,31.2044479989,26.7515521766
05/05/2016,32.060001373291016,28.972500095367433,31.1903849235,26.7546152672
05/06/2016,31.989999771118164,28.975100116729735,31.1964477884,26.7537524451
05/09/2016,32.060001373291016,28.989600105285646,31.2257982814,26.7534019292
05/10/2016,32.77000045776367,29.006000118255614,31.2585823079,26.7534179286
05/11/2016,32.47999954223633,29.027800121307372,31.3060094412,26.7495908014
05/12/2016,32.220001220703125,29.033100109100342,31.3187059058,26.7474943124
05/13/2016,32.33000183105469,29.041100120544435,31.3364258774,26.7457743637
05/16/2016,32.619998931884766,29.052200145721436,31.360682298,26.7437179935
05/17/2016,32.72999954223633,29.061800136566163,31.3830677593,26.7405325138
05/18/2016,32.81999969482422,29.07370012283325,31.4106391132,26.7367611325
05/19/2016,33.31999969482422,29.08300012588501,31.4329425813,26.7330576705
05/20/2016,33.709999084472656,29.098500118255615,31.4711170784,26.7258831581
05/23/2016,33.66999816894531,29.11770009994507,31.5196076881,26.7157925118
05/24/2016,34.16999816894531,29.136600074768065,31.5666532812,26.7065468684
05/25/2016,34.33000183105469,29.163800048828126,31.6344783937,26.693121704
05/26/2016,34.560001373291016,29.195400066375733,31.7113295061,26.6794706267
05/27/2016,33.970001220703125,29.23870008468628,31.8087412449,26.6686589245
05/31/2016,34.209999084472656,29.28000009536743,31.8922103398,26.667789851
06/01/2016,34.5099983215332,29.32710008621216,31.9849166436,26.6692835289
06/02/2016,34.66999816894531,29.38050006866455,32.0878077408,26.6731923966
06/03/2016,34.599998474121094,29.44110004425049,32.1978542375,26.684345851
06/06/2016,34.599998474121094,29.503600025177,32.3053895925,26.7018104579
06/07/2016,34.470001220703125,29.56230001449585,32.4084074062,26.7161926228
06/08/2016,34.779998779296875,29.623100032806395,32.5081898177,26.7380102479
06/09/2016,34.459999084472656,29.67800001144409,32.6081118789,26.747888144
06/10/2016,33.70000076293945,29.739799995422363,32.7047396993,26.7748602915
06/13/2016,33.95000076293945,29.812200012207033,32.7845537338,26.8398462906
06/14/2016,33.75,29.891800022125246,32.8673121274,26.9162879169
06/15/2016,34.060001373291016,29.96200002670288,32.9448898161,26.9791102373
06/16/2016,33.369998931884766,30.02510004043579,33.0272087316,27.0229913493
06/17/2016,33.34000015258789,30.08670003890991,33.093608349,27.0797917288
06/20/2016,33.540000915527344,30.15140003204346,33.1580060214,27.1447940427
06/21/2016,33.7599983215332,30.22850004196167,33.2221293334,27.2348707506
06/22/2016,33.33000183105469,30.302500019073488,33.2910451936,27.3139548446
06/23/2016,34.31999969482422,30.354400043487548,33.3499971843,27.3588029027
06/24/2016,31.90999984741211,30.413700046539308,33.4284565618,27.3989435313
06/27/2016,29.969999313354492,30.462200050354003,33.4615867629,27.4628133379
06/28/2016,30.1299991607666,30.498000049591063,33.4698064774,27.5261936217
06/29/2016,31.100000381469727,30.532100048065185,33.4798266272,27.5843734689
06/30/2016,31.59000015258789,30.592000045776366,33.4893673785,27.6946327131
07/01/2016,31.68000030517578,30.66560005187988,33.4930600494,27.8381400543
07/05/2016,31.56999969482422,30.744000053405763,33.4885920844,27.9994080224
07/06/2016,31.68000030517578,30.820600051879882,33.4789275378,28.1622725659
07/07/2016,32.099998474121094,30.89910005569458,33.4641036733,28.3340964381
07/08/2016,33.459999084472656,30.979000034332277,33.4541490014,28.5038510673
07/11/2016,33.61000061035156,31.059400024414064,33.4827091273,28.6360909215
07/12/2016,33.869998931884766,31.13370002746582,33.5198845834,28.7475154715
07/13/2016,33.81999969482422,31.216500015258788,33.5520017025,28.880998328
07/14/2016,33.9900016784668,31.293800010681153,33.5858656597,29.0017343617
07/15/2016,34.119998931884766,31.368000030517578,33.6257890898,29.1102109712
07/18/2016,34.130001068115234,31.44370002746582,33.6652950873,29.2221049676
07/19/2016,33.88999938964844,31.512000045776368,33.7100171721,29.3139829194
07/20/2016,34.91999816894531,31.57030004501343,33.7532489969,29.3873510931
07/21/2016,34.709999084472656,31.638400020599367,33.8185597793,29.4582402619
07/22/2016,35.7599983215332,31.701500015258787,33.8783302338,29.5246697967
07/25/2016,36.56999969482422,31.762999992370606,33.9665829703,29.5594170144
07/26/2016,36.4900016784668,31.83519998550415,34.0764969074,29.5939030636
07/27/2016,36.650001525878906,31.91239999771118,34.1795941572,29.6452058383
07/28/2016,37.16999816894531,31.993800010681152,34.2833914229,29.7042085984
07/29/2016,34.689998626708984,32.081299991607665,34.3996576867,29.7629422965
08/01/2016,34.849998474121094,32.15629997253418,34.4362040028,29.8763959423
08/02/2016,34.0099983215332,32.22809995651245,34.478455128,29.977744785
08/03/2016,34.16999816894531,32.293199939727785,34.4995686116,30.0868312679
08/04/2016,33.810001373291016,32.3496999168396,34.5309206396,30.1684791941
08/05/2016,33.459999084472656,32.40769992828369,34.5495110099,30.2658888466
08/08/2016,33.36000061035156,32.46629991531372,34.5552839595,30.3773158711
08/09/2016,33.189998626708984,32.516999912261966,34.5651347035,30.468865121
08/10/2016,32.91999816894531,32.558999900817874,34.5772229056,30.5407768961
08/11/2016,32.849998474121094,32.60119987487793,34.5820652699,30.6203344799
08/12/2016,32.630001068115234,32.63309986114502,34.5919062669,30.6742934554
08/15/2016,32.900001525878906,32.669799880981444,34.5935095906,30.7460901714
08/16/2016,34.86000061035156,32.714499893188474,34.5905147863,30.8384850001
08/17/2016,34.459999084472656,32.777799892425534,34.6180054208,30.9375943641
08/18/2016,35.06999969482422,32.83599988937378,34.6360146554,31.0359851233
08/19/2016,34.900001525878906,32.89589988708496,34.6693985034,31.1224012707
08/22/2016,34.93000030517578,32.95089990615845,34.7002493244,31.2015504879
08/23/2016,35.77000045776367,32.99389991760254,34.738513619,31.2492862162
08/24/2016,35.40999984741211,33.041599922180175,34.7962259935,31.2869738509
08/25/2016,35.58000183105469,33.0856999206543,34.8438750313,31.32752481
08/26/2016,35.70000076293945,33.13509994506836,34.8932638358,31.3769360543
08/29/2016,35.66999816894531,33.18539995193481,34.9442717962,31.4265281077
08/30/2016,36.349998474121094,33.23859992980957,34.991351282,31.4858485776
08/31/2016,36.13999938964844,33.29849990844727,35.054203176,31.5427966409
09/01/2016,36.63999938964844,33.36049989700317,35.1059499758,31.6150498182
09/02/2016,36.83000183105469,33.43899988174439,35.1533774043,31.7246223592
09/06/2016,36.790000915527344,33.50939989089966,35.217021376,31.8017784058
09/07/2016,37.0,33.58299989700318,35.2717161539,31.8942836401
09/08/2016,36.38999938964844,33.65659990310669,35.3321989012,31.981000905
09/09/2016,35.7599983215332,33.71779989242554,35.3803012408,32.055298544
09/12/2016,35.91999816894531,33.77519987106323,35.4078616589,32.1425380832
09/13/2016,35.439998626708984,33.82649984359741,35.4450919156,32.2079077716
09/14/2016,35.310001373291016,33.87309982299805,35.4702507081,32.2759489379
09/15/2016,35.66999816894531,33.91479984283447,35.4943885674,32.3352111182
09/16/2016,35.52000045776367,33.95859981536865,35.5254736516,32.3917259791
09/19/2016,35.7599983215332,34.004299812316894,35.5492490562,32.4593505684
09/20/2016,35.41999816894531,34.028399810791015,35.581728825,32.4750707966
09/21/2016,35.95000076293945,34.05929977416992,35.6092662646,32.5093332837
09/22/2016,36.38999938964844,34.093699798583984,35.6470693336,32.5403302636
09/23/2016,36.33000183105469,34.12899978637695,35.693998382,32.5640011907
09/26/2016,36.130001068115234,34.17079978942871,35.7382030952,32.6033964836
09/27/2016,36.09000015258789,34.21049980163574,35.7767464503,32.644253153
09/28/2016,36.29999923706055,34.25079978942871,35.8130364092,32.6885631696
09/29/2016,35.93000030517578,34.29389978408813,35.8526190222,32.735180546
09/30/2016,36.93000030517578,34.33259977340698,35.8833973753,32.7818021715
10/03/2016,36.939998626708984,34.3741997718811,35.9382619098,32.810137634
10/04/2016,36.810001373291016,34.41879976272583,35.9917760831,32.8458234423
10/05/2016,36.599998474121094,34.46469976425171,36.0398121398,32.8895873887
10/06/2016,35.689998626708984,34.50739973068237,36.0819413661,32.9328580953
10/07/2016,34.9900016784668,34.538099727630616,36.1054546509,32.9707448044
10/10/2016,34.9900016784668,34.56069974899292,36.1180823563,33.0033171417
10/11/2016,34.09000015258789,34.58239976882935,36.1304670572,33.0343324805
10/12/2016,30.65999984741211,34.59009977340698,36.1337775486,33.0464219982
10/13/2016,31.190000534057617,34.559599781036376,36.149795337,32.9694042251
10/14/2016,31.010000228881836,34.5347998046875,36.1576784039,32.9119212055
10/17/2016,30.959999084472656,34.50319982528686,36.1632141949,32.8431854557
10/18/2016,30.989999771118164,34.469499797821044,36.1664838151,32.7725157805
10/19/2016,31.110000610351562,34.433799781799316,36.1656968812,32.7019026824
10/20/2016,31.329999923706055,34.4051997756958,36.1678610933,32.6425384581
10/21/2016,31.799999237060547,34.376399784088136,36.165347237,32.5874523311
10/24/2016,31.239999771118164,34.34929979324341,36.1564518322,32.5421477543
10/25/2016,30.670000076293945,34.31499980926514,36.1481040057,32.4818956129
10/26/2016,30.18000030517578,34.275699825286864,36.1440612717,32.4073383789
10/27/2016,29.90999984741211,34.23149984359741,36.1434404037,32.3195592835
10/28/2016,31.780000686645508,34.1858998298645,36.1453952081,32.2264044517
10/31/2016,32.060001373291016,34.15589984893799,36.1289878119,32.182811886
11/01/2016,31.760000228881836,34.13189987182617,36.115710158,32.1480895857
11/02/2016,31.100000381469727,34.11249986648559,36.1098782988,32.1151214341
11/03/2016,30.799999237060547,34.0839998626709,36.1037017772,32.0642979481
11/04/2016,30.8799991607666,34.054499855041506,36.100240947,32.0087587631
11/07/2016,31.450000762939453,34.02269983291626,36.0926804168,31.952719249
11/08/2016,31.329999923706055,34.003499851226806,36.0882968674,31.918702835
11/09/2016,31.75,33.983399848937985,36.0841255066,31.8826741913
11/10/2016,31.389999389648438,33.965499839782716,36.0775231827,31.8534764968
11/11/2016,31.860000610351562,33.941799850463866,36.0692374239,31.8143622771
11/14/2016,31.639999389648438,33.92709983825684,36.0637725907,31.7904270858
11/15/2016,32.15999984741211,33.900299835205075,36.0486519461,31.7519477243
11/16/2016,32.540000915527344,33.90279983520508,36.0489787752,31.7566208952
11/17/2016,31.639999389648438,33.9284998512268,36.0425780336,31.8144216689
11/18/2016,30.959999084472656,33.94359985351562,36.0357721265,31.8514275806
11/21/2016,30.670000076293945,33.942199840545655,36.0363204234,31.8480792577
11/22/2016,31.149999618530273,33.93299983978272,36.0394188045,31.8265808751
11/23/2016,30.84000015258789,33.92769983291626,36.040438245,31.8149614208
11/25/2016,30.56999969482422,33.920399837493896,36.0425123939,31.7982872811
11/28/2016,30.239999771118164,33.90929983139038,36.0459552557,31.7726444071
11/29/2016,30.239999771118164,33.89069984436035,36.0509897226,31.7304099661
11/30/2016,30.100000381469727,33.85849985122681,36.048759333,31.6682403695
12/01/2016,29.049999237060547,33.82339984893799,36.0452572366,31.6015424613
12/02/2016,29.56999969482422,33.77519985198975,36.0472383267,31.5031613773
12/05/2016,30.219999313354492,33.73269985198974,36.0429313542,31.4224683497
12/06/2016,29.93000030517578,33.694999828338624,36.0313381837,31.358661473
12/07/2016,30.760000228881836,33.65309984207153,36.0188274835,31.2873722006
12/08/2016,30.559999465942383,33.619399833679196,36.0020365011,31.2367631663
12/09/2016,30.690000534057617,33.58609983444214,35.9879149114,31.1842847575
12/12/2016,29.969999313354492,33.54379985809326,35.9589618485,31.1286378677
12/13/2016,30.549999237060547,33.49639986038208,35.9346125207,31.0581872001
12/14/2016,29.719999313354492,33.44429986953735,35.8892417,30.9993580391
12/15/2016,29.959999084472656,33.375799865722655,35.8281563765,30.9234433549
12/16/2016,29.770000457763672,33.310499839782715,35.7660003556,30.854999324
12/19/2016,29.790000915527344,33.24169982910156,35.6990516528,30.7843480054
12/20/2016,29.68000030517578,33.16789985656738,35.6169728495,30.7188268636
12/21/2016,29.549999237060547,33.11779987335205,35.5863895725,30.6492101742
12/22/2016,28.610000610351562,33.06479988098145,35.5524519863,30.5771477756
12/23/2016,29.170000076293945,33.01079990386963,35.535679181,30.4859206267
12/27/2016,30.079999923706055,32.96079992294312,35.5116028148,30.4099970311
12/28/2016,30.350000381469727,32.92349990844727,35.4888425283,30.3581572886
12/29/2016,30.299999237060547,32.89239992141724,35.4698727598,30.314927083
12/30/2016,30.1200008392334,32.86179990768433,35.4516741867,30.2719256287
01/03/2017,30.1200008392334,32.83109992980957,35.4350591786,30.227140681
01/04/2017,30.420000076293945,32.803099956512455,35.4209695722,30.1852303408
01/05/2017,30.829999923706055,32.77879997253418,35.4073776281,30.150222317
01/06/2017,31.010000228881836,32.760799961090086,35.3964883524,30.1251115698
01/09/2017,31.309999465942383,32.741899948120114,35.3832926323,30.100507264
01/10/2017,31.959999084472656,32.70639993667603,35.3429383769,30.0698614964
01/11/2017,32.119998931884766,32.68139993667602,35.3130401076,30.0497597657
01/12/2017,31.850000381469727,32.65189992904663,35.2731128853,30.0306869728
01/13/2017,32.290000915527344,32.62139991760254,35.2340074144,30.0087924208
01/17/2017,31.700000762939453,32.594999923706055,35.1974646916,29.9925351559
01/18/2017,31.850000381469727,32.554299926757814,35.1385542349,29.9700456186
01/19/2017,32.349998474121094,32.518699932098386,35.0878463132,29.949553551
01/20/2017,32.31999969482422,32.48639989852905,35.0370936756,29.9357061215
01/23/2017,32.189998626708984,32.4525998878479,34.9827976842,29.9224020915
01/24/2017,32.65999984741211,32.417799892425535,34.9273542206,29.9082455642
01/25/2017,32.810001373291016,32.38089990615845,34.859299807,29.9025000053
01/26/2017,32.56999969482422,32.34759992599487,34.797475468,29.897724384
01/27/2017,32.779998779296875,32.30689992904663,34.7186381749,29.8951616832
01/30/2017,32.810001373291016,32.26639989852905,34.6354703557,29.8973294413
01/31/2017,33.2599983215332,32.22659990310669,34.552376366,29.9008234402
02/01/2017,33.099998474121094,32.18919988632202,34.4675025511,29.9108972216
02/02/2017,33.18000030517578,32.156299877166745,34.3971499386,29.9154498158
02/03/2017,37.720001220703125,32.130499897003176,34.3444006535,29.9165991405
02/06/2017,37.83000183105469,32.14849992752075,34.4001337427,29.8968661124
02/07/2017,37.7599983215332,32.17239995956421,34.4710383887,29.8737615304
02/08/2017,37.41999816894531,32.19689992904663,34.5414479681,29.85235189
02/09/2017,37.9900016784668,32.21439992904663,34.5911167182,29.8376831399
02/10/2017,37.68000030517578,32.23909994125366,34.6624196504,29.8157802322
02/13/2017,37.79999923706055,32.25829996109009,34.7167906536,29.7998092685
02/14/2017,37.77000045776367,32.28209997177124,34.7822501669,29.7819497767
02/15/2017,37.95000076293945,32.300299968719486,34.8334907064,29.7671092311
02/16/2017,37.2400016784668,32.31589998245239,34.8788566208,29.7529433441
02/17/2017,37.459999084472656,32.32499998092651,34.9037596748,29.7462402871
02/21/2017,37.380001068115234,32.33829996109009,34.9399775919,29.7366223303
02/22/2017,37.2400016784668,32.35119997024536,34.9745556536,29.7278442869
02/23/2017,37.22999954223633,32.360599994659424,34.9997249151,29.7214750742
02/24/2017,37.150001525878906,32.373599987030026,35.0333961597,29.7138038144
02/27/2017,37.439998626708984,32.37579999923706,35.0394522134,29.7121477851
02/28/2017,37.349998474121094,32.38079999923706,35.0534690966,29.7081309019
03/01/2017,37.310001373291016,32.386199970245364,35.0683412848,29.7040586557
03/02/2017,36.7400016784668,32.39329999923706,35.0874991094,29.6991008891
03/03/2017,36.279998779296875,32.40380002975464,35.1128320581,29.6947680014
03/06/2017,36.34000015258789,32.41670000076294,35.1410444906,29.6923555109
03/07/2017,36.43000030517578,32.43019998550415,35.170560304,29.689839667
03/08/2017,37.2400016784668,32.45359998703003,35.2179193925,29.6892805816
03/09/2017,36.66999816894531,32.51940000534058,35.3183388274,29.7204611833
03/10/2017,36.959999084472656,32.57419998168945,35.400090481,29.7483094824
03/13/2017,36.93000030517578,32.63369997024536,35.4885208043,29.7788791362
03/14/2017,36.65999984741211,32.69339998245239,35.574893887,29.8119060779
03/15/2017,36.869998931884766,32.750099983215335,35.6532216917,29.8469782748
03/16/2017,37.290000915527344,32.80769996643066,35.73475212,29.8806478128
03/17/2017,37.130001068115234,32.867299976348875,35.8241828608,29.9104170919
03/20/2017,36.97999954223633,32.920599994659426,35.9056678997,29.9355320896
03/21/2017,36.11000061035156,32.977999992370606,35.9853042194,29.9706957653
03/22/2017,36.4900016784668,33.03239999771118,36.0466569536,30.0181430419
03/23/2017,36.380001068115234,33.095500011444095,36.1154257784,30.0755742445
03/24/2017,36.29999923706055,33.16020002365112,36.1804932057,30.1399068416
03/27/2017,36.34000015258789,33.20540000915528,36.2384944283,30.17230559
03/28/2017,36.560001373291016,33.248199996948244,36.2949963008,30.2014036931
03/29/2017,38.310001373291016,33.29620000839233,36.3569509969,30.2354490199
03/30/2017,37.849998474121094,33.36830001831055,36.4612189173,30.2753811193
03/31/2017,38.349998474121094,33.43880001068115,36.5526515788,30.3249484426
04/03/2017,38.2599983215332,33.5135000038147,36.6545532642,30.3724467434
04/04/2017,37.650001525878906,33.581599979400636,36.7508727903,30.4123271685
04/05/2017,37.439998626708984,33.64479999542236,36.8315095509,30.4580904399
04/06/2017,37.22999954223633,33.70169998168945,36.9048254614,30.498574502
04/07/2017,37.41999816894531,33.76009998321533,36.9737663723,30.5464335941
04/10/2017,37.220001220703125,33.81569995880127,37.0440749485,30.5873249691
04/11/2017,37.619998931884766,33.87149997711182,37.1099945924,30.6330053618
04/12/2017,37.470001220703125,33.926099967956546,37.1812629948,30.6709369411
04/13/2017,37.31999969482422,33.9753999710083,37.2464908435,30.7043090985
04/17/2017,38.06999969482422,34.032199974060056,37.3115492647,30.7528506834
04/18/2017,38.52000045776367,34.10329998016358,37.3923318502,30.8142681101
04/19/2017,38.43000030517578,34.18179998397827,37.481612909,30.8819870589
04/20/2017,38.5099983215332,34.254599990844724,37.5670038648,30.9421961169
04/21/2017,39.529998779296875,34.33129997253418,37.6525385617,31.0100613834
04/24/2017,39.90999984741211,34.42089996337891,37.7602694402,31.0815304865
04/25/2017,40.27000045776367,34.517599964141844,37.8744646507,31.1607352776
04/26/2017,39.900001525878906,34.6178999710083,37.9952366307,31.2405633113
04/27/2017,40.41999816894531,34.71589998245239,38.1028884253,31.3289115396
04/28/2017,39.0,34.82959997177124,38.2153208807,31.4438790629
05/01/2017,39.150001525878906,34.923899974823,38.2930989888,31.5547009609
05/02/2017,39.380001068115234,35.013199996948245,38.3748751791,31.6515248148
05/03/2017,39.220001220703125,35.10770000457764,38.4579582191,31.75744179
05/04/2017,39.439998626708984,35.19230001449585,38.5385155219,31.8460845071
05/05/2017,40.08000183105469,35.281100006103514,38.6210281692,31.941171843
05/08/2017,39.779998779296875,35.37500001907349,38.7165289455,32.0334710927
05/09/2017,39.060001373291016,35.47310001373291,38.7984709361,32.1477290914
05/10/2017,39.25,35.55820003509521,38.8653346194,32.2510654508
05/11/2017,39.029998779296875,35.65350004196167,38.9281763711,32.3788237128
05/12/2017,39.119998931884766,35.74420003890991,38.9853613241,32.5030387537
05/15/2017,40.45000076293945,35.837700023651124,39.0397983677,32.6356016796
05/16/2017,40.970001220703125,35.94430002212525,39.1206275842,32.7679724601
05/17/2017,39.54999923706055,36.057200031280516,39.2094171217,32.9049829408
05/18/2017,39.66999816894531,36.15720003128052,39.2596236688,33.0547763938
05/19/2017,40.040000915527344,36.26780000686645,39.2954385897,33.240161424
05/22/2017,40.4900016784668,36.37650001525879,39.3418477276,33.4111523029
05/23/2017,40.06999969482422,36.48060003280639,39.4055273937,33.5556726719
05/24/2017,39.79999923706055,36.57780002593994,39.4585547198,33.697045332
05/25/2017,39.650001525878906,36.67280002593994,39.5011282347,33.8444718172
05/26/2017,39.4900016784668,36.768100032806394,39.5338917605,34.0023083051
05/30/2017,39.150001525878906,36.861800041198734,39.5586388288,34.1649612536
05/31/2017,39.34000015258789,36.94910005569458,39.5764007515,34.3217993599
06/01/2017,39.209999084472656,37.0342000579834,39.5989996807,34.4694004353
06/02/2017,39.04999923706055,37.116200046539305,39.6173806247,34.6150194684
06/05/2017,39.369998931884766,37.19360004425049,39.6329011052,34.7542989833
06/06/2017,39.09000015258789,37.26770004272461,39.6589675283,34.8764325572
06/07/2017,39.20000076293945,37.33740005493164,39.6786650133,34.9961350965
06/08/2017,39.52000045776367,37.410900058746336,39.6933760427,35.1284240748
06/09/2017,37.31999969482422,37.4832000541687,39.7162957289,35.2501043795
06/12/2017,37.43000030517578,37.53940004348755,39.6956398856,35.3831602014
06/13/2017,37.939998626708984,37.595200042724606,39.6743064889,35.5160935965
06/14/2017,37.849998474121094,37.65110004425049,39.6624742686,35.6397258199
06/15/2017,37.63999938964844,37.706400032043454,39.6451515576,35.7676485064
06/16/2017,37.83000183105469,37.760900039672855,39.6187279308,35.9030721486
06/19/2017,38.0,37.81260005950928,39.5982953033,36.0269048157
06/20/2017,37.470001220703125,37.86450004577637,39.578006727,36.1509933646
06/21/2017,37.72999954223633,37.91350006103516,39.5428996739,36.2841004481
06/22/2017,37.790000915527344,37.96300006866455,39.5087365333,36.417263604
06/23/2017,38.290000915527344,38.01280006408692,39.4693667499,36.5562333783
06/26/2017,37.83000183105469,38.06310009002686,39.4393026829,36.6868974972
06/27/2017,37.20000076293945,38.11040012359619,39.3933326451,36.827467602
06/28/2017,37.72999954223633,38.15060012817383,39.3378236374,36.963376619
06/29/2017,37.7400016784668,38.15070011138916,39.3378877735,36.9635124493
06/30/2017,37.439998626708984,38.14980010986328,39.3372646328,36.9623355869
07/03/2017,37.130001068115234,38.14660011291504,39.3355410199,36.9576592059
07/05/2017,38.630001068115234,38.14370014190674,39.3347615605,36.9526387233
07/06/2017,37.97999954223633,38.15010013580322,39.3420376328,36.9581626388
07/07/2017,38.4900016784668,38.153100128173826,39.3442279132,36.9619723431
07/10/2017,38.5,38.16000015258789,39.3510610302,36.968939275
07/11/2017,38.880001068115234,38.167300148010256,39.3581854177,36.9764148783
07/12/2017,39.5,38.17660015106201,39.3693819716,36.9838183306
07/13/2017,40.06999969482422,38.19920013427734,39.3954272936,37.002972975
07/14/2017,40.119998931884766,38.22530014038086,39.433527327,37.0170729538
07/17/2017,40.22999954223633,38.252700119018556,39.4724606305,37.0329396075
07/18/2017,40.470001220703125,38.28260009765625,39.5137634684,37.0514367269
07/19/2017,41.099998474121094,38.31500011444092,39.5605847329,37.0694154959
07/20/2017,40.709999084472656,38.35450008392334,39.6248979491,37.0841022188
07/21/2017,40.369998931884766,38.387200088500975,39.6755952421,37.0988049349
07/24/2017,40.54999923706055,38.41740009307861,39.7164794102,37.118320776
07/25/2017,40.709999084472656,38.44980007171631,39.7612015302,37.1383986132
07/26/2017,40.58000183105469,38.48950004577637,39.8086090586,37.1703910329
07/27/2017,38.41999816894531,38.53250007629394,39.8489660287,37.2160341239
07/28/2017,37.470001220703125,38.553300056457516,39.8512622948,37.2553378181
07/31/2017,36.90999984741211,38.56370006561279,39.8487094653,37.2786906659
08/01/2017,36.79999923706055,38.560400047302245,39.8492226639,37.2715774307
08/02/2017,36.369998931884766,38.5617000579834,39.8486794536,37.2747206624
08/03/2017,36.400001525878906,38.55580005645752,39.8514320385,37.2601680744
08/04/2017,36.84000015258789,38.55050006866455,39.8538329378,37.2471671996
08/07/2017,36.83000183105469,38.55230007171631,39.8531426896,37.2514574539
08/08/2017,36.52000045776367,38.55190010070801,39.8532659591,37.2505342423
08/09/2017,36.70000076293945,38.54420009613037,39.8552516106,37.2331485817
08/10/2017,36.11000061035156,38.539900093078614,39.8562772071,37.223522979
08/11/2017,36.47999954223633,38.531200103759765,39.8606677544,37.2017324531
08/14/2017,37.04999923706055,38.53490009307861,39.858124455,37.2116757312
08/15/2017,36.810001373291016,38.54050006866455,39.8562221375,37.2247779998
08/16/2017,37.189998626708984,38.54480007171631,39.8541414216,37.2354587219
08/17/2017,36.52000045776367,38.553700065612794,39.8507193878,37.2566807434
08/18/2017,36.650001525878906,38.55550006866455,39.8495675128,37.2614326245
08/21/2017,36.93000030517578,38.55640007019043,39.8491099513,37.2636901891
08/22/2017,37.52000045776367,38.542600059509276,39.8451947912,37.2400053278
08/23/2017,37.099998474121094,38.5393000793457,39.8440614656,37.2345386931
08/24/2017,37.22999954223633,38.526800079345705,39.8392800088,37.2143201499
08/25/2017,37.18000030517578,38.516500091552736,39.8350608827,37.1979393004
08/28/2017,37.2599983215332,38.511800079345704,39.8342729861,37.1893271726
08/29/2017,37.36000061035156,38.51000007629395,39.8340521304,37.1859480222
08/30/2017,37.84000015258789,38.5113000869751,39.8341580257,37.1884421483
08/31/2017,38.20000076293945,38.51550010681152,39.835550304,37.1954499096
09/01/2017,38.29999923706055,38.525300102233885,39.8393201583,37.2112800461
09/05/2017,36.7400016784668,38.53210010528564,39.8431738525,37.2210263581
09/06/2017,37.400001525878906,38.52480010986328,39.8437757381,37.2058244816
09/07/2017,37.349998474121094,38.52560012817383,39.8438688208,37.2073314355
09/08/2017,37.560001373291016,38.5184001159668,39.8410962945,37.1957039374
09/11/2017,38.2400016784668,38.50880012512207,39.8349291825,37.1826710677
09/12/2017,38.47999954223633,38.50690013885498,39.8332768195,37.1805234583
09/13/2017,37.939998626708984,38.50660015106201,39.8329794894,37.1802208127
09/14/2017,38.04999923706055,38.49070014953613,39.814243222,37.1671570771
09/15/2017,38.65999984741211,38.47210014343262,39.788617656,37.1555826308
09/18/2017,38.59000015258789,38.4560001373291,39.7602193514,37.1517809233
09/19/2017,38.540000915527344,38.44290012359619,39.7391039301,37.1466963171
09/20/2017,38.2400016784668,38.424100151062014,39.7050357419,37.1431645603
09/21/2017,38.31999969482422,38.41650016784668,39.696250356,37.1367499797
09/22/2017,38.34000015258789,38.408200149536135,39.6858560245,37.1305442746
09/25/2017,37.54999923706055,38.39780014038086,39.6717306396,37.1238696412
09/26/2017,37.459999084472656,38.38110012054443,39.6550889524,37.1071112887
09/27/2017,37.70000076293945,38.36130012512207,39.6340636988,37.0885365514
09/28/2017,35.90999984741211,38.33750011444092,39.6001142626,37.0748859663
09/29/2017,35.84000015258789,38.29880012512207,39.5758343257,37.0217659246
10/02/2017,36.349998474121094,38.266600112915036,39.5644607403,36.9687394855
10/03/2017,36.72999954223633,38.23760009765625,39.5455236705,36.9296765248
10/04/2017,36.869998931884766,38.21460010528565,39.5285958094,36.9006044012
10/05/2017,38.290000915527344,38.19210010528565,39.5096586479,36.8745415627
10/06/2017,39.029998779296875,38.170500106811524,39.4684248524,36.8725753613
10/09/2017,38.77000045776367,38.15110008239746,39.421236925,36.8809632398
10/10/2017,38.45000076293945,38.14330009460449,39.4072019687,36.8793982205
10/11/2017,38.68000030517578,38.13110012054443,39.3860629451,36.876137296
10/12/2017,38.5099983215332,38.117500114440915,39.358999459,36.8760007699
10/13/2017,39.08000183105469,38.09770008087158,39.3167905176,36.8786096442
10/16/2017,38.939998626708984,38.087800102233885,39.2947934713,36.8808067332
10/17/2017,39.2599983215332,38.07920009613037,39.2769918966,36.8814082957
10/18/2017,40.290000915527344,38.07530006408692,39.2685974538,36.8820026744
10/19/2017,40.220001220703125,38.08330005645752,39.2886754554,36.8779246575
10/20/2017,40.31999969482422,38.094000053405765,39.3134637719,36.8745363349
10/23/2017,40.16999816894531,38.10380004882813,39.3370969727,36.8705031249
10/24/2017,40.0,38.113400039672854,39.3589457539,36.8678543254
10/25/2017,39.70000076293945,38.122900047302245,39.3791302371,36.8666698575
10/26/2017,40.099998474121094,38.12620006561279,39.3861299486,36.8662701827
10/27/2017,38.7400016784668,38.136300048828126,39.4079096571,36.8646904406
10/30/2017,39.5,38.1317000579834,39.4002818647,36.8631182512
10/31/2017,39.40999984741211,38.13150005340576,39.399864523,36.8631355838
11/01/2017,38.77000045776367,38.15240005493164,39.4244346089,36.8803655009
11/02/2017,38.61000061035156,38.16580005645752,39.437211884,36.894388229
11/03/2017,39.0099983215332,38.17250007629394,39.4444695819,36.9005305706
11/06/2017,39.25,38.18410007476807,39.4583629298,36.9098372198
11/07/2017,39.09000015258789,38.20020008087158,39.4776536355,36.9227465262
11/08/2017,39.90999984741211,38.21280006408691,39.4927515472,36.932848581
11/09/2017,39.4900016784668,38.23190006256104,39.5227381707,36.9410619544
11/10/2017,39.939998626708984,38.25210006713867,39.5466572422,36.9575428921
11/13/2017,40.349998474121094,38.2742000579834,39.5784830012,36.9699171148
11/14/2017,40.02000045776367,38.29980003356933,39.6193619077,36.9802381594
11/15/2017,39.900001525878906,38.317100028991696,39.6477142423,36.9864858157
11/16/2017,40.2599983215332,38.33780002593994,39.6767506672,36.9988493847
11/17/2017,40.310001373291016,38.36840000152588,39.7159366624,37.0208633407
11/20/2017,40.77000045776367,38.394200019836425,39.75391029,37.0344897496
11/21/2017,41.31999969482422,38.4245000076294,39.8029260855,37.0460739298
11/22/2017,41.77000045776367,38.46330001831055,39.8678283256,37.058771711
11/24/2017,41.90999984741211,38.509700012207034,39.9457058004,37.0736942241
11/27/2017,41.83000183105469,38.5425,40.0178008001,37.0671991999
11/28/2017,42.15999984741211,38.58100002288818,40.0909479737,37.0710520721
11/29/2017,41.439998626708984,38.617700004577635,40.1690237993,37.0663762099
11/30/2017,42.060001373291016,38.64709999084473,40.2235695652,37.0706304165
12/01/2017,42.189998626708984,38.678899993896486,40.2914078569,37.0663921309
12/04/2017,41.540000915527344,38.705799980163576,40.3538273109,37.0577726495
12/05/2017,41.099998474121094,38.720499992370605,40.3870816835,37.0539183012
12/06/2017,41.290000915527344,38.73029998779297,40.4079270771,37.0526728985
12/07/2017,41.41999816894531,38.74090000152588,40.431269781,37.0505302221
12/08/2017,41.95000076293945,38.7503999710083,40.4530853505,37.0477145915
12/11/2017,42.220001220703125,38.758899993896485,40.4753595979,37.0424403899
12/12/2017,42.18000030517578,38.77400001525879,40.514037343,37.0339626875
12/13/2017,42.650001525878906,38.7921000289917,40.5578685715,37.0263314865
12/14/2017,42.709999084472656,38.813100051879886,40.6118300172,37.0143700866
12/15/2017,43.63999938964844,38.83310005187988,40.6636479069,37.0025521969
12/18/2017,44.27000045776367,38.86370002746582,40.7479811225,36.9794189324
12/19/2017,45.09000015258789,38.92220005035401,40.8811296362,36.9632704645
12/20/2017,44.869998931884766,38.99840003967285,41.0455755208,36.9512245585
12/21/2017,43.9900016784668,39.07800003051758,41.1959551467,36.9600449144
12/22/2017,43.91999816894531,39.14990005493164,41.3109065302,36.9888935796
12/26/2017,44.15999984741211,39.225400047302244,41.4195988977,37.0312011969
12/27/2017,44.060001373291016,39.30300003051758,41.5328342893,37.0731657718
12/28/2017,44.0099983215332,39.37520004272461,41.640718728,37.1096813574
12/29/2017,43.689998626708984,39.44700000762939,41.7442707557,37.1497292596
01/02/2018,44.349998474121094,39.51869998931885,41.8353072309,37.2020927477
01/03/2018,45.029998779296875,39.59519996643066,41.9435569798,37.246842953
01/04/2018,44.0,39.68439994812012,42.0678277867,37.3009721096
01/05/2018,44.099998474121094,39.759599952697755,42.1593156524,37.359884253
01/08/2018,45.0,39.83009994506836,42.2526268125,37.4075730777
01/09/2018,44.31999969482422,39.91199993133545,42.3692336458,37.4547662169
01/10/2018,44.099998474121094,39.9832999420166,42.463849386,37.502750498
01/11/2018,44.2599983215332,40.059099922180174,42.5484587838,37.5697410606
01/12/2018,44.939998626708984,40.13519989013672,42.6354743334,37.6349254469
01/16/2018,44.34000015258789,40.21529987335205,42.7397966845,37.6908030622
01/17/2018,45.09000015258789,40.28349987030029,42.826316821,37.7406829196
01/18/2018,45.709999084472656,40.36339988708496,42.9303458682,37.7964539059
01/19/2018,46.0099983215332,40.448199882507325,43.050064576,37.846335189
01/22/2018,45.849998474121094,40.5364998626709,43.1755200844,37.8974796409
01/23/2018,45.75,40.62239986419678,43.2929853753,37.9518143531
01/24/2018,45.25,40.70629985809326,43.4047212681,38.0078784481
01/25/2018,45.40999984741211,40.780399856567385,43.5007459128,38.0600538003
01/26/2018,45.86000061035156,40.85249984741211,43.5989214507,38.1060782441
01/29/2018,45.959999084472656,40.92809986114502,43.7070770662,38.1491226561
01/30/2018,45.7400016784668,41.02029983520508,43.8117173792,38.2288822912
01/31/2018,46.040000915527344,41.103699836730954,43.9102540588,38.2971456147
02/01/2018,45.869998931884766,41.19059986114502,44.0140663354,38.3671333869
02/02/2018,44.939998626708984,41.273699836730955,44.1113419262,38.4360577472
02/05/2018,43.83000183105469,41.34069980621338,44.1850112967,38.4963883157
02/06/2018,46.540000915527344,41.39419982910156,44.2345124507,38.5538872075
02/07/2018,45.5099983215332,41.480199851989745,44.3447168118,38.6156828921
02/08/2018,44.5,41.55479984283447,44.4261448672,38.6834548185
02/09/2018,46.540000915527344,41.61319984436035,44.4844635136,38.7419361751
02/12/2018,46.47999954223633,41.692699851989744,44.5891064414,38.7962932625
02/13/2018,48.119998931884766,41.772099838256835,44.6897451304,38.8544545461
02/14/2018,48.380001068115234,41.870899810791016,44.8341908311,38.9076087904
02/15/2018,49.279998779296875,41.971499824523924,44.9829062043,38.9600934448
02/16/2018,48.95000076293945,42.08089981079102,45.1564263833,39.0053732383
02/20/2018,49.060001373291016,42.194899826049806,45.3113758124,39.0784238397
02/21/2018,49.11000061035156,42.310899848937986,45.4646388854,39.1571608124
02/22/2018,49.20000076293945,42.42499984741211,45.6160380654,39.2339616295
02/23/2018,49.869998931884766,42.55789985656738,45.7515837201,39.3642159931
02/26/2018,50.31999969482422,42.69819984436035,45.9018381976,39.4945614912
02/27/2018,49.95000076293945,42.83789985656738,46.0661663152,39.6096333979
02/28/2018,50.470001220703125,42.97009986877441,46.2161717742,39.7240279634
03/01/2018,49.5099983215332,43.106099891662595,46.3785393025,39.8336604809
03/02/2018,50.459999084472656,43.218299865722656,46.515938706,39.9206610255
03/05/2018,50.650001525878906,43.332599868774416,46.6807875645,39.984412173
03/06/2018,51.849998474121094,43.451399879455565,46.846030631,40.0567691279
03/07/2018,52.470001220703125,43.585399856567385,47.0438368732,40.1269628399
03/08/2018,54.09000015258789,43.72329986572266,47.2574903179,40.1891094136
03/09/2018,54.439998626708984,43.8790998840332,47.5217813311,40.236418437
03/12/2018,54.68000030517578,44.03269985198975,47.7917619126,40.2736377913
03/13/2018,54.25,44.19009986877441,48.0605089973,40.3196907402
03/14/2018,54.540000915527344,44.33999988555908,48.305671796,40.3743279751
03/15/2018,54.18000030517578,44.48249988555908,48.5546765449,40.4103232262
03/16/2018,54.0,44.62209987640381,48.7840538385,40.4601459143
03/19/2018,53.349998474121094,44.75889987945557,49.001247813,40.5165519459
03/20/2018,53.779998779296875,44.89069988250733,49.192749895,40.58864987
03/21/2018,54.56999969482422,45.028499870300294,49.3919448818,40.6650548588
03/22/2018,53.61000061035156,45.177199859619144,49.6093566533,40.745043066
03/23/2018,52.95000076293945,45.31229988098144,49.7932711344,40.8313286276
03/26/2018,54.58000183105469,45.45439987182617,49.9499871168,40.9588126269
03/27/2018,53.33000183105469,45.60519989013672,50.1511630845,41.0592366958
03/28/2018,52.279998779296875,45.74439990997315,50.3116009493,41.1771988707
03/29/2018,53.58000183105469,45.87949989318847,50.4382049041,41.3207948823
04/02/2018,52.43000030517578,46.02919990539551,50.5925213258,41.465878485
04/03/2018,53.43000030517578,46.163399925231936,50.7156414928,41.6111583577
04/04/2018,54.310001373291016,46.30519992828369,50.8607328141,41.7496670424
04/05/2018,54.59000015258789,46.457399940490724,51.0235681825,41.8912316985
04/06/2018,54.33000183105469,46.60419994354248,51.193431857,42.0149680301
04/09/2018,54.470001220703125,46.75259994506836,51.3493149649,42.1558849253
04/10/2018,56.22999954223633,46.8978999710083,51.5066030785,42.2891968635
04/11/2018,54.83000183105469,47.056699981689455,51.7104143663,42.4029855971
04/12/2018,56.09000015258789,47.20479999542236,51.8678692394,42.5417307514
04/13/2018,55.84000015258789,47.36669998168945,52.0543294658,42.6790704976
04/16/2018,56.7599983215332,47.5225,52.230207787,42.814792213
04/17/2018,57.66999816894531,47.68699996948242,52.4271017358,42.9468982031
04/18/2018,57.4900016784668,47.85599994659424,52.6474670989,43.0645327943
04/19/2018,57.40999984741211,48.01769996643066,52.8584599766,43.1769399563
04/20/2018,57.150001525878906,48.17409996032715,53.0628944944,43.2853054262
04/23/2018,56.7400016784668,48.326499977111816,53.2550256003,43.3979743539
04/24/2018,56.06999969482422,48.475599975585936,53.430795152,43.5204047992
04/25/2018,54.79999923706055,48.61469997406006,53.5858659789,43.6435339692
04/26/2018,55.41999816894531,48.74829998016357,53.7043526798,43.7922472805
04/27/2018,54.93000030517578,48.881899948120115,53.8359277634,43.9278721328
04/30/2018,55.36000061035156,49.009299964904784,53.9534015594,44.0651983704
05/01/2018,55.7400016784668,49.14749996185303,54.0740049138,44.2209950099
05/02/2018,55.939998626708984,49.29389999389648,54.1965529552,44.3912470326
05/03/2018,56.11000061035156,49.440399971008304,54.3205255925,44.5602743495
05/04/2018,54.7400016784668,49.58729999542236,54.4448316464,44.7297683444
05/07/2018,55.689998626708984,49.71520000457764,54.5382151693,44.8921848399
05/08/2018,56.939998626708984,49.849899978637694,54.6497471985,45.0500527588
05/09/2018,59.02000045776367,49.99749996185303,54.7861499759,45.2088499478
05/10/2018,60.15999984741211,50.161199951171874,54.9756125934,45.3467873089
05/11/2018,60.380001068115234,50.33569995880127,55.1929290956,45.478470822
05/14/2018,59.54999923706055,50.50309997558594,55.4148418161,45.591358135
05/15/2018,59.290000915527344,50.65589996337891,55.6088595471,45.7029403796
05/16/2018,58.61000061035156,50.7978999710083,55.792630116,45.803169826
05/17/2018,58.290000915527344,50.935299987792966,55.953998974,45.9166010016
05/18/2018,58.52000045776367,51.07829998016357,56.1007928958,46.0558070646
05/21/2018,59.31999969482422,51.22430000305176,56.2487895585,46.1998104476
05/22/2018,58.77000045776367,51.37590000152588,56.4136448245,46.3381551786
05/23/2018,59.16999816894531,51.52299999237061,56.5597388164,46.4862611683
05/24/2018,60.63999938964844,51.674599990844726,56.7110738856,46.6381260961
05/25/2018,60.369998931884766,51.84409999847412,56.8942073552,46.7939926418
05/29/2018,59.93000030517578,52.00430000305176,57.0682129389,46.9403870672
05/30/2018,61.18000030517578,52.153300018310546,57.2290040773,47.0775959593
05/31/2018,61.18000030517578,52.3251000213623,57.4126639397,47.2375361031
06/01/2018,62.0,52.495900039672854,57.5911628996,47.4006371797
06/04/2018,62.470001220703125,52.66590003967285,57.7917363225,47.5400637568
06/05/2018,63.20000076293945,52.84740005493164,57.9957899797,47.6990101302
06/06/2018,63.290000915527344,53.03840007781982,58.2129561823,47.8638439733
06/07/2018,61.5,53.22870010375976,58.4267926964,48.0306075111
06/08/2018,62.529998779296875,53.394300117492676,58.5894768744,48.1991233606
06/11/2018,63.25,53.57620010375977,58.7696171246,48.3827830829
06/12/2018,64.11000061035156,53.75780010223389,58.9687760129,48.5468241916
06/13/2018,64.69000244140625,53.941800117492676,59.1900782615,48.6935219735
06/14/2018,65.73999786376953,54.128600158691405,59.4234687082,48.8337316092
06/15/2018,65.27999877929688,54.32750015258789,59.6809069984,48.9740933068
06/18/2018,66.16999816894531,54.52280014038086,59.9158196976,49.1297805832
06/19/2018,64.31999969482422,54.73200012207031,60.1668524022,49.2971478419
06/20/2018,65.08000183105469,54.92110012054443,60.3572900514,49.4849101897
06/21/2018,64.73999786376953,55.11330013275146,60.5654756358,49.6611246297
06/22/2018,63.93000030517578,55.30110012054443,60.7581920908,49.8440081503
06/25/2018,62.119998931884766,55.483000106811524,60.9214923902,50.0445078234
06/26/2018,62.869998931884766,55.6438000869751,61.0382543578,50.2493458162
06/27/2018,61.79999923706055,55.8138000869751,61.1652619888,50.4623381851
06/28/2018,62.45000076293945,55.98240009307861,61.2536114098,50.7111887764
06/29/2018,62.43000030517578,56.16860008239746,61.3350775147,51.0021226501
07/02/2018,63.93000030517578,56.327500076293944,61.4394656434,51.2155345092
07/03/2018,63.59000015258789,56.51170009613037,61.5620524568,51.4613477355
07/05/2018,64.33000183105469,56.70260009765625,61.6551580308,51.7500421645
07/06/2018,64.97000122070312,56.880500106811525,61.7840875709,51.9769126427
07/09/2018,64.7699966430664,57.06540012359619,61.9217030553,52.2090971918
07/10/2018,65.41000366210938,57.23190010070801,62.0640178531,52.3997823483
07/11/2018,65.66000366210938,57.40220012664795,62.2194205376,52.5849797157
07/12/2018,66.93000030517578,57.56600017547608,62.3827411564,52.7492591946
