03/31/2015,20.0,0,0,0
04/01/2015,26.149999618530273,0,0,0
04/02/2015,26.5,0,0,0
04/06/2015,25.799999237060547,0,0,0
04/07/2015,25.239999771118164,0,0,0
04/08/2015,25.149999618530273,0,0,0
04/09/2015,26.31999969482422,0,0,0
04/10/2015,25.290000915527344,0,0,0
04/13/2015,25.3700008392334,0,0,0
04/14/2015,25.799999237060547,0,0,0
04/15/2015,25.1200008392334,0,0,0
04/16/2015,24.780000686645508,0,0,0
04/17/2015,25.15999984741211,0,0,0
04/20/2015,25.139999389648438,0,0,0
04/21/2015,24.780000686645508,0,0,0
04/22/2015,24.770000457763672,0,0,0
04/23/2015,25.049999237060547,0,0,0
04/24/2015,25.6299991607666,0,0,0
04/27/2015,26.15999984741211,0,0,0
04/28/2015,25.149999618530273,0,0,0
04/29/2015,24.8799991607666,0,0,0
04/30/2015,25.06999969482422,0,0,0
05/01/2015,25.959999084472656,0,0,0
05/04/2015,25.979999542236328,0,0,0
05/05/2015,25.420000076293945,0,0,0
05/06/2015,24.540000915527344,0,0,0
05/07/2015,24.809999465942383,0,0,0
05/08/2015,24.8799991607666,0,0,0
05/11/2015,25.68000030517578,0,0,0
05/12/2015,26.770000457763672,0,0,0
05/13/2015,26.5,0,0,0
05/14/2015,26.229999542236328,0,0,0
05/15/2015,26.510000228881836,0,0,0
05/18/2015,26.229999542236328,0,0,0
05/19/2015,25.940000534057617,0,0,0
05/20/2015,26.3799991607666,0,0,0
05/21/2015,25.600000381469727,0,0,0
05/22/2015,26.100000381469727,0,0,0
05/26/2015,26.420000076293945,0,0,0
05/27/2015,26.979999542236328,0,0,0
05/28/2015,26.65999984741211,0,0,0
05/29/2015,26.93000030517578,0,0,0
06/01/2015,27.09000015258789,0,0,0
06/02/2015,27.6299991607666,0,0,0
06/03/2015,28.90999984741211,0,0,0
06/04/2015,28.920000076293945,0,0,0
06/05/2015,28.690000534057617,0,0,0
06/08/2015,29.100000381469727,0,0,0
06/09/2015,29.5,0,0,0
06/10/2015,30.15999984741211,0,0,0
06/11/2015,29.690000534057617,0,0,0
06/12/2015,29.280000686645508,0,0,0
06/15/2015,29.40999984741211,0,0,0
06/16/2015,30.459999084472656,0,0,0
06/17/2015,30.540000915527344,0,0,0
06/18/2015,31.350000381469727,0,0,0
06/19/2015,31.799999237060547,0,0,0
06/22/2015,31.360000610351562,0,0,0
06/23/2015,31.81999969482422,0,0,0
06/24/2015,31.459999084472656,0,0,0
06/25/2015,31.010000228881836,0,0,0
06/26/2015,29.540000915527344,0,0,0
06/29/2015,28.18000030517578,0,0,0
06/30/2015,28.190000534057617,0,0,0
07/01/2015,28.290000915527344,0,0,0
07/02/2015,27.139999389648438,0,0,0
07/06/2015,27.270000457763672,0,0,0
07/07/2015,26.829999923706055,0,0,0
07/08/2015,26.079999923706055,0,0,0
07/09/2015,26.610000610351562,0,0,0
07/10/2015,26.979999542236328,0,0,0
07/13/2015,26.649999618530273,0,0,0
07/14/2015,26.950000762939453,0,0,0
07/15/2015,26.43000030517578,0,0,0
07/16/2015,26.690000534057617,0,0,0
07/17/2015,26.290000915527344,0,0,0
07/20/2015,26.600000381469727,0,0,0
07/21/2015,26.649999618530273,0,0,0
07/22/2015,26.979999542236328,0,0,0
07/23/2015,26.90999984741211,0,0,0
07/24/2015,26.540000915527344,0,0,0
07/27/2015,26.040000915527344,0,0,0
07/28/2015,27.1200008392334,0,0,0
07/29/2015,27.309999465942383,0,0,0
07/30/2015,27.649999618530273,0,0,0
07/31/2015,28.440000534057617,0,0,0
08/03/2015,28.389999389648438,0,0,0
08/04/2015,28.579999923706055,0,0,0
08/05/2015,29.469999313354492,0,0,0
08/06/2015,26.219999313354492,0,0,0
08/07/2015,26.34000015258789,0,0,0
08/10/2015,26.219999313354492,0,0,0
08/11/2015,26.0,0,0,0
08/12/2015,26.329999923706055,0,0,0
08/13/2015,26.100000381469727,0,0,0
08/14/2015,26.209999084472656,0,0,0
08/17/2015,27.399999618530273,0,0,0
08/18/2015,27.219999313354492,0,0,0
08/19/2015,27.0,0,0,0
08/20/2015,26.25,0,0,0
08/21/2015,25.100000381469727,26.98099998474121,28.8886354512,25.0733645182
08/24/2015,25.399999618530273,27.03199998855591,28.8165195485,25.2474804286
08/25/2015,25.18000030517578,27.02449998855591,28.8142789736,25.2347210035
08/26/2015,25.739999771118164,27.011299991607665,28.8097452546,25.2128547286
08/27/2015,26.3700008392334,27.010699996948244,28.809559233,25.2118407609
08/28/2015,25.90999984741211,27.022000007629394,28.8132336669,25.2307663483
08/31/2015,25.079999923706055,27.029600009918212,28.8144758743,25.2447241455
09/01/2015,24.920000076293945,27.01720001220703,28.8112463244,25.2231537
09/02/2015,24.639999389648438,27.0135000038147,28.8114818693,25.2155181383
09/03/2015,24.8700008392334,27.006199989318848,28.8123034346,25.200096544
09/04/2015,24.690000534057617,26.996900005340578,28.8115645558,25.1822354548
09/08/2015,25.770000457763672,26.992600002288818,28.8122096549,25.1729903497
09/09/2015,25.459999084472656,27.0025,28.8127134728,25.1922865272
09/10/2015,24.709999084472656,27.005499992370606,28.8129038874,25.1980960974
09/11/2015,25.209999084472656,27.00119998931885,28.8135417531,25.1888582255
09/14/2015,25.209999084472656,27.00549997329712,28.8130704207,25.1979295259
09/15/2015,24.809999465942383,27.00989995956421,28.8125522322,25.2072476869
09/16/2015,24.25,27.00749996185303,28.8129176336,25.2020822901
09/17/2015,25.280000686645508,26.993699970245363,28.8148000514,25.1725998891
09/18/2015,24.8799991607666,26.984899978637696,28.8121233254,25.1576766319
09/21/2015,24.6200008392334,26.98219997406006,28.8123298466,25.1520701016
09/22/2015,24.510000228881836,26.979599990844726,28.8128964631,25.1463035186
09/23/2015,25.1200008392334,26.973999996185302,28.8139641513,25.134035841
09/24/2015,25.610000610351562,26.96560001373291,28.8120800929,25.1191199346
09/25/2015,25.719999313354492,26.961900024414064,28.8107205694,25.1130794795
09/28/2015,24.600000381469727,26.964900016784668,28.8114581736,25.1183418599
09/29/2015,23.59000015258789,26.965500011444092,28.8112797418,25.1197202811
09/30/2015,25.209999084472656,26.953300018310546,28.8172292391,25.0893707975
10/01/2015,25.290000915527344,26.956600017547608,28.817144687,25.0960553481
10/02/2015,25.670000076293945,26.952700023651122,28.816322763,25.0890772843
10/05/2015,26.040000915527344,26.941700019836425,28.8096101126,25.073789927
10/06/2015,25.760000228881836,26.9371000289917,28.8066578854,25.0675421726
10/07/2015,25.780000686645508,26.932400035858155,28.8043188955,25.0604811762
10/08/2015,26.270000457763672,26.92510004043579,28.8000728279,25.050127253
10/09/2015,27.110000610351562,26.925500049591065,28.8003287621,25.0506713371
10/12/2015,26.739999771118164,26.937200050354004,28.809491193,25.0649089077
10/13/2015,26.639999389648438,26.94080005645752,28.8123623221,25.0692377909
10/14/2015,26.940000534057617,26.951200046539306,28.8181667112,25.0842333819
10/15/2015,27.40999984741211,26.959600048065184,28.8246067002,25.0945933959
10/16/2015,27.709999084472656,26.969500045776368,28.8342436531,25.1047564384
10/19/2015,27.399999618530273,26.97680004119873,28.8429987758,25.1106013066
10/20/2015,27.149999618530273,26.98420003890991,28.8505950433,25.1178050346
10/21/2015,26.860000610351562,26.986400032043456,28.8528595122,25.1199405519
10/22/2015,27.84000015258789,26.984100036621093,28.8505721472,25.1176279261
10/23/2015,28.170000076293945,26.986200046539306,28.8535156392,25.1188844538
10/26/2015,28.239999771118164,26.978800048828123,28.8399331798,25.1176669179
10/27/2015,27.81999969482422,26.97200004577637,28.8272612034,25.1167388881
10/28/2015,27.510000228881836,26.963300037384034,28.8125144787,25.114085596
10/29/2015,27.219999313354492,26.947400035858156,28.7849732092,25.1098268625
10/30/2015,27.479999542236328,26.924600028991698,28.7444189115,25.1047811465
11/02/2015,27.59000015258789,26.89780002593994,28.6892879805,25.1063120714
11/03/2015,27.469999313354492,26.876800022125245,28.6476234646,25.1059765796
11/04/2015,27.43000030517578,26.858700008392333,28.6140498805,25.1033501363
11/05/2015,32.40999984741211,26.838900012969972,28.5764366789,25.1013633471
11/06/2015,30.540000915527344,26.858400020599365,28.6466677198,25.0701323214
11/09/2015,31.209999084472656,26.858400020599365,28.6466677198,25.0701323214
11/10/2015,32.209999084472656,26.857000007629395,28.6418021843,25.0721978309
11/11/2015,32.060001373291016,26.861100006103516,28.6576844259,25.0645155863
11/12/2015,32.93000030517578,26.86810001373291,28.6834653392,25.0527346882
11/13/2015,31.31999969482422,26.879200019836425,28.7278972102,25.0305028294
11/16/2015,31.81999969482422,26.87780002593994,28.7230775548,25.032522497
11/17/2015,31.81999969482422,26.885900020599365,28.7509700298,25.0208300114
11/18/2015,31.950000762939453,26.908700008392334,28.8194530485,24.9979469683
11/19/2015,32.290000915527344,26.94640001296997,28.91808482,24.9747152059
11/20/2015,32.689998626708984,26.98740001678467,29.0260111277,24.9487889059
11/23/2015,32.16999816894531,27.031399993896486,29.1437986025,24.9190013853
11/24/2015,31.229999542236328,27.081699981689454,29.2550917472,24.9083082161
11/25/2015,30.989999771118164,27.121299972534178,29.3334918559,24.9091080891
11/27/2015,31.610000610351562,27.1628999710083,29.4080908745,24.9177090675
11/30/2015,31.06999969482422,27.218199977874757,29.5037774582,24.9326224976
12/01/2015,31.280000686645508,27.26279996871948,29.5793793015,24.9462206359
12/02/2015,31.15999984741211,27.305799980163574,29.6563892806,24.9552106797
12/03/2015,31.559999465942383,27.350899982452393,29.731547767,24.9702521979
12/04/2015,32.68000030517578,27.396999969482422,29.8137988126,24.9802011264
12/07/2015,33.939998626708984,27.459499969482422,29.9306860086,24.9883139303
12/08/2015,33.790000915527344,27.531999950408935,30.0845577906,24.9794421102
12/09/2015,33.5,27.606999950408934,30.2311429862,24.9828569146
12/10/2015,33.900001525878906,27.67599994659424,30.3627265213,24.9892733719
12/11/2015,33.58000183105469,27.748499965667726,30.5035133276,24.9934866037
12/14/2015,32.31999969482422,27.81449998855591,30.6287318256,25.0002681515
12/15/2015,32.630001068115234,27.86859998703003,30.7167200852,25.0204798889
12/16/2015,34.2400016784668,27.929499988555907,30.8134446709,25.0455553062
12/17/2015,33.689998626708984,28.011499996185304,30.9564847462,25.0665152461
12/18/2015,34.130001068115234,28.077199974060058,31.0743860628,25.0800138853
12/21/2015,33.97999954223633,28.14539999008179,31.201369763,25.0894302172
12/22/2015,33.9900016784668,28.20869998931885,31.3188311227,25.0985688559
12/23/2015,34.0099983215332,28.26420000076294,31.4270365297,25.1013634718
12/24/2015,33.97999954223633,28.320399990081786,31.5344877609,25.1063122193
12/28/2015,33.189998626708984,28.37439998626709,31.6373864938,25.1114134787
12/29/2015,33.29999923706055,28.411599979400634,31.7078999707,25.1152999881
12/30/2015,32.91999816894531,28.482399978637694,31.8067817755,25.1580181818
12/31/2015,32.060001373291016,28.54819995880127,31.8945724277,25.2018274899
01/04/2016,32.810001373291016,28.606599979400634,31.9627764419,25.2504235169
01/05/2016,31.56999969482422,28.674699993133544,32.0463501876,25.3030497987
01/06/2016,31.729999542236328,28.727099990844728,32.1026193129,25.3515806688
01/07/2016,30.5,28.783399982452394,32.1615827096,25.4052172553
01/08/2016,29.969999313354492,28.826299991607666,32.1987651674,25.4538348159
01/11/2016,30.670000076293945,28.851999988555907,32.2232902498,25.4807097273
01/12/2016,30.25,28.886499996185304,32.2585653509,25.5144346415
01/13/2016,29.549999237060547,28.918999996185303,32.2883873302,25.5496126622
01/14/2016,29.559999465942383,28.951999988555908,32.3112302572,25.5927697199
01/15/2016,29.170000076293945,28.996599979400635,32.3339277221,25.6592722367
01/19/2016,28.34000015258789,29.034299983978272,32.3520221704,25.7165777975
01/20/2016,28.229999542236328,29.065899982452393,32.3617376922,25.7700622727
01/21/2016,28.149999618530273,29.090799980163574,32.3707843357,25.8108156247
01/22/2016,29.170000076293945,29.108599967956543,32.3785853053,25.8386146306
01/25/2016,29.420000076293945,29.14119997024536,32.3953463435,25.887053597
01/26/2016,29.31999969482422,29.18459997177124,32.4131335236,25.9560664199
01/27/2016,28.829999923706055,29.228599967956544,32.428569984,26.0286299519
01/28/2016,29.469999313354492,29.27049997329712,32.4373736305,26.1036263161
01/29/2016,30.489999771118164,29.31649995803833,32.452377321,26.1806225951
02/01/2016,30.670000076293945,29.374499950408936,32.4777384017,26.2712614991
02/02/2016,30.1299991607666,29.423499946594237,32.5080658683,26.3389340248
02/03/2016,30.270000457763672,29.470199947357177,32.5296548099,26.4107450848
02/04/2016,28.489999771118164,29.525799961090087,32.5485428183,26.5030571039
02/05/2016,25.860000610351562,29.558599967956543,32.5519870108,26.5652129251
02/08/2016,25.940000534057617,29.565099983215333,32.5497300799,26.5804698866
02/09/2016,24.690000534057617,29.576399993896484,32.5451021976,26.6076977902
02/10/2016,24.709999084472656,29.580799999237062,32.541920909,26.6196790895
02/11/2016,24.25,29.57509998321533,32.5450297501,26.6051702163
02/12/2016,24.860000610351562,29.568799991607666,32.5493318756,26.5882681076
02/16/2016,27.09000015258789,29.57119998931885,32.5478400981,26.5945598806
02/17/2016,29.100000381469727,29.596999988555908,32.5406587312,26.6533412459
02/18/2016,28.010000228881836,29.63679998397827,32.5463665541,26.7272334139
02/19/2016,29.34000015258789,29.660799980163574,32.546855293,26.7747446674
02/22/2016,30.15999984741211,29.69699998855591,32.5559744296,26.8380255476
02/23/2016,29.68000030517578,29.752599983215333,32.5656042729,26.9395956936
02/24/2016,29.829999923706055,29.81349998474121,32.5575044789,27.0694954906
02/25/2016,29.520000457763672,29.859699993133546,32.5644193391,27.1549806472
02/26/2016,31.18000030517578,29.901999988555907,32.5677175114,27.2362824657
02/29/2016,31.350000381469727,29.957099990844725,32.5915351328,27.3226648489
03/01/2016,32.22999954223633,30.01019998550415,32.6185316306,27.4018683404
03/02/2016,32.22999954223633,30.074899978637696,32.6571162753,27.492683682
03/03/2016,31.899999618530273,30.139399967193604,32.6939378307,27.5848621037
03/04/2016,32.029998779296875,30.19569995880127,32.7262668109,27.6651331067
03/07/2016,32.70000076293945,30.244899940490722,32.7627917316,27.7270081494
03/08/2016,32.13999938964844,30.304499950408935,32.8092272527,27.7997726481
03/09/2016,31.280000686645508,30.359499950408935,32.8434562297,27.8755436711
03/10/2016,31.139999389648438,30.402899951934813,32.8645454769,27.941254427
03/11/2016,31.81999969482422,30.44019994735718,32.8844106679,27.9959892268
03/14/2016,31.760000228881836,30.48129995346069,32.9137833227,28.0488165842
03/15/2016,31.25,30.52489995956421,32.9407809599,28.1090189592
03/16/2016,31.809999465942383,30.565899963378907,32.9588391989,28.1729607278
03/17/2016,32.0099983215332,30.615399951934815,32.9822224784,28.2485774255
03/18/2016,31.93000030517578,30.657099933624266,33.0113579035,28.3028419637
03/21/2016,31.75,30.694699935913086,33.0389403087,28.3504595632
03/22/2016,32.20000076293945,30.729799938201904,33.063276308,28.3963235684
03/23/2016,31.65999984741211,30.773599948883056,33.0931126256,28.4540872722
03/24/2016,31.559999465942383,30.815099945068358,33.1128734379,28.5173264523
03/28/2016,31.889999389648438,30.85849994659424,33.1287820285,28.5882178647
03/29/2016,31.729999542236328,30.90259994506836,33.1495385697,28.6556613204
03/30/2016,32.029998779296875,30.943999938964843,33.167540348,28.72045953
03/31/2016,32.33000183105469,30.989599933624266,33.1880447754,28.7911550918
04/01/2016,32.95000076293945,31.038599948883057,33.211620427,28.8655794708
04/04/2016,32.459999084472656,31.04399995803833,33.2210888382,28.8669110779
04/05/2016,30.100000381469727,31.063199939727784,33.244222117,28.8821777625
04/06/2016,30.829999923706055,31.052099952697755,33.2351703963,28.8690295091
04/07/2016,31.600000381469727,31.03829996109009,33.218366956,28.8582329662
04/08/2016,31.6200008392334,31.033699951171876,33.2120909349,28.8553089674
04/11/2016,30.639999389648438,31.020599956512452,33.1914738831,28.8497260299
04/12/2016,30.15999984741211,31.013799953460694,33.1847904028,28.8428095041
04/13/2016,31.420000076293945,30.997199954986574,33.1683089198,28.8260909902
04/14/2016,31.030000686645508,30.99319995880127,33.1631575027,28.8232424149
04/15/2016,30.649999618530273,30.98399995803833,33.1518306635,28.8161692526
04/18/2016,30.700000762939453,30.967599945068358,33.1316887104,28.8035111797
04/19/2016,30.670000076293945,30.947699966430665,33.1049977429,28.79040219
04/20/2016,31.0,30.93269998550415,33.0866590706,28.7787409004
04/21/2016,30.209999084472656,30.93039999008179,33.0841631788,28.7766368014
04/22/2016,30.200000762939453,30.92259998321533,33.0775452925,28.7676546739
04/25/2016,30.280000686645508,30.908499984741212,33.0635143179,28.7534856516
04/26/2016,30.600000381469727,30.900599994659423,33.056455662,28.7447443273
04/27/2016,30.780000686645508,30.893799991607665,33.0495206532,28.73807933
04/28/2016,30.190000534057617,30.89,33.0455829861,28.7344170139
04/29/2016,30.3700008392334,30.876300010681152,33.0319347942,28.7206652271
05/02/2016,31.299999237060547,30.853200016021727,33.0017478399,28.7046521922
05/03/2016,30.040000915527344,30.826800022125244,32.9533638774,28.7002361669
05/04/2016,30.639999389648438,30.789300022125243,32.8962533945,28.6823466497
05/05/2016,29.579999923706055,30.76070001602173,32.8500009796,28.6713990525
05/06/2016,30.209999084472656,30.7175,32.7860020334,28.6489979666
05/09/2016,30.209999084472656,30.683799972534178,32.7327512591,28.6348486859
05/10/2016,30.850000381469727,30.662699966430665,32.7055483558,28.619851577
05/11/2016,30.860000610351562,30.64489995956421,32.6782618998,28.6115380193
05/12/2016,30.18000030517578,30.611099948883055,32.6122579783,28.6099419195
05/13/2016,30.219999313354492,30.575999965667723,32.5534892192,28.5985107121
05/16/2016,31.079999923706055,30.536899948120116,32.4821230877,28.5916768085
05/17/2016,29.799999237060547,30.507899951934814,32.4229592959,28.592840608
05/18/2016,30.479999542236328,30.465999927520752,32.3500003491,28.5819995059
05/19/2016,30.540000915527344,30.430699939727784,32.2807308079,28.5806690715
05/20/2016,31.530000686645508,30.396299953460694,32.2116718285,28.5809280785
05/23/2016,31.239999771118164,30.37969997406006,32.1769491877,28.5824507604
05/24/2016,31.670000076293945,30.359099979400636,32.1344309502,28.5837690086
05/25/2016,31.700000762939453,30.346599998474122,32.1082033595,28.5849966375
05/26/2016,32.06999969482422,30.342999992370604,32.1014632235,28.5845367613
05/27/2016,32.540000915527344,30.335599975585936,32.0852006433,28.5859993079
05/31/2016,32.529998779296875,30.34529998779297,32.1043806609,28.5862193147
06/01/2016,33.310001373291016,30.353299980163573,32.120460407,28.5861395533
06/02/2016,33.33000183105469,30.381399993896483,32.1728441001,28.5899558877
06/03/2016,33.2400016784668,30.415000019073485,32.2297708164,28.6002292218
06/06/2016,32.97999954223633,30.440700035095215,32.2769703446,28.6044297256
06/07/2016,32.209999084472656,30.46800003051758,32.3214455017,28.6145545594
06/08/2016,32.09000015258789,30.494600028991698,32.3537586847,28.6354413733
06/09/2016,31.950000762939453,30.519900035858154,32.3833777122,28.6564223595
06/10/2016,31.65999984741211,30.54770004272461,32.4115685444,28.683831541
06/13/2016,32.45000076293945,30.58090003967285,32.4346897452,28.7271103341
06/14/2016,32.7400016784668,30.623100051879884,32.470915918,28.7752841858
06/15/2016,32.630001068115234,30.66900007247925,32.5118150742,28.8261850708
06/16/2016,32.31999969482422,30.70360008239746,32.5504230866,28.8567770782
06/17/2016,31.8799991607666,30.732600078582763,32.5818067724,28.8833933847
06/20/2016,32.369998931884766,30.758200073242186,32.605392777,28.9110073695
06/21/2016,32.43000030517578,30.793600063323975,32.6374186886,28.949781438
06/22/2016,32.11000061035156,30.823200073242187,32.669290491,28.9771096555
06/23/2016,32.47999954223633,30.839400081634523,32.6895989147,28.9892012485
06/24/2016,31.15999984741211,30.857500076293945,32.7147929489,29.0002072037
06/27/2016,30.479999542236328,30.8678000831604,32.7238855364,29.0117146299
06/28/2016,30.829999923706055,30.869900074005127,32.7254266969,29.0143734511
06/29/2016,31.5,30.893300075531005,32.7333566383,29.0532435128
06/30/2016,31.190000534057617,30.94970006942749,32.719718998,29.1796811408
07/01/2016,31.260000228881836,31.00220006942749,32.6992025168,29.305197622
07/05/2016,30.610000610351562,31.06790006637573,32.6419797328,29.4938203999
07/06/2016,29.829999923706055,31.12690008163452,32.566383831,29.6874163323
07/07/2016,30.020000457763672,31.182700080871584,32.4527007807,29.912699381
07/08/2016,30.719999313354492,31.234300079345704,32.3406420861,30.1279580726
07/11/2016,30.520000457763672,31.270600070953368,32.2970345698,30.2441655721
07/12/2016,30.790000915527344,31.284800071716308,32.290725073,30.2788750704
07/13/2016,30.110000610351562,31.312600078582765,32.264607111,30.3605930462
07/14/2016,29.270000457763672,31.3203000831604,32.2593469669,30.3812531995
07/15/2016,29.309999465942383,31.311400089263916,32.2654987,30.3573014785
07/18/2016,29.360000610351562,31.307700080871584,32.2688097838,30.346590378
07/19/2016,28.989999771118164,31.303000087738038,32.2724376184,30.3335625571
07/20/2016,29.729999542236328,31.297700080871582,32.2782559761,30.3171441857
07/21/2016,29.450000762939453,31.283200073242188,32.2760333577,30.2903667888
07/22/2016,29.5,31.264200077056884,32.2736150092,30.2547851449
07/25/2016,29.18000030517578,31.23690008163452,32.2566890542,30.2171111091
07/26/2016,29.700000762939453,31.206400089263916,32.2415257824,30.1712743962
07/27/2016,29.709999084472656,31.184400100708007,32.2278955665,30.1409046349
07/28/2016,30.010000228881836,31.161200103759764,32.2114061596,30.1109940479
07/29/2016,29.920000076293945,31.13430009841919,32.1791841524,30.0894160445
08/01/2016,30.34000015258789,31.112100105285645,32.158962456,30.0652377546
08/02/2016,29.34000015258789,31.102700099945068,32.15222947,30.0531707299
08/03/2016,28.309999465942383,31.084700107574463,32.1487701699,30.0206300453
08/04/2016,31.780000686645508,31.049600105285645,32.1462295181,29.9529706925
08/05/2016,33.349998474121094,31.04980010986328,32.146560884,29.9530393357
08/08/2016,33.33000183105469,31.070800094604493,32.1910462825,29.9505539067
08/09/2016,33.459999084472656,31.086000118255615,32.2263054496,29.9456947869
08/10/2016,33.029998779296875,31.10050012588501,32.2614940891,29.9395061627
08/11/2016,32.97999954223633,31.11150011062622,32.2854400273,29.937560194
08/12/2016,32.630001068115234,31.123800106048584,32.3107372224,29.9368629897
08/15/2016,32.77000045776367,31.12810010910034,32.3196980123,29.9365022059
08/16/2016,32.97999954223633,31.139200115203856,32.3408288212,29.9375714092
08/17/2016,32.25,31.153400115966797,32.3682353358,29.9385648961
08/18/2016,31.90999984741211,31.15700012207031,32.3745432135,29.9394570306
08/19/2016,32.099998474121094,31.15880012512207,32.3773216646,29.9402785857
08/22/2016,32.310001373291016,31.159500122070312,32.3785419279,29.9404583162
08/23/2016,32.900001525878906,31.159300117492677,32.378151492,29.940448743
08/24/2016,32.779998779296875,31.15880012512207,32.3769268628,29.9406733874
08/25/2016,32.90999984741211,31.162000122070314,32.3839551837,29.9400450605
08/26/2016,32.880001068115234,31.190100116729738,32.4195964196,29.9606038138
08/29/2016,32.29999923706055,31.210600128173827,32.4509637197,29.9702365367
08/30/2016,32.31999969482422,31.217600116729738,32.4621098266,29.9730904069
08/31/2016,32.380001068115234,31.224600105285646,32.4733150459,29.9758851647
09/01/2016,32.599998474121094,31.242000122070312,32.4945647616,29.9894354825
09/02/2016,32.68000030517578,31.266400108337404,32.5214129235,30.0113872932
09/06/2016,33.22999954223633,31.27900011062622,32.5417927032,30.0162075181
09/07/2016,32.400001525878906,31.30100009918213,32.5783430887,30.0236571096
09/08/2016,32.59000015258789,31.318500118255614,32.5987887136,30.0382115229
09/09/2016,32.099998474121094,31.3374001121521,32.6223605732,30.0524396511
09/12/2016,32.68000030517578,31.351700096130372,32.6371106265,30.0662895658
09/13/2016,32.470001220703125,31.36850009918213,32.6601675782,30.0768326202
09/14/2016,32.540000915527344,31.391100120544433,32.6820710406,30.1001292005
09/15/2016,33.150001525878906,31.41450012207031,32.7048763889,30.1241238552
09/16/2016,33.310001373291016,31.443200130462646,32.739925229,30.146475032
09/19/2016,33.54999923706055,31.47030014038086,32.7773966101,30.1632036707
09/20/2016,33.43000030517578,31.49800012588501,32.8194463949,30.1765538569
09/21/2016,34.54999923706055,31.53040012359619,32.8590792044,30.2017210428
09/22/2016,35.0,31.572200107574464,32.9291656134,30.2152346017
09/23/2016,34.290000915527344,31.60920011520386,33.0080366215,30.2103636089
09/26/2016,33.7599983215332,31.65170011520386,33.0666843517,30.2367158787
09/27/2016,34.290000915527344,31.682900104522705,33.1095818419,30.2562183671
09/28/2016,34.34000015258789,31.73000011444092,33.1642072904,30.2957929385
09/29/2016,34.16999816894531,31.77130012512207,33.2205280242,30.3220722261
09/30/2016,34.529998779296875,31.810900115966795,33.2709871879,30.350813044
10/03/2016,34.75,31.84770009994507,33.3293214117,30.3660787882
10/04/2016,34.7599983215332,31.88660009384155,33.392643402,30.3805567857
10/05/2016,34.720001220703125,31.932400074005127,33.45539323,30.409406918
10/06/2016,35.099998474121094,31.977400093078614,33.5155376648,30.4392625214
10/07/2016,35.47999954223633,32.01760007858277,33.584030443,30.4511697142
10/10/2016,35.959999084472656,32.07440008163452,33.6622232493,30.486576914
10/11/2016,35.66999816894531,32.129200077056886,33.7551573451,30.503242809
10/12/2016,35.779998779296875,32.18050004959107,33.8361637599,30.5248363392
10/13/2016,35.880001068115234,32.223000030517575,33.9155568214,30.5304432397
10/14/2016,35.63999938964844,32.26940004348755,33.997598296,30.541201791
10/17/2016,35.220001220703125,32.309100036621096,34.0683924247,30.5498076486
10/18/2016,35.5099983215332,32.34430004119873,34.126123294,30.5624767884
10/19/2016,36.220001220703125,32.37870002746582,34.1878917791,30.5695082758
10/20/2016,35.58000183105469,32.41550003051758,34.264585297,30.566414764
10/21/2016,36.400001525878906,32.44600006103516,34.3216854525,30.5703146695
10/24/2016,36.81999969482422,32.476900062561036,34.3916107903,30.5621893348
10/25/2016,36.65999984741211,32.51180004119873,34.4729850096,30.5506150728
10/26/2016,36.31999969482422,32.54600002288819,34.5489602526,30.5430397932
10/27/2016,36.38999938964844,32.57940002441406,34.6168693618,30.541930687
10/28/2016,36.33000183105469,32.62120002746582,34.6932463989,30.549153656
10/31/2016,35.790000915527344,32.66360004425049,34.7674795035,30.559720585
11/01/2016,35.29999923706055,32.702000045776366,34.8274378368,30.5765622547
11/02/2016,35.209999084472656,32.738400039672854,34.8768104769,30.5999896025
11/03/2016,33.279998779296875,32.766000022888186,34.9182764261,30.6137236197
11/04/2016,31.799999237060547,32.77139999389649,34.9242817241,30.6185182637
11/07/2016,32.86000061035156,32.76309997558594,34.9181097463,30.6080902049
11/08/2016,33.70000076293945,32.76849998474121,34.9230691923,30.6139307771
11/09/2016,33.06999969482422,32.78670000076294,34.9413739505,30.632026051
11/10/2016,32.439998626708984,32.793700008392335,34.9481458812,30.6392541356
11/11/2016,33.13999938964844,32.79379999160766,34.9482292155,30.6393707677
11/14/2016,32.790000915527344,32.80409997940063,34.9576974152,30.6505025436
11/15/2016,33.290000915527344,32.807199993133544,34.9605517717,30.6538482146
11/16/2016,33.25,32.828500003814696,34.9759795673,30.6810204403
11/17/2016,33.91999816894531,32.856200008392335,34.991035661,30.7213643557
11/18/2016,34.38999938964844,32.887099990844725,35.0147348872,30.7594650945
11/21/2016,35.31999969482422,32.91599998474121,35.0442249834,30.7877749861
11/22/2016,36.119998931884766,32.95729997634888,35.0916938858,30.8229060669
11/23/2016,36.45000076293945,33.00589996337891,35.1563635842,30.8554363426
11/25/2016,36.81999969482422,33.064299964904784,35.2281618344,30.9004380954
11/28/2016,36.38999938964844,33.134199962615966,35.3053420624,30.9630578628
11/29/2016,36.220001220703125,33.197899951934815,35.3701845195,31.0256153844
11/30/2016,35.34000015258789,33.252899971008304,35.4313687648,31.0744311772
12/01/2016,33.72999954223633,33.301099967956546,35.4718775982,31.1303223377
12/02/2016,33.290000915527344,33.33049995422363,35.4869309234,31.1740689851
12/05/2016,34.7400016784668,33.36229995727539,35.4943139174,31.2302859972
12/06/2016,36.369998931884766,33.41699996948242,35.5131876765,31.3208122625
12/07/2016,36.040000915527344,33.48759996414184,35.563062814,31.4121371143
12/08/2016,36.61000061035156,33.5543999671936,35.6032680797,31.5055318546
12/09/2016,36.720001220703125,33.63059997558594,35.6497789084,31.6114210428
12/12/2016,35.9900016784668,33.7004999923706,35.7043699267,31.6966300581
12/13/2016,35.849998474121094,33.76590000152588,35.7364248796,31.7953751235
12/14/2016,35.220001220703125,33.82939998626709,35.7634092115,31.8953907611
12/15/2016,35.25,33.889799995422365,35.7712653993,32.0083345915
12/16/2016,34.97999954223633,33.94529998779297,35.7837202557,32.1068797199
12/19/2016,34.95000076293945,33.99799999237061,35.7891839821,32.2068160026
12/20/2016,34.810001373291016,34.04739999771118,35.7955193753,32.2992806202
12/21/2016,35.0,34.096300010681155,35.7960033537,32.3965966676
12/22/2016,34.66999816894531,34.14290000915528,35.8023844908,32.4834155275
12/23/2016,34.470001220703125,34.19619998931885,35.7846419025,32.6077580762
12/27/2016,35.04999923706055,34.257800006866454,35.7321233277,32.783476686
12/28/2016,34.790000915527344,34.290499992370606,35.7456428949,32.8353570898
12/29/2016,34.88999938964844,34.30490001678467,35.7577878606,32.8520121729
12/30/2016,34.95000076293945,34.32049999237061,35.7712097758,32.869790209
01/03/2017,35.720001220703125,34.33540000915527,35.7848464411,32.8859535772
01/04/2017,35.33000183105469,34.36230003356933,35.8122316972,32.9123683699
01/05/2017,34.83000183105469,34.38580005645752,35.8321770818,32.9394230311
01/06/2017,35.380001068115234,34.40780006408691,35.8439989885,32.9716011397
01/09/2017,35.380001068115234,34.43390007019043,35.8638000711,33.0040000693
01/10/2017,35.209999084472656,34.45790008544922,35.8833301312,33.0324700397
01/11/2017,35.27000045776367,34.48750007629395,35.8974231086,33.077577044
01/12/2017,34.40999984741211,34.52110008239746,35.9090633351,33.1331368297
01/13/2017,35.18000030517578,34.54420009613037,35.9107338435,33.1776663487
01/17/2017,35.20000076293945,34.57290008544922,35.9222394694,33.2235607015
01/18/2017,34.900001525878906,34.59590007781983,35.9360994772,33.2557006784
01/19/2017,35.20000076293945,34.617100105285644,35.9451192281,33.2890809824
01/20/2017,35.20000076293945,34.640000114440916,35.9580919925,33.3219082363
01/23/2017,34.95000076293945,34.66320011138916,35.9704827893,33.3559174334
01/24/2017,34.939998626708984,34.68970012664795,35.9754921439,33.4039081094
01/25/2017,36.15999984741211,34.7159001159668,35.9796431137,33.4521571183
01/26/2017,35.959999084472656,34.75370010375977,36.0034630901,33.5039371175
01/27/2017,36.41999816894531,34.78730010986328,36.0238055998,33.5507946199
01/30/2017,36.08000183105469,34.824700088500975,36.053438048,33.595962129
01/31/2017,35.72999954223633,34.85320011138916,36.0776640138,33.628736209
02/01/2017,35.88999938964844,34.88650009155273,36.0888764465,33.6841237366
02/02/2017,35.9900016784668,34.91950008392334,36.1035401543,33.7354600136
02/03/2017,36.06999969482422,34.958400115966796,36.1126970964,33.8041031355
02/06/2017,36.189998626708984,34.99230010986328,36.1288289431,33.8557712767
02/07/2017,36.099998474121094,35.02950008392334,36.1435193168,33.9154808511
02/08/2017,35.77000045776367,35.06510005950928,36.1556297931,33.9745703259
02/09/2017,36.04999923706055,35.091300048828124,36.166875003,34.0157250946
02/10/2017,36.0099983215332,35.11870002746582,36.1833931828,34.0540068722
02/13/2017,36.08000183105469,35.14330001831055,36.1998520805,34.0867479561
02/14/2017,36.34000015258789,35.16980003356934,36.2162321399,34.1233679272
02/15/2017,37.459999084472656,35.18770004272461,36.2386766817,34.1367234037
02/16/2017,35.880001068115234,35.212300033569335,36.2871152979,34.1374847692
02/17/2017,36.689998626708984,35.22820003509521,36.301012662,34.1553874082
02/21/2017,36.72999954223633,35.25750003814697,36.3298250033,34.185175073
02/22/2017,36.7599983215332,35.281900024414064,36.3596789785,34.2041210703
02/23/2017,36.540000915527344,35.30610000610351,36.3896118089,34.2225882033
02/24/2017,36.959999084472656,35.329800033569335,36.4141219305,34.2454781366
02/27/2017,37.18000030517578,35.35410003662109,36.447417079,34.2607829943
02/28/2017,36.849998474121094,35.378400039672854,36.4849448487,34.2718552307
03/01/2017,36.560001373291016,35.39930004119873,36.5136771842,34.2849228982
03/02/2017,36.04999923706055,35.41770004272461,36.5358930779,34.2995070076
03/03/2017,36.290000915527344,35.427200050354,36.5466883681,34.3077117326
03/06/2017,36.599998474121094,35.43530006408692,36.5580666733,34.3125334549
03/07/2017,36.27000045776367,35.4417000579834,36.5692531752,34.3141469408
03/08/2017,36.61000061035156,35.447700080871584,36.5780450048,34.3173551569
03/09/2017,36.54999923706055,35.45600009918213,36.5917887933,34.3202114051
03/10/2017,36.58000183105469,35.462700080871585,36.6029376179,34.3224625438
03/13/2017,37.70000076293945,35.47210010528565,36.6176229387,34.3265772718
03/14/2017,37.540000915527344,35.49690010070801,36.66335087,34.3304493314
03/15/2017,37.59000015258789,35.51720012664795,36.7012339943,34.333166259
03/16/2017,37.470001220703125,35.530900115966794,36.7308060355,34.3309941964
03/17/2017,37.18000030517578,35.549800109863284,36.7651165408,34.334483679
03/20/2017,37.150001525878906,35.55760009765625,36.7808254611,34.3343747342
03/21/2017,36.529998779296875,35.560900115966795,36.7879658417,34.3338343902
03/22/2017,36.68000030517578,35.55960010528565,36.7855690793,34.3336311313
03/23/2017,36.650001525878906,35.56320011138916,36.7919221531,34.3344780696
03/24/2017,36.38999938964844,35.56580013275146,36.7965423878,34.3350578777
03/27/2017,36.459999084472656,35.566400108337405,36.7975293218,34.3352708949
03/28/2017,36.29999923706055,35.573100090026855,36.8072473538,34.3389528263
03/29/2017,37.08000183105469,35.58310009002685,36.8190440416,34.3471561384
03/30/2017,37.119998931884766,35.60180011749267,36.8460761581,34.3575240769
03/31/2017,37.900001525878906,35.64020011901855,36.8714149528,34.4089852853
04/03/2017,37.58000183105469,35.70120014190674,36.8910591924,34.5113410915
04/04/2017,37.040000915527344,35.74840015411377,36.9180631521,34.5787371561
04/05/2017,37.08000183105469,35.78180015563965,36.9401260568,34.6234742544
04/06/2017,37.150001525878906,35.82190017700195,36.9547839046,34.6890164494
04/07/2017,37.31999969482422,35.86900020599365,36.9573352088,34.7806652031
04/10/2017,36.939998626708984,35.91080020904541,36.9734880178,34.8481124003
04/11/2017,36.779998779296875,35.952300186157224,36.9724872975,34.9321130748
04/12/2017,36.290000915527344,35.98720016479492,36.9748925305,34.9995077991
04/13/2017,36.09000015258789,36.01760017395019,36.966602958,35.0685973899
04/17/2017,36.880001068115234,36.03930019378662,36.9646047216,35.113995666
04/18/2017,36.970001220703125,36.064200210571286,36.9782211658,35.1501792554
04/19/2017,37.619998931884766,36.08070022583008,36.9960299296,35.165370522
04/20/2017,37.75,36.09570022583008,37.0237532566,35.1676471951
04/21/2017,37.619998931884766,36.10870021820068,37.0506265512,35.1667738852
04/24/2017,38.25,36.11670021057129,37.0679845978,35.1654158233
04/25/2017,38.79999923706055,36.13530021667481,37.1096506571,35.1609497763
04/26/2017,38.90999984741211,36.161100196838376,37.1708663123,35.1513340814
04/27/2017,39.040000915527344,36.19680019378662,37.2394773049,35.1541230826
04/28/2017,38.91999816894531,36.24990020751953,37.3007773628,35.1990230522
05/01/2017,39.689998626708984,36.30620018005371,37.3477650132,35.2646353469
05/02/2017,39.349998474121094,36.35570014953613,37.4384642958,35.2729360032
05/03/2017,38.45000076293945,36.3855001449585,37.5085078639,35.262492426
05/04/2017,38.869998931884766,36.40960014343262,37.5506494227,35.2685508642
05/05/2017,38.900001525878906,36.43220012664795,37.5990834614,35.2653167919
05/08/2017,39.209999084472656,36.45400012969971,37.6461467732,35.2618534862
05/09/2017,39.18000030517578,36.486200103759764,37.708484497,35.2639157105
05/10/2017,39.279998779296875,36.51950012207031,37.7690553697,35.2699448744
05/11/2017,38.95000076293945,36.56010009765625,37.8325216133,35.2876785821
05/12/2017,38.7599983215332,36.59710010528565,37.8845938497,35.3096063608
05/15/2017,39.060001373291016,36.63490009307861,37.9298296076,35.3399705786
05/16/2017,40.290000915527344,36.676000099182126,37.9819769526,35.3700232457
05/17/2017,38.630001068115234,36.73080009460449,38.0718306717,35.3897695175
05/18/2017,39.900001525878906,36.76710010528564,38.1099173943,35.4242828162
05/19/2017,40.16999816894531,36.81940013885498,38.1812354174,35.4575648603
05/22/2017,40.720001220703125,36.8764001083374,38.2578539253,35.4949462914
05/23/2017,40.529998779296875,36.93310012817383,38.3542176637,35.5119825927
05/24/2017,41.45000076293945,36.990500106811524,38.4395440499,35.5414561637
05/25/2017,41.41999816894531,37.056100120544436,38.5561585912,35.5560416498
05/26/2017,42.150001525878906,37.12080009460449,38.6674315457,35.5741686435
05/30/2017,41.70000076293945,37.18510009765625,38.8041246962,35.5660754991
05/31/2017,41.13999938964844,37.248800086975095,38.9181150203,35.5794851537
06/01/2017,41.560001373291016,37.31190006256104,39.0076415551,35.61615857
06/02/2017,41.959999084472656,37.373700065612795,39.1100356551,35.6373644761
06/05/2017,42.349998474121094,37.43950004577637,39.2230708103,35.6559292812
06/06/2017,42.279998779296875,37.510900039672855,39.3459613236,35.6758387558
06/07/2017,42.790000915527344,37.58100002288818,39.4624257128,35.699574333
06/08/2017,43.59000015258789,37.664800033569335,39.5892544151,35.740345652
06/09/2017,42.38999938964844,37.74890003204346,39.7453442523,35.7524558118
06/12/2017,41.810001373291016,37.82080001831055,39.853298253,35.7883017836
06/13/2017,42.09000015258789,37.889900016784665,39.939314787,35.8404852465
06/14/2017,41.810001373291016,37.95880001068115,40.032301041,35.8852989803
06/15/2017,41.529998779296875,38.02490001678467,40.1146954849,35.9351045487
06/16/2017,42.099998474121094,38.090699996948246,40.1862244135,35.9951755804
06/19/2017,42.40999984741211,38.162299995422366,40.2712266352,36.0533733556
06/20/2017,41.939998626708984,38.224799995422366,40.3658284407,36.0837715501
06/21/2017,42.7400016784668,38.284599990844725,40.444961197,36.1242387847
06/22/2017,43.11000061035156,38.34780002593994,40.54482186,36.1507781919
06/23/2017,43.27000045776367,38.41810001373291,40.65356849,36.1826315375
06/26/2017,42.56999969482422,38.493500022888185,40.7639151137,36.223084932
06/27/2017,41.5099983215332,38.56030002593994,40.8513082722,36.2692917796
06/28/2017,42.959999084472656,38.61549999237061,40.9104105816,36.3205894031
06/29/2017,42.380001068115234,38.68439998626709,41.0051365955,36.363663377
06/30/2017,42.41999816894531,38.74630001068115,41.0821812338,36.4104187875
07/03/2017,41.84000015258789,38.809500007629396,41.1583887475,36.4606112677
07/05/2017,42.279998779296875,38.87020000457764,41.2181879856,36.5222120236
07/06/2017,41.84000015258789,38.9325,41.2874730832,36.5775269168
07/07/2017,42.08000183105469,38.990800018310544,41.3448655954,36.6367344412
07/10/2017,42.18000030517578,39.05080001831055,41.4063740373,36.6952259993
07/11/2017,42.43000030517578,39.10920001983643,41.4692324315,36.7491676082
07/12/2017,42.79999923706055,39.158900032043455,41.5359489168,36.7818511472
07/13/2017,42.349998474121094,39.22810001373291,41.6094099502,36.8467900773
07/14/2017,42.220001220703125,39.28470001220703,41.6722670515,36.8971329729
07/17/2017,42.810001373291016,39.3396000289917,41.7309087381,36.9482913199
07/18/2017,43.70000076293945,39.40010005950928,41.8018890789,36.9983110401
07/19/2017,44.0,39.4717000579834,41.8937970262,37.0496030898
07/20/2017,43.18000030517578,39.54210006713867,41.9923176387,37.0918824956
07/21/2017,43.04999923706055,39.60210006713867,42.0671587229,37.1370414114
07/24/2017,43.599998474121094,39.664100074768065,42.1371163769,37.1910837727
07/25/2017,43.54999923706055,39.734500045776365,42.2183301827,37.2506699088
07/26/2017,43.790000915527344,39.80950004577637,42.2941754829,37.3248246086
07/27/2017,43.36000061035156,39.88450004577637,42.374994406,37.3940056855
07/28/2017,43.22999954223633,39.95210006713867,42.444268587,37.4599315473
07/31/2017,42.97999954223633,40.021700057983395,42.5072437504,37.5361563655
08/01/2017,43.11000061035156,40.085400047302244,42.5643087156,37.606491379
08/02/2017,42.79999923706055,40.151000061035155,42.6222702447,37.6797298774
08/03/2017,42.939998626708984,40.21320003509521,42.6720532569,37.7543468132
08/04/2017,42.56999969482422,40.26560001373291,42.7261702746,37.8050297529
08/07/2017,42.68000030517578,40.315900001525875,42.7716462413,37.8601537617
08/08/2017,42.45000076293945,40.36680000305176,42.8182655212,37.9153344849
08/09/2017,44.0,40.41659999847412,42.8592800777,37.9739199193
08/10/2017,41.290000915527344,40.484799995422364,42.9313662647,38.0382337262
08/11/2017,41.560001373291016,40.52619998931885,42.9509158958,38.1014840828
08/14/2017,42.34000015258789,40.57650001525879,42.9697631321,38.1832368984
08/15/2017,41.689998626708984,40.63310001373291,43.0003298323,38.2658701951
08/16/2017,42.2599983215332,40.68349998474121,43.0188278992,38.3481720703
08/17/2017,41.189998626708984,40.74219997406006,43.0423788314,38.4420211167
08/18/2017,41.810001373291016,40.78949996948242,43.0494155161,38.5295844228
08/21/2017,41.45000076293945,40.84459999084473,43.0611379058,38.6280620759
08/22/2017,41.869998931884766,40.88829998016357,43.0730365198,38.7035634406
08/23/2017,42.349998474121094,40.93579998016357,43.0895069932,38.7820929672
08/24/2017,42.540000915527344,40.980299949645996,43.1167251184,38.8438747809
08/25/2017,42.47999954223633,41.02989994049072,43.1442695252,38.9155303558
08/28/2017,42.720001220703125,41.084299926757815,43.1650292048,39.0035706487
08/29/2017,42.7599983215332,41.1406999206543,43.1882996189,39.0931002225
08/30/2017,43.880001068115234,41.19679988861084,43.2108708541,39.1827289231
08/31/2017,44.81999969482422,41.26239990234375,43.255858801,39.2689410037
09/01/2017,44.95000076293945,41.3411999130249,43.3179150098,39.3644848163
09/05/2017,45.18000030517578,41.42289993286133,43.3781279396,39.4676719261
09/06/2017,43.70000076293945,41.51179992675781,43.4334411155,39.590158738
09/07/2017,44.029998779296875,41.587899932861326,43.4428491905,39.7329506752
09/08/2017,43.52000045776367,41.659399909973146,43.4687422912,39.8500575288
09/11/2017,43.97999954223633,41.72489990234375,43.4810728285,39.9687269762
09/12/2017,43.79999923706055,41.788499908447264,43.5096771248,40.0673226921
09/13/2017,43.939998626708984,41.84899990081787,43.5330893406,40.164910461
09/14/2017,43.79999923706055,41.912199897766115,43.5544670095,40.269932786
09/15/2017,43.810001373291016,41.96769989013672,43.5787497962,40.3566499841
09/18/2017,44.40999984741211,42.017799911499026,43.6073184741,40.4282813489
09/19/2017,44.869998931884766,42.072799911499025,43.6489300628,40.4966697602
09/20/2017,44.72999954223633,42.1310998916626,43.7017850582,40.5604147252
09/21/2017,44.720001220703125,42.189199905395505,43.7474384404,40.6309613704
09/22/2017,45.29999923706055,42.23949993133545,43.7974366187,40.6815632439
09/25/2017,43.150001525878906,42.29899993896484,43.8590643108,40.7389355671
09/26/2017,42.54999923706055,42.34599994659424,43.8595011637,40.8324987295
09/27/2017,42.93000030517578,42.382799949646,43.8555260003,40.910073899
09/28/2017,43.290000915527344,42.42309993743896,43.8545304684,40.9916694064
09/29/2017,43.5099983215332,42.46389995574951,43.860898068,41.0669018435
10/02/2017,43.439998626708984,42.507199935913086,43.8683876842,41.1460121876
10/03/2017,43.630001068115234,42.548799934387205,43.8738110239,41.2237888449
10/04/2017,43.40999984741211,42.59559993743896,43.8745215735,41.3166783014
10/05/2017,43.61000061035156,42.642099952697755,43.8639806237,41.4202192817
10/06/2017,44.220001220703125,42.68759994506836,43.8589137969,41.5162860933
10/09/2017,44.099998474121094,42.72689994812012,43.8829403345,41.5708595618
10/10/2017,43.779998779296875,42.78159992218018,43.8699222453,41.6932775991
10/11/2017,43.91999816894531,42.820399894714356,43.8739044987,41.7668952907
10/12/2017,44.130001068115234,42.85789989471436,43.8827465034,41.8330532861
10/13/2017,44.22999954223633,42.891999893188476,43.9017642558,41.8822355306
10/16/2017,43.869998931884766,42.92899990081787,43.9191347428,41.9388650588
10/17/2017,43.849998474121094,42.95319988250733,43.9364403279,41.9699594371
10/18/2017,44.40999984741211,42.977499885559084,43.9525417747,42.0024579964
10/19/2017,44.20000076293945,43.00009986877441,43.9818681471,42.0183315904
10/20/2017,45.0,43.02509986877441,44.0052728112,42.0449269263
10/23/2017,44.97999954223633,43.063699874877926,44.0448804412,42.0825193086
10/24/2017,45.400001525878906,43.09789985656738,44.0856531746,42.1101465385
10/25/2017,45.439998626708984,43.13229988098144,44.1395346078,42.1250651542
10/26/2017,45.75,43.16319988250732,44.1931036474,42.1332961176
10/27/2017,46.540000915527344,43.197899894714354,44.255544722,42.1402550674
10/30/2017,46.31999969482422,43.235399894714355,44.3432080492,42.1275917402
10/31/2017,46.70000076293945,43.262699890136716,44.4117794188,42.1136203614
11/01/2017,46.83000183105469,43.30579990386963,44.5012330736,42.1103667341
11/02/2017,46.720001220703125,43.35599990844727,44.5922710287,42.1197287882
11/03/2017,46.86000061035156,43.40229991912842,44.676411408,42.1281884302
11/06/2017,47.220001220703125,43.45279991149902,44.7623848194,42.1432150036
11/07/2017,48.61000061035156,43.50969993591308,44.8575580269,42.1618418449
11/08/2017,48.02000045776367,43.57479995727539,45.0075391199,42.1420607946
11/09/2017,47.97999954223633,43.63089996337891,45.1254315888,42.1363683379
11/10/2017,48.150001525878906,43.69129997253418,45.2374344481,42.145165497
11/13/2017,48.56999969482422,43.745399971008304,45.350814409,42.139985533
11/14/2017,48.650001525878906,43.799999961853025,45.4742474526,42.1257524711
11/15/2017,48.90999984741211,43.853799972534176,45.5952437345,42.1123562106
11/16/2017,49.33000183105469,43.91719997406006,45.7248993285,42.1095006196
11/17/2017,49.54999923706055,43.995400009155276,45.8653464661,42.1254535522
11/20/2017,50.18000030517578,44.06130001068115,46.0081364488,42.1144635726
11/21/2017,50.4900016784668,44.13930000305176,46.1715906785,42.1070093276
11/22/2017,50.43000030517578,44.22000003814697,46.340718554,42.0992815222
11/24/2017,51.060001373291016,44.30590003967285,46.5011369863,42.110663093
11/27/2017,50.88999938964844,44.39370006561279,46.6798524001,42.1075477311
11/28/2017,50.45000076293945,44.4842000579834,46.8453666054,42.1230335106
11/29/2017,48.779998779296875,44.567900047302246,46.9899256181,42.1458744765
11/30/2017,48.650001525878906,44.63390003204346,47.0797636777,42.1880363864
12/01/2017,48.0,44.696100044250485,47.1641152597,42.2280848288
12/04/2017,47.31999969482422,44.74810005187988,47.2303572242,42.2658428796
12/05/2017,46.09000015258789,44.797800064086914,47.2812992777,42.3143008504
12/06/2017,46.779998779296875,44.836500053405764,47.3096595705,42.3633405363
12/07/2017,48.150001525878906,44.87620002746582,47.3483745385,42.4040255164
12/08/2017,48.880001068115234,44.920700035095216,47.4112842793,42.4301157909
12/11/2017,48.95000076293945,44.969500045776364,47.4892048296,42.4497952619
12/12/2017,48.209999084472656,45.027200050354004,47.571213351,42.4831867498
12/13/2017,48.41999816894531,45.07880004882813,47.6344897757,42.5231103219
12/14/2017,48.209999084472656,45.12700004577637,47.6997406561,42.5542594354
12/15/2017,48.970001220703125,45.17360004425049,47.7595239031,42.5876761854
12/18/2017,50.36000061035156,45.225400047302244,47.8348639993,42.6159360953
12/19/2017,50.810001373291016,45.295400047302245,47.9474268563,42.6433732383
12/20/2017,50.400001525878906,45.37120006561279,48.0710056212,42.67139451
12/21/2017,49.72999954223633,45.44540008544922,48.1802043631,42.7105958078
12/22/2017,49.869998931884766,45.51160007476807,48.2691005764,42.7540995732
12/26/2017,50.0,45.58230007171631,48.3599320023,42.8046681411
12/27/2017,50.02000045776367,45.65290008544922,48.4521138924,42.8536862785
12/28/2017,50.47999954223633,45.727400093078614,48.5426657279,42.9121344583
12/29/2017,50.279998779296875,45.80540008544922,48.6431178579,42.967682313
01/02/2018,49.06999969482422,45.88370006561279,48.7357422388,43.0316578924
01/03/2018,50.0099983215332,45.93440006256103,48.7975479564,43.0712521687
01/04/2018,50.54999923706055,46.021600036621095,48.874740868,43.1684592052
01/05/2018,51.04999923706055,46.11150001525879,48.9642769018,43.2587231287
01/08/2018,51.08000183105469,46.19860000610352,49.0678150886,43.3293849236
01/09/2018,51.20000076293945,46.292500038146976,49.1662752464,43.4187248299
01/10/2018,50.91999816894531,46.38190006256104,49.2678689667,43.4959311584
01/11/2018,51.29999923706055,46.4792000579834,49.352479398,43.605920718
01/12/2018,51.43000030517578,46.5741000366211,49.4483155893,43.6998844839
01/16/2018,50.130001068115234,46.673900032043456,49.5417195426,43.8060805215
01/17/2018,51.130001068115234,46.75650005340576,49.6036455831,43.9093545237
01/18/2018,51.22999954223633,46.8443000793457,49.6895823803,43.9990177784
01/19/2018,51.66999816894531,46.93120006561279,49.7763983802,44.086001751
01/22/2018,52.31999969482422,47.02310005187988,49.871457132,44.1747429718
01/23/2018,53.099998474121094,47.11910003662109,49.9825467223,44.255653351
01/24/2018,53.7400016784668,47.222500038146975,50.1132316315,44.3317684448
01/25/2018,54.54999923706055,47.321100044250485,50.2638304883,44.3783696002
01/26/2018,55.27000045776367,47.41840003967285,50.4367124792,44.4000876001
01/29/2018,54.88999938964844,47.521600036621095,50.6288666948,44.4143333785
01/30/2018,54.61000061035156,47.61870002746582,50.8020598679,44.435340187
01/31/2018,55.22999954223633,47.72780002593994,50.9615436558,44.4940563961
02/01/2018,56.0099983215332,47.83980003356933,51.1368663806,44.5427336865
02/02/2018,55.2599983215332,47.96470001220703,51.3315919334,44.597808091
02/05/2018,52.5099983215332,48.0775,51.4975398781,44.6574601219
02/06/2018,53.45000076293945,48.16459999084473,51.5855043516,44.7436956301
02/07/2018,53.77000045776367,48.259700012207034,51.6940012042,44.8253988202
02/08/2018,51.36000061035156,48.359400024414064,51.8074762105,44.9113238383
02/09/2018,52.04999923706055,48.43490001678467,51.865147077,45.0046529566
02/12/2018,52.59000015258789,48.511300010681154,51.9361283487,45.0864716726
02/13/2018,53.220001220703125,48.588500022888184,52.0173856314,45.1596144144
02/14/2018,54.77000045776367,48.67340003967285,52.1107938602,45.2360062192
02/15/2018,55.77000045776367,48.77390003204346,52.2410267637,45.3067733004
02/16/2018,55.779998779296875,48.87860004425049,52.3969490924,45.3602509961
02/20/2018,56.2400016784668,49.00490001678467,52.5419825684,45.4678174652
02/21/2018,55.70000076293945,49.14180004119873,52.6913099905,45.5922900919
02/22/2018,55.43000030517578,49.26950004577637,52.8229418979,45.7160581937
02/23/2018,61.47999954223633,49.39090003967285,52.9453598543,45.836440225
02/26/2018,60.880001068115234,49.570600051879886,53.2743151728,45.8668849309
02/27/2018,60.36000061035156,49.74500007629395,53.5647216766,45.925278476
02/28/2018,59.810001373291016,49.91230007171631,53.8257555844,45.998844559
03/01/2018,59.36000061035156,50.076300086975095,54.0568884698,46.0957117042
03/02/2018,60.689998626708984,50.233800086975094,54.266667341,46.200932833
03/05/2018,61.029998779296875,50.39850006103516,54.5177906939,46.2792094282
03/06/2018,60.90999984741211,50.56780006408692,54.7717826109,46.3638175172
03/07/2018,62.65999984741211,50.73910007476807,55.0114523614,46.4667477881
03/08/2018,63.27000045776367,50.92650009155273,55.3053072694,46.5476929137
03/09/2018,63.97999954223633,51.11790008544922,55.6122314447,46.6235687262
03/12/2018,63.65999984741211,51.31540008544922,55.9349143891,46.6958857818
03/13/2018,62.56999969482422,51.51330009460449,56.2324419062,46.794158283
03/14/2018,63.34000015258789,51.700500106811525,56.482811236,46.9181889776
03/15/2018,63.209999084472656,51.88980010986328,56.7537420213,47.0258581984
03/16/2018,62.41999816894531,52.079900093078614,57.0106132081,47.149186978
03/19/2018,61.91999816894531,52.25410007476807,57.2390286217,47.2691715278
03/20/2018,62.4900016784668,52.423500061035156,57.4460478942,47.4009522278
03/21/2018,62.290000915527344,52.594400062561036,57.6655763716,47.5232237535
03/22/2018,61.11000061035156,52.76290008544922,57.8733432228,47.6524569481
03/23/2018,61.0099983215332,52.916500091552734,58.0446546615,47.7883455216
03/26/2018,62.540000915527344,53.061200065612795,58.2114894681,47.9109106631
03/27/2018,60.02000045776367,53.223400077819825,58.414085092,48.0327150636
03/28/2018,58.93000030517578,53.35660007476807,58.5490810866,48.1641190629
03/29/2018,61.41999816894531,53.47760005950928,58.6575499741,48.2976501449
04/02/2018,59.119998931884766,53.6246000289917,58.8192547416,48.4299453164
04/03/2018,59.25,53.74720001220703,58.9254046108,48.5689954136
04/04/2018,60.56999969482422,53.8675,59.0323906682,48.7026093318
04/05/2018,60.93000030517578,53.987099990844726,59.1673136428,48.8068863389
04/06/2018,59.86000061035156,54.11619998931885,59.3069535521,48.9254464265
04/09/2018,60.630001068115234,54.235,59.4199003851,49.0500996149
04/10/2018,61.189998626708984,54.359799995422364,59.546928805,49.1726711858
04/11/2018,61.29999923706055,54.48599998474121,59.6842378696,49.2877620998
04/12/2018,61.84000015258789,54.612499961853025,59.8210882487,49.403911675
04/13/2018,61.56999969482422,54.741799964904786,59.9676832362,49.5159166936
04/16/2018,62.130001068115234,54.86419994354248,60.105215278,49.6231846091
04/17/2018,64.23999786376953,54.98999996185303,60.2528820107,49.7271179131
04/18/2018,64.81999969482422,55.130599937438966,60.4506020757,49.8105977992
04/19/2018,64.87000274658203,55.27389991760254,60.6595643169,49.8882355183
04/20/2018,63.77000045776367,55.4182999420166,60.8653861278,49.9712137563
04/23/2018,63.68000030517578,55.54539993286133,61.0374082047,50.053391661
04/24/2018,62.54999923706055,55.6732999420166,61.2041937338,50.1424061502
04/25/2018,63.349998474121094,55.794299926757816,61.3419306398,50.2466692137
04/26/2018,64.75,55.939999923706054,61.4928243977,50.3871754497
04/27/2018,64.33999633789062,56.100999908447264,61.6734911728,50.5285086441
04/30/2018,64.55999755859375,56.26439987182617,61.8365186761,50.6922810675
05/01/2018,64.02999877929688,56.43679985046387,61.9962002391,50.8773994618
05/02/2018,64.55000305175781,56.61619983673096,62.1280736003,51.1043260731
05/03/2018,65.05000305175781,56.793899879455566,62.2721403728,51.3156593861
05/04/2018,65.77999877929688,56.962899894714354,62.4325452677,51.4932545217
05/07/2018,66.2300033569336,57.13189987182617,62.6102700042,51.6535297395
05/08/2018,65.95999908447266,57.30469989776611,62.7947818277,51.8146179678
05/09/2018,68.98999786376953,57.482199897766115,62.9623002216,52.0020995739
05/10/2018,68.8499984741211,57.687899894714356,63.2098783634,52.165921426
05/11/2018,69.43000030517578,57.89429988861084,63.4438281263,52.3447716509
05/14/2018,68.68000030517578,58.098899879455566,63.6926191501,52.5051806088
05/15/2018,69.1500015258789,58.282099876403805,63.9191934788,52.645006274
05/16/2018,69.80999755859375,58.46549987792969,64.1546104432,52.7763893126
05/17/2018,70.6500015258789,58.65959983825684,64.4010942316,52.9181054449
05/18/2018,71.33999633789062,58.86879985809326,64.6620125189,53.0755871973
05/21/2018,70.79000091552734,59.08349983215332,64.9367673033,53.230232361
05/22/2018,70.6500015258789,59.291399841308596,65.1874018477,53.3953978349
05/23/2018,70.88999938964844,59.49769985198974,65.426516751,53.568882953
05/24/2018,70.76000213623047,59.701799850463864,65.6678595813,53.7357401196
05/25/2018,71.01000213623047,59.906599884033206,65.897180881,53.916018887
05/29/2018,71.08999633789062,60.12599990844726,66.1174488726,54.1345509443
05/30/2018,72.12999725341797,60.33679988861084,66.3394477505,54.3341520267
05/31/2018,71.58999633789062,60.552599868774415,66.5873485871,54.5178511504
06/01/2018,73.61000061035156,60.75799983978271,66.815330107,54.7006695726
06/04/2018,73.83000183105469,60.983299827575685,67.0952220019,54.8713776532
06/05/2018,73.86000061035156,61.209599838256835,67.3738215319,55.0453781446
06/06/2018,74.12999725341797,61.4389998626709,67.6427545394,55.235245186
06/07/2018,72.4800033569336,61.667299842834474,67.9136645471,55.4209351386
06/08/2018,72.63999938964844,61.87779987335205,68.1303101141,55.6252896326
06/11/2018,72.13999938964844,62.10289985656738,68.3335784652,55.8722212479
06/12/2018,73.12999725341797,62.31299983978271,68.5243284025,56.1016712771
06/13/2018,72.97000122070312,62.53199981689453,68.734772334,56.3292272998
06/14/2018,73.55000305175781,62.74499984741211,68.9368255734,56.5531741215
06/15/2018,73.3499984741211,62.957299880981445,69.1519999687,56.7625997933
06/18/2018,74.73999786376953,63.159799880981446,69.3599386582,56.9596611037
06/19/2018,73.80000305175781,63.369799842834475,69.6028813235,57.1367183622
06/20/2018,74.69000244140625,63.56229988098144,69.8172380136,57.3073617484
06/21/2018,73.58000183105469,63.75649990081787,70.0523058651,57.4606939365
06/22/2018,73.29000091552734,63.94339992523194,70.2506263132,57.6361735372
06/25/2018,70.56999969482422,64.13019992828369,70.4348550768,57.8255447798
06/26/2018,70.73999786376953,64.28359992980957,70.5563759917,58.010823868
06/27/2018,68.79000091552734,64.43089992523193,70.6805677677,58.1812320828
06/28/2018,69.76000213623047,64.56619995117188,70.7620861102,58.3703137921
06/29/2018,70.5999984741211,64.73869998931885,70.8358702237,58.641529755
07/02/2018,72.45999908447266,64.91019996643067,70.9281126878,58.8922872451
07/03/2018,71.70999908447266,65.09709995269776,71.0560676597,59.1381322457
07/05/2018,72.81999969482422,65.30059993743896,71.1331044814,59.4680953935
07/06/2018,73.77999877929688,65.5082999420166,71.2340836876,59.7825161964
07/09/2018,74.72000122070312,65.72019992828369,71.3553648078,60.0850350488
07/10/2018,74.79000091552734,65.9351999282837,71.4990360846,60.3713637719
