05/20/2014,26.299999237060547,0,0,0
05/21/2014,26.489999771118164,0,0,0
05/22/2014,26.510000228881836,0,0,0
05/23/2014,26.510000228881836,0,0,0
05/27/2014,26.56999969482422,0,0,0
05/28/2014,26.65999984741211,0,0,0
05/29/2014,26.739999771118164,0,0,0
05/30/2014,26.790000915527344,0,0,0
06/02/2014,26.829999923706055,0,0,0
06/03/2014,26.790000915527344,0,0,0
06/04/2014,26.549999237060547,0,0,0
06/05/2014,26.770000457763672,0,0,0
06/06/2014,27.18000030517578,0,0,0
06/09/2014,27.440000534057617,0,0,0
06/10/2014,27.40999984741211,0,0,0
06/11/2014,27.149999618530273,0,0,0
06/12/2014,26.959999084472656,0,0,0
06/13/2014,27.040000915527344,0,0,0
06/16/2014,26.81999969482422,0,0,0
06/17/2014,26.8700008392334,0,0,0
06/18/2014,26.889999389648438,0,0,0
06/19/2014,26.93000030517578,0,0,0
06/20/2014,26.969999313354492,0,0,0
06/23/2014,26.68000030517578,0,0,0
06/24/2014,26.579999923706055,0,0,0
06/25/2014,26.420000076293945,0,0,0
06/26/2014,26.290000915527344,0,0,0
06/27/2014,26.43000030517578,0,0,0
06/30/2014,26.280000686645508,0,0,0
07/01/2014,26.399999618530273,0,0,0
07/02/2014,26.610000610351562,0,0,0
07/03/2014,26.860000610351562,0,0,0
07/07/2014,26.75,0,0,0
07/08/2014,26.3700008392334,0,0,0
07/09/2014,26.31999969482422,0,0,0
07/10/2014,26.200000762939453,0,0,0
07/11/2014,26.549999237060547,0,0,0
07/14/2014,26.65999984741211,0,0,0
07/15/2014,26.610000610351562,0,0,0
07/16/2014,27.020000457763672,0,0,0
07/17/2014,26.610000610351562,0,0,0
07/18/2014,26.459999084472656,0,0,0
07/21/2014,25.979999542236328,0,0,0
07/22/2014,26.020000457763672,0,0,0
07/23/2014,25.90999984741211,0,0,0
07/24/2014,25.940000534057617,0,0,0
07/25/2014,25.790000915527344,0,0,0
07/28/2014,25.59000015258789,0,0,0
07/29/2014,25.450000762939453,0,0,0
07/30/2014,25.639999389648438,0,0,0
07/31/2014,25.149999618530273,0,0,0
08/01/2014,25.350000381469727,0,0,0
08/04/2014,25.270000457763672,0,0,0
08/05/2014,25.020000457763672,0,0,0
08/06/2014,25.440000534057617,0,0,0
08/07/2014,25.5,0,0,0
08/08/2014,25.65999984741211,0,0,0
08/11/2014,25.790000915527344,0,0,0
08/12/2014,25.610000610351562,0,0,0
08/13/2014,25.829999923706055,0,0,0
08/14/2014,25.8799991607666,0,0,0
08/15/2014,25.639999389648438,0,0,0
08/18/2014,26.06999969482422,0,0,0
08/19/2014,26.049999237060547,0,0,0
08/20/2014,26.360000610351562,0,0,0
08/21/2014,26.43000030517578,0,0,0
08/22/2014,26.149999618530273,0,0,0
08/25/2014,26.200000762939453,0,0,0
08/26/2014,26.010000228881836,0,0,0
08/27/2014,26.1299991607666,0,0,0
08/28/2014,26.010000228881836,0,0,0
08/29/2014,25.979999542236328,0,0,0
09/02/2014,25.850000381469727,0,0,0
09/03/2014,25.950000762939453,0,0,0
09/04/2014,25.959999084472656,0,0,0
09/05/2014,26.100000381469727,0,0,0
09/08/2014,26.079999923706055,0,0,0
09/09/2014,25.899999618530273,0,0,0
09/10/2014,25.950000762939453,0,0,0
09/11/2014,26.020000457763672,0,0,0
09/12/2014,25.8700008392334,0,0,0
09/15/2014,25.920000076293945,0,0,0
09/16/2014,26.209999084472656,0,0,0
09/17/2014,26.270000457763672,0,0,0
09/18/2014,26.209999084472656,0,0,0
09/19/2014,26.290000915527344,0,0,0
09/22/2014,26.079999923706055,0,0,0
09/23/2014,26.020000457763672,0,0,0
09/24/2014,25.93000030517578,0,0,0
09/25/2014,25.549999237060547,0,0,0
09/26/2014,25.6299991607666,0,0,0
09/29/2014,25.420000076293945,0,0,0
09/30/2014,25.6200008392334,0,0,0
10/01/2014,25.15999984741211,0,0,0
10/02/2014,25.1200008392334,0,0,0
10/03/2014,25.399999618530273,0,0,0
10/06/2014,25.219999313354492,0,0,0
10/07/2014,24.809999465942383,0,0,0
10/08/2014,25.25,0,0,0
10/09/2014,24.780000686645508,0,0,0
10/10/2014,24.270000457763672,26.15690008163452,26.7341655341,25.5796346291
10/13/2014,23.950000762939453,26.13660009384155,26.7434134436,25.5297867441
10/14/2014,24.100000381469727,26.111200103759767,26.7547376201,25.4676625874
10/15/2014,24.280000686645508,26.087100105285643,26.7597207657,25.4144794449
10/16/2014,24.25,26.06480010986328,26.7596302337,25.369969986
10/17/2014,24.81999969482422,26.041600112915038,26.7575843231,25.3256159027
10/20/2014,25.030000686645508,26.02320011138916,26.7466596629,25.2997405598
10/21/2014,25.450000762939453,26.006100120544435,26.7326176678,25.2795825733
10/22/2014,25.190000534057617,25.992700119018554,26.7169898724,25.2684103656
10/23/2014,25.440000534057617,25.97630012512207,26.7000122527,25.2525879975
10/24/2014,25.639999389648438,25.962800121307374,26.6837939329,25.2418063098
10/27/2014,25.520000457763672,25.95370012283325,26.6729658883,25.2344343573
10/28/2014,25.8799991607666,25.94120012283325,26.657024461,25.2253757847
10/29/2014,25.65999984741211,25.92820011138916,26.633130377,25.2232698457
10/30/2014,25.670000076293945,25.910400104522704,26.5992206529,25.2215795562
10/31/2014,25.809999465942383,25.893000106811524,26.5655035758,25.2204966379
11/03/2014,25.700000762939453,25.879600105285643,26.5401678679,25.2190323426
11/04/2014,25.700000762939453,25.867000122070312,26.5187983647,25.2152018794
11/05/2014,25.81999969482422,25.853600120544435,26.4948340625,25.2123661786
11/06/2014,26.360000610351562,25.843600120544433,26.4774399874,25.2097602536
11/07/2014,26.40999984741211,25.838500118255617,26.4660817282,25.2109185083
11/10/2014,26.469999313354492,25.833700122833253,26.4550255202,25.2123747255
11/11/2014,26.3799991607666,25.82910011291504,26.4439611664,25.2142390595
11/12/2014,26.520000457763672,25.82320011138916,26.4298612135,25.2165390093
11/13/2014,26.420000076293945,25.82160011291504,26.426206906,25.2169933198
11/14/2014,26.459999084472656,25.82000011444092,26.4228068303,25.2171933986
11/17/2014,26.610000610351562,25.820400104522705,26.4236179458,25.2171822633
11/18/2014,27.010000228881836,25.823600101470948,26.4301402604,25.2170599425
11/19/2014,26.920000076293945,25.829400100708007,26.4444249498,25.2143752517
11/20/2014,26.850000381469727,25.835800094604494,26.4587593864,25.2128408028
11/21/2014,26.989999771118164,25.840300102233886,26.4689183014,25.2116819031
11/24/2014,27.0,25.844100093841554,26.4784817652,25.2097184225
11/25/2014,26.860000610351562,25.84550008773804,26.4822721445,25.2087280309
11/26/2014,26.8700008392334,25.846600093841552,26.4850265614,25.2081736263
11/28/2014,26.489999771118164,25.851600093841554,26.4960357865,25.2071644012
12/01/2014,26.020000457763672,25.853300094604492,26.4991917508,25.2074084384
12/02/2014,26.049999237060547,25.851500091552733,26.4966734544,25.2063267287
12/03/2014,26.3799991607666,25.846500091552734,26.4881687574,25.2048314257
12/04/2014,26.09000015258789,25.84370008468628,26.4824169474,25.204983222
12/05/2014,26.010000228881836,25.83850008010864,26.4730602923,25.2039398679
12/08/2014,25.690000534057617,25.828400077819825,26.4520180253,25.2047821303
12/09/2014,25.579999923706055,25.819200077056884,26.4379869991,25.200413155
12/10/2014,25.270000457763672,25.810400085449217,26.4262618788,25.1945382921
12/11/2014,25.40999984741211,25.80330009460449,26.4212547988,25.1853453904
12/12/2014,24.889999389648438,25.797200088500976,26.4159957468,25.1784044302
12/15/2014,24.59000015258789,25.78700008392334,26.4122255791,25.1617745887
12/16/2014,24.489999771118164,25.773500080108644,26.4097536983,25.1372464619
12/17/2014,24.65999984741211,25.76050006866455,26.4094381813,25.111561956
12/18/2014,25.139999389648438,25.751200065612792,26.4091168454,25.0932832858
12/19/2014,25.6200008392334,25.748100051879884,26.4081556037,25.0880445
12/22/2014,25.709999084472656,25.74790006637573,26.4079913692,25.0878087635
12/23/2014,25.8799991607666,25.753500061035155,26.4108650156,25.0961351064
12/24/2014,25.829999923706055,25.758800048828125,26.4150259962,25.1025741015
12/26/2014,25.780000686645508,25.764400043487548,26.4188177831,25.1099823039
12/29/2014,25.700000762939453,25.772000045776366,26.4221276826,25.1218724089
12/30/2014,25.56999969482422,25.774600048065185,26.4239141372,25.1252859589
12/31/2014,25.270000457763672,25.775300045013427,26.4243554029,25.1262446871
01/02/2015,25.059999465942383,25.77140005111694,26.4223055612,25.1204945411
01/05/2015,24.600000381469727,25.764100036621095,26.4188382597,25.1093618135
01/06/2015,24.06999969482422,25.754000034332275,26.4187510738,25.0892489949
01/07/2015,24.079999923706055,25.736400032043456,26.4218816117,25.0509184524
01/08/2015,24.3700008392334,25.71840003967285,26.4232343481,25.0135657312
01/09/2015,24.030000686645508,25.7057000541687,26.4231611682,24.9882389401
01/12/2015,23.979999542236328,25.685300064086913,26.4208861107,24.9497140175
01/13/2015,23.860000610351562,25.66460006713867,26.4185289669,24.9106711673
01/14/2015,23.780000686645508,25.639600067138673,26.4112954467,24.8679046876
01/15/2015,23.579999923706055,25.61310007095337,26.4024955879,24.823704554
01/16/2015,23.59000015258789,25.587400074005128,26.4003804816,24.7744196664
01/20/2015,23.850000381469727,25.561300067901612,26.3958054311,24.7267947047
01/21/2015,24.040000915527344,25.53970006942749,26.3901145502,24.6892855886
01/22/2015,24.280000686645508,25.518800086975098,26.3800633599,24.6575368141
01/23/2015,24.479999542236328,25.501500091552735,26.3700670718,24.6329331113
01/26/2015,24.59000015258789,25.486500091552735,26.3596144115,24.6133857716
01/27/2015,24.3799991607666,25.473900089263918,26.3507613396,24.5970388389
01/28/2015,23.84000015258789,25.45820007324219,26.3404350962,24.5759650503
01/29/2015,24.079999923706055,25.43700008392334,26.3322971763,24.5417029916
01/30/2015,23.889999389648438,25.416800079345702,26.3196664282,24.5139337305
02/02/2015,24.209999084472656,25.394900074005125,26.3079175419,24.4818826061
02/03/2015,24.469999313354492,25.37800006866455,26.2971322325,24.4588679048
02/04/2015,24.15999984741211,25.3632000541687,26.2849145978,24.4414855106
02/05/2015,24.5,25.344600048065185,26.2716247399,24.4175753562
02/06/2015,24.520000457763672,25.33090003967285,26.2601793957,24.4016206836
02/09/2015,24.639999389648438,25.31690004348755,26.2477433786,24.3860567084
02/10/2015,24.719999313354492,25.301200046539307,26.2300856749,24.3723144182
02/11/2015,24.770000457763672,25.285700035095214,26.2112163563,24.3601837139
02/12/2015,24.889999389648438,25.271300048828124,26.1935198027,24.349080295
02/13/2015,25.149999618530273,25.257300033569337,26.1745620797,24.3400379874
02/17/2015,25.170000076293945,25.248000030517577,26.161580872,24.334419189
02/18/2015,25.25,25.23950002670288,26.1498069515,24.3291931019
02/19/2015,25.010000228881836,25.232700023651123,26.1403594605,24.3250405868
02/20/2015,25.209999084472656,25.227300033569335,26.1346619556,24.3199381115
02/23/2015,25.170000076293945,25.223100032806396,26.1295598195,24.3166402461
02/24/2015,25.389999389648438,25.220600032806395,26.1268580505,24.3143420151
02/25/2015,25.90999984741211,25.218300018310547,26.1238330415,24.3127669952
02/26/2015,25.889999389648438,25.225800018310547,26.1339213227,24.3176787139
02/27/2015,25.989999771118164,25.233500003814697,26.1439530158,24.3230469918
03/02/2015,26.110000610351562,25.239400005340578,26.1528197198,24.3259802909
03/03/2015,25.860000610351562,25.248300018310548,26.1658140808,24.3307859558
03/04/2015,25.65999984741211,25.25880002975464,26.1772457315,24.340354328
03/05/2015,25.81999969482422,25.26290002822876,26.1822120185,24.3435880379
03/06/2015,25.420000076293945,25.273300018310547,26.1929728179,24.3536272187
03/09/2015,25.639999389648438,25.28480001449585,26.1990291529,24.3705708761
03/10/2015,25.170000076293945,25.30170000076294,26.2066718696,24.3967281319
03/11/2015,25.190000534057617,25.312399997711182,26.2093906456,24.4154093498
03/12/2015,25.399999618530273,25.321499996185302,26.2125671909,24.4304328015
03/13/2015,25.040000915527344,25.332999992370606,26.2175614628,24.4484385219
03/16/2015,25.450000762939453,25.335200004577636,26.2187558582,24.451644151
03/17/2015,25.309999465942383,25.339400005340575,26.2224932237,24.4563067869
03/18/2015,25.639999389648438,25.337999992370605,26.2210277331,24.4549722516
03/19/2015,25.329999923706055,25.342499980926515,26.2259085722,24.4590913897
03/20/2015,25.399999618530273,25.341399974823,26.2247549589,24.4580449907
03/23/2015,25.469999313354492,25.338999977111815,26.2218663266,24.4561336276
03/24/2015,25.270000457763672,25.338499965667726,26.2212778186,24.4557221128
03/25/2015,24.90999984741211,25.332399978637696,26.2135209895,24.4512789678
03/26/2015,24.799999237060547,25.324899978637696,26.2063924561,24.4434075012
03/27/2015,24.860000610351562,25.31619997024536,26.198536394,24.4338635465
03/30/2015,25.1200008392334,25.30669998168945,26.1887828089,24.4246171545
03/31/2015,24.809999465942383,25.300899982452393,26.182284226,24.4195157389
04/01/2015,24.84000015258789,25.291999969482422,26.1738026647,24.4101972742
04/02/2015,24.940000534057617,25.28219997406006,26.1635257678,24.4008741803
04/06/2015,25.18000030517578,25.26799997329712,26.1432644917,24.3927354549
04/07/2015,25.020000457763672,25.255699977874755,26.1234398522,24.3879601035
04/08/2015,25.010000228881836,25.241199989318847,26.1006024292,24.3817975494
04/09/2015,25.729999542236328,25.2275,26.0795274419,24.3754725581
04/10/2015,28.510000228881836,25.219599990844728,26.0632277732,24.3759722085
04/13/2015,27.6299991607666,25.240499992370605,26.1377896662,24.3432103186
04/14/2015,27.729999542236328,25.252199993133544,26.1726439899,24.3317559964
04/15/2015,27.459999084472656,25.26339998245239,26.2068248031,24.3199751618
04/16/2015,27.280000686645508,25.2678999710083,26.2206719764,24.3151279656
04/17/2015,27.25,25.271499977111816,26.2311627718,24.3118371824
04/20/2015,27.020000457763672,25.27549997329712,26.2425390975,24.3084608491
04/21/2015,26.6200008392334,25.275799980163573,26.2433754561,24.3082245043
04/22/2015,26.90999984741211,25.27199998855591,26.2335237605,24.3104762166
04/23/2015,26.850000381469727,25.272499980926515,26.2348620176,24.3101379442
04/24/2015,26.799999237060547,25.272299976348876,26.2343320106,24.3102679421
04/27/2015,26.8799991607666,25.2753999710083,26.2418402161,24.3089597259
04/28/2015,27.1200008392334,25.28399995803833,26.2607987471,24.307201169
04/29/2015,27.09000015258789,25.29469997406006,26.2855898909,24.3038100572
04/30/2015,27.079999923706055,25.30179998397827,26.3029316942,24.3006682737
05/01/2015,27.309999465942383,25.311699981689454,26.3253932521,24.2980067112
05/04/2015,27.270000457763672,25.32469997406006,26.3554573765,24.2939425716
05/05/2015,26.920000076293945,25.34049997329712,26.3886977969,24.2923021497
05/06/2015,26.809999465942383,25.353899974822998,26.4135762088,24.2942237408
05/07/2015,27.040000915527344,25.369299964904783,26.4387897625,24.2998101673
05/08/2015,27.360000610351562,25.385599975585937,26.4679301418,24.3032698094
05/11/2015,26.920000076293945,25.410299987792968,26.5090970015,24.3115029741
05/12/2015,27.030000686645508,25.43359998703003,26.53943678,24.327763194
05/13/2015,27.209999084472656,25.4589999961853,26.5720188597,24.3459811327
05/14/2015,27.40999984741211,25.484499988555907,26.6080820757,24.3609179014
05/15/2015,27.270000457763672,25.507199993133543,26.6464146818,24.3679853045
05/18/2015,27.309999465942383,25.523699989318846,26.6762993436,24.3711006351
05/19/2015,27.350000381469727,25.539699993133546,26.7058006989,24.3735992874
05/20/2015,27.639999389648438,25.554400005340575,26.7338865908,24.3749134198
05/21/2015,27.719999313354492,25.5725,26.7698298169,24.3751701831
05/22/2015,27.68000030517578,25.59189998626709,26.8080041342,24.3757958384
05/26/2015,27.520000457763672,25.611699981689455,26.8453944456,24.3780055178
05/27/2015,27.520000457763672,25.631199989318848,26.8794069024,24.3829930762
05/28/2015,27.6299991607666,25.65369998931885,26.915399347,24.3920006317
05/29/2015,27.270000457763672,25.67939998626709,26.9548440502,24.4039559223
06/01/2015,27.280000686645508,25.70609998703003,26.9866052521,24.425594722
06/02/2015,27.329999923706055,25.738199996948243,27.0175227536,24.4588772403
06/03/2015,27.530000686645508,25.77069999694824,27.0487659032,24.4926340907
06/04/2015,27.260000228881836,25.802299995422363,27.0844020619,24.520197929
06/05/2015,27.290000915527344,25.834599990844726,27.1123248714,24.5568751103
06/08/2015,27.239999771118164,25.867700004577635,27.1398131087,24.5955869004
06/09/2015,27.329999923706055,25.901499996185304,27.164691513,24.6383084793
06/10/2015,27.6299991607666,25.936999988555907,27.1899130286,24.6840869485
06/11/2015,27.510000228881836,25.977499980926513,27.2189744291,24.7360255327
06/12/2015,27.389999389648438,26.016699981689452,27.2439759006,24.7894240627
06/15/2015,27.209999084472656,26.05209997177124,27.2673640019,24.8368359416
06/16/2015,27.219999313354492,26.083799953460694,27.2874542442,24.8801456627
06/17/2015,27.270000457763672,26.11319993972778,27.3083115932,24.9180882862
06/18/2015,27.3700008392334,26.141099948883056,27.3303105664,24.9518893314
06/19/2015,27.239999771118164,26.168899955749513,27.3540125751,24.9837873364
06/22/2015,27.420000076293945,26.197499961853026,27.3735717487,25.021428175
06/23/2015,27.549999237060547,26.233299961090086,27.3914149035,25.0751850187
06/24/2015,27.260000228881836,26.267999954223633,27.4129873295,25.1230125789
06/25/2015,27.040000915527344,26.301699962615967,27.4256003931,25.1777995322
06/26/2015,27.09000015258789,26.329999980926512,27.4363679323,25.2236320295
06/29/2015,26.639999389648438,26.35619998931885,27.4491517637,25.2632482149
06/30/2015,26.56999969482422,26.380999984741212,27.4517478597,25.3102521098
07/01/2015,26.65999984741211,26.401699981689454,27.455762656,25.3476373074
07/02/2015,26.780000686645508,26.423099975585938,27.4603315885,25.3858683626
07/06/2015,26.309999465942383,26.444499988555908,27.4666891895,25.4223107876
07/07/2015,26.469999313354492,26.460399990081786,27.467901767,25.4528982131
07/08/2015,25.889999389648438,26.477399978637695,27.4704746217,25.4843253356
07/09/2015,26.020000457763672,26.487399978637697,27.4694128273,25.50538713
07/10/2015,26.270000457763672,26.49609998703003,27.4700464797,25.5221534943
07/13/2015,26.469999313354492,26.507099990844726,27.4721785217,25.54202146
07/14/2015,26.65999984741211,26.51929998397827,27.4760854833,25.5625144847
07/15/2015,26.770000457763672,26.535799980163574,27.4805668026,25.5910331577
07/16/2015,27.040000915527344,26.551399993896485,27.4869811004,25.6158188874
07/17/2015,27.239999771118164,26.570100002288818,27.4965269923,25.6436730123
07/20/2015,27.139999389648438,26.588600006103515,27.5097330042,25.667467008
07/21/2015,26.850000381469727,26.60090000152588,27.5211011433,25.6806988598
07/22/2015,26.6299991607666,26.610500011444092,27.5282389146,25.6927611083
07/23/2015,26.260000228881836,26.616900005340575,27.5325185564,25.7012814543
07/24/2015,25.75,26.618400001525877,27.5333094974,25.7034905057
07/27/2015,25.950000762939453,26.617299995422364,27.5331862683,25.7014137225
07/28/2015,26.100000381469727,26.620200004577637,27.5335060331,25.7068939761
07/29/2015,26.260000228881836,26.62300001144409,27.5342754543,25.7117245686
07/30/2015,26.1200008392334,26.63140001296997,27.5353900421,25.7274099838
07/31/2015,26.100000381469727,26.63620002746582,27.5361786227,25.7362214323
08/03/2015,25.8700008392334,26.645500030517578,27.5350238691,25.7559761919
08/04/2015,25.899999618530273,26.652300033569336,27.5332288738,25.7713711934
08/05/2015,26.100000381469727,26.657300033569335,27.5325072189,25.7820928482
08/06/2015,26.030000686645508,26.66790002822876,27.5297727114,25.806027345
08/07/2015,25.790000915527344,26.67370002746582,27.5292859387,25.8181141162
08/10/2015,26.239999771118164,26.67850004196167,27.5277448008,25.8292552831
08/11/2015,25.709999084472656,26.684500045776367,27.5284897668,25.8405103247
08/12/2015,25.860000610351562,26.688300037384032,27.5270216984,25.8495783763
08/13/2015,25.790000915527344,26.692900047302246,27.5257844837,25.8600156109
08/14/2015,26.079999923706055,26.696100063323975,27.5248845049,25.8673156217
08/17/2015,26.209999084472656,26.7042000579834,27.5229040543,25.8854960616
08/18/2015,26.06999969482422,26.717200050354005,27.5174237915,25.9169763092
08/19/2015,25.729999542236328,26.72990005493164,27.5094055644,25.9503945455
08/20/2015,25.190000534057617,26.73860004425049,27.5018732066,25.9753268819
08/21/2015,24.59000015258789,26.73930004119873,27.5011191805,25.9774809019
08/24/2015,23.8700008392334,26.737100048065187,27.5047825697,25.9694175264
08/25/2015,23.270000457763672,26.72740005493164,27.5245544081,25.9302457018
08/26/2015,24.010000228881836,26.7107000541687,27.5608555235,25.8605445848
08/27/2015,25.010000228881836,26.69900005340576,27.5777120712,25.8202880356
08/28/2015,25.15999984741211,26.698900051116944,27.5778036908,25.8199964114
08/31/2015,24.81999969482422,26.700400047302246,27.5765436829,25.8242564117
09/01/2015,23.8799991607666,26.691300048828126,27.5820790021,25.8005210955
09/02/2015,24.56999969482422,26.64500003814697,27.5600414995,25.7299585768
09/03/2015,24.510000228881836,26.61440004348755,27.5469870624,25.6818130245
09/04/2015,24.0,26.582200050354004,27.5311579376,25.6332421631
09/08/2015,24.959999084472656,26.54760005950928,27.5265260894,25.5686740296
09/09/2015,24.549999237060547,26.52440004348755,27.5131358995,25.5356641875
09/10/2015,24.68000030517578,26.497400035858153,27.5026797109,25.4921203608
09/11/2015,24.950000762939453,26.474000034332274,27.4939696274,25.4540304413
09/14/2015,24.770000457763672,26.457300033569336,27.4883536967,25.4262463705
09/15/2015,25.299999237060547,26.435900039672852,27.4794680172,25.3923320621
09/16/2015,25.93000030517578,26.42040002822876,27.4692001945,25.3715998619
09/17/2015,25.350000381469727,26.411700038909913,27.460923591,25.3624764868
09/18/2015,24.799999237060547,26.39640005111694,27.4498301597,25.3429699425
09/21/2015,25.09000015258789,26.373200035095216,27.435944467,25.3104556032
09/22/2015,25.110000610351562,26.353200035095213,27.4210734933,25.2853265769
09/23/2015,25.139999389648438,26.33350004196167,27.4059452389,25.261054845
09/24/2015,24.90999984741211,26.31180004119873,27.386219297,25.2373807854
09/25/2015,24.920000076293945,26.288200035095215,27.3672221546,25.2091779156
09/28/2015,24.309999465942383,26.268200035095216,27.3538411971,25.1825588731
09/29/2015,24.56999969482422,26.243200035095214,27.3447452049,25.1416548653
09/30/2015,25.219999313354492,26.218500022888183,27.3295530135,25.1074470323
10/01/2015,25.190000534057617,26.197100009918213,27.3065686161,25.0876314037
10/02/2015,25.469999313354492,26.17980001449585,27.2913475604,25.0682524686
10/05/2015,26.81999969482422,26.16420000076294,27.2746523162,25.0537476853
10/06/2015,27.290000915527344,26.160300006866454,27.2677533513,25.0528466625
10/07/2015,27.770000457763672,26.15910001754761,27.2652628512,25.0529371839
10/08/2015,28.030000686645508,26.164100017547607,27.2763860504,25.0518139846
10/09/2015,28.06999969482422,26.17130002975464,27.2932685571,25.0493315024
10/12/2015,28.09000015258789,26.178500022888183,27.310276854,25.0467231917
10/13/2015,27.8700008392334,26.18300003051758,27.3214538367,25.0445462243
10/14/2015,27.600000381469727,26.184500045776367,27.3250748431,25.0439252485
10/15/2015,28.030000686645508,26.183700046539307,27.3232532177,25.0441468754
10/16/2015,28.979999542236328,26.188800048828124,27.3354415327,25.0421585649
10/19/2015,28.989999771118164,26.20340003967285,27.3759018664,25.030898213
10/20/2015,28.780000686645508,26.217000045776366,27.4136098834,25.0203902081
10/21/2015,28.850000381469727,26.232100048065185,27.4512180562,25.0129820399
10/22/2015,29.579999923706055,26.247800045013427,27.4901990517,25.0054010383
10/23/2015,29.510000228881836,26.27030004501343,27.5518510726,24.9887490174
10/26/2015,29.549999237060547,26.290100040435792,27.605801037,24.9743990439
10/27/2015,29.459999084472656,26.31300003051758,27.6648162409,24.9611838201
10/28/2015,29.389999389648438,26.33470001220703,27.7190507267,24.9503492977
10/29/2015,29.34000015258789,26.356200008392335,27.7708086176,24.9415913992
10/30/2015,28.920000076293945,26.376300010681152,27.8186110997,24.9339889217
11/02/2015,29.399999618530273,26.389200019836426,27.8483372141,24.9300628255
11/03/2015,29.59000015258789,26.40810001373291,27.8936340434,24.9225659841
11/04/2015,29.540000915527344,26.430100021362303,27.945992819,24.9142072237
11/05/2015,29.639999389648438,26.45340003967285,27.9987221722,24.9080779071
11/06/2015,29.920000076293945,26.477600040435792,28.0533862769,24.901813804
11/09/2015,29.75,26.504100036621093,28.1148831409,24.8933169323
11/10/2015,30.1200008392334,26.52790002822876,28.1686061546,24.8871939018
11/11/2015,30.670000076293945,26.556700038909913,28.2345105689,24.8788895089
11/12/2015,30.15999984741211,26.58920003890991,28.314230887,24.8641691908
11/13/2015,30.280000686645508,26.615300045013427,28.3740851309,24.8565149591
11/16/2015,30.360000610351562,26.645500049591064,28.4406481946,24.8503519045
11/17/2015,30.31999969482422,26.678700046539305,28.5111501707,24.8462499223
11/18/2015,30.520000457763672,26.711000041961668,28.5785463256,24.8434537583
11/19/2015,30.270000457763672,26.749800052642822,28.655386081,24.8442140243
11/20/2015,30.65999984741211,26.786800060272217,28.7241910735,24.849409047
11/23/2015,30.59000015258789,26.826800060272216,28.8020822986,24.8515178219
11/24/2015,30.65999984741211,26.864900054931642,28.8753435779,24.854456532
11/25/2015,30.360000610351562,26.908400058746338,28.9531346592,24.8636654583
11/27/2015,30.360000610351562,26.94730007171631,29.0201338535,24.8744662899
11/30/2015,29.940000534057617,26.99200008392334,29.0896006651,24.8943995027
12/01/2015,30.170000076293945,27.03120008468628,29.1468207482,24.9155794212
12/02/2015,29.969999313354492,27.070200080871583,29.2072672762,24.9331328855
12/03/2015,30.030000686645508,27.105200080871583,29.2607318351,24.9496683266
12/04/2015,30.489999771118164,27.138900089263917,29.313467634,24.9643325446
12/07/2015,30.3700008392334,27.17610008239746,29.3757132276,24.9764869372
12/08/2015,30.190000534057617,27.20940008163452,29.4317893115,24.9870108518
12/09/2015,30.469999313354492,27.238900089263915,29.4809915383,24.9968086403
12/10/2015,30.649999618530273,27.272200088500977,29.5371873698,25.0072128072
12/11/2015,30.260000228881836,27.31020008087158,29.5995310215,25.0208691403
12/14/2015,30.260000228881836,27.346500091552734,29.6534688692,25.0395313139
12/15/2015,30.31999969482422,27.386500091552733,29.7089093905,25.0640907926
12/16/2015,30.979999542236328,27.432200088500977,29.7668883623,25.0975118147
12/17/2015,30.549999237060547,27.482500076293945,29.8387977885,25.1262023641
12/18/2015,30.280000686645508,27.527000064849855,29.8987380597,25.15526207
12/21/2015,30.399999618530273,27.56720006942749,29.9511594471,25.1832406917
12/22/2015,30.489999771118164,27.61000005722046,30.0059829771,25.2140171374
12/23/2015,30.950000762939453,27.653900051116942,30.0620009494,25.2457991529
12/24/2015,30.829999923706055,27.704700050354003,30.1281663966,25.2812337041
12/28/2015,30.899999618530273,27.75400005340576,30.1903629569,25.3176371499
12/29/2015,31.280000686645508,27.802000045776367,30.2525461444,25.3514539471
12/30/2015,31.049999237060547,27.854500045776366,30.3226947299,25.3863053616
12/31/2015,31.149999618530273,27.9071000289917,30.3867590428,25.4274410152
01/04/2016,30.709999084472656,27.95620002746582,30.4509284215,25.4614716335
01/05/2016,30.739999771118164,28.00620002746582,30.5055098653,25.5068901896
01/06/2016,30.25,28.055000019073486,30.5595644757,25.5504355625
01/07/2016,28.969999313354492,28.099600009918213,30.6031438977,25.5960561222
01/08/2016,28.450000762939453,28.128500003814697,30.6252348501,25.6317651575
01/11/2016,28.579999923706055,28.150900020599366,30.6403598619,25.6614401793
01/12/2016,28.639999389648438,28.176000022888182,30.6569917796,25.6950082661
01/13/2016,28.239999771118164,28.205100021362306,30.6742693266,25.7359307162
01/14/2016,29.059999465942383,28.23560001373291,30.6861041943,25.7850958332
01/15/2016,28.489999771118164,28.280300006866455,30.7045246274,25.8560753864
01/19/2016,28.489999771118164,28.3264999961853,30.7099141281,25.9430858643
01/20/2016,28.0,28.378699989318847,30.7073312462,26.0500687324
01/21/2016,28.59000015258789,28.418599987030028,30.7058494885,26.1313504856
01/22/2016,28.239999771118164,28.45439998626709,30.7158899595,26.1929100131
01/25/2016,28.040000915527344,28.48519998550415,30.7224566115,26.2479433595
01/26/2016,28.309999465942383,28.51739999771118,30.7246438583,26.3101561371
01/27/2016,28.0,28.56170000076294,30.7193232892,26.4040767124
01/28/2016,28.209999084472656,28.596000003814698,30.7168442037,26.475155804
01/29/2016,29.100000381469727,28.632999992370607,30.7141408205,26.5518591643
02/01/2016,28.639999389648438,28.683999996185303,30.7128124938,26.6551874986
02/02/2016,28.239999771118164,28.72079999923706,30.7148068805,26.7267931179
02/03/2016,28.670000076293945,28.757700004577636,30.7078430073,26.8075570019
02/04/2016,29.18000030517578,28.797600002288817,30.7042374312,26.8909625733
02/05/2016,28.540000915527344,28.839899997711182,30.7072240448,26.9725759506
02/08/2016,28.170000076293945,28.87760000228882,30.699888777,27.0553112276
02/09/2016,28.280000686645508,28.906300010681154,30.6942953664,27.118304655
02/10/2016,28.299999237060547,28.92980001449585,30.693805131,27.165794898
02/11/2016,27.450000762939453,28.95930000305176,30.6874957783,27.2311042278
02/12/2016,28.260000228881836,28.985800018310545,30.669765695,27.3018343416
02/16/2016,28.860000610351562,29.017500019073488,30.6570825262,27.377917512
02/17/2016,29.34000015258789,29.055000019073486,30.6469758643,27.4630241738
02/18/2016,29.079999923706055,29.09700002670288,30.6397777303,27.5542223231
02/19/2016,29.020000457763672,29.13870002746582,30.6229902072,27.6544098477
02/22/2016,29.40999984741211,29.179700031280518,30.602234017,27.7571660456
02/23/2016,29.219999313354492,29.230700035095214,30.5665115803,27.8948884899
02/24/2016,28.959999084472656,29.27720003128052,30.5282036696,28.026196393
02/25/2016,29.229999542236328,29.3146000289917,30.4978196751,28.1313803829
02/26/2016,29.399999618530273,29.355000019073486,30.4632982344,28.2467018037
02/29/2016,29.139999389648438,29.394300022125243,30.4315407795,28.3570592647
03/01/2016,29.8799991607666,29.417500019073486,30.4223416062,28.4126584319
03/02/2016,30.18000030517578,29.44340000152588,30.426208394,28.460591609
03/03/2016,30.219999313354492,29.4675,30.4384555429,28.4965444571
03/04/2016,30.459999084472656,29.489399986267088,30.4523504347,28.5264495378
03/07/2016,30.290000915527344,29.513299980163573,30.4703663367,28.5562336237
03/08/2016,30.059999465942383,29.535299987792968,30.484650729,28.5859492466
03/09/2016,30.049999237060547,29.557199974060058,30.4930461705,28.6213537777
03/10/2016,29.940000534057617,29.581699962615968,30.4978495479,28.6655503774
03/11/2016,30.34000015258789,29.60079996109009,30.5042219772,28.697377945
03/14/2016,30.270000457763672,29.614399967193602,30.5186104607,28.7101894736
03/15/2016,30.280000686645508,29.62719997406006,30.5315406955,28.7228592526
03/16/2016,30.170000076293945,29.64219997406006,30.5448024125,28.7395975357
03/17/2016,30.959999084472656,29.6553999710083,30.5559702622,28.7548296798
03/18/2016,30.920000076293945,29.669199962615966,30.5790347534,28.7593651719
03/21/2016,31.09000015258789,29.68329996109009,30.6014459736,28.7651539486
03/22/2016,31.059999465942383,29.69869997024536,30.6273362302,28.7700637103
03/23/2016,31.06999969482422,29.714699974060057,30.6528209073,28.7765790409
03/24/2016,31.110000610351562,29.731499977111817,30.6786550404,28.7843449139
03/28/2016,31.489999771118164,29.749199981689454,30.7053690789,28.7930308845
03/29/2016,31.479999542236328,29.774899978637695,30.7429015111,28.8068984462
03/30/2016,31.829999923706055,29.795699977874754,30.7776686481,28.8137313076
03/31/2016,31.790000915527344,29.818099975585938,30.8204578697,28.8157420814
04/01/2016,31.93000030517578,29.84059997558594,30.8615434805,28.8196564707
04/04/2016,31.229999542236328,29.86349998474121,30.9051596035,28.821840366
04/05/2016,30.979999542236328,29.876599979400634,30.9270876943,28.8261122645
04/06/2016,30.899999618530273,29.888899974822998,30.945019182,28.8327807677
04/07/2016,30.6299991607666,29.896699962615966,30.9573677187,28.8360322066
04/08/2016,30.790000915527344,29.896299953460694,30.9566835044,28.8359164025
04/11/2016,30.709999084472656,29.902599964141846,30.966397512,28.8388024163
04/12/2016,30.809999465942383,29.906899948120117,30.9730806801,28.8407192161
04/13/2016,30.979999542236328,29.911399936676027,30.9804293978,28.8423704756
04/14/2016,31.020000457763672,29.917999935150146,30.9915594082,28.8444404621
04/15/2016,31.030000686645508,29.922999935150145,31.0005086114,28.8454912589
04/18/2016,31.059999465942383,29.930599937438966,31.0131975545,28.8480023204
04/19/2016,31.149999618530273,29.934599933624266,31.0206187139,28.8485811533
04/20/2016,31.149999618530273,29.94019992828369,31.0310170077,28.8493828489
04/21/2016,30.979999542236328,29.945099925994874,31.0402313904,28.8499684616
04/22/2016,30.760000228881836,29.951299915313722,31.0505101913,28.8520896393
04/25/2016,30.68000030517578,29.955299911499022,31.0567157414,28.8538840816
04/26/2016,30.899999618530273,29.962699909210205,31.06647146,28.8589283585
04/27/2016,30.93000030517578,29.96999990463257,31.0775259405,28.8624738688
04/28/2016,30.899999618530273,29.979599914550782,31.0912373409,28.8679624882
04/29/2016,30.75,29.988299903869628,31.1036958119,28.8729039959
05/02/2016,30.889999389648438,29.990899906158447,31.107764318,28.8740354943
05/03/2016,30.6299991607666,29.9960998916626,31.1159238502,28.8762759331
05/04/2016,30.06999969482422,30.000499877929688,31.1219403117,28.8790594441
05/05/2016,29.889999389648438,29.996499881744384,31.1169715019,28.8760282616
05/06/2016,30.1200008392334,29.988899879455566,31.1074890337,28.8703107252
05/09/2016,29.8700008392334,29.98749988555908,31.1058364435,28.8691633277
05/10/2016,30.479999542236328,29.983599891662596,31.1016593457,28.8655404377
05/11/2016,30.34000015258789,29.98519989013672,31.1038539298,28.8665458504
05/12/2016,30.09000015258789,29.978799896240233,31.0935682441,28.8640315484
05/13/2016,29.639999389648438,29.97419990539551,31.0875499301,28.8608498807
05/16/2016,29.959999084472656,29.967799892425536,31.0812131473,28.8543866376
05/17/2016,29.709999084472656,29.96339988708496,31.0759655519,28.8508342223
05/18/2016,29.610000610351562,29.955599880218507,31.0671800904,28.84401967
05/19/2016,29.360000610351562,29.942199878692627,31.049781506,28.8346182514
05/20/2016,29.559999465942383,29.927499885559083,31.0329539289,28.8220458422
05/23/2016,29.489999771118164,29.914099884033202,31.015799521,28.812400247
05/24/2016,29.850000381469727,29.89619987487793,30.9900752969,28.8023244529
05/25/2016,30.09000015258789,29.884199886322023,30.9719168777,28.7964828949
05/26/2016,30.020000457763672,29.873599891662597,30.9540705953,28.793129188
05/27/2016,30.1200008392334,29.866699905395507,30.9440058168,28.789393994
05/31/2016,30.229999542236328,29.86049991607666,30.9345411974,28.7864586348
06/01/2016,30.110000610351562,29.860299911499023,30.9342705026,28.7863293204
06/02/2016,30.049999237060547,29.871699924468995,30.9422044892,28.8011953598
06/03/2016,29.940000534057617,29.887699909210205,30.9487511073,28.8266487111
06/06/2016,30.1200008392334,29.90129991531372,30.9541870155,28.8484128151
06/07/2016,30.139999389648438,29.91609992980957,30.9615288926,28.8706709671
06/08/2016,30.309999465942383,29.935099925994873,30.9670732341,28.9031266179
06/09/2016,30.239999771118164,29.947599925994872,30.9764634481,28.9187364039
06/10/2016,30.040000915527344,29.965099925994874,30.9838554863,28.9463443657
06/13/2016,29.829999923706055,29.980599937438964,30.9885282773,28.9726715976
06/14/2016,30.440000534057617,29.998899936676025,30.9871224272,29.0106774462
06/15/2016,30.59000015258789,30.017399940490723,30.9963469012,29.0384529797
06/16/2016,30.639999389648438,30.04089994430542,31.0049912772,29.0768086114
06/17/2016,30.600000381469727,30.06689992904663,31.0115423647,29.1222574934
06/20/2016,30.829999923706055,30.089799938201903,31.0192082927,29.1603915837
06/21/2016,30.940000534057617,30.118099937438966,31.0262878705,29.2099120044
06/22/2016,30.780000686645508,30.145399951934813,31.0366949358,29.2541049681
06/23/2016,31.190000534057617,30.162199954986573,31.0494558856,29.2749440244
06/24/2016,29.81999969482422,30.187699966430664,31.067453131,29.3079468019
06/27/2016,29.31999969482422,30.203499965667724,31.0620642702,29.3449356612
06/28/2016,29.940000534057617,30.20999996185303,31.0593408376,29.3606590861
06/29/2016,30.549999237060547,30.217599964141847,31.0610702761,29.3741296522
06/30/2016,31.479999542236328,30.23769994735718,31.0647426699,29.4106572248
07/01/2016,31.489999771118164,30.270799942016602,31.0804809351,29.461118949
07/05/2016,31.450000762939453,30.30289993286133,31.0964896043,29.5093102615
07/06/2016,31.739999771118164,30.33439994812012,31.1101799471,29.5586199492
07/07/2016,31.81999969482422,30.377299938201904,31.109798211,29.6448016654
07/08/2016,32.20000076293945,30.41289993286133,31.127931824,29.6978680417
07/11/2016,32.209999084472656,30.446299934387206,31.1660063856,29.7265934832
07/12/2016,32.2599983215332,30.474999923706054,31.2071345025,29.742865345
07/13/2016,32.36000061035156,30.506799907684325,31.2466726976,29.7669271178
07/14/2016,32.630001068115234,30.540199909210205,31.2875512239,29.7928485946
07/15/2016,32.880001068115234,30.572399921417237,31.3394698751,29.8053299678
07/18/2016,32.90999984741211,30.608999938964843,31.3976805517,29.8203193262
07/19/2016,32.93000030517578,30.64849994659424,31.4523723407,29.8446275525
07/20/2016,32.779998779296875,30.685499954223634,31.5081619932,29.8628379153
07/21/2016,32.59000015258789,30.7192999458313,31.5577357114,29.8808641802
07/22/2016,32.060001373291016,30.753799953460693,31.5975046249,29.910095282
07/25/2016,31.639999389648438,30.775599975585937,31.624592717,29.9266072342
07/26/2016,31.469999313354492,30.790199966430663,31.6413756175,29.9390243154
07/27/2016,31.280000686645508,30.802699966430666,31.654588294,29.9508116389
07/28/2016,31.25,30.810899982452394,31.663396436,29.958403529
07/29/2016,31.139999389648438,30.820499973297117,31.6724816476,29.968518299
08/01/2016,31.149999618530273,30.83129997253418,31.6804132287,29.9821867163
08/02/2016,31.049999237060547,30.842299976348876,31.688339992,29.9962599607
08/03/2016,31.1299991607666,30.853399963378905,31.6947978748,30.012002052
08/04/2016,31.170000076293945,30.861299953460694,31.7015483173,30.0210515896
08/05/2016,31.280000686645508,30.870299949645997,31.7089851825,30.0316147168
08/08/2016,31.270000457763672,30.880299949645995,31.7178481181,30.0427517812
08/09/2016,31.299999237060547,30.891299953460692,31.7266677408,30.0559321661
08/10/2016,31.270000457763672,30.89469995498657,31.7310317883,30.0583681216
08/11/2016,31.290000915527344,30.89819995880127,31.7353623022,30.0610376154
08/12/2016,31.239999771118164,30.900199966430662,31.7380567537,30.0623431792
08/15/2016,31.239999771118164,30.90199996948242,31.7403913078,30.0636086312
08/16/2016,31.190000534057617,30.903699970245363,31.7426024352,30.0647975053
08/17/2016,31.290000915527344,30.904499969482423,31.7436368989,30.0653630401
08/18/2016,31.43000030517578,30.902499980926514,31.7404765892,30.0645233727
08/19/2016,31.25,30.901999988555907,31.7396467247,30.0643532525
08/22/2016,31.31999969482422,30.89619998931885,31.7293972143,30.0630027643
08/23/2016,31.229999542236328,30.891499977111817,31.720959311,30.0620406432
08/24/2016,31.219999313354492,30.884499969482423,31.708098644,30.0609012949
08/25/2016,31.209999084472656,30.884399967193602,31.7079572908,30.0608426436
08/26/2016,31.229999542236328,30.886699962615968,31.7108420198,30.0625579055
08/29/2016,31.360000610351562,30.88999996185303,31.7148490496,30.0651508741
08/30/2016,31.3700008392334,30.897299976348876,31.723045536,30.0715544167
08/31/2016,31.239999771118164,30.90309997558594,31.7301074843,30.0760924669
09/01/2016,31.200000762939453,30.908399982452394,31.7358511681,30.0809487968
09/02/2016,31.290000915527344,30.912299995422362,31.7401971738,30.084402817
09/06/2016,31.049999237060547,30.915400009155274,31.7441248583,30.0866751601
09/07/2016,31.059999465942383,30.91569999694824,31.7444680842,30.0869319097
09/08/2016,31.040000915527344,30.915999984741212,31.7448148189,30.0871851505
09/09/2016,30.110000610351562,30.91579999923706,31.7445824757,30.0870175228
09/12/2016,30.489999771118164,30.905400009155272,31.7376961496,30.0731038687
09/13/2016,29.850000381469727,30.898800010681153,31.7317469413,30.06585308
09/14/2016,29.700000762939453,30.887500019073485,31.726908604,30.0480914342
09/15/2016,29.75,30.876900024414063,31.7245045285,30.0292955203
09/16/2016,29.68000030517578,30.867600021362303,31.722385519,30.0128145237
09/19/2016,29.43000030517578,30.85540002822876,31.7183037544,29.992496302
09/20/2016,29.670000076293945,30.84040002822876,31.7148368941,29.9659631624
09/21/2016,29.850000381469727,30.828100032806397,31.7102289247,29.9459711409
09/22/2016,30.040000915527344,30.819100036621094,31.7065549228,29.9316451504
09/23/2016,29.889999389648438,30.810600051879884,31.7013994752,29.9198006286
09/26/2016,29.540000915527344,30.803200054168702,31.6985311335,29.9078689749
09/27/2016,29.8799991607666,30.797900066375732,31.6991051178,29.896695015
09/28/2016,29.899999618530273,30.797800064086914,31.6991064043,29.8964937238
09/29/2016,29.530000686645508,30.795600051879884,31.6988246183,29.8923754854
09/30/2016,29.6200008392334,30.792200050354005,31.69953303,29.8848670707
10/03/2016,29.639999389648438,30.783600063323973,31.6979003392,29.8692997874
10/04/2016,29.5,30.77660005569458,31.6969295677,29.8562705437
10/05/2016,29.5,30.7707000541687,31.6972822056,29.8441179027
10/06/2016,29.270000457763672,30.769300060272215,31.6976935489,29.8409065717
10/07/2016,29.079999923706055,30.76240007400513,31.6993078454,29.8254923026
10/10/2016,28.860000610351562,30.75610008239746,31.7021369244,29.8100632404
10/11/2016,28.920000076293945,30.74860008239746,31.7065906609,29.7906095038
10/12/2016,28.899999618530273,30.744200077056885,31.7095405783,29.7788595758
10/13/2016,28.770000457763672,30.737600078582762,31.7132158666,29.7619842905
10/14/2016,28.889999389648438,30.73040008544922,31.7177823536,29.7430178173
10/17/2016,28.850000381469727,30.720800075531006,31.7212756095,29.7203245416
10/18/2016,28.979999542236328,30.708400077819825,31.7241841905,29.6926159651
10/19/2016,29.059999465942383,30.69800006866455,31.7260292254,29.6699709119
10/20/2016,29.06999969482422,30.68740005493164,31.7267369664,29.6480631435
10/21/2016,28.979999542236328,30.67580005645752,31.7265875433,29.6250125696
10/24/2016,28.920000076293945,30.664500045776368,31.7273183539,29.6016817377
10/25/2016,28.649999618530273,30.6532000541687,31.7284264281,29.5779736803
10/26/2016,28.8700008392334,30.64030004501343,31.731623521,29.548976569
10/27/2016,28.6299991607666,30.627800045013426,31.7320931037,29.5235069864
10/28/2016,29.219999313354492,30.612700042724608,31.7337565704,29.491643515
10/31/2016,29.100000381469727,30.60180004119873,31.7310160546,29.4725840277
11/01/2016,28.8799991607666,30.590400047302246,31.7289271102,29.4518729844
11/02/2016,28.489999771118164,30.57880002975464,31.7287281286,29.4288719309
11/03/2016,28.280000686645508,30.56540002822876,31.7316671167,29.3991329398
11/04/2016,28.440000534057617,30.54380002975464,31.7319858792,29.3556141803
11/07/2016,29.309999465942383,30.522300033569337,31.7287666687,29.3158333984
11/08/2016,29.420000076293945,30.509000034332274,31.7214121124,29.2965879563
11/09/2016,29.6299991607666,30.497200031280517,31.7144018245,29.2799982381
11/10/2016,30.40999984741211,30.485200023651124,31.7049741917,29.2654258556
11/11/2016,30.709999084472656,30.47990001678467,31.6988376881,29.2609623455
11/14/2016,30.510000228881836,30.47920000076294,31.697985219,29.2604147825
11/15/2016,30.75,30.472399997711182,31.6890956379,29.2557043576
11/16/2016,30.739999771118164,30.481700000762938,31.696926789,29.2664732126
11/17/2016,30.790000915527344,30.49590000152588,31.705753802,29.2860462011
11/18/2016,30.670000076293945,30.504400005340575,31.713303922,29.2954960887
11/21/2016,30.8700008392334,30.50560001373291,31.7146081529,29.2965918746
11/22/2016,31.18000030517578,30.49950002670288,31.7051105799,29.2938894735
11/23/2016,31.34000015258789,30.496400032043457,31.6998563482,29.2929437159
11/25/2016,31.440000534057617,30.49530002593994,31.6979342026,29.2926658493
11/28/2016,31.25,30.492300033569336,31.6921966037,29.2924034635
11/29/2016,31.049999237060547,30.486600036621095,31.6815194973,29.291680576
11/30/2016,30.760000228881836,30.475100021362305,31.6589568679,29.2912431748
12/01/2016,31.389999389648438,30.460600032806397,31.6319324866,29.2892675791
12/02/2016,31.34000015258789,30.451900043487548,31.6130217068,29.2907783802
12/05/2016,31.110000610351562,30.44170003890991,31.5904289962,29.2929710817
12/06/2016,31.170000076293945,30.426500034332275,31.5560693415,29.2969307272
12/07/2016,31.600000381469727,30.40940002441406,31.5143731731,29.3044268758
12/08/2016,31.530000686645508,30.396300029754638,31.4790924137,29.3135076458
12/09/2016,31.780000686645508,30.382300033569337,31.4410255635,29.3235745036
12/12/2016,31.860000610351562,30.37230005264282,31.4128988354,29.3317012699
12/13/2016,31.739999771118164,30.36500005722046,31.3924936722,29.3375064422
12/14/2016,31.5,30.36180004119873,31.3844968859,29.3391031965
12/15/2016,31.260000228881836,30.360400047302246,31.3814406596,29.339359435
12/16/2016,31.75,30.35830005645752,31.3772702334,29.3393298795
12/19/2016,31.920000076293945,30.363000049591065,31.3872808209,29.3387192783
12/20/2016,32.25,30.369700050354005,31.4019214462,29.3374786545
12/21/2016,32.130001068115234,30.38080005645752,31.4271171538,29.3344829591
12/22/2016,31.81999969482422,30.39060007095337,31.4485999718,29.3326001701
12/23/2016,31.8799991607666,30.398300075531004,31.4638460672,29.3327540839
12/27/2016,31.899999618530273,30.405800075531005,31.479081258,29.3325188931
12/28/2016,31.700000762939453,30.41310007095337,31.4940096476,29.3321904943
12/29/2016,31.709999084472656,30.41730007171631,31.5023778754,29.332222268
12/30/2016,31.600000381469727,30.421700057983397,31.5111100855,29.3322900304
01/03/2017,31.690000534057617,30.42470006942749,31.5169340325,29.3324661064
01/04/2017,31.700000762939453,30.42890007019043,31.5251764565,29.3326236838
01/05/2017,31.520000457763672,30.43300006866455,31.5332487353,29.3327514021
01/06/2017,31.610000610351562,30.435800075531006,31.53845256,29.333147591
01/09/2017,31.459999084472656,30.43950008392334,31.5454607111,29.3335394567
01/10/2017,31.3700008392334,30.44220006942749,31.5503170722,29.3340830666
01/11/2017,31.469999313354492,30.44300006866455,31.5517575407,29.3342425966
01/12/2017,31.389999389648438,30.443400058746338,31.5525206796,29.3342794379
01/13/2017,31.360000610351562,30.444800052642822,31.5550257324,29.3345743729
01/17/2017,31.270000457763672,30.445200061798097,31.5557481591,29.3346519645
01/18/2017,31.229999542236328,30.44560007095337,31.5564379399,29.334762202
01/19/2017,31.209999084472656,30.445700073242186,31.5566081003,29.3347920462
01/20/2017,30.530000686645508,30.445700073242186,31.5566081003,29.3347920462
01/23/2017,29.75,30.43870008468628,31.5468460381,29.3305541313
01/24/2017,30.0,30.422600078582764,31.5289379001,29.3162622571
01/25/2017,30.3700008392334,30.40890007019043,31.5118986701,29.3059014703
01/26/2017,30.31999969482422,30.40020008087158,31.5000355622,29.3003645996
01/27/2017,30.010000228881836,30.39140007019043,31.4883176402,29.2944825002
01/30/2017,29.959999084472656,30.378600063323976,31.4724209531,29.2847791736
01/31/2017,29.700000762939453,30.367700061798097,31.460206276,29.2751938476
02/01/2017,29.690000534057617,30.354100074768066,31.4463684975,29.261831652
02/02/2017,29.68000030517578,30.340600070953368,31.4326503169,29.248549825
02/03/2017,29.700000762939453,30.33630006790161,31.4300950254,29.2425051104
02/06/2017,29.65999984741211,30.328400077819825,31.4239079652,29.2328921905
02/07/2017,29.559999465942383,30.32650007247925,31.4230003448,29.2299998002
02/08/2017,29.43000030517578,30.32510005950928,31.4224883705,29.2277117485
02/09/2017,29.59000015258789,30.321900062561035,31.4214251873,29.2223749378
02/10/2017,29.719999313354492,30.321000061035157,31.4210869266,29.2209131955
02/13/2017,30.040000915527344,30.323900051116944,31.4220147606,29.2257853416
02/14/2017,30.280000686645508,30.327600059509276,31.4241274694,29.2310726497
02/15/2017,30.350000381469727,30.331900062561036,31.4273887722,29.2364113529
02/16/2017,30.450000762939453,30.33500005722046,31.4300969151,29.2399031993
02/17/2017,30.3700008392334,30.340600070953368,31.434838511,29.2463616309
02/21/2017,30.520000457763672,30.348900070190428,31.4401781867,29.2576219536
02/22/2017,30.329999923706055,30.3553000831604,31.4456858132,29.2649143531
02/23/2017,30.020000457763672,30.359600086212158,31.449029279,29.2701708934
02/24/2017,30.190000534057617,30.36450008392334,31.4512856578,29.27771451
02/27/2017,29.940000534057617,30.370200080871584,31.454558003,29.2858421587
02/28/2017,29.809999465942383,30.373200092315674,31.4559474725,29.2904527122
03/01/2017,30.190000534057617,30.376300086975096,31.456984798,29.2956153759
03/02/2017,30.190000534057617,30.383200092315676,31.4604650975,29.3059350871
03/03/2017,30.1200008392334,30.392400093078614,31.464032669,29.3207675171
03/06/2017,30.0,30.402800102233886,31.4666639512,29.3389362533
03/07/2017,29.860000610351562,30.414200096130372,31.4675264965,29.3608736957
03/08/2017,29.799999237060547,30.423600101470946,31.4677041094,29.3794960935
03/09/2017,29.65999984741211,30.43260009765625,31.4673693355,29.3978308598
03/10/2017,30.280000686645508,30.441500091552733,31.4657046129,29.4172955702
03/13/2017,29.860000610351562,30.455400104522706,31.4678184802,29.4429817288
03/14/2017,29.540000915527344,30.465500106811522,31.4668296631,29.4641705505
03/15/2017,29.760000228881836,30.471100120544435,31.4656492085,29.4765510326
03/16/2017,29.75,30.47810012817383,31.4651277206,29.4910725357
03/17/2017,29.8799991607666,30.484900131225587,31.4645179434,29.5052823191
03/20/2017,29.739999771118164,30.49390012741089,31.4637361197,29.5240641351
03/21/2017,29.389999389648438,30.50210012435913,31.4620098366,29.5421904121
03/22/2017,29.530000686645508,30.509500122070314,31.4578865483,29.5611136959
03/23/2017,29.6200008392334,30.516100120544433,31.4553060968,29.5768941443
03/24/2017,29.719999313354492,30.526000137329103,31.4503734528,29.6016268218
03/27/2017,29.440000534057617,30.5310001373291,31.4496301054,29.6123701693
03/28/2017,29.6200008392334,30.53440013885498,31.4483446976,29.6204555801
03/29/2017,29.68000030517578,30.54180015563965,31.4452550417,29.6383452696
03/30/2017,29.8700008392334,30.553700160980224,31.4376782504,29.6697220715
03/31/2017,29.799999237060547,30.569600162506102,31.4264209181,29.7127794069
04/03/2017,29.8799991607666,30.583200149536133,31.4165834693,29.7498168298
04/04/2017,30.020000457763672,30.588900146484374,31.415477296,29.7623229969
04/05/2017,29.969999313354492,30.594900150299072,31.4151238874,29.7746764132
04/06/2017,29.93000030517578,30.59830015182495,31.4152151353,29.7813851683
04/07/2017,29.989999771118164,30.593500156402587,31.4129138048,29.774086508
04/10/2017,30.010000228881836,30.586300163269044,31.407819058,29.7647812686
04/11/2017,30.040000915527344,30.58130016326904,31.4047874393,29.7578128873
04/12/2017,29.770000457763672,30.574200172424316,31.3992615861,29.7491387588
04/13/2017,29.559999465942383,30.56450017929077,31.3932490696,29.735751289
04/17/2017,29.639999389648438,30.55220016479492,31.3866192105,29.7177811191
04/18/2017,29.84000015258789,30.541900157928467,31.381144692,29.7026556238
04/19/2017,30.0,30.531600151062012,31.3730723333,29.6901279688
04/20/2017,30.270000457763672,30.519800148010255,31.3603701647,29.6792301313
04/21/2017,29.549999237060547,30.50910015106201,31.3459634502,29.6722368519
04/24/2017,29.549999237060547,30.490200138092042,31.3271684537,29.6532318225
04/25/2017,29.450000762939453,30.473200130462647,31.311826257,29.6345740039
04/26/2017,29.260000228881836,30.457200145721437,31.2999220322,29.6144782592
04/27/2017,29.079999923706055,30.442200145721436,31.2927124475,29.5916878439
04/28/2017,28.989999771118164,30.41910015106201,31.2749098414,29.5632904607
05/01/2017,28.940000534057617,30.395600147247315,31.258038949,29.5331613455
05/02/2017,28.989999771118164,30.373900146484374,31.2453436724,29.5024566206
05/03/2017,29.229999542236328,30.35210014343262,31.2305946683,29.4736056186
05/04/2017,29.200000762939453,30.328400135040283,31.2048757407,29.4519245293
05/05/2017,29.219999313354492,30.305100135803222,31.1802921205,29.4299081512
05/08/2017,29.06999969482422,30.279500122070313,31.1485954971,29.410404747
05/09/2017,28.93000030517578,30.25160011291504,31.1142689111,29.3889313148
05/10/2017,28.700000762939453,30.223500118255615,31.0829887864,29.3640114501
05/11/2017,28.8700008392334,30.195500125885008,31.0585486497,29.3324516021
05/12/2017,28.270000457763672,30.171600131988527,31.0379253733,29.3052748907
05/15/2017,28.18000030517578,30.136800136566162,31.0088986033,29.2647016698
05/16/2017,28.040000915527344,30.099400138854982,30.9744142024,29.2243860753
05/17/2017,27.40999984741211,30.057300148010253,30.9291015338,29.1854987622
05/18/2017,27.479999542236328,30.010100135803224,30.8960634041,29.1241368675
05/19/2017,28.049999237060547,29.966700134277342,30.8690881211,29.0643121475
05/22/2017,28.18000030517578,29.928400135040285,30.8300472281,29.026753042
05/23/2017,28.280000686645508,29.891200141906737,30.7874593764,28.9949409074
05/24/2017,27.829999923706055,29.8570001411438,30.7488258053,28.965174477
05/25/2017,27.489999771118164,29.818200149536132,30.7129620307,28.9234382684
05/26/2017,27.450000762939453,29.777100143432616,30.6833929564,28.8708073305
05/30/2017,27.360000610351562,29.734700145721437,30.6496487449,28.8197515465
05/31/2017,27.3799991607666,29.691300144195555,30.6148884143,28.7677118741
06/01/2017,27.719999313354492,29.649900131225586,30.583324475,28.7164757874
06/02/2017,27.8799991607666,29.611000118255614,30.5429835019,28.6790167346
06/05/2017,27.979999542236328,29.575200119018554,30.5042249082,28.6461753299
06/06/2017,27.93000030517578,29.541300106048585,30.4660548846,28.6165453275
06/07/2017,27.68000030517578,29.505900115966796,30.4238774062,28.5879228257
06/08/2017,27.59000015258789,29.46880012512207,30.3848496306,28.5527506196
06/09/2017,27.940000534057617,29.431100120544432,30.3461181022,28.5160821389
06/12/2017,28.940000534057617,29.397800121307373,30.3058569764,28.4897432662
06/13/2017,28.450000762939453,29.374900131225587,30.2651636315,28.4846366309
06/14/2017,28.690000534057617,29.347300148010255,30.2229061368,28.4716941592
06/15/2017,28.940000534057617,29.328900146484376,30.1987736487,28.4590266443
06/16/2017,29.0,29.32080015182495,30.1904860021,28.4511143016
06/19/2017,28.799999237060547,29.31080015182495,30.1783654123,28.4432348914
06/20/2017,28.1299991607666,29.295100135803224,30.1575461372,28.4326541344
06/21/2017,27.780000686645508,29.273200130462648,30.1371468342,28.4092534267
06/22/2017,27.549999237060547,29.250900135040283,30.1242696554,28.3775306147
06/23/2017,27.56999969482422,29.226800136566162,30.1134206499,28.3401796233
06/26/2017,27.610000610351562,29.20550012588501,30.1059738528,28.305026399
06/27/2017,27.209999084472656,29.18470012664795,30.0976782608,28.2717219925
06/28/2017,27.079999923706055,29.16000011444092,30.0924486129,28.227551616
06/29/2017,27.020000457763672,29.133800106048582,30.087278875,28.1803213371
06/30/2017,27.010000228881836,29.1074001121521,30.0822526297,28.1325475946
07/03/2017,27.450000762939453,29.081900119781494,30.0777061161,28.0860941235
07/05/2017,27.350000381469727,29.06210012435913,30.0703941093,28.0538061394
07/06/2017,26.309999465942383,29.03970012664795,30.0608176866,28.0185825667
07/07/2017,26.149999618530273,29.00560012817383,30.0598310556,27.9513692007
07/10/2017,26.040000915527344,28.966700115203857,30.0533161146,27.8800841158
07/11/2017,26.3799991607666,28.924300117492677,30.0411459746,27.8074542604
07/12/2017,26.579999923706055,28.884600105285646,30.0204597087,27.7487405018
07/13/2017,26.790000915527344,28.84590009689331,29.9936310653,27.6981691285
07/14/2017,26.780000686645508,28.81010009765625,29.965540758,27.6546594373
07/17/2017,26.81999969482422,28.77270009994507,29.9327086359,27.612691564
07/18/2017,26.889999389648438,28.73760009765625,29.9030469453,27.57215325
07/19/2017,26.940000534057617,28.706300086975098,29.8788944077,27.5337057663
07/20/2017,26.690000534057617,28.6738000869751,29.8498552141,27.4977449599
07/21/2017,25.90999984741211,28.641300086975097,29.8267836941,27.4558164798
07/24/2017,25.43000030517578,28.602300090789797,29.8125859292,27.3920142523
07/25/2017,25.440000534057617,28.554700088500976,29.7948424121,27.3145577649
07/26/2017,25.59000015258789,28.507200088500976,29.7744680912,27.2399320859
07/27/2017,25.790000915527344,28.46190008163452,29.7514757452,27.1723244181
07/28/2017,25.530000686645508,28.419800090789796,29.7270743239,27.1125258576
07/31/2017,25.610000610351562,28.376500091552735,29.7068604417,27.0461397414
08/01/2017,25.440000534057617,28.334600105285645,29.685294278,26.9839059326
08/02/2017,25.520000457763672,28.292400112152098,29.6667414565,26.9180587678
08/03/2017,25.760000228881836,28.24480010986328,29.6318490666,26.8577511531
08/04/2017,25.780000686645508,28.203800106048583,29.6030418243,26.8045583878
08/07/2017,25.6299991607666,28.166200103759767,29.5794790345,26.752921173
08/08/2017,25.559999465942383,28.12490009307861,29.5512846167,26.6985155695
08/09/2017,25.709999084472656,28.083000087738036,29.5225121071,26.6434880684
08/10/2017,25.299999237060547,28.0413000869751,29.4885302845,26.5940698894
08/11/2017,25.200000762939453,27.99690008163452,29.4593621774,26.5344379859
08/14/2017,25.360000610351562,27.95500009536743,29.4368431957,26.4731569951
08/15/2017,25.139999389648438,27.91330009460449,29.4088448243,26.4177553649
08/16/2017,25.100000381469727,27.868500080108642,29.3792716349,26.3577285253
08/17/2017,24.75,27.822300090789795,29.3463281954,26.2982719862
08/18/2017,24.549999237060547,27.77540008544922,29.3209364921,26.2298636788
08/21/2017,24.489999771118164,27.72470006942749,29.2919010392,26.1574990997
08/22/2017,24.600000381469727,27.672800064086914,29.2601960888,26.0854040394
08/23/2017,24.389999389648438,27.620100059509276,29.2210975345,26.0191025845
08/24/2017,24.299999237060547,27.566000061035155,29.1837398437,25.9482602784
08/25/2017,24.489999771118164,27.510200061798095,29.1433228557,25.8770772679
08/28/2017,24.469999313354492,27.45490005493164,29.0957099424,25.8140901674
08/29/2017,24.440000534057617,27.399900054931642,29.0476473561,25.7521527538
08/30/2017,24.280000686645508,27.34500005722046,28.998981054,25.6910190605
08/31/2017,24.549999237060547,27.287900066375734,28.9481333949,25.6276667378
09/01/2017,25.139999389648438,27.23330005645752,28.8928952664,25.5737048466
09/05/2017,24.75,27.184300041198732,28.8326017851,25.5359982973
09/06/2017,24.920000076293945,27.134100036621092,28.7793289869,25.4888710863
09/07/2017,24.020000457763672,27.08770004272461,28.7292839868,25.4461160987
09/08/2017,23.81999969482422,27.03150005340576,28.680925679,25.3820744278
09/11/2017,23.719999313354492,26.971300048828127,28.6269695422,25.3156305554
09/12/2017,23.90999984741211,26.90850004196167,28.5671974108,25.2498026731
09/13/2017,24.110000610351562,26.844900035858153,28.4953985013,25.1944015705
09/14/2017,24.260000228881836,26.790500049591063,28.4405930644,25.1404070348
09/15/2017,23.93000030517578,26.737600059509276,28.3831681937,25.0920319253
09/18/2017,24.459999084472656,26.68240005493164,28.3286389294,25.0361611804
09/19/2017,24.200000762939453,26.63440004348755,28.2747502698,24.9940498172
09/20/2017,24.31999969482422,26.585600051879883,28.2250575343,24.9461425695
09/21/2017,24.75,26.538900051116944,28.1757134236,24.9020866787
09/22/2017,24.8700008392334,26.497000045776367,28.1254198947,24.8685801968
09/25/2017,25.110000610351562,26.45580005645752,28.072702822,24.8388972909
09/26/2017,24.93000030517578,26.41460006713867,28.0126698553,24.816530279
09/27/2017,24.3700008392334,26.371900062561036,27.9519189079,24.7918812173
09/28/2017,24.239999771118164,26.323400077819823,27.8896269498,24.7571732058
09/29/2017,24.18000030517578,26.275100078582764,27.8303174905,24.7198826666
10/02/2017,24.56999969482422,26.227600078582764,27.7735154795,24.6816846776
10/03/2017,24.799999237060547,26.186300067901612,27.720737253,24.6518628828
10/04/2017,24.479999542236328,26.14560005187988,27.6621872684,24.6290128354
10/05/2017,24.540000915527344,26.10770004272461,27.6180681615,24.5973319239
10/06/2017,24.389999389648438,26.071300048828125,27.5751349522,24.5674651455
10/09/2017,23.43000030517578,26.034800033569336,27.534699048,24.5349010192
10/10/2017,23.360000610351562,25.995000038146973,27.5106025866,24.4793974897
10/11/2017,23.06999969482422,25.953800048828125,27.4843991571,24.4232009406
10/12/2017,23.049999237060547,25.904000053405763,27.4465551173,24.3614449895
10/13/2017,22.979999542236328,25.85270004272461,27.4039884972,24.3014115882
10/16/2017,23.360000610351562,25.79970003128052,27.3576772665,24.2417227961
10/17/2017,23.190000534057617,25.755000038146974,27.3182003235,24.1917997528
10/18/2017,23.1200008392334,25.712000045776367,27.2859873763,24.1380127153
10/19/2017,23.579999923706055,25.668700046539307,27.2537992108,24.0836008823
10/20/2017,23.829999923706055,25.630900039672852,27.2202811224,24.0415189569
10/23/2017,22.31999969482422,25.595400047302245,27.184963167,24.0058369276
10/24/2017,21.889999389648438,25.541400051116945,27.1494852996,23.9333148027
10/25/2017,21.5,25.48150005340576,27.1127532424,23.8502468644
10/26/2017,21.31999969482422,25.416700057983398,27.0758824943,23.7575176217
10/27/2017,20.790000915527344,25.350600051879884,27.0397358971,23.6614642067
10/30/2017,20.40999984741211,25.2817000579834,27.0143749507,23.5490251653
10/31/2017,20.15999984741211,25.20990005493164,26.9934524594,23.4263476505
11/01/2017,20.020000457763672,25.132100048065187,26.9638988288,23.3003012673
11/02/2017,19.940000534057617,25.042900047302247,26.9040461174,23.1817539772
11/03/2017,20.139999389648438,24.95780004501343,26.8554130628,23.0601870272
11/06/2017,20.1299991607666,24.872300033569335,26.7923114242,22.952288643
11/07/2017,20.209999084472656,24.784200019836426,26.7176204163,22.8507796233
11/08/2017,20.1200008392334,24.696300010681153,26.6358596167,22.7567404047
11/09/2017,19.989999771118164,24.609500026702882,26.5576732469,22.6613268066
11/10/2017,20.489999771118164,24.528100032806396,26.497417585,22.5587824806
11/13/2017,19.020000457763672,24.455200023651123,26.4376760433,22.472724004
11/14/2017,17.899999618530273,24.369900035858155,26.4003116203,22.3394884514
11/15/2017,18.260000228881836,24.273200035095215,26.377816401,22.1685836691
11/16/2017,18.25,24.179700031280518,26.3409291111,22.0184709515
11/17/2017,18.209999084472656,24.09010004043579,26.3088089619,21.871391119
11/20/2017,17.979999542236328,24.001400032043456,26.2754190395,21.7273810246
11/21/2017,17.829999923706055,23.911000022888185,26.2421892983,21.5798107475
11/22/2017,18.149999618530273,23.819200019836426,26.2066178292,21.4317822105
11/24/2017,18.190000534057617,23.726200008392333,26.1512125828,21.301187434
11/27/2017,18.1200008392334,23.634600009918213,26.0937606759,21.175439344
11/28/2017,18.40999984741211,23.552700023651123,26.057354489,21.0480455583
11/29/2017,18.479999542236328,23.47530002593994,26.0178021853,20.9327978666
11/30/2017,18.290000915527344,23.39970001220703,25.9769767205,20.822423304
12/01/2017,17.8799991607666,23.318800029754637,25.9280295793,20.7095704802
12/04/2017,17.950000762939453,23.231800022125245,25.8756534867,20.5879465575
12/05/2017,17.760000228881836,23.143400020599366,25.8144508775,20.4723491637
12/06/2017,17.65999984741211,23.05320001602173,25.7520771767,20.3543228553
12/07/2017,17.709999084472656,22.961600017547607,25.6863982947,20.2368017404
12/08/2017,17.709999084472656,22.86980001449585,25.6152632392,20.1243367898
12/11/2017,17.649999618530273,22.7775,25.5396765257,20.0153234743
12/12/2017,17.90999984741211,22.687099990844725,25.4676184667,19.906581515
12/13/2017,17.760000228881836,22.607099990844727,25.4087457603,19.8054542214
12/14/2017,17.639999389648438,22.530399990081786,25.3585782424,19.7022217378
12/15/2017,17.81999969482422,22.452399978637697,25.3066968539,19.5981031034
12/18/2017,17.760000228881836,22.374699974060057,25.2482203475,19.5011796006
12/19/2017,17.59000015258789,22.294399967193602,25.1835145336,19.4052854008
12/20/2017,17.450000762939453,22.214999961853028,25.1231439185,19.3068560052
12/21/2017,17.469999313354492,22.133399963378906,25.0595637648,19.207236162
12/22/2017,17.5,22.053699951171875,24.9972045772,19.1101953251
12/26/2017,17.43000030517578,21.973499946594238,24.9306940362,19.016305857
12/27/2017,17.3799991607666,21.89019994735718,24.8568674446,18.9235324501
12/28/2017,17.360000610351562,21.806199932098387,24.780451712,18.8319481522
12/29/2017,17.450000762939453,21.723499946594238,24.7052455497,18.7417543435
01/02/2018,17.979999542236328,21.64239995956421,24.6289816679,18.6558182512
01/03/2018,18.149999618530273,21.565099964141847,24.5454310117,18.5847689166
01/04/2018,18.530000686645508,21.49359996795654,24.4692335613,18.5179663747
01/05/2018,18.540000915527344,21.426899967193602,24.3934470391,18.4603528953
01/08/2018,18.280000686645508,21.35869997024536,24.3124093915,18.404990549
01/09/2018,18.559999465942383,21.29009998321533,24.234840214,18.3453597525
01/10/2018,18.93000030517578,21.22469997406006,24.1566957011,18.292704247
01/11/2018,19.020000457763672,21.166499977111815,24.0856763621,18.2473235921
01/12/2018,18.760000228881836,21.11119998931885,24.0181101371,18.2042898415
01/16/2018,18.209999084472656,21.053899993896483,23.9500978189,18.1577021689
01/17/2018,17.350000381469727,20.989999980926513,23.8777340535,18.1022659083
01/18/2018,16.770000457763672,20.919599990844727,23.8094006633,18.0297993184
01/19/2018,16.260000228881836,20.844300003051757,23.7431271125,17.9454728936
01/22/2018,16.170000076293945,20.762000007629396,23.6729572552,17.85104276
01/23/2018,16.889999389648438,20.67900001525879,23.601354399,17.7566456316
01/24/2018,16.440000534057617,20.6035000038147,23.525240735,17.6817592726
01/25/2018,16.18000030517578,20.52510000228882,23.452317631,17.5978823736
01/26/2018,16.1299991607666,20.44140001296997,23.3719969032,17.5108031227
01/29/2018,16.280000686645508,20.351300010681154,23.274550519,17.4280495023
01/30/2018,15.949999809265137,20.266600017547606,23.1838741925,17.3493258426
01/31/2018,16.170000076293945,20.17690001487732,23.0876098207,17.266190209
02/01/2018,16.020000457763672,20.098400011062623,23.0102598264,17.1865401957
02/02/2018,15.640000343322754,20.020400018692015,22.9359915492,17.1048084882
02/05/2018,14.90999984741211,19.9396000289917,22.8634936655,17.0157063924
02/06/2018,15.270000457763672,19.8496000289917,22.7883722268,16.9108278312
02/07/2018,15.25,19.76120002746582,22.7034414624,16.8189585925
02/08/2018,14.449999809265137,19.671100025177,22.6121515166,16.7300485337
02/09/2018,14.9399995803833,19.576300020217897,22.5312980563,16.6213019841
02/12/2018,14.819999694824219,19.481100025177003,22.4305742167,16.5316258337
02/13/2018,14.670000076293945,19.38730001449585,22.3343626004,16.4402374285
02/14/2018,14.899999618530273,19.29080001831055,22.232751677,16.3488483596
02/15/2018,14.850000381469727,19.19230001449585,22.1146517983,16.2699482307
02/16/2018,15.050000190734863,19.092100009918212,21.9897357189,16.194464301
02/20/2018,14.739999771118164,18.991500005722045,21.8528645009,16.1301355106
02/21/2018,14.489999771118164,18.88960000038147,21.7189316966,16.0602683041
02/22/2018,14.619999885559082,18.790799989700318,21.5994603988,15.9821395806
02/23/2018,14.489999771118164,18.694599990844726,21.4796200637,15.909579918
02/26/2018,14.649999618530273,18.59769998550415,21.3586486738,15.8367512972
02/27/2018,14.5,18.498499984741212,21.221027627,15.7759723425
02/28/2018,14.109999656677246,18.395499992370606,21.0721282552,15.7188717295
03/01/2018,14.020000457763672,18.291799993515014,20.9313130075,15.6522869795
03/02/2018,14.119999885559082,18.186599988937378,20.7842998321,15.5889001458
03/05/2018,14.420000076293945,18.083899993896484,20.6369467833,15.5308532045
03/06/2018,14.640000343322754,17.993799991607666,20.5153795837,15.4722203995
03/07/2018,14.510000228881836,17.906599988937376,20.3916107392,15.4215892387
03/08/2018,14.520000457763672,17.820999994277955,20.2738988923,15.3681010963
03/09/2018,14.9399995803833,17.735700006484986,20.1533390541,15.3180609589
03/12/2018,15.100000381469727,17.655300006866455,20.0305151628,15.2800848509
03/13/2018,14.430000305175781,17.572700004577637,19.8910364229,15.2543635862
03/14/2018,14.270000457763672,17.485100002288817,19.7545129109,15.2156870936
03/15/2018,14.359999656677246,17.39659999847412,19.6165662765,15.1766337204
03/16/2018,14.3100004196167,17.304399995803834,19.4560538958,15.1527460959
03/19/2018,14.069999694824219,17.20920000076294,19.2790746854,15.1393253161
03/20/2018,13.640000343322754,17.126700000762938,19.1552260693,15.0981739323
03/21/2018,13.880000114440918,17.044200010299683,19.0448979626,15.0435020579
03/22/2018,13.350000381469727,16.96800001144409,18.9424786594,14.9935213635
03/23/2018,13.069999694824219,16.888300018310545,18.8462872611,14.9303127755
03/26/2018,12.890000343322754,16.811100006103516,18.7659185848,14.8562814274
03/27/2018,13.4399995803833,16.735900011062622,18.6954637537,14.7763362684
03/28/2018,13.680000305175781,16.668700008392335,18.6249104318,14.712489585
03/29/2018,13.479999542236328,16.605300006866454,18.5545949493,14.6560050644
04/02/2018,13.119999885559082,16.54069999694824,18.485449432,14.5959505619
04/03/2018,13.130000114440918,16.47050000190735,18.410753763,14.5302462409
04/04/2018,13.279999732971191,16.40050001144409,18.3337239283,14.4672760946
04/05/2018,13.430000305175781,16.331200017929078,18.2507845072,14.4116155286
04/06/2018,13.0600004196167,16.2643000125885,18.1671790108,14.3614210144
04/09/2018,12.829999923706055,16.195000019073486,18.087092238,14.3029078002
04/10/2018,13.050000190734863,16.118400020599367,17.9900055968,14.2467944444
04/11/2018,12.970000267028809,16.058700017929077,17.93201293,14.1853871059
04/12/2018,13.180000305175781,16.009400024414063,17.898412358,14.1203876908
04/13/2018,13.489999771118164,15.958600025177002,17.8546986438,14.0625014066
04/16/2018,13.329999923706055,15.911000022888183,17.8087246986,14.0132753471
04/17/2018,13.789999961853027,15.862200031280517,17.7629207246,13.9614793379
04/18/2018,13.65999984741211,15.820300035476684,17.7200560535,13.9205440175
04/19/2018,13.989999771118164,15.778600034713746,17.679550868,13.8776492014
04/20/2018,14.539999961853027,15.737000036239625,17.6311064377,13.8428936348
04/23/2018,14.520000457763672,15.700500030517578,17.5821117829,13.8188882781
04/24/2018,14.680000305175781,15.66450002670288,17.5338749857,13.7951250677
04/25/2018,14.050000190734863,15.627200031280518,17.4785471495,13.7758529131
04/26/2018,14.380000114440918,15.582900037765503,17.4183876039,13.7474124716
04/27/2018,14.380000114440918,15.543800029754639,17.3627754352,13.7248246244
04/30/2018,14.069999694824219,15.508800039291382,17.316121971,13.7014781076
05/01/2018,14.050000190734863,15.47000002861023,17.266110821,13.6738892362
05/02/2018,14.180000305175781,15.43290002822876,17.2196178444,13.646182212
05/03/2018,13.930000305175781,15.398100032806397,17.174964506,13.6212355596
05/04/2018,14.100000381469727,15.360300045013428,17.1277623255,13.5928377645
05/07/2018,14.069999694824219,15.324200057983399,17.0801306946,13.5682694214
05/08/2018,14.270000457763672,15.288400058746339,17.0330053179,13.5437947996
05/09/2018,14.619999885559082,15.252000064849854,16.9794160754,13.5245840543
05/10/2018,14.6899995803833,15.220600061416626,16.9305923735,13.5106077493
05/11/2018,14.600000381469727,15.191100063323974,16.8844647302,13.4977353964
05/14/2018,14.710000038146973,15.15890007019043,16.8324680883,13.4853320521
05/15/2018,14.710000038146973,15.128400068283081,16.7819591247,13.4748410119
05/16/2018,15.029999732971191,15.099600067138672,16.7350155951,13.4641845392
05/17/2018,15.029999732971191,15.075400056838989,16.6936716398,13.4571284738
05/18/2018,14.970000267028809,15.051000061035156,16.6512772597,13.4507228624
05/21/2018,15.260000228881836,15.025700063705445,16.6069453404,13.444454787
05/22/2018,15.289999961853027,15.004000062942504,16.566884609,13.4411155169
05/23/2018,14.180000305175781,14.98310007095337,16.5279416606,13.4382584813
05/24/2018,14.600000381469727,14.951300067901611,16.4795269579,13.4230731779
05/25/2018,14.630000114440918,14.922800064086914,16.4306011916,13.4149989365
05/29/2018,14.180000305175781,14.88930006980896,16.3656925048,13.4129076348
05/30/2018,14.170000076293945,14.849600076675415,16.2907343448,13.4084658085
05/31/2018,14.079999923706055,14.8060000705719,16.2003214444,13.4116786968
06/01/2018,14.100000381469727,14.761400060653687,16.1060137864,13.4167863349
06/04/2018,13.710000038146973,14.719600057601928,16.0183717169,13.4208283983
06/05/2018,13.800000190734863,14.671100063323975,15.9149496601,13.4272504665
06/06/2018,13.640000343322754,14.619800062179566,15.7905844003,13.449015724
06/07/2018,13.779999732971191,14.566000061035156,15.6540368095,13.4779633126
06/08/2018,13.930000305175781,14.51620005607605,15.5219960178,13.5104040943
06/11/2018,13.979999542236328,14.47340006828308,15.4097699026,13.537030234
06/12/2018,13.979999542236328,14.439700059890747,15.3315178233,13.5478822965
06/13/2018,13.890000343322754,14.411800050735474,15.2734094511,13.5501906503
06/14/2018,13.640000343322754,14.388100051879883,15.2309365599,13.5452635439
06/15/2018,13.300000190734863,14.36280005455017,15.1895879017,13.5360122074
06/18/2018,13.199999809265137,14.326900062561036,15.1204474181,13.533352707
06/19/2018,12.949999809265137,14.29450005531311,15.0669731945,13.5220269161
06/20/2018,12.880000114440918,14.262200050354004,15.0225928157,13.501807285
06/21/2018,12.760000228881836,14.229700059890748,14.9789389669,13.4804611529
06/22/2018,13.050000190734863,14.19450005531311,14.9291310843,13.4598690263
06/25/2018,12.75,14.165500059127808,14.8873883846,13.4436117336
06/26/2018,13.739999771118164,14.131300058364868,14.8382719923,13.4243281244
06/27/2018,13.960000038146973,14.108500051498414,14.7905181907,13.4264819122
06/28/2018,13.829999923706055,14.091700048446656,14.7562541044,13.4271459925
