08/06/2013,14.270000457763672,0,0,0
08/07/2013,14.210000038146973,0,0,0
08/08/2013,14.229999542236328,0,0,0
08/09/2013,14.25,0,0,0
08/12/2013,14.1899995803833,0,0,0
08/13/2013,14.15999984741211,0,0,0
08/14/2013,14.100000381469727,0,0,0
08/15/2013,13.979999542236328,0,0,0
08/16/2013,14.0,0,0,0
08/19/2013,13.890000343322754,0,0,0
08/20/2013,13.819999694824219,0,0,0
08/21/2013,13.760000228881836,0,0,0
08/22/2013,13.84000015258789,0,0,0
08/23/2013,13.8100004196167,0,0,0
08/26/2013,13.84000015258789,0,0,0
08/27/2013,13.850000381469727,0,0,0
08/28/2013,13.970000267028809,0,0,0
08/29/2013,13.960000038146973,0,0,0
08/30/2013,14.050000190734863,0,0,0
09/03/2013,14.0600004196167,0,0,0
09/04/2013,14.050000190734863,0,0,0
09/05/2013,13.930000305175781,0,0,0
09/06/2013,13.920000076293945,0,0,0
09/09/2013,13.619999885559082,0,0,0
09/10/2013,13.8100004196167,0,0,0
09/11/2013,13.600000381469727,0,0,0
09/12/2013,13.489999771118164,0,0,0
09/13/2013,13.430000305175781,0,0,0
09/16/2013,13.550000190734863,0,0,0
09/17/2013,13.59000015258789,0,0,0
09/18/2013,13.800000190734863,0,0,0
09/19/2013,13.760000228881836,0,0,0
09/20/2013,13.699999809265137,0,0,0
09/23/2013,13.739999771118164,0,0,0
09/24/2013,13.819999694824219,0,0,0
09/25/2013,13.850000381469727,0,0,0
09/26/2013,13.779999732971191,0,0,0
09/27/2013,13.770000457763672,0,0,0
09/30/2013,14.119999885559082,0,0,0
10/01/2013,13.960000038146973,0,0,0
10/02/2013,13.960000038146973,0,0,0
10/03/2013,13.9399995803833,0,0,0
10/04/2013,13.829999923706055,0,0,0
10/07/2013,13.819999694824219,0,0,0
10/08/2013,13.699999809265137,0,0,0
10/09/2013,13.710000038146973,0,0,0
10/10/2013,13.779999732971191,0,0,0
10/11/2013,13.84000015258789,0,0,0
10/14/2013,13.710000038146973,0,0,0
10/15/2013,13.710000038146973,0,0,0
10/16/2013,13.760000228881836,0,0,0
10/17/2013,13.850000381469727,0,0,0
10/18/2013,13.890000343322754,0,0,0
10/21/2013,13.899999618530273,0,0,0
10/22/2013,14.029999732971191,0,0,0
10/23/2013,14.069999694824219,0,0,0
10/24/2013,14.079999923706055,0,0,0
10/25/2013,14.15999984741211,0,0,0
10/28/2013,14.149999618530273,0,0,0
10/29/2013,14.149999618530273,0,0,0
10/30/2013,14.229999542236328,0,0,0
10/31/2013,14.279999732971191,0,0,0
11/01/2013,14.319999694824219,0,0,0
11/04/2013,14.319999694824219,0,0,0
11/05/2013,14.300000190734863,0,0,0
11/06/2013,14.350000381469727,0,0,0
11/07/2013,14.329999923706055,0,0,0
11/08/2013,14.260000228881836,0,0,0
11/11/2013,14.300000190734863,0,0,0
11/12/2013,14.199999809265137,0,0,0
11/13/2013,14.239999771118164,0,0,0
11/14/2013,14.220000267028809,0,0,0
11/15/2013,14.100000381469727,0,0,0
11/18/2013,14.140000343322754,0,0,0
11/19/2013,14.1899995803833,0,0,0
11/20/2013,14.039999961853027,0,0,0
11/21/2013,14.140000343322754,0,0,0
11/22/2013,14.130000114440918,0,0,0
11/25/2013,14.130000114440918,0,0,0
11/26/2013,14.15999984741211,0,0,0
11/27/2013,14.140000343322754,0,0,0
11/29/2013,14.149999618530273,0,0,0
12/02/2013,14.119999885559082,0,0,0
12/03/2013,14.020000457763672,0,0,0
12/04/2013,14.010000228881836,0,0,0
12/05/2013,13.989999771118164,0,0,0
12/06/2013,13.960000038146973,0,0,0
12/09/2013,13.949999809265137,0,0,0
12/10/2013,13.869999885559082,0,0,0
12/11/2013,13.84000015258789,0,0,0
12/12/2013,13.760000228881836,0,0,0
12/13/2013,13.739999771118164,0,0,0
12/16/2013,13.859999656677246,0,0,0
12/17/2013,13.829999923706055,0,0,0
12/18/2013,13.890000343322754,0,0,0
12/19/2013,13.869999885559082,0,0,0
12/20/2013,13.869999885559082,0,0,0
12/23/2013,14.180000305175781,0,0,0
12/24/2013,14.140000343322754,0,0,0
12/26/2013,14.319999694824219,0,0,0
12/27/2013,14.40999984741211,13.974600019454956,14.1855664251,13.7636336138
12/30/2013,14.430000305175781,13.97600001335144,14.18937288,13.7626271467
12/31/2013,14.300000190734863,13.978200016021729,14.1950795742,13.7613204579
01/02/2014,14.489999771118164,13.978900022506714,14.1967021718,13.7610978732
01/03/2014,14.529999732971191,13.981300020217896,14.203356981,13.7592430595
01/06/2014,14.34000015258789,13.984700021743775,14.2124562346,13.7569438089
01/07/2014,14.399999618530273,13.986500024795532,14.2163363448,13.7566637047
01/08/2014,14.369999885559082,13.989500017166138,14.2227310826,13.7562689517
01/09/2014,14.359999656677246,13.993400020599365,14.2296804023,13.7571196389
01/10/2014,14.420000076293945,13.997000017166137,14.2360794519,13.7579205824
01/13/2014,14.449999809265137,14.00230001449585,14.2447988544,13.7598011746
01/14/2014,14.40999984741211,14.008600015640258,14.2544414571,13.7627585742
01/15/2014,14.40999984741211,14.015100011825561,14.2628679761,13.7673320476
01/16/2014,14.470000267028809,14.020800008773804,14.2710185799,13.7705814377
01/17/2014,14.539999961853027,14.027400007247925,14.2806572231,13.7741427914
01/21/2014,14.680000305175781,14.034400005340576,14.2920171971,13.7767828135
01/22/2014,14.619999885559082,14.042700004577636,14.3075125662,13.777887443
01/23/2014,14.8100004196167,14.049200000762939,14.3200566821,13.7783433194
01/24/2014,14.789999961853027,14.057700004577637,14.3387688542,13.776631155
01/27/2014,14.779999732971191,14.065100002288819,14.355456641,13.7747433636
01/28/2014,14.65999984741211,14.072299995422362,14.3712409494,13.7733590415
01/29/2014,14.34000015258789,14.078399991989135,14.3829938565,13.7738061274
01/30/2014,14.359999656677246,14.082499990463257,14.3878272479,13.7771727331
01/31/2014,14.420000076293945,14.08689998626709,14.3930231193,13.7807768532
02/03/2014,14.369999885559082,14.094899988174438,14.3991646299,13.7906353465
02/04/2014,14.430000305175781,14.100499982833862,14.404622876,13.7963770897
02/05/2014,14.470000267028809,14.108799982070924,14.4104662717,13.8071336925
02/06/2014,14.460000038146973,14.118599987030029,14.41589114,13.8213088341
02/07/2014,14.489999771118164,14.128899984359741,14.4199322582,13.8378677105
02/10/2014,14.550000190734863,14.138299980163573,14.4256396839,13.8509602764
02/11/2014,14.569999694824219,14.147899980545043,14.4327869563,13.8630130048
02/12/2014,14.600000381469727,14.155599975585938,14.4413842265,13.8698157246
02/13/2014,14.600000381469727,14.163999977111816,14.4503773569,13.8776225973
02/14/2014,14.510000228881836,14.172999982833863,14.4587953739,13.8872045918
02/18/2014,14.550000190734863,14.180699987411499,14.4650949861,13.8963049887
02/19/2014,14.600000381469727,14.187999992370605,14.4724116739,13.9035883108
02/20/2014,14.59000015258789,14.195499992370605,14.4807871467,13.910212838
02/21/2014,14.670000076293945,14.203599996566773,14.4884737396,13.9187262535
02/24/2014,14.720000267028809,14.212599992752075,14.4978494525,13.927350533
02/25/2014,14.850000381469727,14.218599996566773,14.5081169336,13.9290830595
02/26/2014,14.729999542236328,14.2275,14.5225572349,13.9324427651
02/27/2014,14.760000228881836,14.235199995040894,14.5332083465,13.9371916436
02/28/2014,14.75,14.24340000152588,14.5444389648,13.9423610382
03/03/2014,14.930000305175781,14.252600002288819,14.5549197945,13.9502802101
03/04/2014,14.850000381469727,14.263700008392334,14.57028006,13.9571199567
03/05/2014,14.829999923706055,14.27520001411438,14.5819881822,13.968411846
03/06/2014,14.850000381469727,14.28640001296997,14.5927936476,13.9800063783
03/07/2014,14.630000114440918,14.297100019454955,14.6043045288,13.9898955101
03/10/2014,14.680000305175781,14.305000019073486,14.6105012832,13.9994987549
03/11/2014,14.470000267028809,14.314700021743775,14.6165326487,14.0128673947
03/12/2014,14.529999732971191,14.322300024032593,14.6183232252,14.0262768228
03/13/2014,14.489999771118164,14.330000019073486,14.6212731329,14.0387269053
03/14/2014,14.40999984741211,14.336400012969971,14.6240648693,14.0487351566
03/17/2014,14.4399995803833,14.341600008010865,14.6258278609,14.0573721552
03/18/2014,14.520000457763672,14.347000007629395,14.6278968358,14.0661031795
03/19/2014,14.640000343322754,14.35190001487732,14.6314951111,14.0723049187
03/20/2014,14.5,14.357600021362305,14.6372002142,14.0779998286
03/21/2014,14.539999961853027,14.361800022125244,14.6403512512,14.0832487931
03/24/2014,14.619999885559082,14.365600023269653,14.6439642923,14.0872357542
03/25/2014,14.680000305175781,14.370300025939942,14.64895202,14.0916480318
03/26/2014,14.680000305175781,14.375600032806396,14.655050679,14.0961493866
03/27/2014,14.720000267028809,14.38010004043579,14.6607902858,14.0994097951
03/28/2014,14.729999542236328,14.384500045776367,14.6670292915,14.1019708
03/31/2014,14.5,14.388600044250488,14.6731313444,14.1040687441
04/01/2014,14.449999809265137,14.390400047302245,14.6750610039,14.1057390907
04/02/2014,14.510000228881836,14.39190004348755,14.6764758861,14.1073242009
04/03/2014,14.460000038146973,14.39350004196167,14.6782855242,14.1087145597
04/04/2014,14.470000267028809,14.394800043106079,14.6795894052,14.110010681
04/07/2014,14.449999809265137,14.396900043487548,14.6814618322,14.1123382548
04/08/2014,14.520000457763672,14.398400039672852,14.6828424093,14.11395767
04/09/2014,14.569999694824219,14.401600046157837,14.6855920561,14.1176080362
04/10/2014,14.550000190734863,14.404900045394898,14.688912386,14.1208877048
04/11/2014,14.550000190734863,14.408200044631958,14.6919618829,14.1244382063
04/14/2014,14.5600004196167,14.412700042724609,14.6951035367,14.1302965488
04/15/2014,14.619999885559082,14.41690004348755,14.6983381648,14.1354619222
04/16/2014,14.59000015258789,14.421200046539306,14.7024234157,14.1399766774
04/17/2014,14.399999618530273,14.426700048446655,14.7057845035,14.1476155934
04/21/2014,14.449999809265137,14.429300041198731,14.7069086416,14.1516914408
04/22/2014,14.449999809265137,14.432500038146973,14.7084797029,14.1565203734
04/23/2014,14.5600004196167,14.435700035095214,14.7100037642,14.161396306
04/24/2014,14.529999732971191,14.43970004081726,14.7128683692,14.1665317124
04/25/2014,14.5600004196167,14.443600034713745,14.7152414656,14.1719586039
04/28/2014,14.510000228881836,14.447700042724609,14.7179697882,14.1774302972
04/29/2014,14.5600004196167,14.451600046157838,14.719919752,14.1832803404
04/30/2014,14.539999961853027,14.457000045776367,14.721992553,14.1920075386
05/01/2014,14.640000343322754,14.46230004310608,14.7235733491,14.2010267371
05/02/2014,14.619999885559082,14.468800048828125,14.7263007068,14.2112993909
05/05/2014,14.640000343322754,14.475400047302246,14.7281902137,14.2226098809
05/06/2014,14.65999984741211,14.482300052642822,14.7300211391,14.2345789662
05/07/2014,14.670000076293945,14.490200052261352,14.7307618611,14.2496382434
05/08/2014,14.680000305175781,14.498500051498413,14.7306568418,14.2663432612
05/09/2014,14.65999984741211,14.507700052261352,14.728353035,14.2870470695
05/12/2014,14.739999771118164,14.516900053024292,14.7241231547,14.3096769514
05/13/2014,14.75,14.525700054168702,14.7233019959,14.3280981124
05/14/2014,14.779999732971191,14.53490005493164,14.7209780098,14.3488221
05/15/2014,14.789999961853027,14.543800048828125,14.7198329365,14.3677671611
05/16/2014,14.829999923706055,14.553000049591065,14.7172225051,14.388777594
05/19/2014,14.8100004196167,14.562600049972534,14.7141891392,14.4110109608
05/20/2014,14.760000228881836,14.568900051116943,14.7175197192,14.4202803831
05/21/2014,14.760000228881836,14.575100049972534,14.718539964,14.431660136
05/22/2014,14.760000228881836,14.57950005531311,14.7217911925,14.4372089181
05/23/2014,14.779999732971191,14.583000059127807,14.7253834066,14.4406167117
05/27/2014,14.75,14.586500053405763,14.7293803079,14.4436197989
05/28/2014,14.779999732971191,14.591000051498414,14.7318581992,14.4501419038
05/29/2014,14.8100004196167,14.593900051116943,14.7356315084,14.4521685938
05/30/2014,14.770000457763672,14.596700057983398,14.7398996639,14.453500452
06/02/2014,14.75,14.601000061035156,14.742876835,14.4591232871
06/03/2014,14.699999809265137,14.604500064849853,14.7456905992,14.4633095305
06/04/2014,14.699999809265137,14.607800064086915,14.7473177177,14.4682824104
06/05/2014,14.699999809265137,14.611200065612794,14.7487666792,14.473633452
06/06/2014,14.6899995803833,14.614000062942505,14.7504918677,14.4775082581
06/09/2014,14.609999656677246,14.616400060653687,14.7520947592,14.4807053621
06/10/2014,14.619999885559082,14.618400058746339,14.7525024465,14.484297671
06/11/2014,14.609999656677246,14.620500059127808,14.7529566917,14.4880434265
06/12/2014,14.630000114440918,14.621900053024293,14.7534956466,14.4903044595
06/13/2014,14.640000343322754,14.62280005455017,14.7541399575,14.4914601516
06/16/2014,14.670000076293945,14.62240005493164,14.7536260048,14.4911741051
06/17/2014,14.609999656677246,14.62290005683899,14.7542111376,14.4915889761
06/18/2014,14.630000114440918,14.620900049209595,14.7508623462,14.4909377522
06/19/2014,14.65999984741211,14.619300050735474,14.7481508131,14.4904492884
06/20/2014,14.609999656677246,14.618100051879884,14.7460039213,14.4901961825
06/23/2014,14.640000343322754,14.617600049972534,14.7454368602,14.4897632398
06/24/2014,14.640000343322754,14.620600051879883,14.7453704439,14.4958296598
06/25/2014,14.65999984741211,14.623400058746338,14.7454018979,14.5013982196
06/26/2014,14.640000343322754,14.62580005645752,14.7461261495,14.5054739634
06/27/2014,14.670000076293945,14.628500061035156,14.7460532739,14.5109468482
06/30/2014,14.649999618530273,14.630900058746338,14.7468146775,14.5149854399
07/01/2014,14.680000305175781,14.632700052261352,14.7474943003,14.5179058042
07/02/2014,14.5600004196167,14.634900054931641,14.7484650124,14.5213350975
07/03/2014,14.550000190734863,14.635600061416627,14.7484834002,14.5227167226
07/07/2014,14.5600004196167,14.635600061416627,14.7484834002,14.5227167226
07/08/2014,14.600000381469727,14.63550006866455,14.7484458838,14.5225542535
07/09/2014,14.569999694824219,14.63550006866455,14.7484458838,14.5225542535
07/10/2014,14.609999656677246,14.635200061798095,14.7482795377,14.5221205859
07/11/2014,14.65999984741211,14.63620005607605,14.7486081007,14.5237920114
07/14/2014,14.680000305175781,14.637300052642821,14.7493969689,14.5252031364
07/15/2014,14.600000381469727,14.638100051879883,14.7502133834,14.5259867204
07/16/2014,14.739999771118164,14.638200054168701,14.7502748905,14.5261252178
07/17/2014,14.720000267028809,14.638900051116943,14.7513891544,14.5264109478
07/18/2014,14.710000038146973,14.638900051116943,14.7513891544,14.5264109478
07/21/2014,14.699999809265137,14.637500047683716,14.7482102863,14.5267898091
07/22/2014,14.670000076293945,14.637200050354004,14.7476996774,14.5267004233
07/23/2014,14.710000038146973,14.636300048828126,14.7461604928,14.5264396048
07/24/2014,14.670000076293945,14.635900049209594,14.7454180717,14.5263820267
07/25/2014,14.65999984741211,14.633300046920777,14.7388183664,14.5277817274
07/28/2014,14.5600004196167,14.6314000415802,14.7346862661,14.5281138171
07/29/2014,14.539999961853027,14.628700046539306,14.730274227,14.5271258661
07/30/2014,14.449999809265137,14.62560004234314,14.7250819139,14.5261181708
07/31/2014,14.34000015258789,14.623800039291382,14.7248028292,14.5227972494
08/01/2014,14.369999885559082,14.620400037765503,14.7251084071,14.5156916684
08/04/2014,14.369999885559082,14.619400033950805,14.7260004282,14.5127996397
08/05/2014,14.319999694824219,14.617800035476684,14.7269016591,14.5086984119
08/06/2014,14.3100004196167,14.616100034713746,14.7284557004,14.503744369
08/07/2014,14.380000114440918,14.615100040435792,14.7297080354,14.5004920455
08/08/2014,14.460000038146973,14.614500045776367,14.73017524,14.4988248516
08/11/2014,14.489999771118164,14.6139000415802,14.7302176729,14.4975824103
08/12/2014,14.510000228881836,14.612400035858155,14.7293369498,14.4954631219
08/13/2014,14.630000114440918,14.612500038146973,14.7293450268,14.4956550495
08/14/2014,14.600000381469727,14.613400039672852,14.730029544,14.4967705353
08/15/2014,14.619999885559082,14.613200044631958,14.7298352075,14.4965648818
08/18/2014,14.529999732971191,14.61260004043579,14.7290441937,14.4961558871
08/19/2014,14.569999694824219,14.611100034713745,14.7276323949,14.4945676745
08/20/2014,14.529999732971191,14.6096000289917,14.7256855179,14.4935145401
08/21/2014,14.59000015258789,14.607600030899048,14.7233162457,14.4918838161
08/22/2014,14.609999656677246,14.608500032424926,14.7237248226,14.4932752423
08/25/2014,14.649999618530273,14.610100030899048,14.7242183535,14.4959817083
08/26/2014,14.65999984741211,14.611500024795532,14.7252398667,14.4977601829
08/27/2014,14.619999885559082,14.613500022888184,14.7263129278,14.500687118
08/28/2014,14.65999984741211,14.615000019073486,14.7268883661,14.503111672
08/29/2014,14.640000343322754,14.617100019454956,14.7278366049,14.506363434
09/02/2014,14.640000343322754,14.618300018310547,14.7286273148,14.5079727218
09/03/2014,14.600000381469727,14.619000024795533,14.7292406805,14.5087593691
09/04/2014,14.579999923706055,14.61950002670288,14.7295398026,14.5094602508
09/05/2014,14.539999961853027,14.619800024032592,14.7296907087,14.5099093393
09/08/2014,14.550000190734863,14.619600019454957,14.7296174869,14.509582552
09/09/2014,14.539999961853027,14.618900022506715,14.7291351935,14.5086648515
09/10/2014,14.3100004196167,14.618400020599365,14.7288782677,14.5079217735
09/11/2014,14.260000228881836,14.61750002861023,14.7300999793,14.504900078
09/12/2014,14.229999542236328,14.615600032806396,14.7325300834,14.4986699822
09/15/2014,14.220000267028809,14.613400030136109,14.7353854381,14.4914146221
09/16/2014,14.170000076293945,14.61000002861023,14.738015646,14.4819844112
09/17/2014,14.170000076293945,14.606400032043457,14.7414816275,14.4713184366
09/18/2014,14.15999984741211,14.60250002861023,14.7443264979,14.4606735593
09/19/2014,14.210000038146973,14.599000024795533,14.7472396933,14.4507603562
09/22/2014,14.210000038146973,14.595500020980834,14.7486690437,14.4423309983
09/23/2014,14.199999809265137,14.592200021743775,14.7500137072,14.4343863363
09/24/2014,14.1899995803833,14.587800016403198,14.750284356,14.4253156768
09/25/2014,14.180000305175781,14.58350001335144,14.7506967662,14.4163032605
09/26/2014,14.0600004196167,14.57890001296997,14.7507423576,14.4070576683
09/29/2014,14.069999694824219,14.572900018692017,14.7521221924,14.393677845
09/30/2014,14.100000381469727,14.56690001487732,14.7526939616,14.3811060681
10/01/2014,14.1899995803833,14.561100015640259,14.7522486138,14.3699514175
10/02/2014,14.140000343322754,14.55640001296997,14.750809478,14.3619905479
10/03/2014,14.109999656677246,14.550400018692017,14.7482783609,14.3525216765
10/06/2014,14.140000343322754,14.544000015258788,14.7456333496,14.3423666809
10/07/2014,14.140000343322754,14.537600021362305,14.7417819018,14.3334181409
10/08/2014,14.149999618530273,14.531100025177002,14.7374778052,14.3247222452
10/09/2014,14.069999694824219,14.524300022125244,14.7319162829,14.3166837613
10/10/2014,13.949999809265137,14.516900014877319,14.7273694719,14.3064305578
10/13/2014,13.989999771118164,14.508800010681153,14.7252591606,14.2923408608
10/14/2014,14.069999694824219,14.501100006103515,14.7221334762,14.280066536
10/15/2014,13.979999542236328,14.49420000076294,14.7177986733,14.2706013283
10/16/2014,14.020000457763672,14.486199998855591,14.7137073011,14.2586926966
10/17/2014,14.079999923706055,14.478900003433228,14.7095161311,14.2482838758
10/20/2014,14.15999984741211,14.471900005340576,14.7038900927,14.239909918
10/21/2014,14.210000038146973,14.46539999961853,14.6969315282,14.233868471
10/22/2014,14.220000267028809,14.459799995422363,14.6906678488,14.2289321421
10/23/2014,14.25,14.45449999809265,14.6847276124,14.2242723838
10/24/2014,14.300000190734863,14.45,14.6797825175,14.2202174825
10/27/2014,14.329999923706055,14.446000003814698,14.6748755284,14.2171244792
10/28/2014,14.300000190734863,14.442300004959106,14.6700272913,14.2145727186
10/29/2014,14.3100004196167,14.438400011062622,14.6651894477,14.2116105745
10/30/2014,14.329999923706055,14.435400018692016,14.6618836798,14.2089163575
10/31/2014,14.289999961853027,14.432500019073487,14.6584574475,14.2065425906
11/03/2014,14.390000343322754,14.429300022125243,14.6549867983,14.203613246
11/04/2014,14.34000015258789,14.426900024414062,14.6517141706,14.2020858782
11/05/2014,14.260000228881836,14.423900022506714,14.6478504606,14.1999495844
11/06/2014,14.279999732971191,14.419800024032593,14.6429590879,14.1966409601
11/07/2014,14.270000457763672,14.416500024795532,14.6392616912,14.1937383584
11/10/2014,14.260000228881836,14.41290002822876,14.6350904834,14.190709573
11/11/2014,14.260000228881836,14.408900032043457,14.6302047963,14.1875952677
11/12/2014,14.270000457763672,14.405400037765503,14.6262639091,14.1845361664
11/13/2014,14.279999732971191,14.401700038909912,14.621700305,14.1816997728
11/14/2014,14.3100004196167,14.398100032806397,14.6171146359,14.1790854298
11/17/2014,14.25,14.394600038528443,14.6121933442,14.1770067328
11/18/2014,14.289999961853027,14.390700035095215,14.6073530186,14.1740470516
11/19/2014,14.329999923706055,14.386900033950806,14.6019474594,14.1718526085
11/20/2014,14.359999656677246,14.383700037002564,14.597183801,14.170216273
11/21/2014,14.40999984741211,14.380500030517577,14.5919066436,14.1690934174
11/24/2014,14.5,14.379000024795532,14.589658527,14.1683415226
11/25/2014,14.520000457763672,14.378500022888183,14.5888111113,14.1681889345
11/26/2014,14.520000457763672,14.378100023269653,14.5881033416,14.168096705
11/28/2014,14.520000457763672,14.377300024032593,14.5866077242,14.1679923239
12/01/2014,14.470000267028809,14.376800031661988,14.585706149,14.1678939143
12/02/2014,14.430000305175781,14.375400037765504,14.5832048694,14.1675952061
12/03/2014,14.390000343322754,14.37310004234314,14.5790063304,14.1671937543
12/04/2014,14.300000190734863,14.37020004272461,14.5737926947,14.1666073907
12/05/2014,14.289999961853027,14.367200040817261,14.5695911626,14.164808919
12/08/2014,14.210000038146973,14.36270004272461,14.5617269714,14.1636731141
12/09/2014,14.020000457763672,14.357600040435791,14.5539218342,14.1612782467
12/10/2014,14.039999961853027,14.350700044631958,14.5466401221,14.1547599671
12/11/2014,14.170000076293945,14.344100046157838,14.5392773915,14.1489227008
12/12/2014,14.170000076293945,14.339100046157837,14.5322585196,14.1459415728
12/15/2014,14.069999694824219,14.333700046539306,14.5239401995,14.1434598936
12/16/2014,13.960000038146973,14.32770004272461,14.5166966496,14.1387034358
12/17/2014,14.050000190734863,14.320700044631957,14.5102218607,14.1311782285
12/18/2014,14.1899995803833,14.31560004234314,14.5054753861,14.1257246986
12/19/2014,14.220000267028809,14.312100038528442,14.5010301782,14.1231698989
12/22/2014,14.220000267028809,14.30980004310608,14.498437176,14.1211629103
12/23/2014,14.289999961853027,14.308600044250488,14.497422838,14.1197772505
12/24/2014,14.270000457763672,14.307800045013428,14.496530455,14.119069635
12/26/2014,14.390000343322754,14.306800050735474,14.4954631567,14.1181369448
12/29/2014,14.369999885559082,14.307500057220459,14.4963406199,14.1186594945
12/30/2014,14.25,14.308100051879883,14.4970428948,14.1191572089
12/31/2014,14.289999961853027,14.306800050735474,14.4956909395,14.117909162
01/02/2015,14.369999885559082,14.305100049972534,14.4933684699,14.1168316301
01/05/2015,14.34000015258789,14.303900051116944,14.4913668448,14.1164332574
01/06/2015,14.289999961853027,14.302200050354005,14.4885576853,14.1158424155
01/07/2015,14.260000228881836,14.298800048828125,14.4822246046,14.115375493
01/08/2015,14.279999732971191,14.295400047302246,14.4763443634,14.1144557312
01/09/2015,14.279999732971191,14.292000045776367,14.4699832098,14.1140168818
01/12/2015,14.279999732971191,14.289500045776368,14.4658711268,14.1131289647
01/13/2015,14.369999885559082,14.286600046157837,14.4607047568,14.1124953356
01/14/2015,14.34000015258789,14.285000047683717,14.4575891885,14.1124109069
01/15/2015,14.289999961853027,14.282500047683715,14.4524434529,14.1125566424
01/16/2015,14.380000114440918,14.279300050735474,14.4460289431,14.1125711583
01/20/2015,14.25,14.27660005569458,14.4394449418,14.1137551696
01/21/2015,14.270000457763672,14.272500057220459,14.4307364897,14.1142636248
01/22/2015,14.319999694824219,14.269000062942505,14.4233341803,14.1146659456
01/23/2015,14.3100004196167,14.265600061416626,14.4149475123,14.1162526106
01/26/2015,14.329999923706055,14.262300062179566,14.406908946,14.1176911783
01/27/2015,14.260000228881836,14.2592000579834,14.3989189792,14.1194811368
01/28/2015,14.300000190734863,14.25580005645752,14.3912562292,14.1203438837
01/29/2015,14.350000381469727,14.253000059127807,14.3845637917,14.1214363266
01/30/2015,14.40999984741211,14.251100063323975,14.379847129,14.1223529976
02/02/2015,14.399999618530273,14.249700059890747,14.3759257525,14.1234743673
02/03/2015,14.359999656677246,14.24830005645752,14.3720503078,14.1245498051
02/04/2015,14.350000381469727,14.248800048828125,14.3728990954,14.1247010022
02/05/2015,14.369999885559082,14.249700050354004,14.3742027572,14.1251973436
02/06/2015,14.3100004196167,14.251100053787232,14.3761592533,14.1260408542
02/09/2015,14.300000190734863,14.252000055313111,14.3771560138,14.1268440968
02/10/2015,14.25,14.253300056457519,14.3782725499,14.128327563
02/11/2015,14.289999961853027,14.25410005569458,14.3787924939,14.1294076175
02/12/2015,14.279999732971191,14.255400056838988,14.3797819433,14.1310181703
02/13/2015,14.220000267028809,14.25610005378723,14.3804214257,14.1317786819
02/17/2015,14.100000381469727,14.25620005607605,14.3804883232,14.1319117889
02/18/2015,14.109999656677246,14.255200061798096,14.3803358763,14.1300642473
02/19/2015,14.119999885559082,14.254400062561036,14.3802040872,14.1285960379
02/20/2015,14.149999618530273,14.253800058364869,14.380099597,14.1275005198
02/23/2015,14.239999771118164,14.254700050354003,14.3799315391,14.1294685616
02/24/2015,14.300000190734863,14.256400051116943,14.3802590619,14.1325410404
02/25/2015,14.359999656677246,14.258400049209595,14.3813287103,14.1354713882
02/26/2015,14.319999694824219,14.260100049972534,14.3832463218,14.1369537781
02/27/2015,14.350000381469727,14.261900043487548,14.3845923601,14.1392077268
03/02/2015,14.319999694824219,14.264300050735473,14.3863431741,14.1422569274
03/03/2015,14.319999694824219,14.266100044250487,14.3876228993,14.1445771892
03/04/2015,14.300000190734863,14.267900037765504,14.3888736081,14.1469264675
03/05/2015,14.329999923706055,14.269400043487549,14.3898311599,14.1489689271
03/06/2015,14.239999771118164,14.272000045776368,14.3908950089,14.1531050827
03/09/2015,14.229999542236328,14.274900045394897,14.3893596492,14.1604404416
03/10/2015,14.100000381469727,14.277300043106079,14.3882221771,14.1663779091
03/11/2015,14.029999732971191,14.277600049972534,14.3880004447,14.1671996552
03/12/2015,14.0600004196167,14.278100051879882,14.3872577163,14.1689423874
03/13/2015,14.039999961853027,14.278500051498414,14.3867809649,14.1702191381
03/16/2015,14.0600004196167,14.278100051879882,14.3871844051,14.1690156987
03/17/2015,14.079999923706055,14.27710005760193,14.3877101568,14.1664899584
03/18/2015,14.109999656677246,14.27580005645752,14.3879444479,14.163655665
03/19/2015,14.140000343322754,14.274700050354005,14.3879207026,14.1614793981
03/20/2015,14.149999618530273,14.27360005378723,14.3875870938,14.1596130138
03/23/2015,14.210000038146973,14.272100048065186,14.3867150395,14.1574850566
03/24/2015,14.289999961853027,14.270900049209594,14.385530745,14.1562693534
03/25/2015,14.239999771118164,14.270800046920776,14.3854096727,14.1561904212
03/26/2015,14.210000038146973,14.270100040435791,14.3846818722,14.1555182086
03/27/2015,14.239999771118164,14.268900041580201,14.3834766375,14.1543234457
03/30/2015,14.239999771118164,14.268400039672851,14.3829925635,14.1538075159
03/31/2015,14.3100004196167,14.266900033950806,14.380871065,14.1529290029
04/01/2015,14.460000038146973,14.266600036621094,14.3804176366,14.1527824366
04/02/2015,14.399999618530273,14.268600034713746,14.3840298667,14.1531702027
04/06/2015,14.350000381469727,14.269800033569336,14.3859635609,14.1536365062
04/07/2015,14.329999923706055,14.270600032806396,14.3870373363,14.1541627293
04/08/2015,14.329999923706055,14.271300029754638,14.3878818275,14.154718232
04/09/2015,14.319999694824219,14.27200002670288,14.3887219419,14.1552781115
04/10/2015,14.329999923706055,14.272500019073487,14.3893193462,14.1556806919
04/13/2015,14.359999656677246,14.273000020980835,14.3899573,14.1560427419
04/14/2015,14.369999885559082,14.273500013351441,14.3907209765,14.1562790502
04/15/2015,14.350000381469727,14.274700012207031,14.392287911,14.1571121134
04/16/2015,14.34000015258789,14.275300016403198,14.3931173094,14.1574827235
04/17/2015,14.300000190734863,14.275400018692016,14.3932679312,14.1575321062
04/20/2015,14.319999694824219,14.274800024032594,14.3923881421,14.157211906
04/21/2015,14.319999694824219,14.273900022506714,14.3907922621,14.1570077829
04/22/2015,14.34000015258789,14.272100019454957,14.3868632342,14.1573368047
04/23/2015,14.329999923706055,14.270300016403198,14.3825448981,14.1580551347
04/24/2015,14.359999656677246,14.268400011062623,14.3779784812,14.1588215409
04/27/2015,14.359999656677246,14.266800003051758,14.3738315788,14.1597684273
04/28/2015,14.380000114440918,14.265699996948243,14.3711917335,14.1602082604
04/29/2015,14.34000015258789,14.265199995040893,14.3700282151,14.160371775
04/30/2015,14.34000015258789,14.264699993133545,14.3690499097,14.1603500766
05/01/2015,14.3100004196167,14.265099992752075,14.3696609089,14.1605390766
05/04/2015,14.329999923706055,14.265299997329713,14.3699274583,14.1606725364
05/05/2015,14.3100004196167,14.266499996185303,14.3711744703,14.161825522
05/06/2015,14.180000305175781,14.269399995803832,14.3711823036,14.167617688
05/07/2015,14.210000038146973,14.270799999237061,14.3703558,14.1712441985
05/08/2015,14.270000457763672,14.271199998855591,14.3704298209,14.1719701768
05/11/2015,14.210000038146973,14.272200002670289,14.3709074376,14.1734925677
05/12/2015,14.229999542236328,14.273600006103516,14.3704041197,14.1767958925
05/13/2015,14.149999618530273,14.27630000114441,14.3679477346,14.1846522677
05/14/2015,14.1899995803833,14.277299995422362,14.366997871,14.1876021198
05/15/2015,14.270000457763672,14.277299995422362,14.366997871,14.1876021198
05/18/2015,14.199999809265137,14.277799997329712,14.367316248,14.1882837467
05/19/2015,14.220000267028809,14.277599992752075,14.3672673766,14.1879326089
05/20/2015,14.199999809265137,14.276899995803833,14.3667409076,14.1870590841
05/21/2015,14.210000038146973,14.276199989318847,14.3663640607,14.1860359179
05/22/2015,14.229999542236328,14.27439998626709,14.3640695959,14.1847303767
05/26/2015,14.229999542236328,14.272999982833863,14.3622580327,14.183741933
05/27/2015,14.3100004196167,14.272799978256225,14.3621317187,14.1834682378
05/28/2015,14.300000190734863,14.272999982833863,14.3623923772,14.1836075884
05/29/2015,14.300000190734863,14.27229998588562,14.3612028007,14.1833971711
06/01/2015,14.319999694824219,14.27189998626709,14.3605870224,14.1832129502
06/02/2015,14.270000457763672,14.272199983596801,14.3609984076,14.1834015596
06/03/2015,14.199999809265137,14.27229998588562,14.3610902452,14.1835097266
06/04/2015,14.220000267028809,14.271499986648559,14.3605772028,14.1824227705
06/05/2015,14.180000305175781,14.270899991989136,14.36011989,14.181680094
06/08/2015,14.170000076293945,14.269899997711182,14.3595715634,14.1802284321
06/09/2015,14.020000457763672,14.26789999961853,14.3575470284,14.1782529709
06/10/2015,13.899999618530273,14.264700002670288,14.3573763604,14.1720236449
06/11/2015,13.899999618530273,14.26079999923706,14.360285476,14.1613145225
06/12/2015,13.920000076293945,14.255999994277953,14.3610428546,14.1509571339
06/15/2015,13.920000076293945,14.252699995040894,14.3629347988,14.1424651913
06/16/2015,13.920000076293945,14.249199991226197,14.364279795,14.1341201874
06/17/2015,13.899999618530273,14.245199995040894,14.3646192612,14.1257807289
06/18/2015,13.899999618530273,14.24109998703003,14.3651717127,14.1170282614
06/19/2015,13.960000038146973,14.23679998397827,14.3650956024,14.1085043655
06/22/2015,13.9399995803833,14.233799982070924,14.3649928374,14.1026071268
06/23/2015,13.9399995803833,14.230199975967407,14.3644309982,14.0959689537
06/24/2015,13.949999809265137,14.226099967956543,14.3628471748,14.0893527611
06/25/2015,13.920000076293945,14.221499967575074,14.3597127018,14.0832872334
06/26/2015,13.880000114440918,14.21669997215271,14.3569501791,14.0764497653
06/29/2015,13.899999618530273,14.211899976730347,14.3553412557,14.0684586977
06/30/2015,13.90999984741211,14.207399969100953,14.3534727303,14.0613272079
07/01/2015,13.890000343322754,14.202799968719482,14.3509086199,14.0546913175
07/02/2015,13.90999984741211,14.198599967956543,14.3495372041,14.0476627318
07/06/2015,13.899999618530273,14.194699964523316,14.3479870138,14.0414129153
07/07/2015,13.960000038146973,14.191199960708618,14.3471569145,14.0352430069
07/08/2015,13.960000038146973,14.187899961471558,14.3452168426,14.0305830804
07/09/2015,13.920000076293945,14.184699964523315,14.34335973,14.0260401991
07/10/2015,13.880000114440918,14.181699962615967,14.3424859084,14.0209140168
07/13/2015,13.84000015258789,14.179499959945678,14.3428730303,14.0161268896
07/14/2015,13.84000015258789,14.176799964904784,14.3434966008,14.010103329
07/15/2015,13.829999923706055,14.173999967575073,14.343947039,14.0040528962
07/16/2015,13.859999656677246,14.170799970626831,14.3441475037,13.9974524375
07/17/2015,13.880000114440918,14.166999969482422,14.3429346433,13.9910652957
07/20/2015,13.789999961853027,14.162799968719483,14.3405136936,13.9850862438
07/21/2015,13.789999961853027,14.15709997177124,14.3375178183,13.9766821253
07/22/2015,13.850000381469727,14.151799974441529,14.3351160139,13.9684839349
07/23/2015,13.949999809265137,14.146799974441528,14.3314557793,13.9621441696
07/24/2015,13.9399995803833,14.143099975585937,14.3279550483,13.9582449029
07/27/2015,13.75,14.139299974441528,14.3243851453,13.9542148035
07/28/2015,13.789999961853027,14.13379997253418,14.3221708025,13.9454291426
07/29/2015,13.970000267028809,14.12839997291565,14.318798108,13.9380018378
07/30/2015,13.800000190734863,14.125699977874756,14.3164105423,13.9349894134
07/31/2015,13.850000381469727,14.12139998435974,14.3145425456,13.9282574231
08/03/2015,13.960000038146973,14.118899984359741,14.3139122839,13.9238876848
08/04/2015,13.890000343322754,14.118199987411499,14.3136552671,13.9227447077
08/05/2015,13.890000343322754,14.11649998664856,14.313189476,13.9198104973
08/06/2015,13.880000114440918,14.114999990463257,14.31283579,13.9171641909
08/07/2015,13.770000457763672,14.113199987411498,14.3123425581,13.9140574167
08/10/2015,13.770000457763672,14.110099992752076,14.3121271945,13.908072791
08/11/2015,13.850000381469727,14.10670000076294,14.3115416643,13.9018583372
08/12/2015,13.899999618530273,14.103800001144409,14.3101965974,13.8974034049
08/13/2015,13.859999656677246,14.10130000114441,14.3086338065,13.8939661957
08/14/2015,13.829999923706055,14.097799997329712,14.3062206259,13.8893793688
08/17/2015,13.819999694824219,14.093199996948242,14.3024026713,13.8839973226
08/18/2015,13.779999732971191,14.088999996185303,14.299425758,13.8785742343
08/19/2015,13.779999732971191,14.084699993133546,14.2969943943,13.872405592
08/20/2015,13.75,14.080099992752075,14.2939574103,13.8662425752
08/21/2015,13.720000267028809,14.075199995040894,14.2909428181,13.859457172
08/24/2015,13.550000190734863,14.069299993515015,14.2866028047,13.8519971823
08/25/2015,13.630000114440918,14.060199995040893,14.2799907123,13.8404092778
08/26/2015,13.579999923706055,14.0525,14.2737346062,13.8312653938
08/27/2015,13.569999694824219,14.044799995422363,14.2689271008,13.82067289
08/28/2015,13.609999656677246,14.037199993133544,14.2643919001,13.8100080861
08/31/2015,13.630000114440918,14.029999990463256,14.2591986071,13.8008013739
09/01/2015,13.779999732971191,14.023099994659423,14.2538453015,13.7923546878
09/02/2015,13.680000305175781,14.017599992752075,14.2475179092,13.7876820763
09/03/2015,13.680000305175781,14.01079999923706,14.2405463128,13.7810536857
09/04/2015,13.710000038146973,14.003900003433227,14.2331156169,13.77468439
09/08/2015,13.789999961853027,13.9975,14.2258960477,13.7691039523
09/09/2015,13.569999694824219,13.991999998092652,14.2186980432,13.7653019529
09/10/2015,13.680000305175781,13.984699993133544,14.2131095266,13.7562904597
09/11/2015,13.699999809265137,13.978299999237061,14.2061905764,13.7504094221
09/14/2015,13.75,13.97210000038147,14.1990418394,13.7451581613
09/15/2015,13.699999809265137,13.966199998855592,14.1911612559,13.7412387418
09/16/2015,13.600000381469727,13.959899997711181,14.1834016727,13.7363983227
09/17/2015,13.699999809265137,13.952300004959106,14.1749874963,13.7296125136
09/18/2015,13.729999542236328,13.945700006484985,14.1659737513,13.7254262617
09/21/2015,13.739999771118164,13.93920000076294,14.1561271167,13.7222728848
09/22/2015,13.75,13.933199996948241,14.1472368472,13.7191631467
09/23/2015,13.84000015258789,13.927299995422363,14.1381499942,13.7164499966
09/24/2015,13.84000015258789,13.922599992752076,14.1300783011,13.7151216844
09/25/2015,13.819999694824219,13.917699995040893,14.1212478242,13.7141521659
09/28/2015,13.84000015258789,13.912799987792969,14.1127103826,13.712889593
09/29/2015,13.859999656677246,13.90939998626709,14.1076211859,13.7111787866
09/30/2015,13.9399995803833,13.905899982452393,14.1018596568,13.7099403081
10/01/2015,14.149999618530273,13.902599973678589,14.0951492925,13.7100506548
10/02/2015,13.90999984741211,13.901999969482421,14.0936819927,13.7103179462
10/05/2015,13.859999656677246,13.89879997253418,14.0876294216,13.7099705235
10/06/2015,13.800000190734863,13.89589997291565,14.0830688615,13.7087310843
10/07/2015,13.8100004196167,13.891999979019165,14.0770513362,13.7069486218
10/08/2015,13.859999656677246,13.887399978637696,14.0686766745,13.7061232828
10/09/2015,13.880000114440918,13.883999977111817,14.0625496948,13.7054502594
10/12/2015,13.880000114440918,13.880599975585938,14.0559272117,13.7052727395
10/13/2015,13.920000076293945,13.877399978637696,14.0497636662,13.7050362911
10/14/2015,13.930000305175781,13.874499979019165,14.0436530177,13.7053469404
10/15/2015,13.960000038146973,13.87149998664856,14.0369410758,13.7060588975
10/16/2015,14.09000015258789,13.868799991607666,14.0305299125,13.7070700708
10/19/2015,14.109999656677246,13.866599988937377,14.0237446491,13.7094553288
10/20/2015,14.1899995803833,13.864699983596802,14.0176866197,13.7117133475
10/21/2015,14.199999809265137,13.863599977493287,14.0138232659,13.713376689
10/22/2015,14.199999809265137,13.862399978637695,14.0094177934,13.7153821639
10/23/2015,14.0600004196167,13.86169997215271,14.0069311767,13.7164687676
10/26/2015,13.949999809265137,13.860299978256226,14.0029145136,13.717685443
10/27/2015,13.920000076293945,13.857599973678589,13.9958686732,13.7193312741
10/28/2015,13.949999809265137,13.85499997138977,13.9895770543,13.7204228884
10/29/2015,13.880000114440918,13.852799968719482,13.983964561,13.7216353764
10/30/2015,13.859999656677246,13.851399965286255,13.9815154091,13.7212845215
11/02/2015,13.829999923706055,13.850999965667725,13.9810268436,13.7209730877
11/03/2015,13.84000015258789,13.850299968719483,13.9802495718,13.7203503656
11/04/2015,13.819999694824219,13.849499969482421,13.979264137,13.719735802
11/05/2015,13.829999923706055,13.848499965667724,13.9781022001,13.7188977312
11/06/2015,13.8100004196167,13.847599964141846,13.9770149131,13.7181850151
11/09/2015,13.75,13.84669997215271,13.9760603179,13.7173396264
11/10/2015,13.739999771118164,13.845199975967407,13.9748030214,13.7155969305
11/11/2015,13.65999984741211,13.842999973297118,13.9725028291,13.7134971175
11/12/2015,13.5600004196167,13.840199975967407,13.9705991742,13.7098007777
11/13/2015,13.600000381469727,13.83639998435974,13.9693474525,13.7034525163
11/16/2015,13.609999656677246,13.832899990081787,13.9674086435,13.6983913367
11/17/2015,13.59000015258789,13.82979998588562,13.9658292075,13.6937707642
11/18/2015,13.520000457763672,13.82689998626709,13.9649049797,13.6888949928
11/19/2015,13.539999961853027,13.823099994659424,13.9642360139,13.6819639754
11/20/2015,13.539999961853027,13.819399995803833,13.9630371302,13.6757628614
11/23/2015,13.579999923706055,13.815899991989136,13.9620169864,13.6697829976
11/24/2015,13.630000114440918,13.812599992752075,13.9602726938,13.6649272917
11/25/2015,13.600000381469727,13.809899997711181,13.9584159123,13.6613840831
11/27/2015,13.609999656677246,13.80630000114441,13.9554954943,13.657104508
11/30/2015,13.649999618530273,13.802799997329712,13.9524534182,13.6531465764
12/01/2015,13.6899995803833,13.800099992752076,13.9500499088,13.6501500767
12/02/2015,13.670000076293945,13.798199987411499,13.948329092,13.6480708829
12/03/2015,13.640000343322754,13.79649998664856,13.9471078804,13.6458920929
12/04/2015,13.649999618530273,13.794499988555907,13.9458430968,13.6431568803
12/07/2015,13.619999885559082,13.79269998550415,13.9446792522,13.6407207188
12/08/2015,13.619999885559082,13.790299987792968,13.9430903615,13.637509614
12/09/2015,13.399999618530273,13.787699985504151,13.9411525789,13.6342473921
12/10/2015,13.420000076293945,13.783799982070922,13.942026248,13.6255737161
12/11/2015,13.329999923706055,13.780099983215331,13.9424113524,13.617788614
12/14/2015,13.029999732971191,13.774899978637695,13.9431110975,13.6066888598
12/15/2015,13.170000076293945,13.765699977874755,13.9486002369,13.5827997189
12/16/2015,13.300000190734863,13.757999982833862,13.9494105234,13.5665894423
12/17/2015,13.380000114440918,13.753499984741211,13.9502606087,13.5567393608
12/18/2015,13.449999809265137,13.74939998626709,13.9495989678,13.5492010047
12/21/2015,13.369999885559082,13.744199981689453,13.9453525406,13.5430474227
12/22/2015,13.380000114440918,13.739899978637695,13.9443822088,13.5354177485
12/23/2015,13.479999542236328,13.735199975967408,13.9424798605,13.5279200914
12/24/2015,13.460000038146973,13.730399971008302,13.9379760593,13.5228238827
12/28/2015,13.489999771118164,13.726099967956543,13.9347762264,13.5174237095
12/29/2015,13.449999809265137,13.722099962234497,13.9314288434,13.512771081
12/30/2015,13.369999885559082,13.71779995918274,13.9282545881,13.5073453303
12/31/2015,13.430000305175781,13.713799953460693,13.9270077178,13.5005921891
01/04/2016,13.399999618530273,13.710399951934814,13.9253879242,13.4954119797
01/05/2016,13.420000076293945,13.70589994430542,13.9226213761,13.4891785125
01/06/2016,13.40999984741211,13.701099948883057,13.9187826987,13.4834171991
01/07/2016,13.4399995803833,13.696599950790405,13.9155986519,13.4776012497
01/08/2016,13.460000038146973,13.692699947357177,13.9127583556,13.4726415391
01/11/2016,13.460000038146973,13.689099950790405,13.9099894781,13.4682104234
01/12/2016,13.4399995803833,13.685899953842164,13.9077651907,13.464034717
01/13/2016,13.470000267028809,13.682499952316284,13.9054993818,13.4595005228
01/14/2016,13.470000267028809,13.679699954986573,13.9035903392,13.4558095707
01/15/2016,13.380000114440918,13.677199954986571,13.9020202223,13.4523796877
01/19/2016,13.25,13.675499954223632,13.9019127238,13.4490871846
01/20/2016,13.270000457763672,13.671699953079223,13.9019999791,13.441399927
01/21/2016,13.59000015258789,13.668599958419799,13.9021765581,13.4350233587
01/22/2016,13.300000190734863,13.668799962997436,13.9023005992,13.4352993268
01/25/2016,13.279999732971191,13.665699968338012,13.9020016719,13.4293982648
01/26/2016,13.399999618530273,13.662199964523316,13.9015765444,13.4228233847
01/27/2016,13.260000228881836,13.658399963378907,13.898889941,13.4179099858
01/28/2016,13.3100004196167,13.654199962615968,13.8979218268,13.4104780985
01/29/2016,13.390000343322754,13.650499963760376,13.8965989962,13.4044009314
02/01/2016,13.420000076293945,13.647299966812135,13.8946816389,13.3999182947
02/02/2016,13.420000076293945,13.643599967956543,13.8915858974,13.3956140385
02/03/2016,13.449999809265137,13.64209997177124,13.8909785975,13.393221346
02/04/2016,13.449999809265137,13.639799966812134,13.8893794946,13.390220439
02/05/2016,13.4399995803833,13.637299966812133,13.8875152571,13.3870846765
02/08/2016,13.34000015258789,13.634199962615966,13.8849196126,13.3834803126
02/09/2016,13.390000343322754,13.630599966049195,13.8829283672,13.3782715649
02/10/2016,13.369999885559082,13.628499965667725,13.8819456807,13.3750542507
02/11/2016,13.510000228881836,13.625199966430664,13.8798388109,13.370561122
02/12/2016,13.529999732971191,13.62299997329712,13.8776742386,13.368325708
02/16/2016,13.40999984741211,13.62089997291565,13.8754666092,13.3663333366
02/17/2016,13.449999809265137,13.61749997138977,13.8725896278,13.362410315
02/18/2016,13.449999809265137,13.613599967956542,13.8682389722,13.3589609637
02/19/2016,13.470000267028809,13.609699964523315,13.8638276729,13.3555722562
02/22/2016,13.430000305175781,13.606199970245362,13.859816891,13.3525830495
02/23/2016,13.470000267028809,13.60209997177124,13.8552176726,13.348982271
02/24/2016,13.579999923706055,13.598199977874756,13.8503165012,13.3460834545
02/25/2016,13.569999694824219,13.594599981307983,13.8443695233,13.3448304393
02/26/2016,13.5,13.588799982070922,13.8322595235,13.3453404407
02/29/2016,13.569999694824219,13.584699983596801,13.8261599164,13.3432400508
03/01/2016,13.5600004196167,13.581799983978271,13.821672348,13.3419276199
03/02/2016,13.460000038146973,13.57939998626709,13.8182757488,13.3405242237
03/03/2016,13.550000190734863,13.575899982452393,13.813933967,13.3378659979
03/04/2016,13.619999885559082,13.572799987792969,13.8091263502,13.3364736254
03/07/2016,13.5600004196167,13.57019998550415,13.8045543085,13.3358456626
03/08/2016,13.569999694824219,13.566999988555908,13.7992778132,13.3347221639
03/09/2016,13.470000267028809,13.563499984741211,13.7930533275,13.333946642
03/10/2016,13.479999542236328,13.55889998435974,13.7856548614,13.3321451073
03/11/2016,13.510000228881836,13.554099979400634,13.7773670269,13.3308329319
03/14/2016,13.510000228881836,13.548299980163574,13.7650073691,13.3315925912
03/15/2016,13.539999961853027,13.54229998588562,13.7515503047,13.333049667
03/16/2016,13.529999732971191,13.535799989700317,13.7346676624,13.336932317
03/17/2016,13.59000015258789,13.529099988937379,13.7164290674,13.3417709104
03/18/2016,13.630000114440918,13.522999992370606,13.697902812,13.3480971728
03/21/2016,13.770000457763672,13.518699989318847,13.6854432109,13.3519567677
03/22/2016,13.739999771118164,13.516899995803833,13.6799073143,13.3538926773
03/23/2016,13.800000190734863,13.515099992752075,13.6746022944,13.3555976911
03/24/2016,13.760000228881836,13.513599996566773,13.6696738155,13.3575261776
03/28/2016,13.899999618530273,13.512399997711181,13.6660952717,13.3587047237
03/29/2016,13.890000343322754,13.512799997329711,13.6674484913,13.3581515034
03/30/2016,13.890000343322754,13.513400001525879,13.66938859,13.357411413
03/31/2016,13.90999984741211,13.513900003433228,13.6710107648,13.3567892421
04/01/2016,14.130000114440918,13.514800004959106,13.6739067678,13.3556932421
04/04/2016,14.069999694824219,13.517800006866455,13.6854220932,13.3501779205
04/05/2016,14.020000457763672,13.52039999961853,13.6944282675,13.3463717318
04/06/2016,13.989999771118164,13.523100004196166,13.7026755943,13.3435244141
04/07/2016,13.960000038146973,13.525600004196168,13.7098570024,13.341343006
04/08/2016,13.970000267028809,13.528600006103515,13.7174068971,13.3397931151
04/11/2016,13.979999542236328,13.532700004577636,13.7265290895,13.3388709197
04/12/2016,13.989999771118164,13.536499996185302,13.735273107,13.3377268854
04/13/2016,13.989999771118164,13.540299997329711,13.744012805,13.3365871896
04/14/2016,13.979999542236328,13.544299993515015,13.7528197908,13.3357801962
04/15/2016,13.930000305175781,13.54889998435974,13.7618595633,13.3359404055
04/18/2016,14.050000190734863,13.55279998779297,13.769105685,13.3364942906
04/19/2016,14.079999923706055,13.557899990081786,13.779784164,13.3360158161
04/20/2016,14.069999694824219,13.562899990081787,13.7907784357,13.3350215445
04/21/2016,14.100000381469727,13.56729998588562,13.8006145865,13.3339853853
04/22/2016,14.069999694824219,13.57229998588562,13.8115440178,13.333055954
04/25/2016,14.029999732971191,13.57689998626709,13.8211936296,13.332606343
04/26/2016,13.989999771118164,13.5806999874115,13.8290233701,13.3323766047
04/27/2016,14.020000457763672,13.583699989318848,13.8351185676,13.332281411
04/28/2016,14.0,13.587199993133545,13.8422061801,13.3321938061
04/29/2016,14.140000343322754,13.590799989700317,13.849046684,13.3325532954
05/02/2016,14.130000114440918,13.595699996948243,13.8596100373,13.3317899566
05/03/2016,14.09000015258789,13.600799999237061,13.8700050524,13.331594946
05/04/2016,14.180000305175781,13.605500001907348,13.8790667254,13.3319332784
05/05/2016,14.149999618530273,13.613300008773804,13.8919684749,13.3346315427
05/06/2016,14.260000228881836,13.620600004196167,13.9036364685,13.3375635399
05/09/2016,14.220000267028809,13.629900007247924,13.9184602132,13.3413398013
05/10/2016,14.34000015258789,13.6418000125885,13.9299124249,13.3536876003
05/11/2016,14.210000038146973,13.65350001335144,13.9459393313,13.3610606954
05/12/2016,14.210000038146973,13.662600011825562,13.9580407778,13.3671592458
05/13/2016,14.279999732971191,13.670900011062622,13.969922079,13.3718779432
05/16/2016,14.369999885559082,13.679200010299683,13.9834488605,13.3749511601
05/17/2016,14.289999961853027,13.689200010299682,13.9994956118,13.3789044088
05/18/2016,14.199999809265137,13.698300008773804,14.012710744,13.3838892735
05/19/2016,14.109999656677246,13.705500011444093,14.0230574808,13.3879425421
05/20/2016,14.109999656677246,13.712000007629394,14.0311143972,13.392885618
05/23/2016,14.229999542236328,13.718200006484984,14.0389596514,13.3974403615
05/24/2016,14.359999656677246,13.726000003814697,14.0496139468,13.4023860609
05/25/2016,14.399999618530273,13.735900001525879,14.063589136,13.408210867
05/26/2016,14.25,13.745599994659424,14.0784071697,13.4127928196
05/27/2016,14.260000228881836,13.754099998474121,14.0888210214,13.4193789756
05/31/2016,14.359999656677246,13.7625,14.0992650902,13.4257349098
06/01/2016,14.380000114440918,13.771999998092651,14.1120705361,13.4319294601
06/02/2016,14.460000038146973,13.781400003433227,14.1251353804,13.4376646265
06/03/2016,14.600000381469727,13.791400003433228,14.1401492114,13.4426507954
06/06/2016,14.59000015258789,13.802800006866455,14.1590809863,13.4465190274
06/07/2016,14.5600004196167,13.8143000125885,14.1771835826,13.4514164425
06/08/2016,14.5,13.82520001411438,14.1939017136,13.4564983146
06/09/2016,14.539999961853027,13.835500011444092,14.2084969751,13.4625030478
06/10/2016,14.460000038146973,13.847100009918213,14.2237703899,13.47042963
06/13/2016,14.399999618530273,13.859200010299682,14.2359298145,13.4824702061
06/14/2016,14.260000228881836,13.870500001907349,14.2463333913,13.4946666125
06/15/2016,14.359999656677246,13.877200002670287,14.2539441455,13.5004558598
06/16/2016,14.300000190734863,13.887799997329711,14.2630641018,13.5125358928
06/17/2016,14.329999923706055,13.898000001907349,14.2704566926,13.5255433113
06/20/2016,14.3100004196167,13.907300004959106,14.2788154042,13.5357846057
06/21/2016,14.270000457763672,13.917800006866456,14.2856928555,13.5499071583
06/22/2016,14.239999771118164,13.927400007247925,14.2918163025,13.562983712
06/23/2016,14.350000381469727,13.935900001525878,14.2975852079,13.5742147952
06/24/2016,14.25,13.945200004577636,14.3054540293,13.5849459798
06/27/2016,14.369999885559082,13.953500003814698,14.3111097815,13.5958902262
06/28/2016,14.380000114440918,13.962700004577636,14.3190701915,13.6063298177
06/29/2016,14.489999771118164,13.972000007629395,14.3270014146,13.6169986006
06/30/2016,14.489999771118164,13.982500009536743,14.337138899,13.62786112
07/01/2016,14.520000457763672,13.994000005722047,14.3462555826,13.6417444288
07/05/2016,14.550000190734863,14.005300006866456,14.3561203459,13.6544796679
07/06/2016,14.5600004196167,14.017100009918213,14.3661939667,13.6680060532
07/07/2016,14.579999923706055,14.027600011825562,14.3770742559,13.6781257677
07/08/2016,14.65999984741211,14.03810001373291,14.3882391196,13.6879609078
07/11/2016,14.729999542236328,14.050600013732911,14.4004051585,13.7007948689
07/12/2016,14.65999984741211,14.063400011062622,14.4144105957,13.7123894264
07/13/2016,14.520000457763672,14.075500011444092,14.4260121169,13.724987906
07/14/2016,14.529999732971191,14.086000013351441,14.4339339052,13.7380661215
07/15/2016,14.529999732971191,14.097000007629395,14.4413907662,13.7526092491
07/18/2016,14.539999961853027,14.107600002288818,14.4488275445,13.7663724601
07/19/2016,14.550000190734863,14.117200002670288,14.4569501379,13.7774498674
07/20/2016,14.5600004196167,14.127000007629395,14.4649541355,13.7890458798
07/21/2016,14.579999923706055,14.137600011825562,14.472330106,13.8028699177
07/22/2016,14.600000381469727,14.14770001411438,14.4803825978,13.8150174304
07/25/2016,14.569999694824219,14.158100013732911,14.4884958212,13.8277042063
07/26/2016,14.569999694824219,14.169200010299683,14.4945634339,13.8438365867
07/27/2016,14.670000076293945,14.179400005340575,14.5011602223,13.8576397884
07/28/2016,14.680000305175781,14.189900007247925,14.5103637127,13.8694363018
07/29/2016,14.6899995803833,14.201100006103516,14.5189140943,13.8832859179
08/01/2016,14.6899995803833,14.212300004959106,14.5273995235,13.8972004864
08/02/2016,14.609999656677246,14.224499998092652,14.5341946002,13.914805396
08/03/2016,14.649999618530273,14.235799999237061,14.5386635777,13.9329364208
08/04/2016,14.720000267028809,14.247199993133545,14.5439223338,13.9504776524
08/05/2016,14.850000381469727,14.259299993515015,14.5503300667,13.9682699203
08/08/2016,14.800000190734863,14.272399997711181,14.5602232726,13.9845767229
08/09/2016,14.789999961853027,14.285100002288818,14.5678595919,14.0023404127
08/10/2016,14.880000114440918,14.29710000038147,14.5755359665,14.0186640342
08/11/2016,14.869999885559082,14.30960000038147,14.5858568376,14.0333431632
08/12/2016,14.859999656677246,14.320599994659425,14.5970518781,14.0441481112
08/15/2016,14.920000076293945,14.331799993515014,14.6071883696,14.0564116175
08/16/2016,14.720000267028809,14.342999992370606,14.6193059836,14.0666940012
08/17/2016,14.850000381469727,14.352599992752076,14.6251348448,14.0800651407
08/18/2016,14.829999923706055,14.362100000381469,14.6352494026,14.0889505982
08/19/2016,14.720000267028809,14.371499996185303,14.6444152917,14.0985847007
08/22/2016,14.75,14.379799995422363,14.6505581417,14.1090418492
08/23/2016,14.8100004196167,14.388199996948241,14.6572776296,14.1191223643
08/24/2016,14.819999694824219,14.395,14.666051686,14.123948314
08/25/2016,14.789999961853027,14.4025,14.6748284082,14.1301715918
08/26/2016,14.75,14.410199995040893,14.6824902358,14.1379097543
08/29/2016,14.800000190734863,14.417799997329713,14.6888593512,14.1467406434
08/30/2016,14.829999923706055,14.42619999885559,14.6959546562,14.1564453415
08/31/2016,14.829999923706055,14.434799995422363,14.7035805324,14.1660194584
09/01/2016,14.84000015258789,14.44329999923706,14.7110015538,14.1755984447
09/02/2016,14.84000015258789,14.451800003051758,14.7184660327,14.1851339734
09/06/2016,14.880000114440918,14.460300006866454,14.7256543367,14.1949456771
09/07/2016,14.930000305175781,14.469300012588501,14.7334713901,14.2051286351
09/08/2016,14.760000228881836,14.479300012588501,14.7417891029,14.2168109223
09/09/2016,14.59000015258789,14.486400012969971,14.7467748491,14.2260251769
09/12/2016,14.529999732971191,14.491500015258788,14.7488417429,14.2341582876
09/13/2016,14.579999923706055,14.496100015640259,14.7499539143,14.2422461169
09/14/2016,14.420000076293945,14.500900011062622,14.7517390126,14.2500610096
09/15/2016,14.479999542236328,14.50440001487732,14.7516178375,14.2571821923
09/16/2016,14.470000267028809,14.50890001296997,14.7514939111,14.2663061149
09/19/2016,14.479999542236328,14.513700017929077,14.7506627083,14.2767373275
09/20/2016,14.489999771118164,14.518300008773803,14.7500415057,14.2865585119
09/21/2016,14.510000228881836,14.523200006484986,14.7490357243,14.2973642887
09/22/2016,14.569999694824219,14.526900005340575,14.7494340566,14.3043659541
09/23/2016,14.5600004196167,14.531300001144409,14.7502642097,14.3123357926
09/26/2016,14.550000190734863,14.536000003814697,14.750438844,14.3215611637
09/27/2016,14.670000076293945,14.539700002670289,14.7511354027,14.3282646027
09/28/2016,14.6899995803833,14.544900007247925,14.7530562119,14.3367438026
09/29/2016,14.640000343322754,14.549200000762939,14.7558624686,14.3425375329
09/30/2016,14.850000381469727,14.55340000152588,14.757582415,14.3492175881
10/03/2016,14.789999961853027,14.558500003814697,14.7636554835,14.3533445241
10/04/2016,14.649999618530273,14.564300003051757,14.7677122222,14.3608877839
10/05/2016,14.579999923706055,14.56869999885559,14.7691378459,14.3682621518
10/06/2016,14.569999694824219,14.57170000076294,14.770028337,14.3733716645
10/07/2016,14.529999732971191,14.573699998855592,14.7709899594,14.3764100383
10/10/2016,14.550000190734863,14.576099996566773,14.7713736726,14.3808263205
10/11/2016,14.5,14.57960000038147,14.771203385,14.3879966157
10/12/2016,14.359999656677246,14.583500003814697,14.7693891207,14.397610887
10/13/2016,14.329999923706055,14.586000003814696,14.7671243037,14.4048757039
10/14/2016,14.199999809265137,14.587000007629394,14.7664241118,14.4075759035
10/17/2016,14.220000267028809,14.585400009155274,14.7675341605,14.4032658578
10/18/2016,14.289999961853027,14.58360001564026,14.7684270856,14.3987729457
10/19/2016,14.319999694824219,14.58400001525879,14.7681467122,14.3998533183
10/20/2016,14.350000381469727,14.584600009918212,14.7677852961,14.4014147237
10/21/2016,14.350000381469727,14.584500017166137,14.7678105617,14.4011894726
10/24/2016,14.369999885559082,14.584200019836425,14.767869191,14.4005308487
10/25/2016,14.319999694824219,14.583300018310547,14.7677942325,14.3988058042
10/26/2016,14.3100004196167,14.580500011444093,14.7668350768,14.394164946
10/27/2016,14.279999732971191,14.577700014114379,14.7659650251,14.3894350031
10/28/2016,14.279999732971191,14.574900007247924,14.7654754415,14.384324573
10/31/2016,14.260000228881836,14.572700004577637,14.7653855457,14.3800144635
11/01/2016,14.199999809265137,14.569900007247925,14.7650589075,14.374741107
11/02/2016,14.199999809265137,14.567300004959106,14.7656121777,14.3689878322
11/03/2016,14.1899995803833,14.565300006866455,14.7662799014,14.3643201123
11/04/2016,14.170000076293945,14.56460000038147,14.7667604628,14.362439538
11/07/2016,14.1899995803833,14.562700004577637,14.7676480969,14.3577519122
11/08/2016,14.130000114440918,14.56159999847412,14.7682433015,14.3549566954
11/09/2016,14.069999694824219,14.55960000038147,14.7694186205,14.3497813803
11/10/2016,14.0,14.557199993133544,14.771191064,14.3432089223
11/11/2016,13.930000305175781,14.554499988555909,14.7737367806,14.3352631965
11/14/2016,13.819999694824219,14.551399993896485,14.7771566232,14.3256433646
11/15/2016,13.890000343322754,14.54609998703003,14.7824933278,14.3097066463
11/16/2016,13.869999885559082,14.542499990463257,14.7860092654,14.2989907155
11/17/2016,13.800000190734863,14.537499990463257,14.7894856409,14.28551434
11/18/2016,13.8100004196167,14.531699991226196,14.7937193139,14.2696806685
11/21/2016,13.8100004196167,14.52489999771118,14.7965597098,14.2532402856
11/22/2016,13.829999923706055,14.518100004196167,14.7989049064,14.237295102
11/23/2016,13.859999656677246,14.511199998855592,14.800230385,14.2221696127
11/25/2016,13.859999656677246,14.504299993515014,14.8004697393,14.2081302477
11/28/2016,13.880000114440918,14.49729998588562,14.8002648718,14.1943351
11/29/2016,13.880000114440918,14.49029998779297,14.7992998594,14.1813001162
11/30/2016,13.880000114440918,14.482499990463257,14.7969149386,14.1680850423
12/01/2016,13.819999694824219,14.473999996185302,14.7930642694,14.154935723
12/02/2016,13.850000381469727,14.465599994659424,14.7906579201,14.1405420692
12/05/2016,13.850000381469727,14.458899993896484,14.7896231404,14.1281768474
12/06/2016,13.9399995803833,14.45210000038147,14.7882377629,14.1159622379
12/07/2016,14.0,14.44619999885559,14.7860758145,14.1063241832
12/08/2016,13.779999732971191,14.440799999237061,14.783421321,14.0981786775
12/09/2016,13.819999694824219,14.433099994659424,14.7817795082,14.0844204811
12/12/2016,13.779999732971191,14.425699987411498,14.7794237859,14.0719761889
12/13/2016,13.84000015258789,14.41769998550415,14.7768486025,14.0585513685
12/14/2016,13.880000114440918,14.410099983215332,14.7733285692,14.0468713972
12/15/2016,13.859999656677246,14.403199987411499,14.7698630143,14.0365369605
12/16/2016,13.920000076293945,14.396099987030029,14.7663212855,14.0258786886
12/19/2016,13.970000267028809,14.388599987030029,14.7607881901,14.016411784
12/20/2016,13.960000038146973,14.38149998664856,14.7548319626,14.0081680107
12/21/2016,13.979999542236328,14.374199991226197,14.7485639538,13.9998360287
12/22/2016,13.9399995803833,14.367099990844727,14.7421394722,13.9920605095
12/23/2016,13.960000038146973,14.360399990081786,14.7370216407,13.9837783395
12/27/2016,14.0,14.353499994277954,14.7310722119,13.9759277767
12/28/2016,13.899999618530273,14.346299991607665,14.7236795584,13.9689204248
12/29/2016,13.9399995803833,14.336799983978272,14.7133365515,13.9602634164
12/30/2016,14.020000457763672,14.328199977874755,14.7038790801,13.9525208756
01/03/2017,14.09000015258789,14.320499982833862,14.6945224088,13.9464775568
01/04/2017,14.079999923706055,14.312599983215332,14.6830473653,13.9421526011
01/05/2017,14.100000381469727,14.304699983596802,14.6715827091,13.9378172581
01/06/2017,14.130000114440918,14.297099990844726,14.6602536999,13.9339462818
01/09/2017,14.119999885559082,14.289199991226196,14.6472745434,13.9311254391
01/10/2017,14.149999618530273,14.2831999874115,14.6390254823,13.9273744925
01/11/2017,14.149999618530273,14.276199979782104,14.6276648845,13.9247350751
01/12/2017,14.199999809265137,14.269399976730346,14.616637159,13.9221627945
01/13/2017,14.180000305175781,14.26419997215271,14.6085317574,13.9198681869
01/17/2017,14.220000267028809,14.258499975204467,14.5994439112,13.9175560392
01/18/2017,14.229999542236328,14.252599973678588,14.5890241886,13.9161757588
01/19/2017,14.119999885559082,14.24669997215271,14.5782601111,13.9151398333
01/20/2017,14.130000114440918,14.239999971389771,14.5672552479,13.9127446948
01/23/2017,14.210000038146973,14.233799972534179,14.5571845353,13.9104154098
01/24/2017,14.100000381469727,14.2278999710083,14.5462435007,13.9095564413
01/25/2017,14.069999694824219,14.220599975585937,14.5333740994,13.9078258518
01/26/2017,14.140000343322754,14.21299997329712,14.5200553656,13.905944581
01/27/2017,14.229999542236328,14.205999975204469,14.5065927416,13.9054072088
01/30/2017,14.199999809265137,14.199899969100953,14.4936770932,13.906122845
01/31/2017,14.149999618530273,14.193099966049195,14.478815553,13.9073843791
02/01/2017,14.239999771118164,14.18529995918274,14.4612726242,13.9093272942
02/02/2017,14.239999771118164,14.180099954605103,14.4500277014,13.9101722078
02/03/2017,14.350000381469727,14.176599950790406,14.4434415454,13.9097583562
02/06/2017,14.449999809265137,14.17479995727539,14.4398527061,13.9097472084
02/07/2017,14.6899995803833,14.173499956130982,14.4368756367,13.9101242756
02/08/2017,14.630000114440918,14.176199951171874,14.4434443237,13.9089555786
02/09/2017,14.600000381469727,14.177699956893921,14.4470579132,13.9083420006
02/10/2017,14.510000228881836,14.17899995803833,14.4500737494,13.9079261666
02/13/2017,14.539999961853027,14.179299964904786,14.4507230934,13.9078768364
02/14/2017,14.539999961853027,14.179799966812134,14.4518403422,13.9077595914
02/15/2017,14.520000457763672,14.180099964141846,14.4525205839,13.9076793443
02/16/2017,14.5600004196167,14.17959997177124,14.45134958,13.9078503636
02/17/2017,14.5600004196167,14.17959997177124,14.45134958,13.9078503636
02/21/2017,14.520000457763672,14.179699974060059,14.4515876739,13.9078122742
02/22/2017,14.520000457763672,14.178199977874756,14.4477825694,13.9086173864
02/23/2017,14.550000190734863,14.17649998664856,14.4433721864,13.9096277869
02/24/2017,14.579999923706055,14.17559998512268,14.4410555544,13.9101444159
02/27/2017,14.609999656677246,14.172899980545044,14.4327972744,13.9130026867
02/28/2017,14.600000381469727,14.171099977493286,14.4273143424,13.9148856126
03/01/2017,14.510000228881836,14.170599985122681,14.4259265558,13.9152734145
03/02/2017,14.489999771118164,14.16989998817444,14.4241970779,13.9156028985
03/03/2017,14.510000228881836,14.169099988937377,14.4222604337,13.9159395442
03/06/2017,14.539999961853027,14.168899993896485,14.421782999,13.9160169888
03/07/2017,14.40999984741211,14.168799991607665,14.4215342048,13.9160657784
03/08/2017,14.369999885559082,14.167899990081787,14.4196113561,13.9161886241
03/09/2017,13.960000038146973,14.167999992370605,14.419789632,13.9162103527
03/10/2017,14.010000228881836,14.164299993515014,14.4164002368,13.9121997502
03/13/2017,14.029999732971191,14.162399997711182,14.4149396225,13.9098603729
03/14/2017,13.920000076293945,14.160499992370605,14.4133137034,13.9076862814
03/15/2017,14.039999961853027,14.156799993515016,14.4103976713,13.9032023158
03/16/2017,14.039999961853027,14.153999996185302,14.4073259191,13.9006740733
03/17/2017,14.050000190734863,14.150899991989135,14.4037046829,13.898095301
03/20/2017,14.069999694824219,14.147899990081788,14.4001034988,13.8956964814
03/21/2017,13.989999771118164,14.144899988174439,14.3962264904,13.893573486
03/22/2017,14.0600004196167,14.141599988937378,14.3927721658,13.8904278121
03/23/2017,14.069999694824219,14.139099988937378,14.3898273514,13.8883726265
03/24/2017,14.039999961853027,14.136999988555909,14.3874176824,13.8865822947
03/27/2017,14.039999961853027,14.134599990844727,14.3847856463,13.8844143354
03/28/2017,14.130000114440918,14.132399988174438,14.3824405082,13.8823594682
03/29/2017,14.100000381469727,14.131699991226196,14.3816482496,13.8817517328
03/30/2017,14.109999656677246,14.130699996948243,14.3805730285,13.8808269654
03/31/2017,14.140000343322754,14.129899997711181,14.3797099505,13.8800900449
04/03/2017,14.220000267028809,14.129600000381469,14.3793796283,13.8798203724
04/04/2017,14.210000038146973,14.129900007247924,14.3797700005,13.880030014
04/05/2017,14.180000305175781,14.130700006484986,14.3806970736,13.8807029394
04/06/2017,14.25,14.131800012588501,14.3817695777,13.8818304475
04/07/2017,14.180000305175781,14.1343000125885,14.3841890548,13.8844109704
04/10/2017,14.15999984741211,14.136800012588502,14.3858818965,13.8877181287
04/11/2017,14.239999771118164,14.140200014114379,14.3872465336,13.8931534947
04/12/2017,14.260000228881836,14.143700008392335,14.3896539349,13.8977460819
04/13/2017,14.289999961853027,14.147600011825562,14.3922717588,13.9029282648
04/17/2017,14.25,14.152500009536743,14.3950588166,13.9099412024
04/18/2017,14.270000457763672,14.156900005340576,14.3971861217,13.9166138889
04/19/2017,14.229999542236328,14.161500005722045,14.3994932443,13.9235067671
04/20/2017,14.260000228881836,14.165500001907349,14.4012387991,13.9297612048
04/21/2017,14.34000015258789,14.169500007629395,14.4034076363,13.9355923789
04/24/2017,14.260000228881836,14.174300012588501,14.4067275003,13.9418725249
04/25/2017,14.260000228881836,14.17810001373291,14.4087846859,13.9474153415
04/26/2017,14.289999961853027,14.18190001487732,14.4107655189,13.9530345108
04/27/2017,14.239999771118164,14.18600001335144,14.413085965,13.9589140617
04/28/2017,14.289999961853027,14.19020001411438,14.4143427964,13.9660572319
05/01/2017,14.350000381469727,14.194600009918213,14.4163270251,13.9728729947
05/02/2017,14.449999809265137,14.199600009918212,14.4191264844,13.9800735355
05/03/2017,14.449999809265137,14.20470001220703,14.4240603088,13.9853397156
05/04/2017,14.430000305175781,14.209200010299682,14.4289302738,13.9894697468
05/05/2017,14.489999771118164,14.215700016021728,14.4322283919,13.9991716402
05/08/2017,14.40999984741211,14.222400016784668,14.4369373414,14.0078626922
05/09/2017,14.470000267028809,14.228700017929077,14.4393687875,14.0180312483
05/10/2017,14.380000114440918,14.235000019073487,14.4433579388,14.0266420993
05/11/2017,14.34000015258789,14.240000019073486,14.445762075,14.0342379631
05/12/2017,14.350000381469727,14.244800024032592,14.4472129217,14.0423871264
05/15/2017,14.510000228881836,14.249100027084351,14.4491205565,14.0490794976
05/16/2017,14.489999771118164,14.25450002670288,14.4542017408,14.0547983126
05/17/2017,14.479999542236328,14.259800024032593,14.4586466571,14.0609533909
05/18/2017,14.479999542236328,14.264800024032592,14.4628327958,14.0667672523
05/19/2017,14.470000267028809,14.270200023651123,14.4666586038,14.0737414435
05/22/2017,14.670000076293945,14.275300025939941,14.4702536737,14.0803463782
05/23/2017,14.520000457763672,14.282000026702882,14.4788807393,14.0851193141
05/24/2017,14.630000114440918,14.288200035095215,14.4827013817,14.0936986885
05/25/2017,14.5600004196167,14.295100040435791,14.4893653259,14.100834755
05/26/2017,14.630000114440918,14.300500040054322,14.4945483986,14.1064516815
05/30/2017,14.539999961853027,14.305900039672851,14.5015226519,14.1102774274
05/31/2017,14.609999656677246,14.310500040054322,14.5061649718,14.1148351083
06/01/2017,14.619999885559082,14.315600032806396,14.5123553497,14.1188447159
06/02/2017,14.670000076293945,14.320500030517579,14.5186685552,14.1223315059
06/05/2017,14.630000114440918,14.326000032424927,14.5261500109,14.1258500539
06/06/2017,14.649999618530273,14.330800037384034,14.5324218935,14.1291781812
06/07/2017,14.680000305175781,14.335800037384033,14.5390692399,14.1325308349
06/08/2017,14.569999694824219,14.340600042343139,14.5462591045,14.1349409801
06/09/2017,14.65999984741211,14.344500036239625,14.550773542,14.1382265305
06/12/2017,14.569999694824219,14.348900032043456,14.5571542003,14.1406458638
06/13/2017,14.539999961853027,14.352300033569335,14.5613591542,14.1432409129
06/14/2017,14.510000228881836,14.356500034332276,14.5650683803,14.1479316883
06/15/2017,14.649999618530273,14.360300035476685,14.5681675796,14.1524324913
06/16/2017,14.640000343322754,14.364700031280517,14.5739914872,14.1554085753
06/19/2017,14.729999542236328,14.370100030899048,14.5794585681,14.1607414937
06/20/2017,14.670000076293945,14.376700029373168,14.5868954423,14.1665046165
06/21/2017,14.649999618530273,14.382000026702881,14.5928412072,14.1711588462
06/22/2017,14.649999618530273,14.38620002746582,14.5981518138,14.1742482412
06/23/2017,14.680000305175781,14.390700025558472,14.6034263915,14.1779736596
06/26/2017,14.670000076293945,14.396000032424928,14.6092651171,14.1827349477
06/27/2017,14.6899995803833,14.400300035476684,14.6147083043,14.1858917666
06/28/2017,14.670000076293945,14.404800033569336,14.6205150128,14.1890850543
06/29/2017,14.720000267028809,14.408000030517577,14.6252464181,14.1907536429
06/30/2017,14.649999618530273,14.410700035095214,14.6301185953,14.1912814749
07/03/2017,14.630000114440918,14.410300035476684,14.6292450174,14.1913550536
07/05/2017,14.59000015258789,14.410300035476684,14.6292450174,14.1913550536
07/06/2017,14.5,14.410200033187866,14.6290606148,14.1913394515
07/07/2017,14.489999771118164,14.410100030899049,14.6289172691,14.1912827927
07/10/2017,14.460000038146973,14.409600028991699,14.6281768656,14.1910231924
07/11/2017,14.470000267028809,14.408800029754639,14.6270442821,14.1905557774
07/12/2017,14.40999984741211,14.40830002784729,14.6263461309,14.1902539248
07/13/2017,14.390000343322754,14.406800022125244,14.6243126696,14.1892873746
07/14/2017,14.489999771118164,14.405100021362305,14.6220723249,14.1881277178
07/17/2017,14.539999961853027,14.40480001449585,14.621633935,14.187966094
07/18/2017,14.579999923706055,14.405000009536742,14.6219492845,14.1880507346
07/19/2017,14.65999984741211,14.405300006866455,14.6224702099,14.1881298038
07/20/2017,14.65999984741211,14.406100006103516,14.6240582052,14.188141807
07/21/2017,14.720000267028809,14.406600008010864,14.6250821061,14.1881179099
07/24/2017,14.720000267028809,14.407800006866456,14.6276662102,14.1879338036
07/25/2017,14.680000305175781,14.409900007247925,14.6317264676,14.1880735469
07/26/2017,14.720000267028809,14.4118000125885,14.6351131347,14.1884868905
07/27/2017,14.779999732971191,14.41390001296997,14.6391061,14.1886939259
07/28/2017,14.75,14.416300010681152,14.6441010197,14.1884990016
07/31/2017,14.800000190734863,14.41970001220703,14.6499062233,14.1894938011
08/01/2017,14.729999542236328,14.42400001525879,14.6572337839,14.1907662466
08/02/2017,14.710000038146973,14.431700010299682,14.6621823268,14.2012176938
08/03/2017,14.789999961853027,14.438700008392335,14.6668869937,14.2105130231
08/04/2017,14.75,14.446300010681153,14.673401965,14.2191980564
08/07/2017,14.760000228881836,14.454600009918213,14.6774426187,14.2317574012
08/08/2017,14.739999771118164,14.461800012588501,14.6827541915,14.2408458337
08/09/2017,14.720000267028809,14.468800010681152,14.6873556041,14.2502444172
08/10/2017,14.75,14.475500011444092,14.691367425,14.2596325979
08/11/2017,14.630000114440918,14.48230001449585,14.6959859933,14.2686140357
08/14/2017,14.699999809265137,14.488700017929077,14.6970633914,14.2803366445
08/15/2017,14.6899995803833,14.495100011825562,14.6999974936,14.29020253
08/16/2017,14.670000076293945,14.501300010681152,14.7025890906,14.3000109308
08/17/2017,14.630000114440918,14.507600011825561,14.7041559159,14.3110441077
08/18/2017,14.609999656677246,14.51350001335144,14.7047138549,14.3222861718
08/21/2017,14.600000381469727,14.518300008773803,14.7058155903,14.3307844272
08/22/2017,14.59000015258789,14.523300008773804,14.7062046207,14.3403953969
08/23/2017,14.930000305175781,14.52810001373291,14.7063340573,14.3498659702
08/24/2017,14.739999771118164,14.53600001335144,14.7143647778,14.3576352489
08/25/2017,14.75,14.541200008392334,14.7178481045,14.3645519123
08/28/2017,14.729999542236328,14.546600008010865,14.7212838081,14.3719162079
08/29/2017,14.760000228881836,14.55210000038147,14.7237874507,14.3804125501
08/30/2017,14.789999961853027,14.557200002670289,14.7274062056,14.3869937998
08/31/2017,14.8100004196167,14.56329999923706,14.7307876216,14.3958123769
09/01/2017,14.800000190734863,14.569800004959106,14.7340922885,14.4055077215
09/05/2017,14.800000190734863,14.575400009155274,14.7378894971,14.4129105212
09/06/2017,14.84000015258789,14.580800008773803,14.7416830591,14.4199169584
09/07/2017,14.949999809265137,14.586300010681152,14.7465476514,14.42605237
09/08/2017,14.75,14.593300008773804,14.7539925874,14.4326074301
09/11/2017,14.710000038146973,14.598100004196167,14.7562119511,14.4399880573
09/12/2017,14.710000038146973,14.602900009155274,14.7569992771,14.4488007412
09/13/2017,14.729999542236328,14.607400007247925,14.7579497863,14.4568502282
09/14/2017,14.760000228881836,14.611300001144409,14.7599112579,14.4626887443
09/15/2017,14.739999771118164,14.61630000114441,14.7613769046,14.4712230977
09/18/2017,14.949999809265137,14.621099996566773,14.7621949611,14.480005032
09/19/2017,14.890000343322754,14.627699995040894,14.7685889853,14.4868110048
09/20/2017,14.819999694824219,14.63420000076294,14.7720127636,14.4963872379
09/21/2017,14.739999771118164,14.639499998092651,14.7741281758,14.5048718204
09/22/2017,14.890000343322754,14.643399991989135,14.7752045368,14.5115954472
09/25/2017,14.850000381469727,14.647799997329711,14.7804165838,14.5151834108
09/26/2017,14.84000015258789,14.651800003051758,14.7844226247,14.5191773814
09/27/2017,14.84000015258789,14.655900001525879,14.7879386008,14.5238614023
09/28/2017,14.8100004196167,14.659400005340576,14.7916332896,14.5271667211
09/29/2017,14.829999923706055,14.663400011062622,14.7940692189,14.5327308033
10/02/2017,14.829999923706055,14.667000007629394,14.7972497777,14.5367502376
10/03/2017,14.789999961853027,14.671500005722045,14.799510759,14.5434892525
10/04/2017,14.789999961853027,14.676000003814698,14.8001289845,14.5518710232
10/05/2017,14.5600004196167,14.68039999961853,14.8006324671,14.5601675321
10/06/2017,14.600000381469727,14.68090000152588,14.800525233,14.56127477
10/09/2017,14.680000305175781,14.682000007629394,14.8003638725,14.5636361428
10/10/2017,14.699999809265137,14.684000015258789,14.800610489,14.5673895415
10/11/2017,14.770000457763672,14.686200017929076,14.8010022852,14.5713977507
10/12/2017,14.770000457763672,14.689200019836425,14.8022193207,14.5761807189
10/13/2017,14.770000457763672,14.690200023651123,14.8034871063,14.576912941
10/16/2017,14.75,14.692700023651122,14.8049573854,14.5804426619
10/17/2017,14.869999885559082,14.693900022506714,14.806122103,14.581677942
10/18/2017,14.819999694824219,14.697000017166138,14.8097608524,14.5842391819
10/19/2017,14.779999732971191,14.69890001296997,14.8121157156,14.5856843103
10/20/2017,14.850000381469727,14.701300010681152,14.8136624364,14.5889375849
10/23/2017,14.75,14.703700017929076,14.8166483032,14.5907517327
10/24/2017,14.779999732971191,14.705000019073486,14.8177253707,14.5922746675
10/25/2017,14.75,14.706100015640258,14.8190150036,14.5931850276
10/26/2017,14.6899995803833,14.70730001449585,14.8200373848,14.5945626442
10/27/2017,14.739999771118164,14.70770001411438,14.8203042518,14.5950957764
10/30/2017,14.699999809265137,14.708300008773804,14.8209149028,14.5956851147
10/31/2017,14.8100004196167,14.709600009918212,14.8213579784,14.5978420414
11/01/2017,14.850000381469727,14.711100015640259,14.8231883476,14.5990116836
11/02/2017,14.890000343322754,14.713900022506714,14.8259258867,14.6018741583
11/03/2017,14.890000343322754,14.71740002632141,14.8294055848,14.6053944678
11/06/2017,14.8100004196167,14.72120002746582,14.8325488804,14.6098511745
11/07/2017,14.880000114440918,14.722800035476684,14.8342637836,14.6113362873
11/08/2017,14.869999885559082,14.725200033187866,14.837436248,14.6129638184
11/09/2017,14.850000381469727,14.726600036621093,14.8397567754,14.6134432979
11/10/2017,14.729999542236328,14.728400039672852,14.8420725887,14.6147274906
11/13/2017,14.710000038146973,14.729200038909912,14.8425991912,14.6158008866
11/14/2017,14.640000343322754,14.72980004310608,14.8429369826,14.6166631037
11/15/2017,14.670000076293945,14.72940004348755,14.8427827882,14.6160172988
11/16/2017,14.720000267028809,14.72940004348755,14.8427827882,14.6160172988
11/17/2017,14.720000267028809,14.729700050354005,14.8430178176,14.6163822831
11/20/2017,14.800000190734863,14.730200052261353,14.843363502,14.6170366025
11/21/2017,14.710000038146973,14.731000051498413,14.8443711528,14.6176289502
11/22/2017,14.710000038146973,14.73160005569458,14.8446993302,14.6185007812
11/24/2017,14.75,14.73240005493164,14.8450599237,14.6197401862
11/27/2017,14.760000228881836,14.734000053405762,14.8457587501,14.6222413567
11/28/2017,14.789999961853027,14.73660005569458,14.8458815552,14.6273185562
11/29/2017,14.779999732971191,14.739600057601928,14.8461544785,14.6330456367
11/30/2017,14.819999694824219,14.742800054550171,14.8456502575,14.6399498516
12/01/2017,14.800000190734863,14.746300048828125,14.845704852,14.6468952456
12/04/2017,14.680000305175781,14.750200052261352,14.8438160961,14.6565840084
12/05/2017,14.8100004196167,14.753100051879883,14.8397452792,14.6664548246
12/06/2017,14.84000015258789,14.756300058364868,14.8389881126,14.6736120041
12/07/2017,14.729999542236328,14.759300060272217,14.8394905463,14.6791095743
12/08/2017,14.5600004196167,14.76080005645752,14.8390008485,14.6825992645
12/11/2017,14.65999984741211,14.759800062179565,14.8398997626,14.6797003618
12/12/2017,14.5600004196167,14.759800062179565,14.8398997626,14.6797003618
12/13/2017,14.550000190734863,14.758200063705445,14.840642533,14.6757575944
12/14/2017,14.529999732971191,14.756500062942505,14.8414279757,14.6715721502
12/15/2017,14.600000381469727,14.755000057220458,14.8425500556,14.6674500589
12/18/2017,14.680000305175781,14.753800058364869,14.8426345188,14.664965598
12/19/2017,14.75,14.752800064086914,14.841896423,14.6637037052
12/20/2017,14.819999694824219,14.752800064086914,14.841896423,14.6637037052
12/21/2017,14.739999771118164,14.753000059127807,14.8422244984,14.6637756199
12/22/2017,14.760000228881836,14.753100061416626,14.8423042676,14.6638958553
12/26/2017,14.75,14.753600063323974,14.8427013562,14.6644987704
12/27/2017,14.770000457763672,14.753200063705444,14.8422268039,14.6641733235
12/28/2017,14.819999694824219,14.753400068283081,14.8424418596,14.6643582769
12/29/2017,14.850000381469727,14.754000062942504,14.8432861206,14.6647140053
01/02/2018,14.9399995803833,14.755100069046021,14.8448830886,14.6653170494
01/03/2018,14.989999771118164,14.757300062179565,14.8488735789,14.6657265454
01/04/2018,15.039999961853027,14.759700059890747,14.8541506164,14.6652495034
01/05/2018,14.899999618530273,14.763800058364868,14.8613785254,14.6662215914
01/08/2018,14.979999542236328,14.76580005645752,14.8640973388,14.6675027741
01/09/2018,14.779999732971191,14.76870005607605,14.8689761888,14.6684239234
01/10/2018,14.779999732971191,14.769800052642822,14.869589595,14.6700105103
01/11/2018,15.0,14.771300048828126,14.8700993549,14.6725007427
01/12/2018,14.920000076293945,14.775200052261352,14.8752447991,14.6751553054
01/16/2018,14.770000457763672,14.778400049209594,14.8779059918,14.6788941066
01/17/2018,14.75,14.780200052261353,14.8778932092,14.6825068953
01/18/2018,14.6899995803833,14.778400049209594,14.8749683265,14.6818317719
01/19/2018,14.800000190734863,14.777900047302246,14.8747947468,14.6810053478
01/22/2018,14.760000228881836,14.778400049209594,14.8752784928,14.6815216056
01/23/2018,14.789999961853027,14.77870005607605,14.8754745479,14.6819255642
01/24/2018,14.800000190734863,14.779000053405762,14.8757626098,14.682237497
01/25/2018,14.760000228881836,14.77910005569458,14.8758790947,14.6823210167
01/26/2018,14.789999961853027,14.778600053787232,14.8753473127,14.6818527949
01/29/2018,14.789999961853027,14.778500051498414,14.8752303054,14.6817697976
01/30/2018,14.75,14.778400049209594,14.8751131918,14.6816869067
01/31/2018,14.850000381469727,14.777500047683716,14.8740543942,14.6809457011
02/01/2018,14.869999885559082,14.776500053405762,14.8717719966,14.6812281102
02/02/2018,14.739999771118164,14.777700052261352,14.8733854891,14.6820146155
02/05/2018,14.649999618530273,14.778000049591064,14.8735196445,14.6824804547
02/06/2018,14.5600004196167,14.777400045394897,14.8735313831,14.6812687077
02/07/2018,14.600000381469727,14.775700054168702,14.8741302427,14.6772698656
02/08/2018,14.550000190734863,14.77410005569458,14.8740609527,14.6741391587
02/09/2018,14.350000381469727,14.772200059890746,14.8745677801,14.6698323397
02/12/2018,14.399999618530273,14.766200065612793,14.875330943,14.6570691883
02/13/2018,14.479999542236328,14.761300058364869,14.8756385948,14.646961522
02/14/2018,14.489999771118164,14.75790005683899,14.8754525312,14.6403475825
02/15/2018,14.460000038146973,14.755400056838988,14.8759273801,14.6348727336
02/16/2018,14.4399995803833,14.751100053787232,14.8743874618,14.6278126458
02/20/2018,14.470000267028809,14.747000045776367,14.8737004688,14.6202996227
02/21/2018,14.470000267028809,14.743300046920776,14.872606295,14.6139937989
02/22/2018,14.59000015258789,14.739600048065185,14.8713567723,14.6078433238
02/23/2018,14.489999771118164,14.737400045394898,14.8697980572,14.6050020336
02/26/2018,14.40999984741211,14.734000043869019,14.8683279825,14.5996721052
02/27/2018,14.4399995803833,14.72980004310608,14.8675823228,14.5920177634
02/28/2018,14.319999694824219,14.726300039291381,14.8669247503,14.5856753282
03/01/2018,14.300000190734863,14.721600036621094,14.8677624197,14.5754376535
03/02/2018,14.239999771118164,14.719000034332275,14.8702382642,14.5677618045
03/05/2018,14.170000076293945,14.71540002822876,14.8735545269,14.5572455295
03/06/2018,14.199999809265137,14.710300025939942,14.8774793163,14.5431207356
03/07/2018,14.079999923706055,14.705300025939941,14.8800195649,14.530580487
03/08/2018,14.100000381469727,14.698400020599365,14.8837306655,14.5130693757
03/09/2018,14.109999656677246,14.691700019836425,14.8862048089,14.4971952308
03/12/2018,14.100000381469727,14.685100011825561,14.88785848,14.4823415437
03/13/2018,14.069999694824219,14.678600015640258,14.889431802,14.4677682293
03/14/2018,14.109999656677246,14.67060001373291,14.8890574387,14.4521425888
03/15/2018,14.229999542236328,14.66350001335144,14.8884283608,14.4385716659
03/16/2018,14.039999961853027,14.658000011444091,14.8867050971,14.4292949258
03/19/2018,14.039999961853027,14.649900007247926,14.885889425,14.4139105895
03/20/2018,14.079999923706055,14.642800006866455,14.8862341373,14.3993658764
03/21/2018,14.039999961853027,14.635800008773804,14.8851799951,14.3864200224
03/22/2018,14.0,14.628700008392334,14.8847455671,14.3726544496
03/23/2018,13.970000267028809,14.621800012588501,14.8852896307,14.3583103945
03/26/2018,13.989999771118164,14.614100017547607,14.8851649658,14.3430350693
03/27/2018,13.970000267028809,14.607000017166138,14.8849334977,14.3290665366
03/28/2018,14.199999809265137,14.598600015640258,14.8828922153,14.314307816
03/29/2018,14.140000343322754,14.592100009918212,14.8779961528,14.3062038671
04/02/2018,14.279999732971191,14.584600009918212,14.8724139246,14.2967860952
04/03/2018,14.239999771118164,14.578500003814698,14.8662407883,14.2907592193
04/04/2018,14.109999656677246,14.572799997329712,14.8615423888,14.2840576058
04/05/2018,14.020000457763672,14.565099992752074,14.8558077515,14.274392234
04/06/2018,13.960000038146973,14.556599998474121,14.8506755784,14.2625244186
04/09/2018,13.960000038146973,14.547699995040894,14.8461957469,14.2492042431
04/10/2018,14.0,14.54,14.8435819578,14.2364180422
04/11/2018,14.039999961853027,14.53289999961853,14.8406963527,14.2251036465
04/12/2018,13.949999809265137,14.526899995803833,14.8383761499,14.2154238417
04/13/2018,13.890000343322754,14.519699993133544,14.8360683172,14.2033316691
04/16/2018,13.90999984741211,14.511399993896484,14.8332447406,14.1895552472
04/17/2018,13.890000343322754,14.503299989700317,14.8299498198,14.1766501596
04/18/2018,13.850000381469727,14.494199991226196,14.8251053493,14.1632946331
04/19/2018,13.859999656677246,14.485599994659424,14.8219162608,14.1492837285
04/20/2018,13.819999694824219,14.477099990844726,14.8183426975,14.1358572842
04/23/2018,13.760000228881836,14.467799987792969,14.8141136586,14.121486317
04/24/2018,13.729999542236328,14.457799987792969,14.8099209241,14.1056790515
04/25/2018,13.699999809265137,14.447199983596802,14.8050688986,14.0893310686
04/26/2018,13.600000381469727,14.436399984359742,14.8003080011,14.0724919676
04/27/2018,13.65999984741211,14.424199991226196,14.7954200882,14.0529798943
04/30/2018,13.609999656677246,14.412799987792969,14.7897643906,14.035835585
05/01/2018,13.640000343322754,14.402099981307984,14.7864417491,14.0177582135
05/02/2018,13.59000015258789,14.390399980545045,14.7799199869,14.0008799742
05/03/2018,13.609999656677246,14.377899980545044,14.7728108326,13.9829891285
05/04/2018,13.630000114440918,14.366699981689454,14.7673071573,13.9660928061
05/07/2018,13.59000015258789,14.357399978637694,14.7641594106,13.9506405467
05/08/2018,13.520000457763672,14.346699981689452,14.759388852,13.9340111114
05/09/2018,13.510000228881836,14.336299982070923,14.7565181325,13.9160818317
05/10/2018,13.520000457763672,14.325899982452393,14.7535051379,13.898294827
05/11/2018,13.550000190734863,14.315799989700317,14.750336907,13.8812630724
05/14/2018,13.529999732971191,14.305299987792969,14.7454918518,13.8651081238
05/15/2018,13.430000305175781,14.293799982070922,14.7390454521,13.8485545121
05/16/2018,13.420000076293945,14.28059998512268,14.7316538654,13.8295461049
05/17/2018,13.359999656677246,14.266599988937378,14.7223964397,13.8108035381
05/18/2018,13.380000114440918,14.252799987792969,14.7149018517,13.7906981239
05/21/2018,13.369999885559082,14.23899998664856,14.7063253208,13.7716746525
05/22/2018,13.329999923706055,14.225199985504151,14.6975800544,13.7528199166
05/23/2018,13.40999984741211,14.210799980163575,14.6882738803,13.73332608
05/24/2018,13.449999809265137,14.196699981689454,14.676787558,13.7166124053
05/25/2018,13.470000267028809,14.182699975967408,14.6639438623,13.7014560896
05/29/2018,13.479999542236328,14.167999982833862,14.6483373332,13.6876626324
05/30/2018,13.510000228881836,14.152899980545044,14.630888024,13.6749119371
05/31/2018,13.529999732971191,14.137599983215331,14.6114166322,13.6637833342
06/01/2018,13.489999771118164,14.123899984359742,14.5952743319,13.6525256368
06/04/2018,13.420000076293945,14.10899998664856,14.5766120009,13.6413879724
06/05/2018,13.380000114440918,14.095399990081788,14.563075987,13.6277239931
06/06/2018,13.380000114440918,14.081399993896484,14.5493273814,13.6134726064
06/07/2018,13.319999694824219,14.065199995040894,14.5290695437,13.6013304463
06/08/2018,13.229999542236328,14.049199991226196,14.5108983356,13.5875016469
06/11/2018,13.25,14.033799982070922,14.4968804951,13.5707194691
06/12/2018,13.3100004196167,14.018799982070924,14.482731616,13.5548683481
06/13/2018,13.319999694824219,14.004999990463256,14.4692854634,13.5407145175
06/14/2018,13.279999732971191,13.99019998550415,14.4524920589,13.5279079121
06/15/2018,13.329999923706055,13.975399980545044,14.4364995802,13.5143003809
06/18/2018,13.34000015258789,13.960799980163575,14.4189804706,13.5026194897
06/19/2018,13.34000015258789,13.946199979782104,14.4006530094,13.4917469501
06/20/2018,13.3100004196167,13.931999979019166,14.3829744683,13.4810254897
06/21/2018,13.329999923706055,13.917199983596802,14.3640401619,13.4703598053
06/22/2018,13.359999656677246,13.902599983215332,14.3445086005,13.460691366
06/25/2018,13.369999885559082,13.888699979782105,14.3255675789,13.4518323806
06/26/2018,13.279999732971191,13.873899974822997,14.3029498231,13.4448501266
06/27/2018,13.369999885559082,13.857999973297119,14.2792314855,13.4367684611
06/28/2018,13.3100004196167,13.844299974441528,14.2588485257,13.4297514232
06/29/2018,13.399999618530273,13.830899982452392,14.2408197094,13.4209802555
07/02/2018,13.420000076293945,13.819299974441527,14.2248126119,13.413787337
07/03/2018,13.350000381469727,13.80749997138977,14.2072508086,13.4077491342
07/05/2018,13.369999885559082,13.795499973297119,14.1907678886,13.4002320579
07/06/2018,13.359999656677246,13.785699968338013,14.1792434615,13.3921564752
07/09/2018,13.350000381469727,13.775299968719482,14.1662051848,13.3843947526
07/10/2018,13.399999618530273,13.763999977111816,14.150680699,13.3773192552
07/11/2018,13.460000038146973,13.753099975585938,14.1344887225,13.3717112287
