10/20/2014,28.25,0,0,0
10/21/2014,28.309999465942383,0,0,0
10/22/2014,28.75,0,0,0
10/23/2014,29.25,0,0,0
10/24/2014,29.75,0,0,0
10/27/2014,30.100000381469727,0,0,0
10/28/2014,30.649999618530273,0,0,0
10/29/2014,30.0,0,0,0
10/30/2014,30.25,0,0,0
10/31/2014,31.5,0,0,0
11/03/2014,30.610000610351562,0,0,0
11/04/2014,30.15999984741211,0,0,0
11/05/2014,30.18000030517578,0,0,0
11/06/2014,30.049999237060547,0,0,0
11/07/2014,29.760000228881836,0,0,0
11/10/2014,29.780000686645508,0,0,0
11/11/2014,30.040000915527344,0,0,0
11/12/2014,30.829999923706055,0,0,0
11/13/2014,30.40999984741211,0,0,0
11/14/2014,30.700000762939453,0,0,0
11/17/2014,31.049999237060547,0,0,0
11/18/2014,31.0,0,0,0
11/19/2014,30.969999313354492,0,0,0
11/20/2014,31.40999984741211,0,0,0
11/21/2014,32.29999923706055,0,0,0
11/24/2014,33.0,0,0,0
11/25/2014,32.849998474121094,0,0,0
11/26/2014,34.20000076293945,0,0,0
11/28/2014,35.20000076293945,0,0,0
12/01/2014,34.900001525878906,0,0,0
12/02/2014,34.779998779296875,0,0,0
12/03/2014,34.310001373291016,0,0,0
12/04/2014,34.13999938964844,0,0,0
12/05/2014,34.099998474121094,0,0,0
12/08/2014,34.189998626708984,0,0,0
12/09/2014,33.75,0,0,0
12/10/2014,33.470001220703125,0,0,0
12/11/2014,33.4900016784668,0,0,0
12/12/2014,32.86000061035156,0,0,0
12/15/2014,32.880001068115234,0,0,0
12/16/2014,32.88999938964844,0,0,0
12/17/2014,33.83000183105469,0,0,0
12/18/2014,34.11000061035156,0,0,0
12/19/2014,33.97999954223633,0,0,0
12/22/2014,33.939998626708984,0,0,0
12/23/2014,33.630001068115234,0,0,0
12/24/2014,33.79999923706055,0,0,0
12/26/2014,33.72999954223633,0,0,0
12/29/2014,33.90999984741211,0,0,0
12/30/2014,33.880001068115234,0,0,0
12/31/2014,33.77000045776367,0,0,0
01/02/2015,33.41999816894531,0,0,0
01/05/2015,33.540000915527344,0,0,0
01/06/2015,33.61000061035156,0,0,0
01/07/2015,33.880001068115234,0,0,0
01/08/2015,34.119998931884766,0,0,0
01/09/2015,33.959999084472656,0,0,0
01/12/2015,34.459999084472656,0,0,0
01/13/2015,34.689998626708984,0,0,0
01/14/2015,34.93000030517578,0,0,0
01/15/2015,34.470001220703125,0,0,0
01/16/2015,34.959999084472656,0,0,0
01/20/2015,34.91999816894531,0,0,0
01/21/2015,35.7400016784668,0,0,0
01/22/2015,35.779998779296875,0,0,0
01/23/2015,34.869998931884766,0,0,0
01/26/2015,34.33000183105469,0,0,0
01/27/2015,33.72999954223633,0,0,0
01/28/2015,33.34000015258789,0,0,0
01/29/2015,33.68000030517578,0,0,0
01/30/2015,33.38999938964844,0,0,0
02/02/2015,34.33000183105469,0,0,0
02/03/2015,34.04999923706055,0,0,0
02/04/2015,34.209999084472656,0,0,0
02/05/2015,34.61000061035156,0,0,0
02/06/2015,35.08000183105469,0,0,0
02/09/2015,34.970001220703125,0,0,0
02/10/2015,35.7599983215332,0,0,0
02/11/2015,35.56999969482422,0,0,0
02/12/2015,36.220001220703125,0,0,0
02/13/2015,36.4900016784668,0,0,0
02/17/2015,36.52000045776367,0,0,0
02/18/2015,36.5,0,0,0
02/19/2015,37.310001373291016,0,0,0
02/20/2015,37.29999923706055,0,0,0
02/23/2015,36.689998626708984,0,0,0
02/24/2015,37.59000015258789,0,0,0
02/25/2015,37.29999923706055,0,0,0
02/26/2015,37.439998626708984,0,0,0
02/27/2015,37.540000915527344,0,0,0
03/02/2015,37.880001068115234,0,0,0
03/03/2015,37.529998779296875,0,0,0
03/04/2015,37.68000030517578,0,0,0
03/05/2015,37.34000015258789,0,0,0
03/06/2015,37.130001068115234,0,0,0
03/09/2015,37.38999938964844,0,0,0
03/10/2015,36.77000045776367,0,0,0
03/11/2015,37.2400016784668,0,0,0
03/12/2015,37.33000183105469,0,0,0
03/13/2015,37.25,0,0,0
03/16/2015,37.939998626708984,33.804900074005126,36.2862479645,31.3235521835
03/17/2015,38.189998626708984,33.901800060272215,36.3533544648,31.4502456558
03/18/2015,38.720001220703125,34.000600051879886,36.4237306077,31.5774694961
03/19/2015,38.720001220703125,34.100300064086916,36.5104164644,31.6901836638
03/20/2015,38.7400016784668,34.195000076293944,36.598717042,31.7912831106
03/23/2015,38.88999938964844,34.28490009307861,36.6888059517,31.8809942345
03/24/2015,38.68000030517578,34.3728000831604,36.7827736324,31.9628265339
03/25/2015,37.2599983215332,34.45310009002686,36.8714573262,32.0347428539
03/26/2015,36.720001220703125,34.525700073242184,36.9181186689,32.1332814776
03/27/2015,36.27000045776367,34.59040008544922,36.9536212154,32.2271789555
03/30/2015,36.119998931884766,34.63810009002685,36.9865556817,32.2896444984
03/31/2015,37.150001525878906,34.69320007324219,37.010938636,32.3754615104
04/01/2015,36.61000061035156,34.76310009002685,37.048244664,32.477955516
04/02/2015,36.790000915527344,34.827400093078616,37.0727984124,32.5820017737
04/06/2015,36.72999954223633,34.89480010986328,37.0965160954,32.6930841244
04/07/2015,36.380001068115234,34.96450010299682,37.1122228652,32.8167773408
04/08/2015,36.4900016784668,35.03050010681152,37.1184663782,32.9425338354
04/09/2015,37.18000030517578,35.09500011444092,37.1266727077,33.0633275212
04/10/2015,37.04999923706055,35.15850011825562,37.1548045207,33.1621957158
04/13/2015,36.59000015258789,35.2249001121521,37.1719793219,33.2778209024
04/14/2015,36.150001525878906,35.28380010604858,37.1815714515,33.3860287606
04/15/2015,36.189998626708984,35.33480012893677,37.186066568,33.4835336899
04/16/2015,36.06999969482422,35.38670011520386,37.1877838287,33.5856164017
04/17/2015,35.36000061035156,35.43770011901856,37.1843821353,33.6910181027
04/20/2015,36.130001068115234,35.47720012664795,37.1763688919,33.7780313614
04/21/2015,36.209999084472656,35.515500144958494,37.185536982,33.8454633079
04/22/2015,36.0099983215332,35.54760013580322,37.1997316396,33.895468632
04/23/2015,35.439998626708984,35.57920013427734,37.20950916,33.9488911085
04/24/2015,34.9900016784668,35.59160011291504,37.2160771431,33.9671230828
04/27/2015,34.34000015258789,35.58950012207031,37.214617631,33.9643826132
04/28/2015,33.939998626708984,35.5839001083374,37.2123453718,33.9554548448
04/29/2015,33.779998779296875,35.575500106811525,37.2102248431,33.9407753705
04/30/2015,33.459999084472656,35.57020008087158,37.2098708567,33.9305293051
05/01/2015,33.61000061035156,35.56340007781982,37.2103817885,33.9164183672
05/04/2015,34.47999954223633,35.558500099182126,37.2105494319,33.9064507665
05/05/2015,34.0,35.5614001083374,37.2112977595,33.9115024572
05/06/2015,33.650001525878906,35.5639001083374,37.2112385705,33.9165616462
05/07/2015,33.90999984741211,35.56570011138916,37.2108465247,33.9205536981
05/08/2015,34.58000183105469,35.569900093078616,37.2102711715,33.9295290146
05/11/2015,35.02000045776367,35.58710010528564,37.2078668585,33.9663333521
05/12/2015,34.7599983215332,35.60850009918213,37.2073619058,34.0096382926
05/13/2015,35.25,35.62720008850098,37.2049537064,34.0494464706
05/14/2015,35.189998626708984,35.64140007019043,37.2092739243,34.0735262161
05/15/2015,35.33000183105469,35.652200050354004,37.2131925463,34.0912075544
05/18/2015,36.220001220703125,35.665700073242185,37.2179857729,34.1134143736
05/19/2015,34.9900016784668,35.68850009918213,37.2319906547,34.1450095437
05/20/2015,32.380001068115234,35.702100105285645,37.2333358653,34.1708643453
05/21/2015,33.029998779296875,35.687900123596194,37.2431058515,34.1326943957
05/22/2015,33.08000183105469,35.6809001159668,37.2464436333,34.1153565986
05/26/2015,32.61000061035156,35.67260013580322,37.2496681294,34.0955321422
05/27/2015,32.970001220703125,35.659900131225584,37.2563471897,34.0634530727
05/28/2015,32.900001525878906,35.651900138854984,37.2597613158,34.0440389619
05/29/2015,32.86000061035156,35.64670017242432,37.262591914,34.0308084308
06/01/2015,32.84000015258789,35.63990016937256,37.2660413094,34.0137590293
06/02/2015,32.970001220703125,35.632200164794924,37.2697181635,33.9946821661
06/03/2015,33.220001220703125,35.6231001663208,37.2728132934,33.9733870392
06/04/2015,32.880001068115234,35.61410018920898,37.2744098333,33.9537905451
06/05/2015,32.88999938964844,35.60330020904541,37.277786384,33.9288140341
06/08/2015,32.77000045776367,35.587600212097165,37.279996767,33.8952036572
06/09/2015,32.86000061035156,35.56840023040772,37.2816337981,33.8551666628
06/10/2015,33.11000061035156,35.54770023345947,37.2809109846,33.8144894823
06/11/2015,33.150001525878906,35.53410022735596,37.2809957567,33.787204698
06/12/2015,33.029998779296875,35.516000251770016,37.2780614671,33.7539390365
06/15/2015,32.619998931884766,35.497100257873534,37.275513136,33.7186873798
06/16/2015,32.619998931884766,35.46590023040771,37.2670015692,33.6647988916
06/17/2015,33.0099983215332,35.43430023193359,37.2572024333,33.6113980305
06/18/2015,33.400001525878906,35.41570022583008,37.2536922045,33.5777082472
06/19/2015,33.290000915527344,35.40640022277832,37.2521984311,33.5606020144
06/22/2015,33.5,35.40200023651123,37.2523083011,33.5516921719
06/23/2015,32.88999938964844,35.403600234985355,37.2521929374,33.5550075326
06/24/2015,32.459999084472656,35.395700225830076,37.2533079601,33.5380924916
06/25/2015,32.15999984741211,35.38640022277832,37.2563133378,33.5164871078
06/26/2015,32.25,35.3647002029419,37.2591766438,33.4702237621
06/29/2015,31.399999618530273,35.34670021057129,37.262019028,33.4313813931
06/30/2015,31.190000534057617,35.318600215911864,37.2706504519,33.3665499799
07/01/2015,31.25,35.28440021514893,37.2780809075,33.2907195228
07/02/2015,31.469999313354492,35.24610019683838,37.2797279592,33.2124724345
07/06/2015,31.25,35.21110017776489,37.2790082867,33.1431920689
07/07/2015,31.229999542236328,35.16600019454956,37.2703053513,33.0616950378
07/08/2015,30.3799991607666,35.12260019302368,37.2625781107,32.9826222754
07/09/2015,30.31999969482422,35.064200172424314,37.2525727826,32.8758275622
07/10/2015,30.350000381469727,35.00250015258789,37.2363114855,32.7686888197
07/13/2015,30.739999771118164,34.94080015182495,37.2166594731,32.6649408305
07/14/2015,30.93000030517578,34.88320014953613,37.1915272682,32.5748730309
07/15/2015,30.510000228881836,34.81940013885498,37.1478519622,32.4909483155
07/16/2015,30.790000915527344,34.7515001487732,37.1054867762,32.3975135214
07/17/2015,30.559999465942383,34.69250017166138,37.0709721692,32.3140281741
07/20/2015,30.760000228881836,34.62220016479492,37.0178227376,32.226577592
07/21/2015,30.420000076293945,34.55680017471313,36.9676486058,32.1459517437
07/22/2015,30.739999771118164,34.486600189208986,36.9146168566,32.0585835219
07/23/2015,30.299999237060547,34.418600177764894,36.8553559149,31.9818444407
07/24/2015,30.059999465942383,34.34280015945435,36.7885819681,31.8970183508
07/27/2015,29.68000030517578,34.2681001663208,36.7294229883,31.8067773444
07/28/2015,30.059999465942383,34.1881001663208,36.667173786,31.7090265467
07/29/2015,30.489999771118164,34.11530015945434,36.6076030281,31.6229972908
07/30/2015,30.639999389648438,34.04890014648438,36.5484417926,31.5493585003
07/31/2015,30.540000915527344,33.981400146484376,36.4809458638,31.4818544291
08/03/2015,30.489999771118164,33.91910015106201,36.4259940206,31.4122062815
08/04/2015,30.40999984741211,33.851600131988526,36.3590418652,31.3441583988
08/05/2015,30.350000381469727,33.7824001121521,36.2883787122,31.2764215121
08/06/2015,29.719999313354492,33.7134001159668,36.2179437738,31.2088564582
08/07/2015,29.860000610351562,33.63120012283325,36.1305626906,31.1318375551
08/10/2015,30.639999389648438,33.547900142669675,36.0327074547,31.0630928306
08/11/2015,30.079999923706055,33.46710012435913,35.913483436,31.0207168128
08/12/2015,29.8799991607666,33.38070011138916,35.7923636707,30.9690365521
08/13/2015,29.90999984741211,33.29210008621216,35.6677261295,30.9164740429
08/14/2015,30.3700008392334,33.2023000907898,35.5339424974,30.8706576841
08/17/2015,30.3799991607666,33.11920009613037,35.4017026476,30.8366975447
08/18/2015,30.0,33.05040010452271,35.3106334059,30.7901668031
08/19/2015,29.540000915527344,32.98320009231568,35.2332064078,30.7331937768
08/20/2015,32.77000045776367,32.91590009689331,35.1672385365,30.6645616573
08/21/2015,32.349998474121094,32.8824001121521,35.1106175374,30.6541826869
08/24/2015,30.59000015258789,32.83440008163452,35.021489286,30.6473108772
08/25/2015,30.350000381469727,32.77420007705688,34.9392767187,30.6091234354
08/26/2015,31.059999465942383,32.70980007171631,34.8501062137,30.5694939297
08/27/2015,31.670000076293945,32.65310007095337,34.7610122783,30.5451878636
08/28/2015,31.920000076293945,32.606000061035154,34.6824976914,30.5295024307
08/31/2015,32.040000915527344,32.56030004501343,34.6007914543,30.5198086357
09/01/2015,31.25,32.508900051116946,34.496424652,30.5213754503
09/02/2015,31.84000015258789,32.450900058746335,34.3890751063,30.5127250112
09/03/2015,32.61000061035156,32.403400058746335,34.2972524173,30.5095477002
09/04/2015,32.2400016784668,32.36800004959107,34.2242005258,30.5117995734
09/08/2015,33.09000015258789,32.32850008010864,34.1445416724,30.5124584878
09/09/2015,32.720001220703125,32.29870008468628,34.0771628071,30.5202373623
09/10/2015,32.970001220703125,32.2723000907898,34.0245249715,30.52007521
09/11/2015,32.84000015258789,32.24070009231568,33.9510634377,30.5303367469
09/14/2015,32.83000183105469,32.20700010299683,33.8714055057,30.5425947003
09/15/2015,32.95000076293945,32.17520013809204,33.7964612102,30.553939066
09/16/2015,33.54999923706055,32.150300159454346,33.740042756,30.5605575629
09/17/2015,33.709999084472656,32.13590013504028,33.7062589127,30.5655413574
09/18/2015,32.83000183105469,32.12960012435913,33.6923490826,30.5668511661
09/21/2015,32.900001525878906,32.11850015640259,33.672266965,30.5647333478
09/22/2015,32.04999923706055,32.109700183868405,33.6565083565,30.5628920112
09/23/2015,31.780000686645508,32.09560018539429,33.6364503676,30.5547500032
09/24/2015,31.209999084472656,32.077300186157224,33.6109058519,30.5436945204
09/25/2015,31.010000228881836,32.04460018157959,33.5613959878,30.5278043754
09/28/2015,30.229999542236328,32.014700183868406,33.5220964801,30.5073038876
09/29/2015,30.170000076293945,31.980500164031984,33.4892027231,30.471797605
09/30/2015,30.84000015258789,31.9431001663208,33.4498629437,30.436337389
10/01/2015,30.43000030517578,31.905700149536134,33.392835348,30.4185649511
10/02/2015,31.299999237060547,31.859800148010255,33.3207082644,30.3988920316
10/05/2015,32.099998474121094,31.825200157165526,33.2577076236,30.3926926908
10/06/2015,32.150001525878906,31.79370014190674,33.1845804358,30.4028198481
10/07/2015,32.70000076293945,31.763300170898436,33.1122052478,30.414395094
10/08/2015,33.119998931884766,31.737000160217285,33.0409992739,30.4330010465
10/09/2015,32.68000030517578,31.706000137329102,32.9379118866,30.4740883881
10/12/2015,32.29999923706055,31.68290012359619,32.8739975375,30.4918027097
10/13/2015,32.0,31.682100105285645,32.8727558176,30.491444393
10/14/2015,32.439998626708984,31.671800117492676,32.8551839228,30.4884163122
10/15/2015,32.7599983215332,31.665400085449217,32.8428665347,30.4879336362
10/16/2015,32.59000015258789,31.666900062561034,32.8456637117,30.4881364134
10/19/2015,32.029998779296875,31.663100051879884,32.8382637477,30.4879363561
10/20/2015,32.0,31.654400024414063,32.8235796153,30.4852204336
10/21/2015,31.530000686645508,31.645800018310545,32.8092288392,30.4823711974
10/22/2015,32.0099983215332,31.63270002365112,32.7899674805,30.4754325668
10/23/2015,32.29999923706055,31.623099994659423,32.7731937305,30.4730062588
10/26/2015,32.0099983215332,31.613899974823,32.7548258933,30.4729740563
10/27/2015,31.799999237060547,31.60519994735718,32.7397373333,30.4706625614
10/28/2015,32.9900016784668,31.5942999458313,32.7216546556,30.466945236
10/29/2015,33.060001373291016,31.59649995803833,32.7263587625,30.4666411536
10/30/2015,33.08000183105469,31.598499965667724,32.7307680183,30.4662319131
11/02/2015,33.369998931884766,31.598199977874756,32.730071432,30.4663285237
11/03/2015,33.08000183105469,31.600399951934815,32.7354946545,30.4653052494
11/04/2015,32.70000076293945,31.600899982452393,32.7366351729,30.465164792
11/05/2015,32.27000045776367,31.60170000076294,32.7381807007,30.4652193008
11/06/2015,31.989999771118164,31.59820001602173,32.7320752558,30.4643247763
11/09/2015,31.65999984741211,31.588000030517577,32.7136875296,30.4623125315
11/10/2015,30.84000015258789,31.57060001373291,32.681495117,30.4597049104
11/11/2015,31.049999237060547,31.546100006103515,32.6457645218,30.4464354904
11/12/2015,30.31999969482422,31.52159999847412,32.6046261776,30.4385738194
11/13/2015,30.3799991607666,31.49590000152588,32.5766397846,30.4151602185
11/16/2015,30.989999771118164,31.47510000228882,32.5570996858,30.3931003187
11/17/2015,30.809999465942383,31.46340000152588,32.5442555745,30.3825444286
11/18/2015,31.229999542236328,31.448999996185304,32.5288719036,30.3691280888
11/19/2015,31.1299991607666,31.447299995422362,32.5273814961,30.3672184948
11/20/2015,29.469999313354492,31.446699981689452,32.5269409067,30.3664590567
11/23/2015,30.079999923706055,31.428899974822997,32.5267570522,30.3310428975
11/24/2015,30.56999969482422,31.414999980926513,32.5210177812,30.3089821807
11/25/2015,30.600000381469727,31.408199977874755,32.5172974214,30.2991025343
11/27/2015,30.799999237060547,31.40189998626709,32.51377757,30.2900224025
11/30/2015,30.809999465942383,31.40609998703003,32.514898505,30.2973014691
12/01/2015,29.989999771118164,31.41099998474121,32.5160644007,30.3059355688
12/02/2015,29.799999237060547,31.407399978637695,32.5164940314,30.2983059259
12/03/2015,29.049999237060547,31.397999973297118,32.5166529127,30.2793470339
12/04/2015,29.579999923706055,31.379199962615967,32.5211158072,30.2372841181
12/07/2015,29.18000030517578,31.369899959564208,32.5225930809,30.2172068382
12/08/2015,29.209999084472656,31.353799953460694,32.5255661408,30.1820337661
12/09/2015,28.940000534057617,31.340299949645996,32.5287911684,30.1518087308
12/10/2015,29.0,31.322099952697755,32.5330611546,30.1111387508
12/11/2015,28.639999389648438,31.307899951934814,32.5375377167,30.0782621872
12/14/2015,27.860000610351562,31.286899948120116,32.5436894533,30.030110443
12/15/2015,28.360000610351562,31.262499961853027,32.5611997584,29.9638001653
12/16/2015,28.3700008392334,31.245499973297118,32.570685663,29.9203142835
12/17/2015,28.459999084472656,31.232399978637694,32.5792936504,29.8855063069
12/18/2015,28.010000228881836,31.216399974823,32.5864304126,29.846369537
12/21/2015,28.110000610351562,31.191599979400635,32.5965561287,29.7866438301
12/22/2015,28.559999465942383,31.166299991607666,32.6033739656,29.7292260176
12/23/2015,29.0,31.146499977111816,32.6055390736,29.6874608806
12/24/2015,28.950000762939453,31.131599979400633,32.6048066083,29.6583933505
12/28/2015,28.780000686645508,31.116999988555907,32.6044512636,29.6295487135
12/29/2015,28.6200008392334,31.101299991607664,32.6049613827,29.5976386005
12/30/2015,28.579999923706055,31.090300006866457,32.6079841369,29.5726158768
12/31/2015,28.329999923706055,31.0775,32.6108235071,29.5441764929
01/04/2016,27.809999465942383,31.054400005340575,32.6113588573,29.4974411534
01/05/2016,27.75,31.03170000076294,32.6189530902,29.4444469114
01/06/2016,27.299999237060547,31.010400009155273,32.6269859428,29.3938140755
01/07/2016,26.219999313354492,30.984300003051757,32.6390600474,29.3295399587
01/08/2016,25.450000762939453,30.94279998779297,32.6631838197,29.2224161559
01/11/2016,24.93000030517578,30.893500003814697,32.6978921525,29.0891078552
01/12/2016,25.25,30.842800006866455,32.7404064994,28.9451935143
01/13/2016,24.43000030517578,30.799899997711183,32.7734478826,28.8263521128
01/14/2016,24.649999618530273,30.716499996185302,32.7792357904,28.653764202
01/15/2016,23.530000686645508,30.639500007629394,32.7819964613,28.497003554
01/19/2016,23.209999084472656,30.56890001296997,32.8251650679,28.312634958
01/20/2016,22.90999984741211,30.4975,32.8695643108,28.1254356892
01/21/2016,23.329999923706055,30.4160000038147,32.9044903844,27.9275096232
01/22/2016,24.0,30.332600002288817,32.9156249003,27.7495751043
01/25/2016,23.959999084472656,30.25340000152588,32.9069946996,27.5998053035
01/26/2016,23.989999771118164,30.17259998321533,32.8927444098,27.4524555567
01/27/2016,23.469999313354492,30.099999980926512,32.8864946403,27.3135053215
01/28/2016,23.139999389648438,30.01629997253418,32.8740683113,27.1585316338
01/29/2016,23.399999618530273,29.92159996032715,32.8479345367,26.995265384
02/01/2016,23.0,29.833199939727784,32.821039014,26.8453608654
02/02/2016,22.440000534057617,29.732299938201905,32.7782579585,26.6863419179
02/03/2016,22.389999389648438,29.62949993133545,32.745555954,26.5134439086
02/04/2016,22.940000534057617,29.523699913024902,32.7034995427,26.3439002833
02/05/2016,22.239999771118164,29.4246999168396,32.653445368,26.1959544657
02/08/2016,21.3799991607666,29.318799896240236,32.6072373252,26.0303624673
02/09/2016,21.18000030517578,29.203099880218506,32.5644721602,25.8417276003
02/10/2016,21.760000228881836,29.07939989089966,32.505515453,25.6532843288
02/11/2016,21.549999237060547,28.95989990234375,32.4305337382,25.4892660665
02/12/2016,22.209999084472656,28.84709987640381,32.3729848385,25.3212149143
02/16/2016,22.600000381469727,28.740199851989747,32.3034410875,25.1769586165
02/17/2016,23.049999237060547,28.645699863433837,32.24503739,25.0463623368
02/18/2016,23.219999313354492,28.558399848937988,32.1864143991,24.9303852988
02/19/2016,23.899999618530273,28.478499851226807,32.1351077034,24.8218919991
02/22/2016,24.670000076293945,28.40739984512329,32.0831674487,24.7316322415
02/23/2016,25.18000030517578,28.351799850463866,32.0416018763,24.6619978246
02/24/2016,25.729999542236328,28.301899852752687,32.0005068315,24.603292874
02/25/2016,25.739999771118164,28.25079984664917,31.949287315,24.5523123783
02/26/2016,25.940000534057617,28.203899841308594,31.9041919874,24.5036076952
02/29/2016,26.09000015258789,28.150299854278565,31.8441708718,24.4564288368
03/01/2016,26.34000015258789,28.090199871063234,31.7681773374,24.4122224047
03/02/2016,26.8799991607666,28.032099857330323,31.6913285639,24.3728711508
03/03/2016,27.09000015258789,27.973899841308594,31.6045950718,24.3432046108
03/04/2016,27.219999313354492,27.913599853515624,31.5082210013,24.3189787057
03/07/2016,27.149999618530273,27.858999843597413,31.422136821,24.2958628662
03/08/2016,26.739999771118164,27.80749984741211,31.343188596,24.2718110988
03/09/2016,25.799999237060547,27.75489984512329,31.2668726747,24.2429270156
03/10/2016,26.049999237060547,27.68849985122681,31.173935126,24.2030645765
03/11/2016,26.559999465942383,27.62139986038208,31.0729795742,24.1698201466
03/14/2016,26.56999969482422,27.561099853515625,30.9778471736,24.1443525334
03/15/2016,26.209999084472656,27.5064998626709,30.8949055806,24.1180941447
03/16/2016,26.520000457763672,27.448599853515624,30.8090811593,24.0881185478
03/17/2016,27.25,27.398499851226806,30.7350203797,24.0619793228
03/18/2016,27.739999771118164,27.350899868011474,30.6550888486,24.0467108875
03/21/2016,27.940000534057617,27.30529987335205,30.5721276315,24.0384721152
03/22/2016,28.219999313354492,27.264599895477296,30.497739807,24.0314599839
03/23/2016,27.0,27.228799896240233,30.4311961016,24.0264036909
03/24/2016,27.0,27.168899879455566,30.318560572,24.0192391869
03/28/2016,27.239999771118164,27.108299865722657,30.2018293419,24.0147703895
03/29/2016,27.739999771118164,27.049899845123292,30.0847104262,24.0150892641
03/30/2016,27.420000076293945,26.993599853515626,29.9621401393,24.0250595677
03/31/2016,27.739999771118164,26.936999835968017,29.8422370289,24.031762643
04/01/2016,27.809999465942383,26.887399826049805,29.7356043971,24.039195255
04/04/2016,27.350000381469727,26.842799816131592,29.6408470143,24.044752618
04/05/2016,26.899999618530273,26.796399822235106,29.5467727086,24.0460269359
04/06/2016,26.770000457763672,26.74879981994629,29.455429926,24.0421697139
04/07/2016,26.43000030517578,26.708099822998047,29.3833223061,24.0328773399
04/08/2016,26.719999313354492,26.6618998336792,29.3013947443,24.022404923
04/11/2016,26.940000534057617,26.6258998298645,29.2396814184,24.0121182413
04/12/2016,26.719999313354492,26.59149984359741,29.1781433846,24.0048563026
04/13/2016,27.799999237060547,26.548799839019775,29.0974462686,24.0001534095
04/14/2016,27.31999969482422,26.518699836730956,29.034404388,24.0029952854
04/15/2016,27.139999389648438,26.479599838256835,28.9517846908,24.0074149857
04/18/2016,27.100000381469727,26.439699840545654,28.8683218927,24.0110777884
04/19/2016,27.260000228881836,26.415999851226807,28.82643056,24.0055691424
04/20/2016,27.15999984741211,26.387799854278565,28.7715480296,24.004051679
04/21/2016,27.06999969482422,26.353699855804443,28.7014961686,24.005903543
04/22/2016,27.43000030517578,26.31839984893799,28.6283179447,24.0084817532
04/25/2016,26.920000076293945,26.284699859619142,28.5532004977,24.0161992216
04/26/2016,27.290000915527344,26.245799865722656,28.4692734171,24.0223263144
04/27/2016,27.1200008392334,26.21879987716675,28.4128415503,24.0247582041
04/28/2016,26.450000762939453,26.191999893188477,28.3583268231,24.0256729633
04/29/2016,26.079999923706055,26.165999908447265,28.3133891163,24.0186107006
05/02/2016,26.0,26.130999908447265,28.2508054205,24.0111943964
05/03/2016,26.0,26.09919990539551,28.1967631927,24.0016366181
05/04/2016,25.90999984741211,26.06709991455078,28.1412428763,23.9929569528
05/05/2016,25.829999923706055,26.036799907684326,28.0907868015,23.9828130138
05/06/2016,25.979999542236328,26.005099906921387,28.0374579916,23.9727418222
05/09/2016,25.719999313354492,25.978499908447265,27.9935312164,23.9634686005
05/10/2016,26.209999084472656,25.957099895477295,27.9633802817,23.9508195093
05/11/2016,25.84000015258789,25.935599880218504,27.9274831597,23.9437166008
05/12/2016,26.270000457763672,25.910299873352052,27.8871122624,23.9334874843
05/13/2016,25.979999542236328,25.88839988708496,27.8489079326,23.9278918416
05/16/2016,26.270000457763672,25.868099880218505,27.8170102761,23.9191894844
05/17/2016,26.209999084472656,25.849699878692626,27.7860023403,23.9133974171
05/18/2016,26.209999084472656,25.82619987487793,27.7436345907,23.9087651591
05/19/2016,25.989999771118164,25.798299865722655,27.6894689287,23.9071308027
05/20/2016,29.940000534057617,25.768699855804442,27.6332854847,23.9041142269
05/23/2016,30.1299991607666,25.780299854278564,27.6670598215,23.8935398871
05/24/2016,30.420000076293945,25.795399837493896,27.7106530814,23.8801465936
05/25/2016,30.489999771118164,25.813799839019776,27.7642320284,23.8633676496
05/26/2016,30.479999542236328,25.835399837493895,27.8251422818,23.8456573931
05/27/2016,30.719999313354492,25.862099838256835,27.8955930721,23.8286066044
05/31/2016,30.6299991607666,25.89179983139038,27.9737611291,23.8098385336
06/01/2016,30.84000015258789,25.925099830627442,28.0553883155,23.7948113458
06/02/2016,31.389999389648438,25.971299839019775,28.1568632406,23.7857364374
06/03/2016,31.420000076293945,26.030699825286867,28.2810474751,23.7803521755
06/06/2016,31.56999969482422,26.095599822998047,28.4060505827,23.7851490633
06/07/2016,31.329999923706055,26.15879981994629,28.5308724627,23.7867271772
06/08/2016,31.700000762939453,26.227799816131594,28.6484388331,23.8071607992
06/09/2016,31.260000228881836,26.298299827575683,28.7739973649,23.8226022903
06/10/2016,30.639999389648438,26.375599822998048,28.8841159011,23.8670837449
06/13/2016,29.90999984741211,26.449899826049805,28.9735426653,23.9262569868
06/14/2016,29.6299991607666,26.519899826049805,29.0414642577,23.9983353944
06/15/2016,29.84000015258789,26.58289981842041,29.1026797193,24.0631199175
06/16/2016,29.489999771118164,26.64129981994629,29.1682057343,24.1143939056
06/17/2016,29.65999984741211,26.696599826812744,29.2247320597,24.1684675939
06/20/2016,30.450000762939453,26.753299827575685,29.283674949,24.2229247062
06/21/2016,30.059999465942383,26.82309984207153,29.3582096165,24.2879900677
06/22/2016,30.399999618530273,26.892299842834472,29.420365473,24.3642342126
06/23/2016,31.030000686645508,26.962299842834472,29.4896094398,24.4349902458
06/24/2016,29.65999984741211,27.042599849700927,29.5703081812,24.5148915182
06/27/2016,28.489999771118164,27.114799842834472,29.6129521987,24.616647487
06/28/2016,28.93000030517578,27.17579984664917,29.631959155,24.7196405383
06/29/2016,29.079999923706055,27.23569984436035,29.6606705189,24.8107291698
06/30/2016,29.09000015258789,27.30409984588623,29.6832275112,24.9249721806
07/01/2016,28.93000030517578,27.381199855804443,29.6910155943,25.0713841173
07/05/2016,28.389999389648438,27.458699855804444,29.6877538178,25.2296458938
07/06/2016,28.25,27.524999847412108,29.6809699981,25.3690296967
07/07/2016,28.18000030517578,27.591999855041504,29.6637064508,25.5202932593
07/08/2016,29.020000457763672,27.651699867248535,29.6522503539,25.6511493806
07/11/2016,28.530000686645508,27.715899868011476,29.6553859849,25.7764137511
07/12/2016,28.899999618530273,27.770699882507323,29.6541872519,25.8872125131
07/13/2016,28.719999313354492,27.82749988555908,29.6577902594,25.9972095117
07/14/2016,28.8799991607666,27.875699882507323,29.6649322826,26.0864674824
07/15/2016,29.100000381469727,27.917799873352052,29.6804402877,26.155159459
07/18/2016,29.31999969482422,27.95699987411499,29.7018165137,26.2121832345
07/19/2016,29.260000228881836,27.99289987564087,29.728433994,26.2573657572
07/20/2016,29.719999313354492,28.028099880218505,29.7532489984,26.302950762
07/21/2016,29.520000457763672,28.065899868011474,29.786287699,26.345512037
07/22/2016,29.860000610351562,28.100199871063232,29.8150351656,26.3853645765
07/25/2016,29.479999542236328,28.135399875640868,29.8498697654,26.4209299859
07/26/2016,29.670000076293945,28.161399879455566,29.8763489095,26.4464508494
07/27/2016,29.760000228881836,28.187199878692628,29.9052407128,26.4691590446
07/28/2016,29.56999969482422,28.2125998878479,29.9349243019,26.4902754738
07/29/2016,29.239999771118164,28.23679988861084,29.9610243219,26.5125754554
08/01/2016,29.190000534057617,28.261799888610838,29.9822605509,26.5413392264
08/02/2016,28.200000762939453,28.29569990158081,30.0006475898,26.5907522134
08/03/2016,28.610000610351562,28.3171999168396,30.0071834189,26.6272164148
08/04/2016,28.489999771118164,28.33769992828369,30.0186531623,26.6567466943
08/05/2016,28.93000030517578,28.35689992904663,30.0284918189,26.6853080392
08/08/2016,28.93000030517578,28.384099941253663,30.0426150041,26.7255848784
08/09/2016,28.790000915527344,28.408199939727783,30.0569336377,26.7594662417
08/10/2016,29.030000686645508,28.423599948883055,30.0686315885,26.7785683092
08/11/2016,29.209999084472656,28.43649995803833,30.0811782888,26.7918216273
08/12/2016,29.31999969482422,28.44919994354248,30.0948984014,26.8035014856
08/15/2016,29.670000076293945,28.46019994735718,30.1080045496,26.8123953452
08/16/2016,29.600000381469727,28.48689994812012,30.1324580424,26.8413418538
08/17/2016,29.68000030517578,28.512899951934813,30.1552965705,26.8705033334
08/18/2016,29.40999984741211,28.53729995727539,30.1787291443,26.8958707702
08/19/2016,30.190000534057617,28.55399995803833,30.1957277251,26.912272191
08/22/2016,30.299999237060547,28.581699962615968,30.2274241778,26.9359757474
08/23/2016,30.290000915527344,28.60729995727539,30.2596297562,26.9549701583
08/24/2016,29.770000457763672,28.63209997177124,30.2908756251,26.9733243184
08/25/2016,29.979999542236328,28.65629997253418,30.3138467772,26.9987531678
08/26/2016,30.040000915527344,28.68709997177124,30.3403357886,27.033864155
08/29/2016,30.260000228881836,28.719799976348877,30.3671220699,27.0724778828
08/30/2016,30.459999084472656,28.75809997558594,30.3962371898,27.1199627613
08/31/2016,30.43000030517578,28.79549997329712,30.4293668086,27.161633138
09/01/2016,30.59000015258789,28.8303999710083,30.461531467,27.199268475
09/02/2016,30.440000534057617,28.869099979400634,30.495604294,27.2425956648
09/06/2016,30.399999618530273,28.895499992370606,30.5258578814,27.2651421034
09/07/2016,30.399999618530273,28.926299991607667,30.5556960103,27.2969039729
09/08/2016,30.3700008392334,28.958899993896484,30.5848390558,27.332960932
09/09/2016,29.530000686645508,28.991599998474122,30.6127000944,27.3704999026
09/12/2016,30.290000915527344,29.01430000305176,30.6268646083,27.4017353978
09/13/2016,29.780000686645508,29.04560001373291,30.6522346184,27.438965409
09/14/2016,29.389999389648438,29.072700023651123,30.6686022198,27.4767978275
09/15/2016,29.979999542236328,29.092300014495848,30.6799214509,27.5046785781
09/16/2016,29.25,29.122900009155273,30.6977957835,27.5480042348
09/19/2016,30.649999618530273,29.1425,30.7066224036,27.5783775964
09/20/2016,30.65999984741211,29.17779998779297,30.735700282,27.6198996935
09/21/2016,31.06999969482422,29.219899978637695,30.7603029115,27.6794970457
09/22/2016,31.639999389648438,29.269799976348878,30.7883486756,27.7512512771
09/23/2016,31.469999313354492,29.326199970245362,30.8268903868,27.8255095537
09/26/2016,30.969999313354492,29.380899963378905,30.8588723349,27.9029275919
09/27/2016,31.149999618530273,29.43149995803833,30.876014708,27.9869852081
09/28/2016,31.75,29.48469995498657,30.8931093447,28.0762905653
09/29/2016,31.100000381469727,29.542399959564207,30.923983946,28.1608159731
09/30/2016,31.690000534057617,29.59619997024536,30.9318771746,28.2605227659
10/03/2016,31.350000381469727,29.650999984741212,30.9587488124,28.3432511571
10/04/2016,31.280000686645508,29.70609998703003,30.9673691146,28.4448308594
10/05/2016,31.559999465942383,29.756199989318848,30.9788993131,28.5335006655
10/06/2016,31.540000915527344,29.811999988555907,30.9875083993,28.6364915778
10/07/2016,31.280000686645508,29.864699993133545,30.9975923087,28.7318076776
10/10/2016,31.40999984741211,29.915400009155274,30.9958336629,28.8349663554
10/11/2016,31.15999984741211,29.96740001678467,30.9919346458,28.9428653878
10/12/2016,31.25,30.019100017547608,30.9693758366,29.0688241984
10/13/2016,31.31999969482422,30.03220001220703,30.9902924414,29.074107583
10/14/2016,31.600000381469727,30.044100017547606,31.0106858266,29.0775142085
10/17/2016,31.649999618530273,30.055900020599367,31.0341352362,29.077664805
10/18/2016,31.940000534057617,30.067500019073485,31.0576195505,29.0773804877
10/19/2016,32.5099983215332,30.0821000289917,31.0888197265,29.0753803315
10/20/2016,32.65999984741211,30.100000019073487,31.1334611388,29.0665388994
10/21/2016,32.4900016784668,30.12030002593994,31.1834824167,29.0571176352
10/24/2016,33.04999923706055,30.13680004119873,31.2235657574,29.050034325
10/25/2016,32.880001068115234,30.153400039672853,31.2714100448,29.0353900346
10/26/2016,32.75,30.168000049591065,31.3116931843,29.0243069149
10/27/2016,32.88999938964844,30.179800052642822,31.3438043283,29.015795777
10/28/2016,32.810001373291016,30.195400047302247,31.3848893499,29.0059107448
10/31/2016,32.79999923706055,30.20650005340576,31.4150052286,28.9979948782
11/01/2016,32.65999984741211,30.221900043487548,31.4533265954,28.9904734915
11/02/2016,31.979999542236328,30.242100048065186,31.49657147,28.9876286261
11/03/2016,31.979999542236328,30.262800045013428,31.5286476266,28.9969524634
11/04/2016,31.81999969482422,30.286300048828124,31.5619572211,29.0106428766
11/07/2016,33.2599983215332,30.30610004425049,31.5900158092,29.0221842793
11/08/2016,33.209999084472656,30.34380002975464,31.6581870946,29.0294129649
11/09/2016,33.779998779296875,30.379300022125243,31.7223667554,29.0362332888
11/10/2016,33.93000030517578,30.41260000228882,31.7976331773,29.0275668273
11/11/2016,34.56999969482422,30.45130001068115,31.8793395699,29.0232604515
11/14/2016,34.79999923706055,30.493000011444092,31.9786542936,29.0073457292
11/15/2016,35.130001068115234,30.530699996948243,32.0761339436,28.9852660503
11/16/2016,35.11000061035156,30.585400009155272,32.1945390671,28.9762609512
11/17/2016,35.220001220703125,30.651600017547608,32.3086332554,28.9945667797
11/18/2016,35.88999938964844,30.71450002670288,32.4235543207,29.0054457327
11/21/2016,35.900001525878906,30.782600021362306,32.5594992873,29.0057007554
11/22/2016,36.599998474121094,30.850700035095215,32.6907985183,29.0106015519
11/23/2016,37.650001525878906,30.927400016784667,32.8440984781,29.0107015555
11/25/2016,38.2599983215332,31.02000003814697,33.0331338933,29.006866183
11/28/2016,37.97999954223633,31.120100021362305,33.2390938065,29.0011062362
11/29/2016,37.2599983215332,31.21810001373291,33.4236999353,29.0125000922
11/30/2016,36.83000183105469,31.300499992370604,33.5752769468,29.0257230379
12/01/2016,35.4900016784668,31.383500003814696,33.7065838233,29.0604161843
12/02/2016,35.349998474121094,31.44940002441406,33.7944653621,29.1043346867
12/05/2016,35.84000015258789,31.51570001602173,33.87633259,29.155067442
12/06/2016,36.369998931884766,31.58530002593994,33.9696801371,29.2009199147
12/07/2016,36.630001068115234,31.65800001144409,34.0760879999,29.239912023
12/08/2016,36.95000076293945,31.731100025177003,34.1875917101,29.2746083403
12/09/2016,37.119998931884766,31.80800003051758,34.3059479272,29.3100521339
12/12/2016,37.119998931884766,31.88200002670288,34.4261783908,29.3378216626
12/13/2016,37.150001525878906,31.958000011444092,34.543661137,29.3723388859
12/14/2016,36.349998474121094,32.03090002059937,34.6588044761,29.4029955651
12/15/2016,36.5099983215332,32.09960000991821,34.7496259194,29.4495741005
12/16/2016,36.29999923706055,32.1679999923706,34.8425925478,29.493407437
12/19/2016,35.88999938964844,32.23339998245239,34.9281945438,29.5386054211
12/20/2016,35.9900016784668,32.29659997940063,35.0022780219,29.5909219369
12/21/2016,36.150001525878906,32.364099998474124,35.0768700827,29.6513299143
12/22/2016,36.209999084472656,32.433700008392336,35.1534166844,29.7139833324
12/23/2016,36.869998931884766,32.51379999160767,35.2255899991,29.8020099841
12/27/2016,37.0,32.596399974823,35.3138161158,29.8789838338
12/28/2016,36.459999084472656,32.68149997711182,35.4022352047,29.9607647495
12/29/2016,36.630001068115234,32.756799964904786,35.4768667191,30.0367332107
12/30/2016,36.56999969482422,32.83379997253418,35.5534335982,30.1141663469
01/03/2017,36.279998779296875,32.91159996032715,35.6257154692,30.1974844515
01/04/2017,36.880001068115234,32.98409994125366,35.6903814722,30.2778184103
01/05/2017,36.45000076293945,33.06079996109009,35.7677205205,30.3538794017
01/06/2017,36.20000076293945,33.13209997177124,35.8334452251,30.4307547184
01/09/2017,36.099998474121094,33.1973999786377,35.8931857421,30.5016142151
01/10/2017,36.310001373291016,33.262399959564206,35.9490100591,30.57578986
01/11/2017,36.5,33.32869997024536,36.0078828693,30.6495170712
01/12/2017,36.349998474121094,33.39959997177124,36.0679334458,30.7312664978
01/13/2017,36.93000030517578,33.46119995117188,36.1258279175,30.7965719849
01/17/2017,35.880001068115234,33.527499961853025,36.1951281906,30.8598717331
01/18/2017,35.900001525878906,33.58339996337891,36.2411516768,30.9256482499
01/19/2017,35.72999954223633,33.64469997406006,36.284422071,31.0049778771
01/20/2017,36.15999984741211,33.70219997406006,36.3240334832,31.080366465
01/23/2017,36.29999923706055,33.76339996337891,36.3704205413,31.1563793855
01/24/2017,36.95000076293945,33.82379995346069,36.4188940551,31.2287058518
01/25/2017,37.709999084472656,33.88869997024536,36.4800087393,31.2973912012
01/26/2017,37.2400016784668,33.96149995803833,36.5568763341,31.3661235819
01/27/2017,37.0099983215332,34.02799997329712,36.6213321748,31.4346677718
01/30/2017,36.9900016784668,34.09369995117188,36.6785096467,31.5088902556
01/31/2017,37.06999969482422,34.15959997177124,36.7333811911,31.5858187524
02/01/2017,36.720001220703125,34.22629997253418,36.7881858389,31.6644141062
02/02/2017,36.130001068115234,34.289799976348874,36.8339505165,31.7456494362
02/03/2017,37.349998474121094,34.355799980163575,36.8609252222,31.8506747382
02/06/2017,36.68000030517578,34.42639995574951,36.9153782898,31.9374216217
02/07/2017,36.56999969482422,34.495399951934814,36.9500178512,32.0407820526
02/08/2017,37.20000076293945,34.56719995498657,36.9760134146,32.1583864954
02/09/2017,36.9900016784668,34.639399967193604,37.0176475922,32.2611523422
02/10/2017,37.630001068115234,34.71679998397827,37.0437868699,32.389813098
02/13/2017,37.41999816894531,34.786599998474124,37.0951655009,32.4780344961
02/14/2017,37.45000076293945,34.854199981689455,37.1397993543,32.568600609
02/15/2017,38.099998474121094,34.9179999923706,37.1860551393,32.6499448454
02/16/2017,38.220001220703125,34.98259998321533,37.2483667971,32.7168331694
02/17/2017,37.91999816894531,35.050100002288815,37.3107563307,32.7894436739
02/21/2017,38.040000915527344,35.119599990844726,37.3604988563,32.8787011253
02/22/2017,38.119998931884766,35.188500003814696,37.4121435584,32.9648564492
02/23/2017,37.7599983215332,35.252199993133544,37.4676541241,33.0367458622
02/24/2017,37.54999923706055,35.31879997253418,37.508385403,33.129214542
02/27/2017,37.61000061035156,35.37739995956421,37.5474117215,33.2073881976
02/28/2017,37.599998474121094,35.439999961853026,37.5830533606,33.2969465632
03/01/2017,38.029998779296875,35.503199939727786,37.6156117435,33.390788136
03/02/2017,37.91999816894531,35.56789993286133,37.6575066814,33.4782931844
03/03/2017,38.279998779296875,35.63169990539551,37.6945789331,33.5688208777
03/06/2017,37.93000030517578,35.70169988632202,37.7342676943,33.6691320783
03/07/2017,37.900001525878906,35.76689989089966,37.7650358194,33.7687639624
03/08/2017,37.900001525878906,35.834299907684326,37.7891068987,33.8794929166
03/09/2017,38.02000045776367,35.900799922943115,37.8111300765,33.9904697694
03/10/2017,38.86000061035156,35.96779993057251,37.8332610254,34.1023388357
03/13/2017,38.439998626708984,36.04039993286133,37.8754873571,34.2053125086
03/14/2017,38.29999923706055,36.10829992294312,37.9048967157,34.3117031302
03/15/2017,39.060001373291016,36.17189990997314,37.932014491,34.411785329
03/16/2017,39.119998931884766,36.237399940490725,37.9818279707,34.4929719103
03/17/2017,39.02000045776367,36.30199993133545,38.0323096865,34.5716901762
03/20/2017,38.75,36.36729991912842,38.0755943089,34.6590055293
03/21/2017,36.61000061035156,36.42429992675781,38.1159702493,34.7326296043
03/22/2017,36.16999816894531,36.46159992218018,38.1154081014,34.8077917429
03/23/2017,37.20000076293945,36.49579990386963,38.1073216788,34.8842781289
03/24/2017,36.810001373291016,36.53889991760254,38.1105505896,34.9672492456
03/27/2017,36.52000045776367,36.57889991760254,38.1053906484,35.0524091868
03/28/2017,36.720001220703125,36.61609992980957,38.0946207779,35.1375790817
03/29/2017,36.369998931884766,36.65669994354248,38.0807702415,35.2326296456
03/30/2017,36.59000015258789,36.700599937438966,38.0452767433,35.3559231316
03/31/2017,36.13999938964844,36.74669994354248,38.0049972629,35.4884026242
04/03/2017,36.20000076293945,36.78989994049072,37.9485211065,35.6312787745
04/04/2017,36.2400016784668,36.819299964904786,37.9240245464,35.7145753834
04/05/2017,36.2599983215332,36.84959999084472,37.8948672514,35.8043327303
04/06/2017,36.439998626708984,36.87439998626709,37.8750099959,35.8737899766
04/07/2017,35.939998626708984,36.89949996948242,37.856465242,35.9425346969
04/10/2017,35.689998626708984,36.91319995880127,37.8462249082,35.9801750094
04/11/2017,35.790000915527344,36.92209995269776,37.8390309143,36.0051689911
04/12/2017,35.380001068115234,36.92869995117187,37.8350217078,36.0223781945
04/13/2017,35.29999923706055,36.93139995574951,37.8326878376,36.0301120739
04/17/2017,35.95000076293945,36.93219993591308,37.8320027102,36.0323971616
04/18/2017,35.77000045776367,36.932799949646,37.8319273072,36.0336725921
04/19/2017,36.619998931884766,36.93149993896484,37.8322122214,36.0307876565
04/20/2017,36.70000076293945,36.93169994354248,37.8323408111,36.031059076
04/21/2017,35.880001068115234,36.922199935913085,37.8202205346,36.0241793372
04/24/2017,37.0099983215332,36.89839996337891,37.7921780659,36.0046218609
04/25/2017,37.75,36.88869995117187,37.7759266256,36.0014732768
04/26/2017,37.849998474121094,36.89359996795654,37.7842103848,36.0029895511
04/27/2017,37.97999954223633,36.90379993438721,37.799450206,36.0081496628
04/28/2017,37.43000030517578,36.9286999130249,37.8192970166,36.0381028094
05/01/2017,37.77000045776367,36.94949993133545,37.8271790291,36.0718208336
05/02/2017,37.880001068115234,36.96879993438721,37.8430827388,36.09451713
05/03/2017,38.13999938964844,36.983899955749514,37.8607463848,36.1070535267
05/04/2017,38.45000076293945,36.99899993896484,37.882597622,36.115402256
05/05/2017,38.91999816894531,37.013999938964844,37.9092931257,36.1187067523
05/08/2017,39.040000915527344,37.03199993133545,37.9471184073,36.1168814554
05/09/2017,39.130001068115234,37.051199951171874,37.987851661,36.1145482413
05/10/2017,39.209999084472656,37.07099994659424,38.0301875764,36.1118123168
05/11/2017,39.08000183105469,37.09959995269775,38.0792823965,36.1199175089
05/12/2017,38.97999954223633,37.12529998779297,38.1227270849,36.1278728907
05/15/2017,39.22999954223633,37.152099990844725,38.1629068294,36.1412931523
05/16/2017,39.08000183105469,37.18549999237061,38.2091515889,36.1618483959
05/17/2017,37.84000015258789,37.21639999389649,38.2500861121,36.1827138757
05/18/2017,37.45000076293945,37.23329998016357,38.263221383,36.2033785773
05/19/2017,37.4900016784668,37.24569999694824,38.2706792556,36.2207207383
05/22/2017,37.63999938964844,37.25190002441406,38.276463034,36.2273370149
05/23/2017,37.560001373291016,37.25830001831055,38.2832683474,36.2333316893
05/24/2017,38.06999969482422,37.26930004119873,38.2915409464,36.247059136
05/25/2017,38.2400016784668,37.28370002746582,38.3069757852,36.2604242698
05/26/2017,38.36000061035156,37.30040004730225,38.3255175198,36.2752825748
05/30/2017,39.099998474121094,37.32120006561279,38.3465041853,36.295895946
05/31/2017,38.63999938964844,37.34340003967285,38.3828471865,36.3039528928
06/01/2017,39.08000183105469,37.365300025939945,38.4087562243,36.3218438276
06/02/2017,39.7599983215332,37.3941000366211,38.4447161398,36.3434839334
06/05/2017,39.91999816894531,37.430700035095214,38.4991954234,36.3622046468
06/06/2017,40.25,37.46680000305176,38.5575729328,36.3760270733
06/07/2017,38.619998931884766,37.50430000305176,38.6252345836,36.3833654225
06/08/2017,38.29999923706055,37.5270000076294,38.6473136979,36.4066863174
06/09/2017,37.63999938964844,37.54069999694824,38.6620056049,36.419394389
06/12/2017,37.0,37.558299980163575,38.6671443793,36.4494555811
06/13/2017,36.599998474121094,37.569299964904786,38.6670396211,36.4715603087
06/14/2017,36.34000015258789,37.577999954223635,38.6645181806,36.4914817278
06/15/2017,36.529998779296875,37.57979995727539,38.6641143989,36.4954855156
06/16/2017,37.97999954223633,37.58209995269775,38.6639384086,36.5002614968
06/19/2017,37.9900016784668,37.59239994049072,38.6730738515,36.5117260295
06/20/2017,37.95000076293945,37.59519996643066,38.676537489,36.5138624439
06/21/2017,37.849998474121094,37.60229995727539,38.6836128655,36.520987049
06/22/2017,38.099998474121094,37.61069995880127,38.6906408733,36.5307590443
06/23/2017,38.279998779296875,37.62179992675781,38.7010082646,36.542591589
06/26/2017,38.16999816894531,37.63389991760254,38.71363676,36.5541630752
06/27/2017,38.33000183105469,37.64839988708496,38.7254993741,36.5713004001
06/28/2017,38.959999084472656,37.67039989471436,38.7386928166,36.6021069729
06/29/2017,38.599998474121094,37.68649990081787,38.7619508047,36.6110489969
06/30/2017,38.93000030517578,37.705699882507325,38.7801487596,36.6312510054
07/03/2017,38.709999084472656,37.72929988861084,38.8044623858,36.6541373915
07/05/2017,39.150001525878906,37.744399871826175,38.8226217967,36.666177947
07/06/2017,38.689998626708984,37.76599987030029,38.8505098763,36.6814898643
07/07/2017,40.06999969482422,37.77659984588623,38.8649023654,36.6882973264
07/10/2017,40.4900016784668,37.80309986114502,38.9144167845,36.6917829378
07/11/2017,40.34000015258789,37.833499870300294,38.975887181,36.6911125596
07/12/2017,40.95000076293945,37.85589988708496,39.0249431833,36.6868565908
07/13/2017,41.31999969482422,37.88319988250733,39.0916393072,36.6747604578
07/14/2017,41.61000061035156,37.91719989776611,39.1730948896,36.6613049059
07/17/2017,41.95000076293945,37.952899894714356,39.2614161196,36.6443836698
07/18/2017,41.70000076293945,37.9911999130249,39.3587659086,36.6236339175
07/19/2017,41.939998626708984,38.030599937438964,39.4468279861,36.6143718887
07/20/2017,41.79999923706055,38.07449993133545,39.5422529375,36.6067469251
07/21/2017,41.970001220703125,38.116399917602536,39.6294032662,36.603396569
07/24/2017,42.5,38.16009994506836,39.7199413364,36.6002585538
07/25/2017,42.83000183105469,38.20479995727539,39.8232205258,36.5863793887
07/26/2017,42.529998779296875,38.25389999389648,39.9361568489,36.5716431389
07/27/2017,42.220001220703125,38.296399993896486,40.0316306048,36.561169383
07/28/2017,41.91999816894531,38.33930000305176,40.1174419661,36.56115804
07/31/2017,41.59000015258789,38.379499969482424,40.192358752,36.5666411869
08/01/2017,41.9900016784668,38.41639995574951,40.2564731291,36.5763267824
08/02/2017,41.689998626708984,38.45609996795654,40.3297136313,36.5824863046
08/03/2017,41.650001525878906,38.484399948120114,40.3850779636,36.5837219326
08/04/2017,41.880001068115234,38.51649997711181,40.443086888,36.5899130662
08/07/2017,42.84000015258789,38.552299995422366,40.5075795545,36.5970204363
08/08/2017,42.75,38.59009998321533,40.5908387055,36.589361261
08/09/2017,42.290000915527344,38.626399993896484,40.6689174348,36.583882553
08/10/2017,41.25,38.65909999847412,40.7335827557,36.5846172413
08/11/2017,41.4900016784668,38.684099998474125,40.7745302676,36.5936697293
08/14/2017,41.779998779296875,38.73290000915527,40.8312873015,36.6345127168
08/15/2017,41.58000183105469,38.789000015258786,40.8931020728,36.6848979577
08/16/2017,41.790000915527344,38.83280002593994,40.9489226011,36.7166774508
08/17/2017,40.83000183105469,38.88260002136231,41.0091060619,36.7560939808
08/18/2017,40.38999938964844,38.92570003509522,41.0475566043,36.8038434659
08/21/2017,39.91999816894531,38.96240001678467,41.0775168138,36.8472832197
08/22/2017,40.290000915527344,38.99790000915527,41.0989529176,36.8968471007
08/23/2017,39.43000030517578,39.03490001678467,41.125777764,36.9440222696
08/24/2017,39.7599983215332,39.06780002593994,41.1386558609,36.996944191
08/25/2017,39.81999969482422,39.10340000152588,41.1551614861,37.0516385169
08/28/2017,39.86000061035156,39.13919998168945,41.1718308391,37.1065691242
08/29/2017,39.45000076293945,39.17520000457764,41.1883045012,37.1620955079
08/30/2017,40.20000076293945,39.20530002593994,41.1996985799,37.210901472
08/31/2017,40.86000061035156,39.247900047302245,41.2174388749,37.2783612197
09/01/2017,40.54999923706055,39.29960006713867,41.242745033,37.3564551012
09/05/2017,39.970001220703125,39.347200050354004,41.2618824571,37.4325176436
09/06/2017,40.11000061035156,39.393100051879884,41.266704611,37.5194954927
09/07/2017,40.08000183105469,39.44120006561279,41.2703214815,37.6120786497
09/08/2017,39.619998931884766,39.482500076293945,41.2786558085,37.6863443441
09/11/2017,39.9900016784668,39.52100006103515,41.2780019651,37.763998157
09/12/2017,40.599998474121094,39.55470008850098,41.2878941194,37.8215060577
09/13/2017,40.70000076293945,39.59370006561279,41.3059716431,37.8814284881
09/14/2017,40.95000076293945,39.641900062561035,41.3163773318,37.9674227933
09/15/2017,41.369998931884766,39.6813000869751,41.3396619202,38.0229382537
09/18/2017,41.619998931884766,39.717500076293945,41.3728161695,38.0621839831
09/19/2017,41.33000183105469,39.75520008087158,41.4104853961,38.0999147657
09/20/2017,40.58000183105469,39.788700103759766,41.441616877,38.1357833305
09/21/2017,40.59000015258789,39.82020011901855,41.4578107397,38.1825894983
09/22/2017,40.5,39.8484001159668,41.4747045277,38.2220957042
09/25/2017,39.95000076293945,39.874600105285644,41.4900503447,38.2591498658
09/26/2017,39.7599983215332,39.892700119018556,41.4987263709,38.2866738671
09/27/2017,40.84000015258789,39.905800094604494,41.5053347131,38.3062654761
09/28/2017,41.369998931884766,39.92500011444092,41.5241097411,38.3258904877
09/29/2017,41.65999984741211,39.94830009460449,41.5513149695,38.3452852197
10/02/2017,42.209999084472656,39.97360008239746,41.5834508914,38.3637492734
10/03/2017,42.25,40.00360008239746,41.626838687,38.3803614778
10/04/2017,42.54999923706055,40.03530006408691,41.6710969546,38.3995031735
10/05/2017,42.0099983215332,40.07100006103516,41.7222594303,38.4197406917
10/06/2017,41.79999923706055,40.098800048828124,41.7590437024,38.4385563953
10/09/2017,41.7599983215332,40.126000022888185,41.791602148,38.4603978977
10/10/2017,42.16999816894531,40.165200004577635,41.8226484506,38.5077515586
10/11/2017,42.369998931884766,40.2123999786377,41.8590258017,38.5657741556
10/12/2017,42.529998779296875,40.261199951171875,41.8987081103,38.6236917921
10/13/2017,42.720001220703125,40.31009994506836,41.9416051762,38.678594714
10/16/2017,42.5,40.36169994354248,41.986997633,38.7364022541
10/17/2017,42.5,40.405999946594235,42.0286010868,38.7833988064
10/18/2017,42.849998474121094,40.44859992980957,42.0696960339,38.8275038257
10/19/2017,42.75,40.49349990844726,42.1183018192,38.8686979977
10/20/2017,42.86000061035156,40.52999992370606,42.1640588156,38.8959410318
10/23/2017,42.529998779296875,40.57219993591308,42.2113874276,38.9330124442
10/24/2017,42.9900016784668,40.60669990539551,42.2504178241,38.9629819866
10/25/2017,43.06999969482422,40.638999938964844,42.2974321932,38.9805676847
10/26/2017,42.9900016784668,40.67049995422363,42.3448157111,38.9961841974
10/27/2017,44.290000915527344,40.6978999710083,42.387460616,39.008339326
10/30/2017,44.25,40.754599990844724,42.4684422956,39.0407576861
10/31/2017,44.66999816894531,40.81409999847412,42.5448925216,39.0833074753
11/01/2017,44.56999969482422,40.88439998626709,42.6275669405,39.1412330321
11/02/2017,44.36000061035156,40.96009998321533,42.6972963913,39.2229035751
11/03/2017,44.779998779296875,41.03770000457764,42.7515605555,39.3238394537
11/06/2017,45.08000183105469,41.122099990844724,42.810163613,39.4340363687
11/07/2017,45.40999984741211,41.2076000213623,42.8773378666,39.5378621762
11/08/2017,45.38999938964844,41.281900024414064,42.9715543014,39.5922457474
11/09/2017,44.47999954223633,41.35590000152588,43.0617295463,39.6500704567
11/10/2017,44.560001373291016,41.42119998931885,43.1203729736,39.722027005
11/13/2017,44.31999969482422,41.48830001831055,43.1775816276,39.7990184091
11/14/2017,44.0,41.550500030517576,43.2283507005,39.8726493605
11/15/2017,43.58000183105469,41.60770004272461,43.2705138465,39.9448862389
11/16/2017,43.900001525878906,41.6618000793457,43.2997087257,40.023891433
11/17/2017,43.619998931884766,41.717500076293945,43.3357487919,40.0992513606
11/20/2017,44.0099983215332,41.764100074768066,43.3693147793,40.1588853702
11/21/2017,45.150001525878906,41.81820007324219,43.4069456909,40.2294544555
11/22/2017,45.189998626708984,41.88040008544922,43.4765942548,40.2842059161
11/24/2017,45.34000015258789,41.94520008087158,43.5429036788,40.3474964829
11/27/2017,44.880001068115234,42.00710006713867,43.6151860426,40.3990140917
11/28/2017,44.709999084472656,42.06900009155274,43.6673157279,40.4706844552
11/29/2017,43.099998474121094,42.11540008544922,43.722337746,40.5084624249
11/30/2017,43.5,42.141500053405764,43.7430126436,40.5399874632
12/01/2017,43.459999084472656,42.173100051879885,43.7699235295,40.5762765742
12/04/2017,41.900001525878906,42.19820003509521,43.7953276387,40.6010724315
12/05/2017,42.189998626708984,42.204000053405764,43.7989796166,40.6090204902
12/06/2017,42.08000183105469,42.20980003356934,43.803663194,40.6159368731
12/07/2017,42.720001220703125,42.211100044250486,43.8048037819,40.6173963066
12/08/2017,43.349998474121094,42.22130004882813,43.8149641108,40.6276359868
12/11/2017,42.22999954223633,42.23540004730225,43.8327461679,40.6380539267
12/12/2017,42.029998779296875,42.239700050354,43.8364469595,40.6429531412
12/13/2017,41.81999969482422,42.240300025939945,43.8369567529,40.643643299
12/14/2017,42.22999954223633,42.23350002288819,43.8304842265,40.6365158193
12/15/2017,42.68000030517578,42.2275,43.8233585541,40.6316414459
12/18/2017,43.04999923706055,42.22900001525879,43.825212653,40.6327873775
12/19/2017,43.0,42.23729999542236,43.8356008065,40.6389991844
12/20/2017,42.93000030517578,42.24810001373291,43.8478684816,40.6483315459
12/21/2017,42.619998931884766,42.26150001525879,43.8613120406,40.6616879899
12/22/2017,42.06999969482422,42.26779998779297,43.8677709026,40.667829073
12/26/2017,41.599998474121094,42.27159999847412,43.8706450865,40.6725549105
12/27/2017,41.540000915527344,42.271099967956545,43.8703471605,40.6718527754
12/28/2017,42.18000030517578,42.26769996643066,43.868136,40.6672639328
12/29/2017,41.599998474121094,42.26109996795654,43.860522856,40.6616770799
01/02/2018,42.150001525878906,42.24959995269776,43.8496004664,40.649599439
01/03/2018,42.75,42.24819995880127,43.8482257586,40.648174159
01/04/2018,42.959999084472656,42.263199958801266,43.8608268118,40.6655731058
01/05/2018,43.91999816894531,42.27789993286133,43.8751076233,40.6806922424
01/08/2018,44.56999969482422,42.29929992675781,43.9040118191,40.6945880344
01/09/2018,45.150001525878906,42.329199905395505,43.9480245177,40.7103752931
01/10/2018,44.34000015258789,42.362799911499025,44.0047883485,40.7208114745
01/11/2018,44.91999816894531,42.39789989471436,44.0442572456,40.7515425438
01/12/2018,44.81999969482422,42.44319988250732,44.0959955718,40.7904041932
01/16/2018,44.75,42.49219989776611,44.142096529,40.8423032665
01/17/2018,46.0099983215332,42.53679988861084,44.1868452044,40.8867545728
01/18/2018,45.77000045776367,42.60259986877441,44.2586279313,40.9465718063
01/19/2018,46.33000183105469,42.66269989013672,44.3235241916,41.0018755886
01/22/2018,46.47999954223633,42.72779991149903,44.4034433518,41.0521564712
01/23/2018,46.54999923706055,42.79399990081787,44.4857285412,41.1022712604
01/24/2018,46.029998779296875,42.86499988555908,44.5638691574,41.1661306137
01/25/2018,45.7400016784668,42.923299865722655,44.629731198,41.2168685334
01/26/2018,46.58000183105469,42.97209987640381,44.6885766469,41.2556231059
01/29/2018,47.650001525878906,43.03239990234375,44.7685336128,41.2962661919
01/30/2018,47.20000076293945,43.109199905395506,44.8777308242,41.3406689866
01/31/2018,46.720001220703125,43.180099906921384,44.9689736736,41.3912261403
02/01/2018,47.150001525878906,43.246499900817874,45.0422903469,41.4507094548
02/02/2018,46.380001068115234,43.32179992675781,45.1218142014,41.5217856522
02/05/2018,44.84000015258789,43.3856999206543,45.1797136681,41.5916861732
02/06/2018,45.150001525878906,43.428099937438965,45.2058052366,41.6503946382
02/07/2018,45.22999954223633,43.47259994506836,45.2371055642,41.708094326
02/08/2018,43.810001373291016,43.51539993286133,45.2700787377,41.7607211281
02/09/2018,43.2599983215332,43.53979995727539,45.2813919854,41.7982079292
02/12/2018,44.029998779296875,43.55619995117188,45.2873268565,41.8250730458
02/13/2018,44.470001220703125,43.583199920654295,45.3003943292,41.8660055121
02/14/2018,45.369998931884766,43.62209991455078,45.3147060722,41.9294937569
02/15/2018,45.97999954223633,43.66989990234375,45.3435922236,41.9962075811
02/16/2018,45.869998931884766,43.724699897766115,45.3833517287,42.0660480669
02/20/2018,45.70000076293945,43.78389987945557,45.4121384376,42.1556613213
02/21/2018,45.56999969482422,43.84329990386963,45.4315155781,42.2550842297
02/22/2018,45.56999969482422,43.89059989929199,45.4589775853,42.3222222133
02/23/2018,46.290000915527344,43.93259990692139,45.489106929,42.3760928849
02/26/2018,47.75,43.97889991760254,45.5359794607,42.4218203745
02/27/2018,47.43000030517578,44.03429992675781,45.6256356548,42.4429641987
02/28/2018,47.0099983215332,44.08609992980957,45.702619867,42.4695799926
03/01/2018,46.58000183105469,44.130699920654294,45.7656443579,42.4957554834
03/02/2018,49.41999816894531,44.17639995574951,45.8152934438,42.5375064677
03/05/2018,50.540000915527344,44.25259994506836,45.9551409418,42.5500589484
03/06/2018,52.54999923706055,44.3403999710083,46.1359835758,42.5448163662
03/07/2018,52.61000061035156,44.44419998168945,46.4038465827,42.4845533806
03/08/2018,52.59000015258789,44.54659999847412,46.6569338433,42.4362661536
03/09/2018,54.06999969482422,44.64720001220703,46.8943503475,42.4000496769
03/12/2018,54.619998931884766,44.76069999694824,47.1871280239,42.33427197
03/13/2018,53.869998931884766,44.881899986267086,47.4883944985,42.275405474
03/14/2018,53.58000183105469,44.99559997558594,47.7400508689,42.2511490822
03/15/2018,53.380001068115234,45.10290000915527,47.9684507246,42.2373492937
03/16/2018,53.38999938964844,45.20920001983642,48.180701971,42.2376980687
03/19/2018,52.689998626708984,45.31450000762939,48.385786898,42.2432131173
03/20/2018,52.70000076293945,45.41610000610351,48.5607662731,42.2714337391
03/21/2018,53.15999984741211,45.513199996948245,48.7305265415,42.2958734524
03/22/2018,51.88999938964844,45.614099998474124,48.9104695903,42.3177304066
03/23/2018,50.810001373291016,45.703099975585936,49.0472204432,42.358979508
03/26/2018,52.189998626708984,45.768299980163576,49.1476085767,42.3889913836
03/27/2018,51.34000015258789,45.84769996643067,49.2832133225,42.4121866104
03/28/2018,51.22999954223633,45.91439998626709,49.3909049733,42.4378949992
03/29/2018,52.38999938964844,45.98099998474121,49.4947064651,42.4672935044
04/02/2018,51.13999938964844,46.06129997253418,49.6283942363,42.4942057088
04/03/2018,51.630001068115234,46.12489997863769,49.7251265098,42.5246734475
04/04/2018,52.02000045776367,46.190399971008304,49.8303840486,42.5504158934
04/05/2018,52.04999923706055,46.256499977111815,49.9414514082,42.571548546
04/06/2018,50.56999969482422,46.32309997558594,50.0517149455,42.5944850057
04/09/2018,51.290000915527344,46.38399997711181,50.13169956,42.6363003942
04/10/2018,52.83000183105469,46.45129997253418,50.2259710333,42.6766289117
04/11/2018,53.11000061035156,46.53639999389648,50.357702595,42.7150973928
04/12/2018,53.84000015258789,46.6275,50.4955542084,42.7594457916
04/13/2018,53.88999938964844,46.73009998321533,50.6516616283,42.8085383381
04/16/2018,53.79999923706055,46.82999996185303,50.8050738923,42.8549260314
04/17/2018,54.5099983215332,46.93179996490478,50.9534435773,42.9101563525
04/18/2018,54.56999969482422,47.03679996490479,51.1174266325,42.9561732974
04/19/2018,54.11000061035156,47.13099994659424,51.2752165507,42.9867833425
04/20/2018,53.560001373291016,47.22019996643066,51.4173375934,43.0230623395
04/23/2018,54.22999954223633,47.302399978637695,51.5421861434,43.0626138139
04/24/2018,53.61000061035156,47.39589996337891,51.684055822,43.1077441047
04/25/2018,53.529998779296875,47.48489997863769,51.8085985688,43.1612013885
04/26/2018,53.790000915527344,47.589199981689454,51.9316243726,43.2467755908
04/27/2018,52.31999969482422,47.692099990844724,52.0582590507,43.3259409309
04/30/2018,51.68000030517578,47.78069999694824,52.1499748511,43.4114251428
05/01/2018,51.349998474121094,47.87849998474121,52.224442598,43.5325573715
05/02/2018,51.209999084472656,47.970099983215334,52.2916447508,43.6485552156
05/03/2018,51.630001068115234,48.061399955749515,52.3538876252,43.7689122863
05/04/2018,52.43000030517578,48.15049995422363,52.4236200459,43.8773798626
05/07/2018,52.2400016784668,48.24129997253418,52.5079149964,43.9746849486
05/08/2018,52.72999954223633,48.34139999389649,52.5831593662,44.0996406216
05/09/2018,53.150001525878906,48.448400001525876,52.6644803824,44.2323196207
05/10/2018,53.09000015258789,48.56170001983642,52.7502786029,44.3731214368
05/11/2018,53.63999938964844,48.670300025939945,52.8340179915,44.5065820604
05/14/2018,53.40999984741211,48.779900016784666,52.9287163961,44.6310836375
05/15/2018,53.45000076293945,48.883500022888185,53.0172640465,44.7497359993
05/16/2018,53.529998779296875,48.988000030517576,53.1037573504,44.8722427107
05/17/2018,53.7599983215332,49.094000015258786,53.1888170122,44.9991830183
05/18/2018,53.83000183105469,49.20540000915528,53.2740244428,45.1367755755
05/21/2018,54.0,49.323000030517576,53.3534596892,45.2925403718
05/22/2018,53.83000183105469,49.44700004577637,53.4283973901,45.4656027015
05/23/2018,53.59000015258789,49.569900054931644,53.4946065529,45.645193557
05/24/2018,53.439998626708984,49.68400005340576,53.557733156,45.8102669508
05/25/2018,53.29999923706055,49.80240005493164,53.6075746932,45.9972254167
05/29/2018,53.029998779296875,49.91390003204346,53.6560467088,46.1717533553
05/30/2018,52.9900016784668,50.01670001983643,53.7013953926,46.332004647
05/31/2018,58.7400016784668,50.117000045776365,53.7443068762,46.4896932154
06/01/2018,59.810001373291016,50.26520008087158,53.9387439884,46.5916561734
06/04/2018,61.11000061035156,50.41760009765625,54.1670504998,46.6681496955
06/05/2018,61.36000061035156,50.57720008850097,54.4370840895,46.7173160875
06/06/2018,61.91999816894531,50.74740009307861,54.7025736291,46.7922265571
06/07/2018,60.400001525878906,50.91740009307861,54.9822716834,46.8525285028
06/08/2018,60.9900016784668,51.07320011138916,55.1994964875,46.9469037353
06/11/2018,61.689998626708984,51.23560012817383,55.4288743804,47.0423258759
06/12/2018,61.599998474121094,51.392400131225585,55.6794548371,47.1053454254
06/13/2018,61.400001525878906,51.55070011138916,55.9187220923,47.1826781305
06/14/2018,61.220001220703125,51.7014001083374,56.1459963796,47.2568038371
06/15/2018,61.22999954223633,51.84880012512207,56.3616835362,47.335916714
06/18/2018,61.5,51.99560012817383,56.5720466271,47.4191536292
06/19/2018,61.2400016784668,52.15030014038086,56.7835908326,47.5170094481
06/20/2018,60.97999954223633,52.30530014038086,56.9806252751,47.6299750056
06/21/2018,60.529998779296875,52.449300117492676,57.1676306286,47.7309696064
06/22/2018,60.099998474121094,52.57810009002686,57.3392656635,47.8169345166
06/25/2018,58.7400016784668,52.70710006713867,57.4954825344,47.9187175998
06/26/2018,59.36000061035156,52.82730007171631,57.6147486725,48.039851471
06/27/2018,58.54999923706055,52.94940006256103,57.7461906847,48.1526094404
06/28/2018,59.06999969482422,53.071100044250485,57.8540370569,48.2881630316
06/29/2018,59.029998779296875,53.21340003967285,57.9608830669,48.4659170125
07/02/2018,59.68000030517578,53.35220001220703,58.0646806662,48.6397193582
07/03/2018,59.45000076293945,53.496700019836425,58.179359822,48.8140402177
07/05/2018,59.5,53.65310001373291,58.2703436131,49.0358564144
07/06/2018,59.83000183105469,53.815500030517576,58.3491808151,49.2818192459
07/09/2018,60.13999938964844,53.97350006103515,58.4381925945,49.5088075275
07/10/2018,60.41999816894531,54.13020004272461,58.5331555015,49.7272445839
07/11/2018,59.84000015258789,54.280700035095215,58.6386319866,49.9227680836
