08/06/2013,50.0,0,0,0
08/07/2013,50.0,0,0,0
08/08/2013,50.0,0,0,0
08/09/2013,50.0,0,0,0
08/12/2013,50.0,0,0,0
08/13/2013,50.0,0,0,0
08/14/2013,49.5,0,0,0
08/15/2013,49.5,0,0,0
08/16/2013,49.5,0,0,0
08/19/2013,49.5,0,0,0
08/20/2013,49.5,0,0,0
08/21/2013,49.5,0,0,0
08/22/2013,49.5,0,0,0
08/23/2013,49.5,0,0,0
08/26/2013,49.5,0,0,0
08/27/2013,49.5,0,0,0
08/28/2013,49.5,0,0,0
08/29/2013,48.25,0,0,0
08/30/2013,48.25,0,0,0
09/03/2013,48.25,0,0,0
09/04/2013,48.25,0,0,0
09/05/2013,48.25,0,0,0
09/06/2013,48.25,0,0,0
09/09/2013,48.25,0,0,0
09/10/2013,48.25,0,0,0
09/11/2013,48.25,0,0,0
09/12/2013,48.25,0,0,0
09/13/2013,48.25,0,0,0
09/16/2013,48.25,0,0,0
09/17/2013,48.25,0,0,0
09/18/2013,48.25,0,0,0
09/19/2013,51.75,0,0,0
09/20/2013,51.75,0,0,0
09/23/2013,51.75,0,0,0
09/24/2013,51.75,0,0,0
09/25/2013,51.75,0,0,0
09/26/2013,51.75,0,0,0
09/27/2013,51.75,0,0,0
09/30/2013,51.75,0,0,0
10/01/2013,51.5,0,0,0
10/02/2013,51.5,0,0,0
10/03/2013,51.5,0,0,0
10/04/2013,51.5,0,0,0
10/07/2013,51.5,0,0,0
10/08/2013,51.5,0,0,0
10/09/2013,51.5,0,0,0
10/10/2013,51.5,0,0,0
10/11/2013,51.5,0,0,0
10/14/2013,51.5,0,0,0
10/15/2013,51.5,0,0,0
10/16/2013,52.0,0,0,0
10/17/2013,52.0,0,0,0
10/18/2013,53.75,0,0,0
10/21/2013,53.75,0,0,0
10/22/2013,53.75,0,0,0
10/23/2013,53.75,0,0,0
10/24/2013,53.75,0,0,0
10/25/2013,53.75,0,0,0
10/28/2013,53.75,0,0,0
10/29/2013,53.75,0,0,0
10/30/2013,53.75,0,0,0
10/31/2013,53.75,0,0,0
11/01/2013,53.75,0,0,0
11/04/2013,53.75,0,0,0
11/05/2013,53.75,0,0,0
11/06/2013,53.75,0,0,0
11/07/2013,53.75,0,0,0
11/08/2013,53.75,0,0,0
11/11/2013,53.75,0,0,0
11/12/2013,53.75,0,0,0
11/13/2013,53.75,0,0,0
11/14/2013,53.75,0,0,0
11/15/2013,53.75,0,0,0
11/18/2013,60.0,0,0,0
11/19/2013,60.0,0,0,0
11/20/2013,60.0,0,0,0
11/21/2013,20.0,0,0,0
11/22/2013,20.059999465942383,0,0,0
11/25/2013,20.0,0,0,0
11/26/2013,20.209999084472656,0,0,0
11/27/2013,20.489999771118164,0,0,0
11/29/2013,20.989999771118164,0,0,0
12/02/2013,20.520000457763672,0,0,0
12/03/2013,21.020000457763672,0,0,0
12/04/2013,21.700000762939453,0,0,0
12/05/2013,21.8700008392334,0,0,0
12/06/2013,22.469999313354492,0,0,0
12/09/2013,23.290000915527344,0,0,0
12/10/2013,23.75,0,0,0
12/11/2013,23.59000015258789,0,0,0
12/12/2013,23.290000915527344,0,0,0
12/13/2013,23.469999313354492,0,0,0
12/16/2013,24.25,0,0,0
12/17/2013,24.329999923706055,0,0,0
12/18/2013,24.290000915527344,0,0,0
12/19/2013,24.610000610351562,0,0,0
12/20/2013,24.989999771118164,0,0,0
12/23/2013,26.09000015258789,0,0,0
12/24/2013,26.68000030517578,0,0,0
12/26/2013,26.649999618530273,0,0,0
12/27/2013,26.040000915527344,44.618600025177,57.1040506388,32.1331494116
12/30/2013,26.34000015258789,44.37900003433228,56.9881680347,31.769832034
12/31/2013,26.940000534057617,44.14240003585815,56.8653413964,31.4194586754
01/02/2014,25.8799991607666,43.91180004119873,56.7350668332,31.0885332492
01/03/2014,25.3700008392334,43.6706000328064,56.6034570418,30.7377430238
01/06/2014,24.93000030517578,43.424300041198734,56.4683267584,30.380273324
01/07/2014,24.3700008392334,43.17360004425049,56.329274692,30.0179253965
01/08/2014,25.760000228881836,42.922300052642825,56.1942307268,29.6503693785
01/09/2014,25.510000228881836,42.68490005493164,56.0490524428,29.320747667
01/10/2014,25.549999237060547,42.44500005722046,55.899677051,28.9903230635
01/13/2014,25.010000228881836,42.205500049591066,55.7453542969,28.6656458023
01/14/2014,26.530000686645508,41.96060005187988,55.587501089,28.3336990148
01/15/2014,26.3700008392334,41.730900058746336,55.4222213332,28.0395787843
01/16/2014,26.540000915527344,41.49960006713867,55.2529546275,27.7462455068
01/17/2014,27.200000762939453,41.27000007629395,55.0794127207,27.4605874319
01/21/2014,26.6299991607666,41.047000083923336,54.9016912897,27.1923088782
01/22/2014,26.56999969482422,40.818300075531006,54.720247126,26.9163530251
01/23/2014,25.700000762939453,40.58900007247925,54.5348946226,26.6431055224
01/24/2014,24.3700008392334,40.36350008010864,54.3658941026,26.3611060576
01/27/2014,23.350000381469727,40.12470008850098,54.1940271618,26.0553730152
01/28/2014,23.239999771118164,39.875700092315675,54.0191672703,25.7322329144
01/29/2014,22.940000534057617,39.62560009002686,53.8397229988,25.4114771813
01/30/2014,22.969999313354492,39.37250009536743,53.6559702635,25.0890299272
01/31/2014,22.780000686645508,39.11970008850098,53.4673804751,24.7720197019
02/03/2014,21.75,38.865000095367435,53.2742781616,24.4557220292
02/04/2014,22.1200008392334,38.600000095367434,53.0777595712,24.1222406195
02/05/2014,22.139999389648438,38.33870010375976,52.8756158883,23.8017843192
02/06/2014,22.290000915527344,38.07760009765625,52.6685352187,23.4866649766
02/07/2014,22.799999237060547,37.818000106811525,52.4565007552,23.1794994584
02/10/2014,22.899999618530273,37.56350009918213,52.2396054498,22.8873947486
02/11/2014,23.229999542236328,37.31000009536743,52.0182282576,22.6017719331
02/12/2014,24.06999969482422,37.05980009078979,51.792586786,22.3270133956
02/13/2014,24.670000076293945,36.78300008773804,51.4972012205,22.068798955
02/14/2014,24.860000610351562,36.512200088500975,51.1976186785,21.8267814985
02/18/2014,24.790000915527344,36.24330009460449,50.8933869211,21.5932132681
02/19/2014,24.489999771118164,35.97370010375977,50.5839555111,21.3634446964
02/20/2014,24.420000076293945,35.70110010147095,50.2687042167,21.1334959863
02/21/2014,24.229999542236328,35.42780010223389,49.9480396686,20.9075605358
02/24/2014,24.549999237060547,35.15260009765625,49.6215802726,20.6836199228
02/25/2014,23.979999542236328,34.88060009002685,49.2905556039,20.4706445761
02/26/2014,23.729999542236328,34.60540008544922,48.9580050497,20.2527951212
02/27/2014,23.81999969482422,34.32770008087158,48.6192577382,20.0361424235
02/28/2014,24.149999618530273,34.050900077819826,48.275078116,19.8267220397
03/03/2014,24.3700008392334,33.77740007400513,47.9261811532,19.6286189948
03/04/2014,24.309999465942383,33.50610008239746,47.5723180696,19.4398820952
03/05/2014,24.280000686645508,33.23420007705688,47.2124845631,19.255915591
03/06/2014,25.0,32.96200008392334,46.8466580465,19.0773421214
03/07/2014,24.760000228881836,32.69700008392334,46.4778150737,18.9161850942
03/10/2014,24.459999084472656,32.42960008621216,46.1019733488,18.7572268236
03/11/2014,24.1299991607666,32.15920007705689,45.7186623945,18.5997377596
03/12/2014,23.780000686645508,31.88550006866455,45.3275282602,18.4434718772
03/13/2014,24.399999618530273,31.603300075531006,44.9156832278,18.2909169233
03/14/2014,24.959999084472656,31.32730007171631,44.4993155168,18.1552846266
03/17/2014,25.110000610351562,31.039400062561036,44.0315805943,18.0472195308
03/18/2014,25.09000015258789,30.75300006866455,43.555679253,17.9503208844
03/19/2014,24.850000381469727,30.46640007019043,43.0703093986,17.8624907418
03/20/2014,25.700000762939453,30.177400074005128,42.5737377815,17.7810623665
03/21/2014,26.899999618530273,29.89690008163452,42.0720511972,17.7217489661
03/24/2014,26.299999237060547,29.628400077819823,41.5683465937,17.688453562
03/25/2014,26.229999542236328,29.35390007019043,41.0491657466,17.6586343938
03/26/2014,26.010000228881836,29.078700065612793,40.5176420982,17.639758033
03/27/2014,25.59000015258789,28.80130006790161,39.9717916797,17.6308084561
03/28/2014,26.0,28.51970006942749,39.4091138497,17.6302862891
03/31/2014,26.0,28.24220006942749,38.8346565724,17.6497435665
04/01/2014,25.940000534057617,27.96470006942749,38.2441419101,17.6852582288
04/02/2014,26.3799991607666,27.686600074768066,37.6355579149,17.7376422346
04/03/2014,25.979999542236328,27.412900066375734,37.0113850673,17.8144150654
04/04/2014,26.079999923706055,27.135200061798095,36.3622202054,17.9081799182
04/07/2014,25.040000915527344,26.858500061035155,35.6896379581,18.027362164
04/08/2014,24.75,26.57140007019043,34.9802116303,18.1625885101
04/09/2014,25.440000534057617,26.28140007019043,34.2356708661,18.3271292743
04/10/2014,24.639999389648438,25.998300075531006,33.4583347938,18.5382653573
04/11/2014,23.799999237060547,25.70720006942749,32.627045451,18.7873546879
04/14/2014,23.719999313354492,25.407700061798096,31.72964183,19.0857582936
04/15/2014,23.43000030517578,25.04490005493164,30.3267117767,19.7630883332
04/16/2014,23.600000381469727,24.679200057983397,28.6252471265,20.7331529895
04/17/2014,23.739999771118164,24.315200061798095,26.0399751496,22.590424974
04/21/2014,24.290000915527344,24.352600059509278,26.0230938133,22.6821063057
04/22/2014,24.1200008392334,24.394900074005125,26.0087572791,22.7810428689
04/23/2014,26.969999313354492,24.43610008239746,25.9886598612,22.8835403035
04/24/2014,27.139999389648438,24.50370008468628,26.0174633632,22.9899368062
04/25/2014,26.600000381469727,24.570200080871583,26.0519085043,23.0884916575
04/28/2014,26.860000610351562,24.626300086975096,26.0772774098,23.1753227642
04/29/2014,27.020000457763672,24.689700088500977,26.0977458424,23.2816543346
04/30/2014,26.700000762939453,24.749700088500976,26.1276075198,23.3717926572
05/01/2014,26.81999969482422,24.799700088500977,26.156593215,23.442806962
05/02/2014,26.950000762939453,24.849200077056885,26.1884884836,23.5099116705
05/05/2014,26.729999542236328,24.894000091552734,26.2278719246,23.5601282585
05/06/2014,26.59000015258789,24.928400077819823,26.2648174955,23.5919826601
05/07/2014,26.510000228881836,24.956800079345705,26.298041234,23.6155589247
05/08/2014,26.31999969482422,24.986000080108642,26.3289513381,23.6430488221
05/09/2014,26.489999771118164,25.01630006790161,26.3548184317,23.6777817041
05/12/2014,26.3799991607666,25.046500072479247,26.3838582212,23.7091419238
05/13/2014,26.049999237060547,25.067800064086914,26.4092586743,23.7263414539
05/14/2014,25.959999084472656,25.08500005722046,26.4279144345,23.7420856799
05/15/2014,25.299999237060547,25.10170003890991,26.4450079455,23.7583921323
05/16/2014,25.350000381469727,25.108600025177,26.4511364547,23.7660635957
05/19/2014,24.6200008392334,25.11220003128052,26.4548962686,23.769503794
05/20/2014,24.709999084472656,25.097500038146972,26.4374548006,23.7575452757
05/21/2014,24.450000762939453,25.07780002593994,26.4087955834,23.7468044685
05/22/2014,24.579999923706055,25.05580003738403,26.3787846851,23.7328153897
05/23/2014,25.049999237060547,25.04120002746582,26.3612956913,23.7211043637
05/27/2014,24.219999313354492,25.028300018310546,26.3419278606,23.7146721761
05/28/2014,24.65999984741211,25.001100006103517,26.3029701144,23.6992298978
05/29/2014,24.450000762939453,24.98890001296997,26.2881905098,23.6896095162
05/30/2014,24.540000915527344,24.979700012207033,26.2795164995,23.6798835249
06/02/2014,25.1200008392334,24.975800018310547,26.2763446516,23.6752553851
06/03/2014,24.989999771118164,24.983300018310548,26.2824913458,23.6841086908
06/04/2014,26.3700008392334,24.97560001373291,26.2724448896,23.6787551379
06/05/2014,26.889999389648438,24.984200019836425,26.287396234,23.6810038057
06/06/2014,27.420000076293945,24.997600021362306,26.3133736483,23.6818263944
06/09/2014,28.149999618530273,25.021700019836427,26.3593689288,23.6840311108
06/10/2014,28.719999313354492,25.037900009155273,26.4032602346,23.6725397837
06/11/2014,28.559999465942383,25.061399993896483,26.4690540432,23.6537459446
06/12/2014,28.1299991607666,25.081599979400636,26.5243824505,23.6388175083
06/13/2014,28.1299991607666,25.090899963378906,26.5502100491,23.6315898777
06/16/2014,27.760000228881836,25.105899963378906,26.5884767412,23.6233231856
06/17/2014,29.479999542236328,25.11779996871948,26.6167659103,23.6188340272
06/18/2014,29.600000381469727,25.15559995651245,26.71520514,23.595994773
06/19/2014,30.049999237060547,25.207899951934813,26.8268466251,23.5889532788
06/20/2014,29.989999771118164,25.274899940490723,26.9531253958,23.5966744852
06/23/2014,29.6200008392334,25.342399940490722,27.0723704333,23.6124294477
06/24/2014,28.889999389648438,25.40919994354248,27.1737392973,23.6446605898
06/25/2014,29.09000015258789,25.46839994430542,27.2493427119,23.6874571767
06/26/2014,29.920000076293945,25.531499938964842,27.3277907025,23.7352091754
06/27/2014,29.8700008392334,25.61319993972778,27.4213972558,23.8050026237
06/30/2014,29.3799991607666,25.690699939727782,27.5135412447,23.8678586347
07/01/2014,29.030000686645508,25.763099937438966,27.5872554152,23.9389444597
07/02/2014,28.760000228881836,25.830499935150147,27.6495938536,24.0114060167
07/03/2014,29.0,25.89009994506836,27.7065610368,24.0736388533
07/07/2014,27.979999542236328,25.951099948883055,27.7685480723,24.1336518255
07/08/2014,27.239999771118164,25.998599948883058,27.8063559868,24.190843911
07/09/2014,27.299999237060547,26.030299949645997,27.8317418023,24.228858097
07/10/2014,26.969999313354492,26.056599941253662,27.8571882518,24.2560116307
07/11/2014,27.5,26.077699928283693,27.8765044033,24.2788954533
07/14/2014,27.790000915527344,26.104799919128418,27.9044139937,24.3051858446
07/15/2014,27.850000381469727,26.13779993057251,27.9377568871,24.3378429741
07/16/2014,29.190000534057617,26.172099933624267,27.9716766882,24.3725231791
07/17/2014,28.190000534057617,26.22169994354248,28.0353636487,24.4080362383
07/18/2014,29.479999542236328,26.258099956512453,28.0743728749,24.4418270381
07/21/2014,29.360000610351562,26.313099956512453,28.1427806031,24.4834193099
07/22/2014,29.0,26.369399967193605,28.2053393823,24.5334605521
07/23/2014,29.010000228881836,26.42119997024536,28.2575540874,24.5848458531
07/24/2014,29.149999618530273,26.469799976348877,28.3097102568,24.6298896959
07/25/2014,29.06999969482422,26.517599964141844,28.3644156394,24.6707842889
07/28/2014,28.799999237060547,26.565199966430665,28.4158416991,24.7145582338
07/29/2014,28.700000762939453,26.610399951934813,28.4598738512,24.7609260526
07/30/2014,28.690000534057617,26.647399959564208,28.5012918494,24.7935080698
07/31/2014,27.850000381469727,26.686699962615968,28.5418199163,24.831580009
08/01/2014,28.350000381469727,26.720599975585937,28.565666788,24.8755331632
08/04/2014,29.0,26.76279998779297,28.5963561042,24.9292438713
08/05/2014,28.700000762939453,26.814999980926515,28.63716433,24.9928356318
08/06/2014,28.040000915527344,26.857999992370605,28.673390839,25.0426091457
08/07/2014,27.709999084472656,26.88880001068115,28.6978446404,25.079755381
08/08/2014,28.0,26.914799995422364,28.7167625031,25.1128374877
08/11/2014,28.43000030517578,26.943899993896483,28.7396448853,25.1481551024
08/12/2014,28.34000015258789,26.979699993133544,28.7690179807,25.1903820055
08/13/2014,28.68000030517578,27.00609998703003,28.7958177763,25.2163821978
08/14/2014,28.530000686645508,27.023899993896485,28.8213091779,25.2264908099
08/15/2014,28.6299991607666,27.046200008392333,28.848316973,25.2440830438
08/18/2014,28.940000534057617,27.070200004577636,28.8772616858,25.2631383234
08/19/2014,29.260000228881836,27.099500007629395,28.9128766188,25.2861233964
08/20/2014,29.350000381469727,27.136200008392333,28.9557822566,25.3166177602
08/21/2014,29.219999313354492,27.16970001220703,28.9988683817,25.3405316427
08/22/2014,29.15999984741211,27.201900005340576,29.0385206454,25.3652793653
08/25/2014,29.270000457763672,27.23409999847412,29.0765321365,25.3916678605
08/26/2014,29.299999237060547,27.263000011444092,29.1144521434,25.4115478795
08/27/2014,29.059999465942383,27.296200008392333,29.1541035348,25.438296482
08/28/2014,28.829999923706055,27.3260000038147,29.1880515424,25.4639484652
08/29/2014,29.489999771118164,27.363899993896485,29.2175886847,25.5102113031
09/02/2014,29.8700008392334,27.411299991607667,29.2581333012,25.564466682
09/03/2014,29.8700008392334,27.455599994659423,29.3077400181,25.6034599712
09/04/2014,29.40999984741211,27.507900009155275,29.353626051,25.6621739673
09/05/2014,29.329999923706055,27.564000015258788,29.3812099556,25.7467900749
09/08/2014,29.190000534057617,27.620100021362305,29.4040643987,25.836135644
09/09/2014,29.3700008392334,27.677700023651123,29.4178976156,25.9375024317
09/10/2014,29.670000076293945,27.73540002822876,29.4346118589,26.0361881976
09/11/2014,30.25,27.794700031280517,29.4565059455,26.1328941171
09/12/2014,30.389999389648438,27.854300022125244,29.4960985962,26.212501448
09/15/2014,29.700000762939453,27.917000007629394,29.5345348847,26.2994651305
09/16/2014,30.520000457763672,27.944300022125244,29.5686449983,26.3199550459
09/17/2014,31.489999771118164,27.978100032806395,29.6204238417,26.3357762239
09/18/2014,31.299999237060547,28.02700002670288,29.7000747695,26.3539252839
09/19/2014,31.489999771118164,28.07140001296997,29.7716100289,26.3711899971
09/22/2014,31.5,28.116100006103515,29.8465709945,26.3856290177
09/23/2014,30.8700008392334,28.16409999847412,29.9209950618,26.4072049352
09/24/2014,29.34000015258789,28.204600009918213,29.9766589677,26.4325410522
09/25/2014,28.860000610351562,28.2285000038147,29.9995937004,26.4574063072
09/26/2014,28.989999771118164,28.24980001449585,30.0155440745,26.4840559544
09/29/2014,28.59000015258789,28.273800010681153,30.0331196766,26.5144803448
09/30/2014,27.829999923706055,28.294600009918213,30.0452178938,26.543982126
10/01/2014,27.139999389648438,28.30970001220703,30.049700884,26.5696991405
10/02/2014,26.280000686645508,28.316200008392332,30.0505960674,26.5818039494
10/03/2014,26.1299991607666,28.315200023651123,30.0507405818,26.5796594655
10/06/2014,26.229999542236328,28.316000022888183,30.0505143847,26.5814856611
10/07/2014,24.8799991607666,28.31870002746582,30.0497515452,26.5876485097
10/08/2014,24.799999237060547,28.31450002670288,30.053362531,26.5756375224
10/09/2014,23.8799991607666,28.30900001525879,30.0580703784,26.5599296521
10/10/2014,22.670000076293945,28.30159999847412,30.067744305,26.5354556919
10/13/2014,21.450000762939453,28.281200008392332,30.099716645,26.4626833718
10/14/2014,21.040000915527344,28.251200008392335,30.1553992396,26.3470007772
10/15/2014,22.31999969482422,28.215800018310546,30.2182880647,26.2133119719
10/16/2014,23.709999084472656,28.188500022888185,30.2516516787,26.1253483671
10/17/2014,23.260000228881836,28.183400020599365,30.2569593934,26.1098406478
10/20/2014,23.219999313354492,28.169400024414063,30.2712343756,26.0675656732
10/21/2014,24.25,28.157100009918214,30.2841126368,26.030087383
10/22/2014,23.309999465942383,28.15420000076294,30.2863338031,26.0220661984
10/23/2014,23.530000686645508,28.13609998703003,30.3013404086,25.9708595654
10/24/2014,23.440000534057617,28.121499996185303,30.3126720491,25.9303279433
10/27/2014,23.399999618530273,28.092199993133544,30.3257763528,25.8586236334
10/28/2014,24.709999084472656,28.057299995422362,30.3361944479,25.778405543
10/29/2014,24.0,28.03019998550415,30.332504969,25.7278950021
10/30/2014,23.389999389648438,27.988699989318846,30.3256141056,25.651785873
10/31/2014,24.229999542236328,27.935399990081788,30.3154124232,25.5553875569
11/03/2014,25.200000762939453,27.892099990844727,30.2995847721,25.4846152096
11/04/2014,25.030000686645508,27.862800006866454,30.2849958093,25.4406042045
11/05/2014,23.899999618530273,27.831800022125243,30.2701611668,25.3934388774
11/06/2014,24.399999618530273,27.79320001602173,30.2627453393,25.3236546928
11/07/2014,24.610000610351562,27.742400016784668,30.228915375,25.2558846586
11/10/2014,24.3700008392334,27.692500019073485,30.1912759366,25.1937241015
11/11/2014,23.770000457763672,27.635700035095216,30.1447769232,25.126623147
11/12/2014,23.139999389648438,27.57350004196167,30.1004759126,25.0465241713
11/13/2014,23.1200008392334,27.50870002746582,30.0652769644,24.9521230906
11/14/2014,23.59000015258789,27.45100004196167,30.0406492986,24.8613507853
11/17/2014,23.420000076293945,27.39600004196167,30.0085597561,24.7834403278
11/18/2014,23.219999313354492,27.33100004196167,29.9607573037,24.7012427802
11/19/2014,22.90999984741211,27.26450002670288,29.9132240635,24.6157759899
11/20/2014,23.149999618530273,27.199800033569336,29.8749479334,24.5246521337
11/21/2014,23.5,27.141000022888182,29.83979074,24.4422093058
11/24/2014,23.610000610351562,27.088400020599366,29.8063149879,24.3704850533
11/25/2014,23.260000228881836,27.03450002670288,29.7673752598,24.3016247936
11/26/2014,23.020000457763672,26.987300033569337,29.744093097,24.2305069702
11/28/2014,21.420000076293945,26.94510004043579,29.72985914,24.1603409409
12/01/2014,19.59000015258789,26.886300048828126,29.7245096192,24.0480904785
12/02/2014,19.75,26.812500057220458,29.7420524109,23.8829477036
12/03/2014,20.059999465942383,26.73500005722046,29.7466994532,23.7233006613
12/04/2014,19.799999237060547,26.65770004272461,29.7397097799,23.5756903055
12/05/2014,19.469999313354492,26.57720003128052,29.7313034809,23.4230965817
12/08/2014,17.0,26.480000019073486,29.7011452322,23.2588548059
12/09/2014,18.280000686645508,26.36810001373291,29.7196247203,23.0165753071
12/10/2014,17.469999313354492,26.256100025177002,29.6879374604,22.8242625899
12/11/2014,17.040000915527344,26.137200012207032,29.6640944872,22.6103055372
12/12/2014,16.510000228881836,26.017600021362306,29.6466928221,22.3885072206
12/15/2014,15.579999923706055,25.892600021362306,29.6301245369,22.1550755058
12/16/2014,15.260000228881836,25.756900024414062,29.6179964622,21.8958035867
12/17/2014,15.640000343322754,25.618800029754638,29.6039069106,21.6336931489
12/18/2014,16.489999771118164,25.48720004081726,29.5808930487,21.3935070329
12/19/2014,17.350000381469727,25.365100030899047,29.5423825534,21.1878175084
12/22/2014,17.459999084472656,25.25170002937317,29.4906501709,21.0127498878
12/23/2014,17.899999618530273,25.1478000164032,29.4486717279,20.8469283049
12/24/2014,20.0,25.043300008773805,29.391787385,20.6948126325
12/26/2014,21.40999984741211,24.953300008773805,29.3120884256,20.5945115919
12/29/2014,20.6299991607666,24.88039999961853,29.236877263,20.5239227362
12/30/2014,20.1200008392334,24.80629998207092,29.1714152872,20.4411846769
12/31/2014,21.059999465942383,24.73039999961853,29.1103280963,20.350471903
01/02/2015,20.190000534057617,24.660999994277955,29.0435528268,20.2784471617
01/05/2015,18.950000762939453,24.578599996566773,28.9669737613,20.1902262318
01/06/2015,18.649999618530273,24.484700002670287,28.8920049697,20.0773950357
01/07/2015,18.389999389648438,24.384399995803832,28.809183473,19.9596165186
01/08/2015,19.399999618530273,24.28299998283386,28.727760403,19.8382395626
01/09/2015,18.600000381469727,24.1906999874115,28.640064977,19.7413349978
01/12/2015,17.280000686645508,24.087299985885622,28.5452320081,19.6293679637
01/13/2015,17.280000686645508,23.967499990463256,28.4457396932,19.4892602877
01/14/2015,16.8799991607666,23.846799993515013,28.3409712976,19.3526286894
01/15/2015,16.959999084472656,23.723399991989137,28.2377104132,19.2090895708
01/16/2015,18.149999618530273,23.60139998435974,28.1319611324,19.0708388363
01/20/2015,17.010000228881836,23.490199975967407,28.0167291342,18.9636708177
01/21/2015,17.459999084472656,23.36729998588562,27.9012556568,18.833344315
01/22/2015,16.649999618530273,23.251299982070922,27.7865168226,18.7160831415
01/23/2015,17.260000228881836,23.129499979019165,27.6767968996,18.5822030584
01/26/2015,17.18000030517578,23.007199983596802,27.5462420293,18.4681579379
01/27/2015,16.979999542236328,22.880299978256225,27.4030625507,18.3575374059
01/28/2015,16.5,22.751399965286254,27.2567681349,18.2460317956
01/29/2015,16.5,22.622299966812133,27.119977815,18.1246221187
01/30/2015,16.670000076293945,22.493999967575075,26.9814868275,18.0065131077
02/02/2015,17.149999618530273,22.368799962997436,26.8423543427,17.8952455833
02/03/2015,17.969999313354492,22.246599950790404,26.6940651365,17.7991347651
02/04/2015,17.6200008392334,22.12959994316101,26.5339253186,17.7252745678
02/05/2015,18.399999618530273,22.003299951553345,26.3537121383,17.6528877648
02/06/2015,17.850000381469727,21.88339995384216,26.1657101532,17.6010897545
02/09/2015,17.850000381469727,21.764899950027466,25.9928816235,17.5369182765
02/10/2015,17.43000030517578,21.638199949264525,25.7910932393,17.4853066592
02/11/2015,17.489999771118164,21.497599954605104,25.5513962205,17.4438036887
02/12/2015,17.540000915527344,21.35949995994568,25.3109466358,17.4080532841
02/13/2015,17.479999542236328,21.219999971389772,25.0558943978,17.384105545
02/17/2015,17.610000610351562,21.079799966812132,24.7916084257,17.3679915079
02/18/2015,17.6200008392334,20.947199964523314,24.5418980074,17.3525019217
02/19/2015,17.469999313354492,20.82999997138977,24.3391921535,17.3208077893
02/20/2015,17.270000457763672,20.7160999584198,24.1467767867,17.2854231302
02/23/2015,17.030000686645508,20.598899965286254,23.9440441323,17.2537557983
02/24/2015,17.190000534057617,20.48329997062683,23.7490953925,17.2175045487
02/25/2015,17.690000534057617,20.376899976730346,23.574214004,17.1795859495
02/26/2015,18.020000457763672,20.28239998817444,23.4174734946,17.1473264818
02/27/2015,18.40999984741211,20.19979998588562,23.2841695333,17.1154304385
03/02/2015,19.110000610351562,20.122599992752075,23.1537279823,17.0914720032
03/03/2015,19.0,20.051400003433226,23.021234634,17.0815653728
03/04/2015,18.75,19.992600011825562,22.924214075,17.0609859486
03/05/2015,18.59000015258789,19.932100019454957,22.8260645046,17.0381355343
03/06/2015,19.020000457763672,19.87920002937317,22.7487618908,17.009638168
03/09/2015,17.899999618530273,19.842700033187867,22.6997176419,16.9856824244
03/10/2015,17.700000762939453,19.807200021743775,22.6660802323,16.9483198111
03/11/2015,17.829999923706055,19.773800020217895,22.6375886656,16.9100113749
03/12/2015,17.8700008392334,19.728900022506714,22.5876098112,16.8701902339
03/13/2015,17.850000381469727,19.67050004005432,22.5068488659,16.8341512142
03/16/2015,18.299999237060547,19.6164000415802,22.4353085052,16.797491578
03/17/2015,18.690000534057617,19.567200040817262,22.3656449875,16.7687550941
03/18/2015,18.540000915527344,19.511600046157838,22.2714209454,16.751779147
03/19/2015,18.6299991607666,19.463900060653685,22.1987671094,16.7290330119
03/20/2015,19.549999237060547,19.414900045394898,22.1202131394,16.7095869513
03/23/2015,19.709999084472656,19.376000032424926,22.0509530982,16.7010469666
03/24/2015,19.889999389648438,19.33910002708435,21.9835663477,16.6946337065
03/25/2015,19.649999618530273,19.290900030136108,21.880388052,16.7014120083
03/26/2015,19.299999237060547,19.24740002632141,21.7935911552,16.7012088974
03/27/2015,18.790000915527344,19.20650002479553,21.7184380867,16.6945619629
03/30/2015,19.0,19.15210003852844,21.6130455295,16.6911545476
03/31/2015,19.100000381469727,19.09010003089905,21.4748157416,16.7053843202
04/01/2015,19.68000030517578,19.03080002784729,21.3395939365,16.7220061192
04/02/2015,19.940000534057617,18.988600034713745,21.2460038614,16.731196208
04/06/2015,20.079999923706055,18.944000043869018,21.1371945296,16.7508055582
04/07/2015,20.3700008392334,18.898700037002563,21.020001358,16.777398716
04/08/2015,20.6200008392334,18.858700037002563,20.9131136347,16.8042864393
04/09/2015,21.040000915527344,18.82720004081726,20.8295576681,16.8248424135
04/10/2015,20.850000381469727,18.80620005607605,20.7739290931,16.8384710191
04/13/2015,20.440000534057617,18.783500051498415,20.7140763122,16.8529237908
04/14/2015,20.649999618530273,18.75200005531311,20.6288452687,16.8751548419
04/15/2015,21.309999465942383,18.724300050735472,20.5518400493,16.8967600522
04/16/2015,21.040000915527344,18.705200052261354,20.49525115,16.9151489546
04/17/2015,21.149999618530273,18.686500062942503,20.4419609085,16.9310392174
04/20/2015,21.200000762939453,18.666500062942504,20.3819308538,16.9510692721
04/21/2015,21.450000762939453,18.6435000705719,20.3086525681,16.9783475731
04/22/2015,22.059999465942383,18.621900072097777,20.2357059667,17.0080941775
04/23/2015,21.770000457763672,18.609900064468384,20.1933491508,17.0264509782
04/24/2015,21.350000381469727,18.597400064468385,20.1506312929,17.044168836
04/27/2015,21.290000915527344,18.596700067520143,20.1486743379,17.0447257972
04/28/2015,21.309999465942383,18.613700075149538,20.1856438972,17.0417562531
04/29/2015,21.6299991607666,18.62930006980896,20.2200711246,17.0385290151
04/30/2015,21.420000076293945,18.645000066757202,20.2574140959,17.0325860376
05/01/2015,21.610000610351562,18.661200075149537,20.2931567476,17.0292434027
05/04/2015,21.549999237060547,18.682600088119507,20.3388721987,17.0263279776
05/05/2015,21.290000915527344,18.728100080490112,20.3999479812,17.0562521798
05/06/2015,21.110000610351562,18.75820008277893,20.4487014348,17.0676987308
05/07/2015,21.3700008392334,18.7946000957489,20.4961243845,17.093075807
05/08/2015,21.479999542236328,18.83790009498596,20.5492886313,17.1265115586
05/11/2015,21.239999771118164,18.887600088119505,20.6028249568,17.1723752195
05/12/2015,21.360000610351562,18.94420008659363,20.6426489214,17.2457512518
05/13/2015,21.389999389648438,19.005200090408326,20.679605979,17.3307942018
05/14/2015,21.100000381469727,19.062700080871583,20.7191890831,17.4062110787
05/15/2015,21.639999389648438,19.108800086975098,20.7571776712,17.4604225027
05/18/2015,21.729999542236328,19.151700077056883,20.8095433103,17.4938568438
05/19/2015,21.25,19.194400081634523,20.8630758005,17.5257243628
05/20/2015,21.260000228881836,19.227900085449217,20.9038644613,17.5519357096
05/21/2015,20.790000915527344,19.240500087738038,20.9269255252,17.5540746503
05/22/2015,20.559999465942383,19.23430009841919,20.9138638966,17.5547363002
05/26/2015,19.290000915527344,19.233600101470948,20.9125965552,17.5546036477
05/27/2015,19.299999237060547,19.225300102233888,20.9019440565,17.5486561479
05/28/2015,19.440000534057617,19.207700099945068,20.8741993563,17.5412008436
05/29/2015,18.65999984741211,19.200200099945068,20.8639470804,17.5364531195
06/01/2015,19.079999923706055,19.197300090789795,20.8617332589,17.5328669227
06/02/2015,19.719999313354492,19.201600093841552,20.8651689972,17.5380311905
06/03/2015,19.700000762939453,19.21490009307861,20.8772433268,17.5525568594
06/04/2015,19.479999542236328,19.217900104522705,20.8808452735,17.5549549356
06/05/2015,19.670000076293945,19.226700096130372,20.8886802872,17.5647199051
06/08/2015,18.860000610351562,19.250600090026854,20.9015621455,17.5996380346
06/09/2015,18.5,19.266400089263914,20.9059485418,17.6268516368
06/10/2015,18.65999984741211,19.28260009765625,20.9064169854,17.6587832099
06/11/2015,18.670000076293945,19.299600105285645,20.9078363568,17.6913638538
06/12/2015,19.1299991607666,19.30480010986328,20.910148966,17.6994512538
06/15/2015,19.440000534057617,19.326000099182128,20.914817269,17.7371829294
06/16/2015,20.170000076293945,19.345800113677978,20.9235384702,17.7680617572
06/17/2015,20.239999771118164,19.381000118255614,20.9373223644,17.8246778721
06/18/2015,19.649999618530273,19.41080011367798,20.9547053222,17.8668949051
06/19/2015,19.31999969482422,19.435500106811524,20.9631914007,17.9078088129
06/22/2015,19.540000915527344,19.458900108337403,20.9665909595,17.9512092572
06/23/2015,19.829999923706055,19.489300117492675,20.9673807705,18.0112194644
06/24/2015,19.700000762939453,19.522600116729738,20.9701549995,18.075045234
06/25/2015,19.260000228881836,19.552900123596192,20.9718569546,18.1339432926
06/26/2015,19.059999465942383,19.57400012969971,20.9726108236,18.1753894358
06/29/2015,18.610000610351562,19.584900131225584,20.9751903325,18.19460993
06/30/2015,18.940000534057617,19.594800128936768,20.9745482336,18.2150520243
07/01/2015,19.170000076293945,19.600200138092042,20.9763134381,18.224086838
07/02/2015,19.540000915527344,19.613400135040283,20.9789521493,18.2478481208
07/06/2015,19.18000030517578,19.63030014038086,20.9843329247,18.276267356
07/07/2015,19.270000457763672,19.64780014038086,20.9844799962,18.3111202846
07/08/2015,18.520000457763672,19.665600147247314,20.985169205,18.3460310895
07/09/2015,18.790000915527344,19.675400142669677,20.9827289934,18.368071292
07/10/2015,18.84000015258789,19.688500156402586,20.980234879,18.3967654338
07/13/2015,19.170000076293945,19.70080015182495,20.9784641227,18.4231361809
07/14/2015,19.420000076293945,19.716300144195557,20.977928141,18.4546721474
07/15/2015,19.239999771118164,19.73580015182495,20.9774700818,18.4941302219
07/16/2015,19.280000686645508,19.755500144958496,20.9732902024,18.5377100875
07/17/2015,19.15999984741211,19.778000144958497,20.9656380942,18.5903621957
07/20/2015,19.030000686645508,19.79770013809204,20.9582765606,18.6371237155
07/21/2015,18.479999542236328,19.81110013961792,20.954877968,18.6673223112
07/22/2015,17.90999984741211,19.815700130462645,20.9531729733,18.6782272876
07/23/2015,17.770000457763672,19.810700130462646,20.955416895,18.6659833659
07/24/2015,17.260000228881836,19.79730012893677,20.9578739802,18.6367262776
07/27/2015,17.100000381469727,19.779900131225585,20.965079838,18.5947204245
07/28/2015,17.020000457763672,19.763400135040282,20.9740158343,18.5527844358
07/29/2015,17.030000686645508,19.747700138092043,20.9833528499,18.5120474263
07/30/2015,17.25,19.72780014038086,20.9907352333,18.4648650474
07/31/2015,17.110000610351562,19.721300144195556,20.9952503736,18.4473499148
08/03/2015,16.920000076293945,19.71540014266968,21.0000194316,18.4307808537
08/04/2015,17.75,19.706300144195556,21.0073609357,18.4052393527
08/05/2015,17.309999465942383,19.70510013580322,21.0079082162,18.4022920554
08/06/2015,16.719999313354492,19.69970012664795,21.0112758413,18.388124412
08/07/2015,16.6299991607666,19.68390012741089,21.0215008746,18.3462993802
08/10/2015,16.6299991607666,19.663300113677977,21.031560376,18.2950398513
08/11/2015,16.34000015258789,19.644200096130373,21.0410402698,18.2473599225
08/12/2015,16.860000610351562,19.621300106048583,21.0529178617,18.1896823504
08/13/2015,16.309999465942383,19.594400119781493,21.0521390196,18.13666122
08/14/2015,15.960000038146973,19.560400123596192,21.0542494954,18.0665507518
08/17/2015,16.190000534057617,19.521100130081177,21.0568683115,17.9853319486
08/18/2015,15.979999542236328,19.48650013923645,21.0575452825,17.915454996
08/19/2015,15.359999656677246,19.453300142288207,21.0625509745,17.8440493101
08/20/2015,15.210000038146973,19.419000129699707,21.0778139167,17.7601863427
08/21/2015,14.930000305175781,19.381100130081176,21.0915468485,17.6706534116
08/24/2015,14.270000457763672,19.339400129318236,21.1060981263,17.5727021324
08/25/2015,14.25,19.285300130844117,21.1221787464,17.4484215153
08/26/2015,14.220000267028809,19.22840012550354,21.131067092,17.325733159
08/27/2015,15.510000228881836,19.169800128936767,21.1345637521,17.2050365057
08/28/2015,16.25,19.12120012283325,21.1155598372,17.1268404085
08/31/2015,16.299999237060547,19.07750011444092,21.0863641828,17.0686360461
09/01/2015,15.970000267028809,19.03010009765625,21.0479997732,17.0122004221
09/02/2015,16.360000610351562,18.98130009651184,21.0135548541,16.9490453389
09/03/2015,16.200000762939453,18.94050009727478,20.9839845724,16.8970156221
09/04/2015,16.239999771118164,18.896000108718873,20.9501977699,16.8418024476
09/08/2015,16.229999542236328,18.84530011177063,20.9018571838,16.7887430398
09/09/2015,15.890000343322754,18.79720009803772,20.8581086922,16.7362915039
09/10/2015,15.84000015258789,18.744600105285645,20.811902435,16.6772977755
09/11/2015,15.420000076293945,18.69100009918213,20.7634245362,16.6185756622
09/14/2015,14.979999542236328,18.630700092315674,20.709685547,16.5517146376
09/15/2015,15.130000114440918,18.559900093078614,20.6414483352,16.478351851
09/16/2015,15.479999542236328,18.493500089645387,20.5774935683,16.409506611
09/17/2015,15.59000015258789,18.43480008125305,20.5201775157,16.3494226468
09/18/2015,15.510000228881836,18.377800073623657,20.4622561637,16.2933439835
09/21/2015,15.59000015258789,18.319800081253053,20.4025525916,16.2370475709
09/22/2015,15.130000114440918,18.259400091171266,20.3328401693,16.1859600131
09/23/2015,14.40999984741211,18.196500091552736,20.2685123664,16.1244878167
09/24/2015,14.350000381469727,18.12450008392334,20.20173547,16.0472646979
09/25/2015,14.229999542236328,18.05250009536743,20.1345305673,15.9704696234
09/28/2015,13.479999542236328,17.98190008163452,20.0726338077,15.8911663555
09/29/2015,13.039999961853027,17.90560007095337,20.0198769633,15.7913231787
09/30/2015,13.350000381469727,17.822300062179565,19.9623813231,15.6822188013
10/01/2015,13.5600004196167,17.7410000705719,19.8949650434,15.5870350978
10/02/2015,14.149999618530273,17.664200077056886,19.8289274171,15.499472737
10/05/2015,14.550000190734863,17.592100067138674,19.7525983148,15.4316018195
10/06/2015,15.279999732971191,17.523700075149534,19.6711118762,15.3762882741
10/07/2015,15.739999771118164,17.46550006866455,19.593981423,15.3370187143
10/08/2015,15.319999694824219,17.406500072479247,19.4999328857,15.3130672593
10/09/2015,15.510000228881836,17.342400074005127,19.4003020384,15.2844981096
10/12/2015,14.859999656677246,17.285000076293944,19.3129421996,15.257057953
10/13/2015,14.640000343322754,17.2210000705719,19.22331205,15.2186880911
10/14/2015,14.40999984741211,17.159500064849855,19.1456291991,15.1733709306
10/15/2015,14.770000457763672,17.09800006866455,19.0730672172,15.1229329202
10/16/2015,14.949999809265137,17.052800064086913,19.0289059179,15.0766942103
10/19/2015,14.960000038146973,17.00930006980896,18.983336732,15.0352634076
10/20/2015,14.90999984741211,16.964500064849855,18.9336945606,14.9953055691
10/21/2015,14.0600004196167,16.927000064849853,18.8992534026,14.9547467271
10/22/2015,14.1899995803833,16.87680006980896,18.8574832789,14.8961168608
10/23/2015,14.149999618530273,16.82150007247925,18.7992257952,14.8437743498
10/26/2015,14.039999961853027,16.766000061035157,18.7400391355,14.7919609866
10/27/2015,13.65999984741211,16.711600065231323,18.6850548383,14.7381452921
10/28/2015,13.739999771118164,16.651500062942503,18.625458792,14.6775413339
10/29/2015,14.029999732971191,16.60030005455017,18.582693864,14.6179062451
10/30/2015,14.329999923706055,16.555600051879882,18.5450379032,14.5661622006
11/02/2015,14.5,16.51230005264282,18.5025854715,14.5220146338
11/03/2015,14.569999694824219,16.470600051879885,18.458924467,14.4822756368
11/04/2015,14.25,16.42500005722046,18.4040789847,14.4459211298
11/05/2015,14.069999694824219,16.373100051879884,18.3404494779,14.4057506258
11/06/2015,14.079999923706055,16.312100048065187,18.2551957684,14.3690043277
11/09/2015,13.779999732971191,16.250500049591064,18.1655366461,14.3354634531
11/10/2015,13.369999885559082,16.191800050735473,18.0916387862,14.2919613152
11/11/2015,13.34000015258789,16.132300052642822,18.0264004203,14.238199685
11/12/2015,13.600000381469727,16.07030004501343,17.9532810161,14.1873190739
11/13/2015,13.829999923706055,16.008000049591065,17.8684855831,14.1475145161
11/16/2015,13.470000267028809,15.94930004119873,17.7848078408,14.1137922416
11/17/2015,13.239999771118164,15.8914000415802,17.7128276105,14.0699724727
11/18/2015,13.010000228881836,15.833200044631958,17.6454114451,14.0209886442
11/19/2015,13.329999923706055,15.777200040817261,17.5892630965,13.9651369852
11/20/2015,13.069999694824219,15.721100034713745,17.5211778446,13.9210222249
11/23/2015,13.0,15.660100030899049,17.4455672908,13.874632771
11/24/2015,13.390000343322754,15.594700021743774,17.3564721943,13.8329278492
11/25/2015,13.609999656677246,15.536800022125243,17.2747735557,13.7988264885
11/27/2015,13.619999885559082,15.48020001411438,17.1875682182,13.7728318101
11/30/2015,13.479999542236328,15.431200008392334,17.1208463505,13.7415536663
12/01/2015,13.489999771118164,15.378099994659424,17.044635787,13.7115642023
12/02/2015,13.020000457763672,15.324599990844726,16.9648075979,13.6843923838
12/03/2015,12.859999656677246,15.263099994659424,16.8729880394,13.6532119499
12/04/2015,12.279999732971191,15.197499990463257,16.7698825411,13.6251174398
12/07/2015,12.020000457763672,15.127899990081787,16.6736175446,13.5821824356
12/08/2015,12.329999923706055,15.055299987792969,16.5745639514,13.5360360242
12/09/2015,12.569999694824219,14.986999988555908,16.4733663957,13.5006335814
12/10/2015,12.550000190734863,14.922399978637696,16.3715625964,13.4732373609
12/11/2015,11.989999771118164,14.86309998512268,16.2865723117,13.4396276586
12/14/2015,11.6899995803833,14.803899984359742,16.2225189907,13.3852809781
12/15/2015,12.279999732971191,14.743099975585938,16.1635821054,13.3226178458
12/16/2015,12.6899995803833,14.693299970626832,16.1119649063,13.2746350349
12/17/2015,12.210000038146973,14.649199962615967,16.0608923671,13.2375075581
12/18/2015,12.220000267028809,14.6010999584198,16.0131381475,13.1890617694
12/21/2015,12.140000343322754,14.552999954223633,15.9634037995,13.1425961089
12/22/2015,12.479999542236328,14.50189995765686,15.9062202117,13.0975797036
12/23/2015,14.09000015258789,14.455599946975708,15.8494545333,13.0617453607
12/24/2015,13.699999809265137,14.427299947738648,15.7993909323,13.0552089632
12/28/2015,13.180000305175781,14.3867999458313,15.7194213168,13.0541785749
12/29/2015,13.350000381469727,14.345499954223634,15.6506002294,13.040399679
12/30/2015,13.3100004196167,14.311799964904786,15.5985317788,13.025068151
12/31/2015,13.649999618530273,14.278599977493286,15.5478013287,13.0093986262
01/04/2016,13.65999984741211,14.248799982070922,15.4972568829,13.0003430813
01/05/2016,13.460000038146973,14.221999979019165,15.4539342579,12.9900657001
01/06/2016,12.9399995803833,14.187999973297119,15.3932891639,12.9827107827
01/07/2016,12.329999923706055,14.154299974441528,15.3468319758,12.9617679731
01/08/2016,12.279999732971191,14.117999973297119,15.310262555,12.9257373916
01/11/2016,11.970000267028809,14.078899965286254,15.2666759706,12.89112396
01/12/2016,11.75,14.03879997253418,15.2294034383,12.8481965068
01/13/2016,11.4399995803833,14.002699975967408,15.2073425661,12.7980573858
01/14/2016,12.050000190734863,13.964999971389771,15.1900881635,12.7399117793
01/15/2016,12.010000228881836,13.936199970245362,15.172068743,12.7003311975
01/19/2016,10.979999542236328,13.913599967956543,15.1637395962,12.6634603397
01/20/2016,10.729999542236328,13.880899963378907,15.1641412753,12.5976586514
01/21/2016,11.289999961853027,13.845999956130981,15.1664627911,12.5255371211
01/22/2016,12.010000228881836,13.803799953460693,15.1377728351,12.4698270718
01/25/2016,11.9399995803833,13.761399955749512,15.0842847267,12.4385151848
01/26/2016,12.279999732971191,13.71779995918274,15.028087442,12.4075124764
01/27/2016,12.680000305175781,13.680899953842163,14.9791450423,12.3826548653
01/28/2016,13.039999961853027,13.644099950790405,14.9178064583,12.3703934432
01/29/2016,13.850000381469727,13.612499942779541,14.8613605376,12.363639348
02/01/2016,14.75,13.588599948883056,14.809504567,12.3676953307
02/02/2016,14.3100004196167,13.573799953460693,14.7713422823,12.3762576246
02/03/2016,14.380000114440918,13.557999954223632,14.7351278395,12.380872069
02/04/2016,14.920000076293945,13.543399953842163,14.7010261853,12.3857737224
02/05/2016,14.729999542236328,13.538399953842163,14.6889682876,12.3878316201
02/08/2016,14.109999656677246,13.535899953842163,14.6836012402,12.3881986675
02/09/2016,13.75,13.525699949264526,14.6636799816,12.3877199169
02/10/2016,13.670000076293945,13.508399953842163,14.6295643041,12.3872356036
02/11/2016,13.270000457763672,13.489199953079224,14.5908221262,12.3875777799
02/12/2016,13.539999961853027,13.466799955368042,14.5497190655,12.3838808452
02/16/2016,14.289999961853027,13.446299953460693,14.5080284219,12.384571485
02/17/2016,14.390000343322754,13.437899951934815,14.4895494256,12.3862504783
02/18/2016,14.3100004196167,13.43769995689392,14.4891664304,12.3862334834
02/19/2016,14.720000267028809,13.43729995727539,14.4884268503,12.3861730643
02/22/2016,14.789999961853027,13.442199964523315,14.4981418236,12.3862581055
02/23/2016,14.609999656677246,13.455299968719482,14.5197213889,12.3908785485
02/24/2016,14.829999923706055,13.470999965667724,14.5407452824,12.4012546489
02/25/2016,14.970000267028809,13.485799961090088,14.5639736033,12.4076263189
02/26/2016,15.15999984741211,13.499899959564209,14.5881246795,12.4116752396
02/29/2016,15.550000190734863,13.509999961853028,14.6088466535,12.4111532702
03/01/2016,17.170000076293945,13.519999961853028,14.632728166,12.4072717577
03/02/2016,17.309999465942383,13.538899965286255,14.6965077843,12.3812921463
03/03/2016,17.200000762939453,13.554599962234498,14.7519190023,12.3572809222
03/04/2016,16.950000762939453,13.573399972915649,14.8123279575,12.3344719883
03/07/2016,17.56999969482422,13.587799978256225,14.85714836,12.3184515965
03/08/2016,16.670000076293945,13.614899978637695,14.9388732147,12.2909267425
03/09/2016,16.920000076293945,13.635199975967407,14.9899402088,12.2804597431
03/10/2016,16.8799991607666,13.660299978256226,15.0519130915,12.268686865
03/11/2016,17.040000915527344,13.681399965286255,15.1053002863,12.2574996443
03/14/2016,17.0,13.702299976348877,15.1596138964,12.2449860563
03/15/2016,16.829999923706055,13.722699975967407,15.2114168267,12.2339831253
03/16/2016,16.889999389648438,13.741899976730346,15.2579361047,12.2258638488
03/17/2016,17.200000762939453,13.770199966430663,15.3179913193,12.2224086135
03/18/2016,17.110000610351562,13.800299978256225,15.384795191,12.2158047655
03/21/2016,16.6299991607666,13.82989998817444,15.4479442407,12.2118557357
03/22/2016,16.3799991607666,13.855799980163575,15.4975552991,12.2140446612
03/23/2016,15.75,13.88299997329712,15.5437085949,12.2222913517
03/24/2016,16.030000686645508,13.903099975585938,15.5740881611,12.2321117901
03/28/2016,15.84000015258789,13.92309998512268,15.6074032674,12.2387967029
03/29/2016,16.06999969482422,13.9381999874115,15.6328205713,12.2435794035
03/30/2016,15.819999694824219,13.953899984359742,15.6608803419,12.2469196269
03/31/2016,16.149999618530273,13.966399984359741,15.6823991637,12.250400805
04/01/2016,15.59000015258789,13.985399980545044,15.7148996098,12.2559003512
04/04/2016,15.34000015258789,14.000599985122681,15.7374401544,12.2637598158
04/05/2016,15.130000114440918,14.013199987411499,15.7551333668,12.2712666081
04/06/2016,15.34000015258789,14.026699991226197,15.7720017559,12.2813982266
04/07/2016,14.989999771118164,14.046399993896484,15.7952925528,12.297507435
04/08/2016,15.520000457763672,14.062899990081787,15.8128333404,12.3129666398
04/11/2016,15.1899995803833,14.082099990844727,15.8373739717,12.32682601
04/12/2016,15.569999694824219,14.0956999874115,15.8542336546,12.3371663203
04/13/2016,15.670000076293945,14.116699981689454,15.8801682274,12.353231736
04/14/2016,15.569999694824219,14.14099998474121,15.9089567553,12.3730432142
04/15/2016,15.130000114440918,14.166599979400635,15.9365278254,12.3966721334
04/18/2016,15.5,14.184599981307983,15.9550809843,12.4141189784
04/19/2016,15.699999809265137,14.208899984359741,15.9805918102,12.4372081585
04/20/2016,15.550000190734863,14.235899982452393,16.0095353229,12.462264642
04/21/2016,16.229999542236328,14.257499980926514,16.0338526747,12.4811472872
04/22/2016,16.479999542236328,14.283699979782105,16.0696051932,12.4977947664
04/25/2016,16.040000915527344,14.312299976348877,16.1102075966,12.5143923561
04/26/2016,16.170000076293945,14.337899990081787,16.1419894323,12.5338105479
04/27/2016,16.18000030517578,14.364699993133545,16.1758866303,12.5535133559
04/28/2016,15.890000343322754,14.396299991607666,16.2113122391,12.5812877441
04/29/2016,15.239999771118164,14.42659999847412,16.2410036439,12.6121963531
05/02/2016,15.260000228881836,14.45619999885559,16.2594530852,12.6529469125
05/03/2016,14.930000305175781,14.488599996566773,16.2768343771,12.7003656161
05/04/2016,14.75,14.51460000038147,16.2901165446,12.7390834561
05/05/2016,14.90999984741211,14.536400003433227,16.301257841,12.7715421658
05/06/2016,14.859999656677246,14.56,16.3138825939,12.8061174061
05/09/2016,14.65999984741211,14.58869999885559,16.3236730389,12.8537269588
05/10/2016,15.369999885559082,14.61840000152588,16.3287436965,12.9080563065
05/11/2016,15.260000228881836,14.649300003051758,16.3449676033,12.9536324028
05/12/2016,14.569999694824219,14.675000009536744,16.3602207922,12.9897792268
05/13/2016,14.539999961853027,14.698600006103515,16.365561352,13.0316386602
05/16/2016,14.760000228881836,14.721800003051758,16.370144282,13.0734557241
05/17/2016,14.859999656677246,14.748000001907348,16.375793023,13.1202069808
05/18/2016,14.5,14.771800003051759,16.38357879,13.1600212161
05/19/2016,14.6899995803833,14.775900001525878,16.3864602426,13.1653397605
05/20/2016,14.449999809265137,14.78579999923706,16.3927550256,13.1788449729
05/23/2016,13.989999771118164,14.798499994277954,16.3977138192,13.1992861693
05/24/2016,14.079999923706055,14.804899988174439,16.399578361,13.2102216153
05/25/2016,13.9399995803833,14.812599983215332,16.4018914533,13.2233085132
05/26/2016,14.0,14.815499982833863,16.4029308901,13.2280690756
05/27/2016,13.899999618530273,14.81889998435974,16.4042150703,13.2335848984
05/31/2016,13.930000305175781,14.823299980163574,16.4054448061,13.2411551543
06/01/2016,13.729999542236328,14.833199987411499,16.4066026311,13.2597973438
06/02/2016,13.800000190734863,14.847199983596802,16.4044123281,13.2899876391
06/03/2016,13.779999732971191,14.862399988174438,16.4017960868,13.3230038895
06/06/2016,13.75,14.880499982833863,16.3962403565,13.3647596092
06/07/2016,13.449999809265137,14.900499982833862,16.3877285735,13.4132713921
06/08/2016,13.039999961853027,14.920599985122681,16.3741245801,13.4670753902
06/09/2016,12.90999984741211,14.930499982833862,16.3677191279,13.4932808378
06/10/2016,12.300000190734863,14.939499979019166,16.36113597,13.5178639881
06/13/2016,11.899999618530273,14.95269998550415,16.3432997859,13.5621001851
06/14/2016,11.609999656677246,14.96439998626709,16.3239987211,13.6048012514
06/15/2016,11.489999771118164,14.967599983215331,16.3188980037,13.6163019628
06/16/2016,11.3100004196167,14.962399978637695,16.3260136957,13.5987862616
06/17/2016,11.75,14.95609998703003,16.335032133,13.5771678411
06/20/2016,11.529999732971191,14.950799989700318,16.3409803445,13.5606196349
06/21/2016,10.970000267028809,14.939299983978271,16.3527788839,13.5258210841
06/22/2016,10.979999542236328,14.91859998703003,16.3742696293,13.4629303448
06/23/2016,11.079999923706055,14.889899978637695,16.393847152,13.3859528053
06/24/2016,10.760000228881836,14.853199977874755,16.4041570613,13.3022428945
06/27/2016,10.630000114440918,14.817699975967408,16.420447557,13.2149523949
06/28/2016,11.420000076293945,14.780199975967408,16.4357500502,13.1246499018
06/29/2016,11.430000305175781,14.745199975967408,16.4340857155,13.0563142364
06/30/2016,11.5,14.712199983596802,16.4329989898,12.9914009774
07/01/2016,11.489999771118164,14.68609998703003,16.4353923711,12.936807603
07/05/2016,11.119999885559082,14.663499984741211,16.4391409448,12.8878590247
07/06/2016,10.9399995803833,14.637999982833863,16.4457455616,12.830254404
07/07/2016,10.800000190734863,14.61469997406006,16.4546562317,12.7747437164
07/08/2016,11.300000190734863,14.587299976348877,16.4631085522,12.7114914005
07/11/2016,10.960000038146973,14.557399978637696,16.4613283726,12.6534715847
07/12/2016,11.3100004196167,14.523099975585938,16.4603401455,12.5858598057
07/13/2016,11.140000343322754,14.493099975585938,16.4564607293,12.5297392218
07/14/2016,10.800000190734863,14.457299976348876,16.4486366489,12.4659633038
07/15/2016,10.529999732971191,14.417399978637695,16.4413765739,12.3934233834
07/18/2016,10.779999732971191,14.376599979400634,16.4370767394,12.3161232194
07/19/2016,10.479999542236328,14.336099977493285,16.4268471756,12.2453527794
07/20/2016,10.149999618530273,14.291199970245362,16.4157904357,12.1666095048
07/21/2016,10.100000381469727,14.241099967956544,16.4033492382,12.0788506977
07/22/2016,9.829999923706055,14.186599969863892,16.3835766463,11.9896232934
07/25/2016,9.770000457763672,14.113199968338012,16.3317832628,11.8946166739
07/26/2016,9.59000015258789,14.037799978256226,16.2745085479,11.8010914086
07/27/2016,9.710000038146973,13.96169997215271,16.2188902852,11.7045096591
07/28/2016,9.520000457763672,13.889299964904785,16.1655109515,11.6130889783
07/29/2016,9.640000343322754,13.80879997253418,16.0957386432,11.5218613018
08/01/2016,9.600000381469727,13.738499975204467,16.0443773867,11.4326225637
08/02/2016,9.25,13.665299978256225,15.9851630685,11.345436888
08/03/2016,9.329999923706055,13.58899998664856,15.9272790332,11.2507209401
08/04/2016,9.430000305175781,13.511899976730346,15.8621980917,11.1616018618
08/05/2016,9.460000038146973,13.436199979782105,15.7948269895,11.07757297
08/08/2016,9.579999923706055,13.362499980926513,15.7290613176,10.9959386442
08/09/2016,8.1899995803833,13.28939998626709,15.6587689945,10.920030978
08/10/2016,8.760000228881836,13.199299974441528,15.5894678233,10.8091321256
08/11/2016,8.829999923706055,13.115799970626831,15.5137299368,10.7178700044
08/12/2016,8.649999618530273,13.037799978256226,15.4469842769,10.6286156796
08/15/2016,8.75,12.960499982833863,15.3851687565,10.5358312092
08/16/2016,8.579999923706055,12.890499982833862,15.3345925873,10.4464073783
08/17/2016,8.470000267028809,12.815999975204468,15.2767473961,10.3552525544
08/18/2016,8.569999694824219,12.742299976348876,15.2216703689,10.2629295838
08/19/2016,8.430000305175781,12.667299976348877,15.1582832331,10.1763167196
08/22/2016,8.289999961853027,12.593399982452393,15.0993306092,10.0874693557
08/23/2016,8.319999694824219,12.51479998588562,15.0311880431,9.99841192867
08/24/2016,8.229999542236328,12.442099981307983,14.9735656631,9.91063429953
08/25/2016,7.579999923706055,12.370999975204468,14.9198630422,9.82213690823
08/26/2016,7.300000190734863,12.295499973297119,14.8731769665,9.71782298012
08/29/2016,7.070000171661377,12.215099973678589,14.8217865464,9.60841340092
08/30/2016,7.090000152587891,12.135899977684021,14.7771614339,9.49463852147
08/31/2016,7.039999961853027,12.051599974632262,14.7179167749,9.38528317436
09/01/2016,6.909999847412109,11.97009997844696,14.6636606063,9.27653935056
09/02/2016,6.820000171661377,11.88349997997284,14.5990519773,9.16794798268
09/06/2016,6.550000190734863,11.794999980926514,14.5298500451,9.06014991676
09/07/2016,6.889999866485596,11.70479998588562,14.4623102459,8.94728972589
09/08/2016,7.019999980926514,11.622399983406067,14.3993724565,8.84542751032
09/09/2016,6.75,11.537599983215332,14.3243271165,8.75087284997
09/12/2016,6.789999961853027,11.448099985122681,14.2434162961,8.65278367415
09/13/2016,6.760000228881836,11.360499982833863,14.163149198,8.55785076767
09/14/2016,6.590000152587891,11.265799989700318,14.062297845,8.46930213437
09/15/2016,6.639999866485596,11.166899995803833,13.9521057903,8.38169420134
09/16/2016,6.909999847412109,11.072899985313416,13.8506675129,8.29513245768
09/19/2016,7.159999847412109,10.980299983024597,13.7408996931,8.21970027293
09/20/2016,6.849999904632568,10.89009997844696,13.6265854645,8.15361449239
09/21/2016,6.989999771118164,10.799699974060058,13.5187834049,8.08061654318
09/22/2016,7.320000171661377,10.717199974060058,13.4254436831,8.00895626502
09/23/2016,7.599999904632568,10.637799973487853,13.3280265347,7.94757341223
09/26/2016,7.199999809265137,10.564499969482421,13.236577535,7.89242240399
09/27/2016,7.099999904632568,10.488999967575074,13.1483819962,7.82961793899
09/28/2016,7.190000057220459,10.410899968147278,13.0539311785,7.76786875779
09/29/2016,7.0,10.33419997215271,12.9582289681,7.71017097621
09/30/2016,7.190000057220459,10.25759997367859,12.8659910603,7.64920888707
10/03/2016,7.21999979019165,10.175799975395202,12.7506297144,7.60097023639
10/04/2016,7.119999885559082,10.0953999710083,12.6355103327,7.55528960936
10/05/2016,7.460000038146973,10.02089997291565,12.5378266761,7.50397326969
10/06/2016,7.559999942779541,9.950099973678588,12.438325612,7.46187433536
10/07/2016,7.25,9.878099970817566,12.3300088606,7.42619108105
10/10/2016,7.369999885559082,9.801999974250794,12.2159059053,7.38809404319
10/11/2016,7.25,9.730699973106384,12.1098368661,7.35156308009
10/12/2016,7.190000057220459,9.65629997730255,11.9951777411,7.31742221351
10/13/2016,7.150000095367432,9.583699979782104,11.8850276849,7.28237227463
10/14/2016,7.179999828338623,9.515299983024597,11.7860938574,7.24450610869
10/17/2016,6.849999904632568,9.446299982070922,11.6819017427,7.21069822142
10/18/2016,7.0,9.375399985313415,11.5795693987,7.17123057195
10/19/2016,7.050000190734863,9.305399985313416,11.4724299345,7.13837003611
10/20/2016,7.050000190734863,9.236899991035461,11.3655360276,7.10826395452
10/21/2016,7.599999904632568,9.168099989891052,11.2547076046,7.08149237523
10/24/2016,7.300000190734863,9.106799993515015,11.1480382823,7.06556170474
10/25/2016,7.349999904632568,9.041799993515015,11.0354932312,7.04810675585
10/26/2016,7.349999904632568,8.977499995231629,10.9203830961,7.03461689432
10/27/2016,7.75,8.913499994277954,10.8027905347,7.02420945384
10/28/2016,7.650000095367432,8.856499996185303,10.6933202822,7.01967971018
10/31/2016,7.599999904632568,8.802599997520447,10.5943988851,7.0108011099
11/01/2016,7.849999904632568,8.749499998092652,10.4969206052,7.00207939094
11/02/2016,7.099999904632568,8.704999995231628,10.4177547985,6.99224519198
11/03/2016,7.050000190734863,8.656999998092651,10.3466464236,6.96735357256
11/04/2016,6.900000095367432,8.611400003433227,10.2821627328,6.94063727409
11/07/2016,6.849999904632568,8.56550000667572,10.2195153688,6.9114846445
11/08/2016,7.25,8.52090000152588,10.1603768201,6.88142318294
11/09/2016,7.800000190734863,8.47590000152588,10.0876506767,6.86414932639
11/10/2016,8.149999618530273,8.438600006103515,10.0221536373,6.85504637487
11/11/2016,8.100000381469727,8.41039999961853,9.97360180734,6.8471981919
11/14/2016,8.25,8.381600008010864,9.92358104333,6.83961897269
11/15/2016,8.600000381469727,8.353300008773804,9.87128030769,6.83531970986
11/16/2016,8.399999618530273,8.331700010299683,9.83052761186,6.83287240874
11/17/2016,8.100000381469727,8.309400005340576,9.79034960059,6.82845041009
11/18/2016,8.350000381469727,8.276200008392333,9.72388423428,6.82851578251
11/21/2016,8.25,8.245400009155274,9.65799721988,6.83280279843
11/22/2016,8.399999618530273,8.212900009155273,9.58710910181,6.8386909165
11/23/2016,8.449999809265137,8.182000007629394,9.51633581783,6.84766419742
11/25/2016,8.300000190734863,8.155300006866455,9.45689094509,6.85370906864
11/28/2016,8.25,8.128900012969972,9.40016154195,6.85763848399
11/29/2016,8.149999618530273,8.103400011062622,9.34608038648,6.86071963565
11/30/2016,8.100000381469727,8.071900005340575,9.27235885646,6.87144115422
12/01/2016,9.199999809265137,8.043300008773803,9.20815200441,6.87844801313
12/02/2016,8.800000190734863,8.022200002670289,9.14607774959,6.89832225575
12/05/2016,9.199999809265137,7.998800001144409,9.08111075672,6.91648924557
12/06/2016,9.300000190734863,7.982799997329712,9.03498921809,6.93061077657
12/07/2016,9.75,7.970500001907348,8.99978070461,6.9412192992
12/08/2016,9.949999809265137,7.960200004577636,8.9662049698,6.95419503935
12/09/2016,10.25,7.954900007247925,8.9489407688,6.9608592457
12/12/2016,9.899999618530273,7.955900011062622,8.95219627842,6.95960374371
12/13/2016,9.800000190734863,7.953900003433228,8.94608235621,6.96171765065
12/14/2016,9.600000381469727,7.953600006103516,8.94521942961,6.9619805826
12/15/2016,9.600000381469727,7.951900005340576,8.94054525366,6.96325475702
12/16/2016,9.75,7.952000007629395,8.94081143788,6.96318857738
12/19/2016,9.649999618530273,7.952400007247925,8.94193034193,6.96286967257
12/20/2016,9.699999809265137,7.9536999988555905,8.94537198391,6.9620280138
12/21/2016,10.0,7.954299993515015,8.94700967299,6.96159031404
12/22/2016,9.449999809265137,7.9582999897003175,8.95841103116,6.95818894824
12/23/2016,9.350000381469727,7.960299987792968,8.96318826153,6.95741171405
12/27/2016,9.399999618530273,7.960499992370606,8.96366336007,6.95733662467
12/28/2016,9.449999809265137,7.9601999855041505,8.96292823001,6.95747174099
12/29/2016,9.149999618530273,7.960099983215332,8.96267913496,6.95752083147
12/30/2016,9.300000190734863,7.955799980163574,8.95232610563,6.9592738547
01/03/2017,9.449999809265137,7.96689998626709,8.97211705543,6.96168291711
01/04/2017,9.649999618530273,7.973799982070923,8.98677555783,6.96082440631
01/05/2017,9.449999809265137,7.981999979019165,9.00514119408,6.95885876396
01/06/2017,9.449999809265137,7.989999980926513,9.02142712123,6.95857284062
01/09/2017,10.300000190734863,7.996999979019165,9.03590947482,6.95809048321
01/10/2017,10.25,8.014199981689453,9.07659176949,6.95180819389
01/11/2017,10.699999809265137,8.031999979019165,9.11655977409,6.94744018394
01/12/2017,10.699999809265137,8.053299980163574,9.1686941047,6.93790585563
01/13/2017,11.050000190734863,8.075999975204468,9.22152166063,6.93047828978
01/17/2017,10.899999618530273,8.103599977493285,9.28658221934,6.92061773565
01/18/2017,11.100000381469727,8.129399976730348,9.34451789928,6.91428205418
01/19/2017,11.399999618530273,8.15809998512268,9.40863240779,6.90756756245
01/20/2017,11.600000381469727,8.196299982070922,9.48631131377,6.90628865037
01/23/2017,11.5,8.239299983978272,9.56975045907,6.90884950889
01/24/2017,11.550000190734863,8.283599982261658,9.64770591739,6.91949404713
01/25/2017,11.800000190734863,8.328199982643127,9.72506888841,6.93133107687
01/26/2017,11.649999618530273,8.375799984931946,9.80860016416,6.9429998057
01/27/2017,11.600000381469727,8.423199982643128,9.88483869511,6.96156127017
01/30/2017,11.5,8.47099998474121,9.9573784685,6.98462150098
01/31/2017,11.550000190734863,8.520499982833861,10.0244004968,7.01659946883
02/01/2017,11.800000190734863,8.567099986076355,10.0918093369,7.04239063524
02/02/2017,11.649999618530273,8.614899988174438,10.1650725648,7.06472741153
02/03/2017,11.699999809265137,8.663899984359741,10.2316926351,7.0961073336
02/06/2017,11.800000190734863,8.712999982833862,10.2981267899,7.12787317578
02/07/2017,11.300000190734863,8.763399982452393,10.3656610276,7.16113893726
02/08/2017,11.100000381469727,8.810499982833862,10.4174003484,7.20359961727
02/09/2017,11.0,8.855099987983703,10.4630325231,7.24716745283
02/10/2017,11.399999618530273,8.895999989509583,10.5059521759,7.2860478031
02/13/2017,11.149999618530273,8.938399987220764,10.5578787488,7.31892122564
02/14/2017,11.449999809265137,8.981399984359742,10.6019431154,7.36085685328
02/15/2017,11.300000190734863,9.025999984741212,10.6524851468,7.39951482264
02/16/2017,11.0,9.065799984931946,10.6987348759,7.43286509393
02/17/2017,11.0,9.09979998588562,10.7372510405,7.46234893122
02/21/2017,11.199999809265137,9.137799987792969,10.7748146945,7.50078528105
02/22/2017,10.899999618530273,9.178799986839294,10.8156067987,7.54199317496
02/23/2017,10.899999618530273,9.215899982452392,10.8492499633,7.58255000163
02/24/2017,10.699999809265137,9.254899978637695,10.8814210971,7.62837886021
02/27/2017,10.649999618530273,9.289999976158143,10.9094393721,7.67056058019
02/28/2017,10.699999809265137,9.324299974441528,10.935837889,7.71276205993
03/01/2017,11.0,9.360099973678588,10.9620078741,7.75819207324
03/02/2017,14.0,9.395499973297119,10.9941383579,7.79686158866
03/03/2017,14.199999809265137,9.459899973869323,11.1121169469,7.8076830008
03/06/2017,13.5,9.529399971961976,11.2325850946,7.82621484934
03/07/2017,13.5,9.590699973106384,11.3250899034,7.85631004282
03/08/2017,13.399999618530273,9.653199973106384,11.4145175718,7.89188237437
03/09/2017,13.649999618530273,9.715299968719483,11.4980211504,7.932578787
03/10/2017,13.149999618530273,9.78029996395111,11.5866445577,7.97395537022
03/13/2017,13.050000190734863,9.839999961853028,11.6580345741,8.02196534963
03/14/2017,12.800000190734863,9.90199996471405,11.7227267048,8.08127322461
03/15/2017,13.100000381469727,9.9599999666214,11.7797389251,8.14026100812
03/16/2017,13.100000381469727,10.020499968528748,11.8430544028,8.19794553424
03/17/2017,13.149999618530273,10.080999970436096,11.9043592204,8.2576407205
03/20/2017,13.0,10.136499967575073,11.967945484,8.30505445111
03/21/2017,12.5,10.193499965667725,12.0244785823,8.36252134905
03/22/2017,12.449999809265137,10.2449999666214,12.0676834121,8.42231652111
03/23/2017,13.199999809265137,10.295999965667725,12.1082868999,8.4837130314
03/24/2017,13.800000190734863,10.350499963760376,12.1673446668,8.53365526072
03/27/2017,13.199999809265137,10.41199996471405,12.2404435508,8.58355637859
03/28/2017,13.449999809265137,10.467999963760375,12.2952180503,8.64078187724
03/29/2017,13.399999618530273,10.523999962806702,12.3559317092,8.6920682164
03/30/2017,13.75,10.586999959945679,12.4083952767,8.76560464315
03/31/2017,13.75,10.65399995803833,12.4672660497,8.84073386637
04/03/2017,13.800000190734863,10.722499957084656,12.5219911858,8.92300872837
04/04/2017,14.550000190734863,10.791999959945679,12.574718654,9.00928126589
04/05/2017,13.949999809265137,10.864999961853027,12.6506440927,9.079355831
04/06/2017,14.199999809265137,10.92649995803833,12.7114292892,9.14157062691
04/07/2017,13.899999618530273,10.98699995994568,12.7793115786,9.19468834131
04/10/2017,14.399999618530273,11.044999952316283,12.8367937305,9.2532061741
04/11/2017,14.100000381469727,11.106499948501586,12.9068284392,9.30617145782
04/12/2017,13.899999618530273,11.161499948501588,12.9684151989,9.35458469814
04/13/2017,13.5,11.216499948501587,13.0222276926,9.41077220443
04/17/2017,13.75,11.27049994468689,13.0629158327,9.47808405671
04/18/2017,13.25,11.324499940872192,13.1094438459,9.53955603584
04/19/2017,13.199999809265137,11.374499940872193,13.1425708529,9.60642902882
04/20/2017,13.0,11.422499942779542,13.1742472778,9.67075260772
04/21/2017,12.850000381469727,11.46799994468689,13.2009384807,9.73506140868
04/24/2017,12.699999809265137,11.513499946594239,13.2222254211,9.80477447214
04/25/2017,12.800000190734863,11.55799994468689,13.2388735263,9.87712636305
04/26/2017,12.699999809265137,11.604499950408936,13.2544862324,9.95451366841
04/27/2017,12.449999809265137,11.65049994468689,13.2659022966,10.0350975928
04/28/2017,12.050000190734863,11.68299994468689,13.2813775595,10.0846223298
05/01/2017,12.050000190734863,11.71549994468689,13.2877546205,10.1432452689
05/02/2017,12.0,11.743999948501587,13.2960998197,10.1919000773
05/03/2017,11.550000190734863,11.770999946594237,13.3037129081,10.2382869851
05/04/2017,10.800000190734863,11.788999948501587,13.308384371,10.269615526
05/05/2017,11.050000190734863,11.797499952316285,13.3089293299,10.2860705747
05/08/2017,11.25,11.805499954223633,13.3108220996,10.3001778088
05/09/2017,10.0,11.81899995803833,13.3131850195,10.3248148966
05/10/2017,9.399999618530273,11.820999956130981,13.3126128435,10.3293870687
05/11/2017,9.649999618530273,11.818999948501586,13.3137203374,10.3242795596
05/12/2017,8.899999618530273,11.819499940872193,13.3134861606,10.3255137212
05/15/2017,9.050000190734863,11.810999937057495,13.319087831,10.3029120431
05/16/2017,9.149999618530273,11.80499994277954,13.3228355953,10.2871642902
05/17/2017,8.600000381469727,11.799499940872192,13.3259254483,10.2730744335
05/18/2017,8.300000190734863,11.78549994468689,13.334617372,10.2363825173
05/19/2017,8.399999618530273,11.773999948501586,13.3445329887,10.2034669083
05/22/2017,8.399999618530273,11.764499940872192,13.3524435241,10.1765563577
05/23/2017,8.300000190734863,11.754499940872192,13.36035013,10.1486497518
05/24/2017,8.199999809265137,11.74299994468689,13.36929975,10.1167001394
05/25/2017,7.900000095367432,11.733499946594238,13.3775962939,10.0894035992
05/26/2017,7.800000190734863,11.719499945640564,13.3900072937,10.0489925976
05/30/2017,7.449999809265137,11.702999949455261,13.4037177463,10.0022821526
05/31/2017,7.199999809265137,11.68099995136261,13.4218873753,9.94011252739
06/01/2017,7.349999904632568,11.658499951362609,13.4420926121,9.87490729065
06/02/2017,7.349999904632568,11.637499952316285,13.458933118,9.81606678661
06/05/2017,7.300000190734863,11.60799994945526,13.4741955548,9.7418043441
06/06/2017,7.449999809265137,11.578499951362609,13.4887257935,9.66827410918
06/07/2017,7.150000095367432,11.54599995136261,13.4980844852,9.5939154175
06/08/2017,7.349999904632568,11.510499954223633,13.5093658233,9.51163408516
06/09/2017,7.599999904632568,11.47349995136261,13.5143509426,9.43264896009
06/12/2017,7.400000095367432,11.440499954223633,13.5167308587,9.36426904978
06/13/2017,7.550000190734863,11.40349995136261,13.5180833051,9.28891659763
06/14/2017,7.400000095367432,11.364999957084656,13.5140637048,9.21593620935
06/15/2017,7.150000095367432,11.322999954223633,13.5078045173,9.13819539119
06/16/2017,7.300000190734863,11.279499955177307,13.5033040645,9.05569584582
06/19/2017,7.25,11.236999955177307,13.4955682952,8.97843161511
06/20/2017,7.199999809265137,11.19149995326996,13.4838465,8.89915340653
06/21/2017,7.300000190734863,11.146999955177307,13.4729601773,8.82103973301
06/22/2017,7.5,11.103999953269959,13.4607315742,8.74726833237
06/23/2017,7.650000095367432,11.063999953269958,13.4474646434,8.68053526312
06/26/2017,8.050000190734863,11.024999952316284,13.4319845632,8.61801534141
06/27/2017,7.949999809265137,10.987499952316284,13.4112715276,8.56372837701
06/28/2017,8.199999809265137,10.950499954223632,13.3920516458,8.50894826268
06/29/2017,8.199999809265137,10.915499954223632,13.3711026649,8.45989724355
06/30/2017,8.300000190734863,10.879499950408935,13.3482252644,8.41077463639
07/03/2017,8.399999618530273,10.849499950408935,13.3311273724,8.36787252841
07/05/2017,8.399999618530273,10.82249994277954,13.3159150056,8.32908487999
07/06/2017,8.5,10.796499938964844,13.3014575615,8.29154231644
07/07/2017,8.550000190734863,10.76749994277954,13.2820712168,8.2529286688
07/10/2017,8.5,10.741499948501588,13.2654061836,8.21759371338
07/11/2017,8.5,10.711999950408936,13.2446775717,8.1793223291
07/12/2017,8.5,10.683999948501587,13.2254845399,8.1425153571
07/13/2017,11.550000190734863,10.658999948501586,13.2095330155,8.10846688152
07/14/2017,10.75,10.664499950408935,13.2163550951,8.11264480567
07/17/2017,10.149999618530273,10.659999952316284,13.2113035272,8.10869637741
07/18/2017,10.5,10.652499952316283,13.2041893312,8.10081057343
07/19/2017,10.399999618530273,10.648499956130982,13.2001117385,8.09688817377
07/20/2017,10.449999809265137,10.645499954223633,13.19722578,8.09377412849
07/21/2017,10.449999809265137,10.64349995613098,13.1952998484,8.09170006384
07/24/2017,10.5,10.640999956130981,13.1928657326,8.08913417968
07/25/2017,10.649999618530273,10.63599995613098,13.1876472555,8.08435265672
07/26/2017,10.5,10.602499952316284,13.1316537016,8.07334620308
07/27/2017,10.449999809265137,10.565499954223633,13.068684865,8.06231504343
07/28/2017,10.449999809265137,10.534999952316284,13.0207644112,8.04923549341
07/31/2017,10.649999618530273,10.504499950408935,12.972344089,8.0366558118
08/01/2017,10.449999809265137,10.476999950408935,12.927687805,8.0263120958
08/02/2017,10.149999618530273,10.444999952316284,12.8748507671,8.01514913756
08/03/2017,9.899999618530273,10.414999952316284,12.8297411397,8.00025876494
08/04/2017,9.699999809265137,10.383499946594238,12.7841670919,7.9828328013
08/07/2017,10.25,10.352499942779541,12.7417506061,7.96324927942
08/08/2017,10.300000190734863,10.323999938964844,12.6972517077,7.95074817021
08/09/2017,10.399999618530273,10.295999937057495,12.6527952046,7.93920466951
08/10/2017,9.949999809265137,10.268499937057495,12.6078123789,7.9291874952
08/11/2017,10.399999618530273,10.237999935150146,12.5613285705,7.91467129979
08/14/2017,10.5,10.21699993133545,12.5292522843,7.90474757837
08/15/2017,10.0,10.197499933242797,12.4990360941,7.89596377239
08/16/2017,10.0,10.165499935150146,12.4472283824,7.8837714879
08/17/2017,9.899999618530273,10.127499933242797,12.3798362066,7.87516365993
08/18/2017,10.0,10.094499931335449,12.3256531527,7.86334671002
08/21/2017,9.800000190734863,10.059999933242798,12.265527071,7.85447279553
08/22/2017,9.949999809265137,10.023999938964844,12.2039480978,7.84405178011
08/23/2017,10.25,9.985999937057494,12.1335459717,7.83845390245
08/24/2017,10.25,9.950999937057496,12.06517802,7.83682185412
08/25/2017,10.350000381469727,9.915499935150146,11.994257905,7.83674196533
08/28/2017,10.399999618530273,9.873499937057495,11.8999679673,7.84703190686
08/29/2017,10.5,9.837999935150146,11.8234232992,7.85257657114
08/30/2017,10.800000190734863,9.800999937057496,11.7386915911,7.86330828297
08/31/2017,11.199999809265137,9.769999942779542,11.6662198609,7.87378002466
09/01/2017,10.899999618530273,9.737999944686889,11.5821002685,7.8938996209
09/05/2017,10.600000381469727,9.705999937057495,11.5012475406,7.91075233351
09/06/2017,11.149999618530273,9.67299994468689,11.4205470809,7.9254528085
09/07/2017,11.25,9.649499940872193,11.3608516666,7.93814821514
09/08/2017,11.350000381469727,9.624499940872193,11.293504053,7.95549582878
09/11/2017,11.050000190734863,9.60549994468689,11.2436527878,7.96734710162
09/12/2017,11.050000190734863,9.583999948501587,11.1886008348,7.97939906222
09/13/2017,11.0,9.564499950408935,11.1390363133,7.98996358756
09/14/2017,11.149999618530273,9.545999946594238,11.0924423092,7.99955758398
09/15/2017,11.050000190734863,9.53049994468689,11.0528319482,8.00816794116
09/18/2017,11.050000190734863,9.51299994468689,11.0074500008,8.01854988853
09/19/2017,10.899999618530273,9.496499948501587,10.9645472014,8.02845269563
09/20/2017,11.0,9.480999946594238,10.9257798556,8.03622003755
09/21/2017,10.850000381469727,9.470499944686889,10.9003092762,8.04069061313
09/22/2017,10.899999618530273,9.458499946594237,10.871547265,8.0454526282
09/25/2017,10.899999618530273,9.44749994277954,10.8449149533,8.05008493221
09/26/2017,10.899999618530273,9.440999937057494,10.8301071834,8.05189269072
09/27/2017,11.050000190734863,9.441999931335449,10.8321207627,8.05187910002
09/28/2017,11.100000381469727,9.441999931335449,10.8321207627,8.05187910002
09/29/2017,11.100000381469727,9.440499935150147,10.8287487198,8.05225115049
10/02/2017,11.300000190734863,9.451499938964844,10.8484690518,8.05453082616
10/03/2017,11.399999618530273,9.470499944686889,10.8795083587,8.06149153063
10/04/2017,11.050000190734863,9.487999944686889,10.9099373376,8.06606255174
10/05/2017,11.350000381469727,9.509499950408935,10.9386202053,8.08037969547
10/06/2017,11.149999618530273,9.532499952316284,10.9725064527,8.09249345196
10/09/2017,11.050000190734863,9.552499952316284,11.0009193349,8.10408056978
10/10/2017,11.100000381469727,9.576999950408936,11.0298147952,8.12418510566
10/11/2017,11.149999618530273,9.604999952316284,11.0599140365,8.15008586816
10/12/2017,11.149999618530273,9.632499952316284,11.0903643918,8.17463551283
10/13/2017,11.350000381469727,9.659999952316284,11.120291004,8.19970890066
10/16/2017,11.25,9.690499954223633,11.1539153862,8.22708452229
10/17/2017,11.300000190734863,9.720999956130981,11.1848165339,8.25718337834
10/18/2017,11.25,9.754999957084657,11.2156077025,8.29439221171
10/19/2017,11.300000190734863,9.789499955177307,11.2442558613,8.33474404906
10/20/2017,11.199999809265137,9.827999958992004,11.271231055,8.38476886302
10/23/2017,11.199999809265137,9.867999958992005,11.2931581903,8.44284172763
10/24/2017,11.050000190734863,9.90649995803833,11.3150214267,8.49797848935
10/25/2017,10.75,9.943499960899352,11.3328461129,8.55415380888
10/26/2017,10.350000381469727,9.977999958992005,11.3439121059,8.61208781209
10/27/2017,10.25,10.00699996471405,11.3495166269,8.66448330251
10/30/2017,10.25,10.037999963760376,11.3496233838,8.72637654373
10/31/2017,10.149999618530273,10.06699996471405,11.3506319185,8.78336801088
11/01/2017,10.199999809265137,10.092499961853028,11.3519715731,8.83302835062
11/02/2017,10.100000381469727,10.120499958992005,11.3505831865,8.89041673151
11/03/2017,10.100000381469727,10.145999960899353,11.3486570226,8.94334289915
11/06/2017,10.5,10.172999963760375,11.343585721,9.00241420654
11/07/2017,10.100000381469727,10.206499962806701,11.3373548488,9.07564507677
11/08/2017,10.100000381469727,10.23449996471405,11.3270587895,9.14194113997
11/09/2017,10.149999618530273,10.262999968528748,11.3137049872,9.21229494984
11/10/2017,10.100000381469727,10.2924999666214,11.2971983181,9.28780161515
11/13/2017,10.100000381469727,10.320499968528747,11.2793820203,9.36161791679
11/14/2017,9.949999809265137,10.346499972343445,11.2628584114,9.43014153324
11/15/2017,9.800000190734863,10.369499969482423,11.2458816198,9.49311831919
11/16/2017,9.75,10.386999969482423,11.2338653984,9.54013454056
11/17/2017,9.949999809265137,10.40499997138977,11.2183418715,9.5916580713
11/20/2017,9.899999618530273,10.42249997138977,11.2065081287,9.63849181405
11/21/2017,9.850000381469727,10.439499969482421,11.192968474,9.68603146495
11/22/2017,10.199999809265137,10.454999971389771,11.179689589,9.73031035378
11/24/2017,10.75,10.472999973297119,11.1681769494,9.77782299718
11/27/2017,10.350000381469727,10.496499977111817,11.1602113326,9.83278862164
11/28/2017,10.0,10.514999980926513,11.1478704361,9.8821295258
11/29/2017,9.850000381469727,10.529499979019166,11.1331180462,9.9258819118
11/30/2017,9.949999809265137,10.542999982833862,11.1153643915,9.97063557413
12/01/2017,10.010000228881836,10.557499980926513,11.0952441294,10.0197558325
12/04/2017,10.25,10.572599983215332,11.0722050844,10.072994882
12/05/2017,10.199999809265137,10.559599981307983,11.0504399277,10.0687600349
12/06/2017,9.899999618530273,10.554099979400634,11.045856224,10.0623437348
12/07/2017,9.949999809265137,10.551599979400635,11.0460324378,10.057167521
12/08/2017,9.850000381469727,10.546099977493286,11.0441218725,10.0480780824
12/11/2017,9.850000381469727,10.54059998512268,11.043220768,10.0379792023
12/12/2017,10.050000190734863,10.534599990844727,11.0418266124,10.0273733693
12/13/2017,10.149999618530273,10.530599994659424,11.0400503293,10.0211496601
12/14/2017,10.149999618530273,10.527099990844727,11.0379488885,10.0162510932
12/15/2017,10.0,10.522099990844726,11.0341669786,10.0100330031
12/18/2017,10.449999809265137,10.517099990844727,11.0317927146,10.0024072671
12/19/2017,10.149999618530273,10.517099990844727,11.0317927146,10.0024072671
12/20/2017,10.0,10.514099988937378,11.0300478568,9.99815212105
12/21/2017,10.0,10.507599992752075,11.0258839432,9.98931604228
12/22/2017,9.649999618530273,10.503099994659424,11.0238123942,9.98238759511
12/26/2017,9.699999809265137,10.498099994659423,11.0245479093,9.97165208004
12/27/2017,9.899999618530273,10.496099996566773,11.025189597,9.96701039614
12/28/2017,9.800000190734863,10.498099994659423,11.0245479093,9.97165208004
12/29/2017,9.850000381469727,10.493599996566772,11.0240573974,9.96314259572
01/02/2018,10.350000381469727,10.48909999847412,11.0230777133,9.95512228365
01/03/2018,10.300000190734863,10.488600006103516,11.0226843142,9.95451569797
01/04/2018,10.800000190734863,10.492100009918213,11.0237846865,9.9604153333
01/05/2018,10.75,10.496100015640259,11.0285808094,9.9636192219
01/08/2018,10.25,10.498600015640259,11.0316797898,9.96552024148
01/09/2018,10.199999809265137,10.501100015640258,11.0324189364,9.96978109489
01/10/2018,10.149999618530273,10.50310001373291,11.0329031816,9.97329684591
01/11/2018,10.25,10.50560001373291,11.0331364055,9.97806362195
01/12/2018,10.75,10.50810001373291,11.0338237003,9.98237632719
01/16/2018,10.649999618530273,10.51760001182556,11.0390079587,9.99619206495
01/17/2018,10.449999809265137,10.524600009918213,11.0430311469,10.006168873
01/18/2018,10.5,10.526600008010865,11.0443532736,10.0088467424
01/19/2018,10.600000381469727,10.529100008010865,11.0461147022,10.0120853139
01/22/2018,10.699999809265137,10.531600008010864,11.0483469924,10.0148530237
01/23/2018,10.850000381469727,10.534600009918213,11.0514450971,10.0177549228
01/24/2018,10.300000190734863,10.53810001373291,11.0558831695,10.0203168579
01/25/2018,10.350000381469727,10.533100013732911,11.0507440948,10.0154559327
01/26/2018,10.600000381469727,10.524600019454956,11.0381862791,10.0110137598
01/29/2018,10.949999809265137,10.52160002708435,11.0338591898,10.0093408644
01/30/2018,11.050000190734863,10.525100021362304,11.0390756992,10.0111243436
01/31/2018,12.300000190734863,10.524100027084351,11.0369549814,10.0112450727
02/01/2018,12.550000190734863,10.534600028991699,11.0723535602,9.99684649776
02/02/2018,12.75,10.54660002708435,11.1149348414,9.97826521276
02/05/2018,12.300000190734863,10.563600025177003,11.1708323188,9.95636773157
02/06/2018,12.5,10.576100025177002,11.205671159,9.94652889136
02/07/2018,12.399999618530273,10.591100025177003,11.2478738156,9.93432623476
02/08/2018,12.149999618530273,10.603600025177002,11.2824174171,9.92478263323
02/09/2018,12.050000190734863,10.614600019454956,11.3092890417,9.91991099717
02/12/2018,12.699999809265137,10.624600019454956,11.3325554143,9.9166446246
02/13/2018,12.649999618530273,10.642600021362306,11.3796151057,9.90558493704
02/14/2018,12.899999618530273,10.659100017547608,11.4219487369,9.89625129819
02/15/2018,12.600000381469727,10.679600009918213,11.4741878274,9.88501219245
02/16/2018,12.199999809265137,10.696600017547608,11.5135910918,9.8796089433
02/20/2018,11.800000190734863,10.709600019454957,11.5399576597,9.87924237921
02/21/2018,11.699999809265137,10.718600025177002,11.5558216302,9.88137842018
02/22/2018,11.649999618530273,10.725100021362305,11.5673772682,9.88282277449
02/23/2018,11.699999809265137,10.73060001373291,11.5770925421,9.8841074854
02/26/2018,11.5,10.736600008010864,11.587802918,9.88539709806
02/27/2018,11.75,10.738600006103516,11.5913578801,9.88584213206
02/28/2018,11.100000381469727,10.742100009918213,11.5982767129,9.88592330694
03/01/2018,11.100000381469727,10.742600011825562,11.5989709585,9.88622906518
03/02/2018,11.100000381469727,10.740100011825561,11.5950578742,9.88514214947
03/05/2018,11.300000190734863,10.739600019454956,11.5943326106,9.88486742835
03/06/2018,12.0,10.742100019454956,11.5981015108,9.88609852812
03/07/2018,12.100000381469727,10.751100015640258,11.6155071825,9.88669284876
03/08/2018,12.199999809265137,10.760600023269653,11.6345071196,9.88669292693
03/09/2018,12.199999809265137,10.771100025177002,11.6558631347,9.88633691564
03/12/2018,12.199999809265137,10.779600019454955,11.6739152881,9.88528475078
03/13/2018,12.149999618530273,10.789100017547607,11.6933522744,9.88484776068
03/14/2018,12.100000381469727,10.797600011825562,11.7105677996,9.88463222405
03/15/2018,12.0,10.80610001564026,11.7271612195,9.88503881182
03/16/2018,12.25,10.81310001373291,11.7405262044,9.88567382308
03/19/2018,11.949999809265137,10.82360001564026,11.7612348008,9.88596523053
03/20/2018,11.850000381469727,10.831100015640258,11.7746961884,9.88750384293
03/21/2018,11.949999809265137,10.839100017547608,11.7878951186,9.89030491648
03/22/2018,11.75,10.85110001564026,11.8062595516,9.89594047965
03/23/2018,11.550000190734863,10.865100011825561,11.8230681442,9.90713187943
03/26/2018,11.600000381469727,10.87810001373291,11.8364534689,9.91974655861
03/27/2018,11.5,10.891600017547608,11.8505188879,9.93268114716
03/28/2018,11.399999618530273,10.905100021362305,11.8629856846,9.94721435817
03/29/2018,11.75,10.917100019454956,11.873592851,9.9606071879
04/02/2018,11.300000190734863,10.933600015640259,11.8900868125,9.9771132188
04/03/2018,11.550000190734863,10.94560001373291,11.8990760753,9.99212395218
04/04/2018,11.100000381469727,10.956100015640258,11.9103922937,10.0018077376
04/05/2018,11.399999618530273,10.966100015640258,11.9166008096,10.0155992217
04/06/2018,11.199999809265137,10.979100008010864,11.9265514117,10.0316486043
04/09/2018,11.050000190734863,10.989600009918213,11.9336168556,10.0455831642
04/10/2018,11.449999809265137,10.999100008010863,11.9388873041,10.059312712
04/11/2018,11.300000190734863,11.012600002288819,11.9490652803,10.0761347243
04/12/2018,11.100000381469727,11.026100006103515,11.956863007,10.0953370052
04/13/2018,11.550000190734863,11.039100008010864,11.9616899325,10.1165100835
04/16/2018,11.600000381469727,11.057100009918212,11.971889915,10.1423101049
04/17/2018,11.300000190734863,11.07360001564026,11.9831378212,10.16406221
04/18/2018,11.300000190734863,11.087600021362304,11.9897098878,10.1854901549
04/19/2018,11.300000190734863,11.102100019454957,11.9958150584,10.2083849805
04/20/2018,11.199999809265137,11.113100023269654,12.0024027657,10.2237972809
04/23/2018,11.149999618530273,11.117600021362305,12.0061922884,10.2290077543
04/24/2018,11.300000190734863,11.12560001373291,12.0108404458,10.2403595817
04/25/2018,11.25,11.13860001564026,12.0167321371,10.2604678942
04/26/2018,11.149999618530273,11.152600011825562,12.0211846261,10.2840153975
04/27/2018,11.050000190734863,11.164600009918212,12.0247353641,10.3044646558
04/30/2018,11.449999809265137,11.175000009536744,12.0273643636,10.3226356555
05/01/2018,11.149999618530273,11.187000007629395,12.0346915735,10.3393084418
05/02/2018,11.149999618530273,11.196500005722045,12.0383804825,10.3546195289
05/03/2018,11.050000190734863,11.209000005722046,12.0407565672,10.3772434442
05/04/2018,11.100000381469727,11.220000009536744,12.0422529949,10.3977470242
05/07/2018,11.100000381469727,11.232500009536743,12.0432519637,10.4217480553
05/08/2018,11.25,11.245000009536744,12.0438898584,10.4461101607
05/09/2018,11.350000381469727,11.257000007629394,12.0468107412,10.467189274
05/10/2018,10.800000190734863,11.26900001525879,12.050977628,10.4870224025
05/11/2018,10.75,11.275500020980836,12.050822358,10.500177684
05/14/2018,10.899999618530273,11.283000020980834,12.0495252821,10.5164747599
05/15/2018,11.0,11.287500019073486,12.0504343056,10.5245657326
05/16/2018,10.899999618530273,11.296000022888183,12.0509066174,10.5410934284
05/17/2018,11.100000381469727,11.305000019073486,12.0496979237,10.5603021145
05/18/2018,11.300000190734863,11.316000022888183,12.0493784839,10.5826215619
05/21/2018,11.100000381469727,11.33250002861023,12.0465159271,10.6184841301
05/22/2018,11.300000190734863,11.346500034332275,12.0418508051,10.6511492636
05/23/2018,11.350000381469727,11.36050004005432,12.0405108356,10.6804892445
05/24/2018,11.25,11.37600004196167,12.0376826975,10.7143173865
05/25/2018,11.0,11.390000038146972,12.0338167412,10.7461833351
05/29/2018,11.149999618530273,11.396500034332275,12.0330239574,10.7599761113
05/30/2018,11.699999809265137,11.40500002861023,12.0324352525,10.7775648047
05/31/2018,11.350000381469727,11.414000024795532,12.0391431772,10.7888568724
06/01/2018,11.25,11.420000028610229,12.0416108073,10.79838925
06/04/2018,11.149999618530273,11.43000002861023,12.0406553811,10.8193446761
06/05/2018,11.100000381469727,11.43950002670288,12.0382192485,10.8407808049
06/06/2018,11.25,11.449000034332276,12.034575771,10.8634242976
06/07/2018,11.100000381469727,11.459000034332275,12.0324273992,10.8855726695
06/08/2018,10.850000381469727,11.462500038146972,12.0326479924,10.8923520839
06/11/2018,11.050000190734863,11.464500045776367,12.0321396133,10.8968604782
06/12/2018,10.899999618530273,11.470500049591065,12.0305042216,10.9104958776
06/13/2018,11.050000190734863,11.474500045776367,12.0289589501,10.9200411414
06/14/2018,11.199999809265137,11.479000043869018,12.0281438604,10.9298562273
06/15/2018,10.899999618530273,11.484000043869019,12.0282829932,10.9397170945
06/18/2018,11.0,11.484500036239623,12.0282230247,10.9407770478
06/19/2018,11.149999618530273,11.491500034332276,12.0243252329,10.9586748358
06/20/2018,12.399999618530273,11.499500026702881,12.0210119663,10.9779880871
06/21/2018,12.600000381469727,11.517500019073486,12.0387184977,10.9962815405
06/22/2018,13.100000381469727,11.534000024795532,12.063050077,11.0049499726
06/25/2018,12.75,11.55450002670288,12.1037310531,11.0052690003
06/26/2018,13.100000381469727,11.559000024795532,12.116107705,11.0018923446
06/27/2018,13.399999618530273,11.56450002670288,12.1339424953,10.9950575581
06/28/2018,13.0,11.571000022888184,12.1573949075,10.9846051383
06/29/2018,12.649999618530273,11.578000020980834,12.1770959712,10.9789040707
07/02/2018,12.5,11.579500017166138,12.1810851727,10.9779148616
07/03/2018,12.649999618530273,11.580500020980836,12.1835296269,10.9774704151
07/05/2018,13.050000190734863,11.585500020980835,12.195266125,10.975733917
07/06/2018,13.149999618530273,11.595500020980834,12.2208037112,10.9701963308
07/09/2018,13.300000190734863,11.600000019073486,12.2347834051,10.9652166331
07/10/2018,12.899999618530273,11.606500024795531,12.2551776885,10.9578223611
