08/07/2013,22.64033317565918,0,0,0
08/08/2013,22.390851974487305,0,0,0
08/09/2013,22.37006187438965,0,0,0
08/12/2013,22.35966682434082,0,0,0
08/13/2013,22.245323181152344,0,0,0
08/14/2013,22.245323181152344,0,0,0
08/15/2013,21.76715087890625,0,0,0
08/16/2013,21.76715087890625,0,0,0
08/19/2013,21.839916229248047,0,0,0
08/20/2013,21.850311279296875,0,0,0
08/21/2013,21.860706329345703,0,0,0
08/22/2013,21.72557258605957,0,0,0
08/23/2013,21.798336029052734,0,0,0
08/26/2013,21.839916229248047,0,0,0
08/27/2013,21.309770584106445,0,0,0
08/28/2013,21.174636840820312,0,0,0
08/29/2013,21.19542694091797,0,0,0
08/30/2013,20.831600189208984,0,0,0
09/03/2013,21.133056640625,0,0,0
09/04/2013,21.62162208557129,0,0,0
09/05/2013,21.81912612915039,0,0,0
09/06/2013,21.424116134643555,0,0,0
09/09/2013,21.632017135620117,0,0,0
09/10/2013,21.76715087890625,0,0,0
09/11/2013,21.808731079101562,0,0,0
09/12/2013,21.652807235717773,0,0,0
09/13/2013,21.746362686157227,0,0,0
09/16/2013,22.234928131103516,0,0,0
09/17/2013,22.29729652404785,0,0,0
09/18/2013,22.4636173248291,0,0,0
09/19/2013,22.120582580566406,0,0,0
09/20/2013,21.98544692993164,0,0,0
09/23/2013,21.82952117919922,0,0,0
09/24/2013,21.975051879882812,0,0,0
09/25/2013,22.006237030029297,0,0,0
09/26/2013,22.328481674194336,0,0,0
09/27/2013,22.74428367614746,0,0,0
09/30/2013,22.245323181152344,0,0,0
10/01/2013,22.889812469482422,0,0,0
10/02/2013,22.52598762512207,0,0,0
10/03/2013,22.193347930908203,0,0,0
10/04/2013,22.03742218017578,0,0,0
10/07/2013,21.850311279296875,0,0,0
10/08/2013,21.61122703552246,0,0,0
10/09/2013,21.62162208557129,0,0,0
10/10/2013,21.652807235717773,0,0,0
10/11/2013,21.88149642944336,0,0,0
10/14/2013,21.777545928955078,0,0,0
10/15/2013,21.44490623474121,0,0,0
10/16/2013,21.652807235717773,0,0,0
10/17/2013,21.943866729736328,0,0,0
10/18/2013,21.850311279296875,0,0,0
10/21/2013,21.787940979003906,0,0,0
10/22/2013,22.318086624145508,0,0,0
10/23/2013,22.713098526000977,0,0,0
10/24/2013,22.78586196899414,0,0,0
10/25/2013,22.754676818847656,0,0,0
10/28/2013,22.754676818847656,0,0,0
10/29/2013,22.78586196899414,0,0,0
10/30/2013,23.18087387084961,0,0,0
10/31/2013,24.074844360351562,0,0,0
11/01/2013,24.168399810791016,0,0,0
11/04/2013,24.126819610595703,0,0,0
11/05/2013,23.866943359375,0,0,0
11/06/2013,23.81496810913086,0,0,0
11/07/2013,23.49272346496582,0,0,0
11/08/2013,23.49272346496582,0,0,0
11/11/2013,23.679834365844727,0,0,0
11/12/2013,23.866943359375,0,0,0
11/13/2013,23.898128509521484,0,0,0
11/14/2013,24.490644454956055,0,0,0
11/15/2013,25.623701095581055,0,0,0
11/18/2013,24.812889099121094,0,0,0
11/19/2013,24.272348403930664,0,0,0
11/20/2013,24.35550880432129,0,0,0
11/21/2013,24.480249404907227,0,0,0
11/22/2013,24.490644454956055,0,0,0
11/25/2013,24.35550880432129,0,0,0
11/26/2013,24.313928604125977,0,0,0
11/27/2013,24.532224655151367,0,0,0
11/29/2013,24.209980010986328,0,0,0
12/02/2013,24.386693954467773,0,0,0
12/03/2013,24.30353355407715,0,0,0
12/04/2013,24.012474060058594,0,0,0
12/05/2013,23.835758209228516,0,0,0
12/06/2013,24.417879104614258,0,0,0
12/09/2013,24.168399810791016,0,0,0
12/10/2013,23.846153259277344,0,0,0
12/11/2013,23.097713470458984,0,0,0
12/12/2013,23.201663970947266,0,0,0
12/13/2013,23.191268920898438,0,0,0
12/16/2013,23.523908615112305,0,0,0
12/17/2013,23.38877296447754,0,0,0
12/18/2013,24.002079010009766,0,0,0
12/19/2013,23.91891860961914,0,0,0
12/20/2013,24.272348403930664,0,0,0
12/23/2013,24.29313850402832,0,0,0
12/24/2013,24.313928604125977,0,0,0
12/26/2013,24.189189910888672,0,0,0
12/27/2013,24.158004760742188,0,0,0
12/30/2013,24.532224655151367,22.830041484832762,23.9508659515,21.7092170182
12/31/2013,24.750518798828125,22.848960399627686,23.9823199819,21.7156008174
01/02/2014,24.45945930480957,22.872557067871092,24.0206022543,21.7245118814
01/03/2014,24.34511375427246,22.893451042175293,24.0511335396,21.7357685448
01/06/2014,24.52182960510254,22.913305511474608,24.0786632056,21.7479478173
01/07/2014,24.94802474975586,22.936070575714112,24.1103583602,21.7617827912
01/08/2014,25.36382484436035,22.963097591400146,24.1521853163,21.7740098665
01/09/2014,25.0,22.999064331054687,24.2056993377,21.7924293244
01/10/2014,25.093555450439453,23.031392822265627,24.2478566466,21.8149289979
01/13/2014,24.89604949951172,23.06392921447754,24.2915507365,21.8363076924
01/14/2014,25.467775344848633,23.094386596679687,24.3292812933,21.8594919001
01/15/2014,25.717256546020508,23.130457286834716,24.3813665116,21.8795480621
01/16/2014,25.8004150390625,23.170374126434325,24.4393732708,21.9013749821
01/17/2014,25.16632080078125,23.210394916534423,24.4984568061,21.922333027
01/21/2014,25.22869110107422,23.243658962249757,24.5388312584,21.9484866661
01/22/2014,25.48856544494629,23.282848167419434,24.5782013109,21.9874950239
01/23/2014,25.32224464416504,23.325987453460694,24.6222455703,22.0297293366
01/24/2014,24.68815040588379,23.367255630493165,24.6607159468,22.0737953142
01/27/2014,23.908523559570312,23.405821132659913,24.6804600763,22.131182189
01/28/2014,23.98128890991211,23.433575801849365,24.688488798,22.1786628057
01/29/2014,23.44074821472168,23.45717247009277,24.6999186063,22.2144263339
01/30/2014,23.087318420410156,23.473388690948486,24.7051864554,22.2415909264
01/31/2014,22.993762969970703,23.490020713806153,24.7051521597,22.2748892679
02/03/2014,22.879417419433594,23.503638172149657,24.7054284784,22.3018478659
02/04/2014,22.671518325805664,23.51476083755493,24.7055248196,22.3239968556
02/05/2014,22.41164207458496,23.523388710021973,24.7048495112,22.3419279089
02/06/2014,22.733888626098633,23.530977058410645,24.7027966251,22.3591574917
02/07/2014,23.409563064575195,23.54085231781006,24.7017005384,22.3800040972
02/10/2014,23.451143264770508,23.552598667144775,24.7060927518,22.3991045825
02/11/2014,23.523908615112305,23.564137134552002,24.710767225,22.4175070441
02/12/2014,23.18087387084961,23.574740047454835,24.7160344387,22.4334456562
02/13/2014,23.679834365844727,23.585342960357664,24.7179708922,22.4527150285
02/14/2014,23.81496810913086,23.602286834716796,24.7234699376,22.4811037318
02/18/2014,23.700624465942383,23.622141304016115,24.7292468558,22.5150357522
02/19/2014,23.076923370361328,23.639397029876708,24.7340739243,22.5447201355
02/20/2014,22.983367919921875,23.65010389328003,24.7339371446,22.566270642
02/21/2014,22.858627319335938,23.656652755737305,24.7344422271,22.5788632843
02/24/2014,23.222454071044922,23.65779619216919,24.7346773879,22.5809149964
02/25/2014,22.806652069091797,23.667567501068117,24.7359878579,22.5991471442
02/26/2014,22.869022369384766,23.66673589706421,24.7357934691,22.5976783251
02/27/2014,22.889812469482422,23.670166244506834,24.7361037321,22.6042287569
02/28/2014,23.12889862060547,23.677130889892577,24.7356458015,22.6186159783
03/03/2014,22.318086624145508,23.688045654296875,24.7351625655,22.6409287431
03/04/2014,22.713098526000977,23.692723407745362,24.7326403012,22.6528065143
03/05/2014,22.827442169189453,23.703742122650148,24.7272537791,22.6802304662
03/06/2014,22.879417419433594,23.715800323486327,24.7216618887,22.7099387583
03/07/2014,22.723493576049805,23.728066425323487,24.7160153055,22.7401175451
03/10/2014,22.546777725219727,23.73648639678955,24.7121736174,22.7607991761
03/11/2014,22.515592575073242,23.7441787147522,24.7073432752,22.7810141543
03/12/2014,22.401247024536133,23.754885578155516,24.6981771731,22.8115939832
03/13/2014,21.652807235717773,23.7623699760437,24.6918209197,22.8329190324
03/14/2014,21.268190383911133,23.759459381103515,24.6950359916,22.8238827706
03/17/2014,21.580041885375977,23.753638172149657,24.7027880313,22.804488313
03/18/2014,22.557172775268555,23.75155918121338,24.7052292953,22.7978890671
03/19/2014,22.027027130126953,23.75395004272461,24.7043174051,22.8035826804
03/20/2014,21.964656829833984,23.74708932876587,24.7073705182,22.7868081394
03/21/2014,21.715177536010742,23.738877277374268,24.7107844749,22.7669700798
03/24/2014,21.642412185668945,23.728482284545898,24.7162892727,22.7406752964
03/25/2014,21.6632022857666,23.717359638214113,24.7221844221,22.7125348543
03/26/2014,21.56964683532715,23.706133041381836,24.7274388501,22.6848272326
03/27/2014,21.538461685180664,23.69002077102661,24.7319865626,22.6480549794
03/28/2014,21.538461685180664,23.664656944274903,24.7276059366,22.601707952
03/31/2014,21.923076629638672,23.6383575630188,24.7208724113,22.5558427147
04/01/2014,21.912681579589844,23.61632013320923,24.7110295392,22.5216107272
04/02/2014,22.027027130126953,23.596777515411375,24.7042080969,22.4893469339
04/03/2014,22.141372680664062,23.578898105621338,24.697042958,22.4607532532
04/04/2014,21.590436935424805,23.56538459777832,24.6926183042,22.4381508914
04/07/2014,21.56964683532715,23.54636173248291,24.690584327,22.402139138
04/08/2014,21.580041885375977,23.525259857177733,24.6861629216,22.3643567928
04/09/2014,21.923076629638672,23.502390842437745,24.6787599115,22.3260217734
04/10/2014,21.19542694091797,23.482640323638915,24.6687391199,22.2965415274
04/11/2014,20.925155639648438,23.449688148498534,24.6529741643,22.2464021327
04/14/2014,21.008316040039062,23.402702693939208,24.6119003303,22.1935050576
04/15/2014,20.8004150390625,23.364656963348388,24.5886488194,22.1406651073
04/16/2014,21.143451690673828,23.329937629699707,24.5767194713,22.0831557881
04/17/2014,21.361745834350586,23.297817058563233,24.5590555272,22.0365785899
04/21/2014,21.7359676361084,23.266632022857667,24.536770686,21.9964933597
04/22/2014,21.798336029052734,23.239085254669188,24.512246937,21.9659235723
04/23/2014,21.787940979003906,23.213513526916504,24.4896719513,21.9373551025
04/24/2014,21.9334716796875,23.188253650665285,24.4673766706,21.9091306307
04/25/2014,22.03742218017578,23.162266120910644,24.4402186028,21.8843136391
04/28/2014,22.338876724243164,23.14054054260254,24.4189638841,21.8621172011
04/29/2014,22.661123275756836,23.120062370300293,24.3947562747,21.8453684659
04/30/2014,22.765071868896484,23.10363826751709,24.3735496854,21.8337268496
05/01/2014,22.869022369384766,23.09116424560547,24.3582103597,21.8241181315
05/02/2014,22.598752975463867,23.08149688720703,24.3465113796,21.8164823949
05/05/2014,22.96257781982422,23.06330562591553,24.3220359332,21.8045753187
05/06/2014,23.01455307006836,23.05124740600586,24.3050997558,21.7973950562
05/07/2014,23.035343170166016,23.04293140411377,24.2942392283,21.79162358
05/08/2014,22.941787719726562,23.04230770111084,24.2936036081,21.7910117941
05/09/2014,23.212059020996094,23.039708938598633,24.290941048,21.7884768291
05/12/2014,23.399168014526367,23.03991683959961,24.2911758415,21.7886578377
05/13/2014,23.12889862060547,23.03866943359375,24.2895074197,21.7878314475
05/14/2014,23.11850357055664,23.03607069015503,24.2864484739,21.7856929064
05/15/2014,23.27442741394043,23.027234935760497,24.2738715158,21.7805983557
05/16/2014,23.482328414916992,23.020790023803713,24.2644625166,21.7771175311
05/19/2014,23.586278915405273,23.012889823913575,24.2510840935,21.7746955544
05/20/2014,23.23284912109375,23.005821228027344,24.2386928628,21.7729495933
05/21/2014,23.44074821472168,22.99501043319702,24.2210852931,21.7689355733
05/22/2014,23.44074821472168,22.98752601623535,24.208562347,21.7664896855
05/23/2014,23.461538314819336,22.980353450775148,24.1965903414,21.7641165602
05/27/2014,23.887733459472656,22.969646587371827,24.1768540606,21.7624391141
05/28/2014,23.939708709716797,22.96101873397827,24.1585116234,21.7635258445
05/29/2014,23.950103759765625,22.955821228027343,24.1479148928,21.7637275633
05/30/2014,23.866943359375,22.951871128082274,24.1400025781,21.7637396781
06/02/2014,23.731809616088867,22.945322265625,24.1265670881,21.7640774432
06/03/2014,23.617464065551758,22.93316011428833,24.0998943873,21.7664258413
06/04/2014,23.846153259277344,22.915696506500243,24.058747378,21.772645635
06/05/2014,23.98128890991211,22.90415803909302,24.0318310617,21.7764850165
06/06/2014,24.043659210205078,22.893035373687745,24.0044264979,21.7816442495
06/09/2014,24.064449310302734,22.884511470794678,23.9837094831,21.7853134585
06/10/2014,24.074844360351562,22.870478210449217,23.9452941708,21.7956622501
06/11/2014,24.386693954467773,22.85405408859253,23.8973292709,21.8107789063
06/12/2014,24.45945930480957,22.83991687774658,23.8522916436,21.8275421119
06/13/2014,24.30353355407715,22.832848262786865,23.8313272689,21.8343692566
06/16/2014,24.365903854370117,22.823596687316893,23.8039554264,21.8432379482
06/17/2014,24.449064254760742,22.812370071411134,23.7682695167,21.8564706261
06/18/2014,25.155925750732422,22.80363826751709,23.7403668728,21.8669096622
06/19/2014,25.207901000976562,22.808316020965577,23.7555526876,21.8610793543
06/20/2014,25.779624938964844,22.821309795379637,23.7921671376,21.8504524532
06/23/2014,25.187110900878906,22.839293155670166,23.8474108805,21.8311754309
06/24/2014,25.093555450439453,22.85675678253174,23.8899563608,21.8235572042
06/25/2014,25.187110900878906,22.87681915283203,23.9335120912,21.8201262145
06/26/2014,25.25987434387207,22.898752632141115,23.9801205665,21.8173846977
06/27/2014,25.457380294799805,22.922557201385498,24.0291443741,21.8159700286
06/30/2014,25.415800094604492,22.95041582107544,24.0850444582,21.8157871839
07/01/2014,25.457380294799805,22.980457401275636,24.139921964,21.8209928385
07/02/2014,25.415800094604492,23.007692317962647,24.1927492112,21.8226354247
07/03/2014,25.519750595092773,23.027754688262938,24.2361967312,21.8193126453
07/07/2014,25.623701095581055,23.048440761566162,24.281409583,21.8154719401
07/08/2014,25.498960494995117,23.069438686370848,24.3279418302,21.8109355426
07/09/2014,25.5301456451416,23.092619552612305,24.3741008808,21.8111382244
07/10/2014,25.47817039489746,23.111122665405272,24.4141265608,21.80811877
07/11/2014,25.69646644592285,23.12775468826294,24.4501077776,21.805401599
07/14/2014,26.091476440429688,23.147713108062746,24.4934175174,21.8020086987
07/15/2014,25.86278533935547,23.17785863876343,24.5550365205,21.800680757
07/16/2014,25.8004150390625,23.206652812957763,24.6093287773,21.8039768486
07/17/2014,25.395009994506836,23.236070690155028,24.6617983139,21.8103430665
07/18/2014,26.174636840820312,23.25779624938965,24.6996130173,21.8159794815
07/21/2014,25.96673583984375,23.291476097106933,24.7614235586,21.8215286356
07/22/2014,25.91476058959961,23.322453231811522,24.8156281821,21.8292782815
07/23/2014,26.01871109008789,23.352702713012697,24.8672934812,21.8381119448
07/24/2014,25.86278533935547,23.38160083770752,24.9190419642,21.8441597112
07/25/2014,25.977130889892578,23.41704782485962,24.9703413802,21.8637542695
07/28/2014,25.893970489501953,23.449688148498534,25.0220240812,21.8773522158
07/29/2014,26.174636840820312,23.48035343170166,25.0700619542,21.8906449092
07/30/2014,25.769229888916016,23.513305625915528,25.1242270174,21.9023842345
07/31/2014,25.395009994506836,23.54376298904419,25.1681995038,21.9193264743
08/01/2014,25.176715850830078,23.57224531173706,25.2039052354,21.9405853881
08/04/2014,25.05197525024414,23.59885654449463,25.2347612042,21.9629518847
08/05/2014,25.0,23.62536382675171,25.2631227449,21.9876049086
08/06/2014,24.52182960510254,23.65883575439453,25.2901298281,22.0275416807
08/07/2014,24.428274154663086,23.691372146606444,25.3070322189,22.0757120743
08/08/2014,24.4698543548584,23.719854469299317,25.3231009623,22.1166079763
08/11/2014,24.62578010559082,23.738981285095214,25.3396499558,22.1383126144
08/12/2014,24.52182960510254,23.764968814849855,25.3587131773,22.1712244524
08/13/2014,24.844074249267578,23.79054054260254,25.375685435,22.2053956502
08/14/2014,24.979209899902344,23.821829509735107,25.3965464198,22.2471125996
08/15/2014,24.906444549560547,23.85519748687744,25.4186924885,22.2917024853
08/18/2014,24.958419799804688,23.887629909515383,25.4389092307,22.3363505884
08/19/2014,25.145530700683594,23.921517639160157,25.4587406576,22.3842946207
08/20/2014,24.989604949951172,23.957588329315186,25.4807252361,22.4344514225
08/21/2014,24.854469299316406,23.99209976196289,25.4990449646,22.4851545594
08/22/2014,24.88565444946289,24.021413688659667,25.516289196,22.5265381814
08/25/2014,24.958419799804688,24.0511434173584,25.5332940627,22.568992772
08/26/2014,25.207901000976562,24.080457344055176,25.5512300206,22.6096846675
08/27/2014,25.135135650634766,24.1111226272583,25.5730879843,22.6491572702
08/28/2014,24.979209899902344,24.1465696144104,25.5898414805,22.7032977484
08/29/2014,25.124740600585938,24.18066524505615,25.6027759143,22.7585545758
09/02/2014,25.10395050048828,24.216112232208253,25.6169771904,22.8152472741
09/03/2014,25.16632080078125,24.24792097091675,25.6323751162,22.8634668257
09/04/2014,24.594594955444336,24.28762990951538,25.6405504042,22.9347094148
09/05/2014,24.708940505981445,24.32432430267334,25.6346400393,23.014008566
09/08/2014,24.968814849853516,24.361330547332763,25.6290363712,23.0936247235
09/09/2014,24.979209899902344,24.403014545440673,25.6204830992,23.1855459917
09/10/2014,24.94802474975586,24.441372127532958,25.6151825407,23.2675617144
09/11/2014,24.823284149169922,24.47723491668701,25.6104916105,23.3439782229
09/12/2014,24.7297306060791,24.50810808181763,25.6078215079,23.4083946558
09/15/2014,24.334718704223633,24.53742202758789,25.6030546245,23.4717894306
09/16/2014,24.63617515563965,24.562889804840086,25.5923258883,23.5334537213
09/17/2014,24.532224655151367,24.58991683959961,25.5848658333,23.5949678459
09/18/2014,24.78170394897461,24.614864864349364,25.5762087623,23.6535209664
09/19/2014,24.57380485534668,24.63929313659668,25.573135994,23.7054502792
09/22/2014,24.812889099121094,24.658419952392578,25.5708934996,23.7459464052
09/23/2014,24.542619705200195,24.678898124694825,25.5714111814,23.786385068
09/24/2014,24.67775535583496,24.695634098052977,25.5695498143,23.8217183818
09/25/2014,24.158004760742188,24.71642412185669,25.5645576881,23.8682905556
09/26/2014,24.002079010009766,24.72837839126587,25.5599709567,23.8967858258
09/29/2014,23.898128509521484,24.738253650665282,25.5551696866,23.9213376147
09/30/2014,23.6694393157959,24.746881504058837,25.55020985,23.9435531581
10/01/2014,23.513513565063477,24.75415802001953,25.5442900752,23.9640259648
10/02/2014,23.471933364868164,24.757172565460206,25.5419724575,23.9723726734
10/03/2014,23.648649215698242,24.757900218963623,25.541473429,23.9743270089
10/06/2014,23.586278915405273,24.76309772491455,25.5375187198,23.9886767301
10/07/2014,23.18087387084961,24.76777547836304,25.5336136608,24.0019372959
10/08/2014,23.38877296447754,24.76683994293213,25.5345566414,23.9991232444
10/09/2014,22.889812469482422,24.765904388427735,25.5352411425,23.9965676343
10/10/2014,22.661123275756836,24.758939723968506,25.5419547819,23.975924666
10/13/2014,22.338876724243164,24.753222465515137,25.549337223,23.957107708
10/14/2014,22.224533081054688,24.74220375061035,25.5636305958,23.9207769054
10/15/2014,22.318086624145508,24.730041599273683,25.5791840697,23.8808991289
10/16/2014,22.16216278076172,24.718607082366944,25.5921037618,23.8451104029
10/17/2014,22.78586196899414,24.701351375579833,25.6075242369,23.7951785143
10/20/2014,22.993762969970703,24.68981290817261,25.6128005134,23.7668253029
10/21/2014,23.471933364868164,24.68024950027466,25.615722011,23.7447769895
10/22/2014,23.3367977142334,24.67629940032959,25.6160221388,23.7365766619
10/23/2014,23.81496810913086,24.672349281311035,25.6168519334,23.7278466292
10/24/2014,23.742204666137695,24.674324321746827,25.6168234229,23.7318252206
10/27/2014,24.022869110107422,24.67328483581543,25.6167535807,23.729816091
10/28/2014,24.376298904418945,24.673700637817383,25.6168734333,23.7305278423
10/29/2014,24.449064254760742,24.677027034759522,25.6185570731,23.7354969964
10/30/2014,24.62578010559082,24.680873184204103,25.6206769807,23.7410693877
10/31/2014,24.386693954467773,24.686382541656496,25.6242303257,23.7485347576
11/03/2014,24.63617515563965,24.686382541656496,25.6242303257,23.7485347576
11/04/2014,24.63617515563965,24.688149700164796,25.625734688,23.7505647123
11/05/2014,24.45945930480957,24.69147611618042,25.6282803978,23.7546718345
11/06/2014,24.615385055541992,24.692411670684816,25.6289370211,23.7558863203
11/07/2014,24.40748405456543,24.69407487869263,25.6303142268,23.7578355306
11/10/2014,24.7297306060791,24.686590461730958,25.6220990834,23.7510818401
11/11/2014,24.74012565612793,24.681808757781983,25.615861476,23.7477560396
11/12/2014,24.88565444946289,24.671413764953613,25.5989526749,23.743874855
11/13/2014,24.542619705200195,24.668399200439453,25.5947462721,23.7420521287
11/14/2014,24.490644454956055,24.66288984298706,25.5883298306,23.7374498554
11/17/2014,24.417879104614258,24.65592517852783,25.5800135248,23.7318368323
11/18/2014,24.916839599609375,24.647505226135255,25.5698866491,23.7251238032
11/19/2014,24.62578010559082,24.64209981918335,25.5612976786,23.7229019597
11/20/2014,24.667360305786133,24.634199619293213,25.5501029078,23.7182963308
11/21/2014,24.45945930480957,24.626299419403075,25.538467799,23.7141310398
11/24/2014,25.020790100097656,24.616736011505125,25.525584149,23.707887874
11/25/2014,24.906444549560547,24.611746406555177,25.5169857586,23.7065070545
11/26/2014,25.135135650634766,24.60457384109497,25.5045931664,23.7045545158
11/28/2014,24.875259399414062,24.600935592651368,25.4980628035,23.7038083818
12/01/2014,24.760913848876953,24.594386730194092,25.4870863254,23.701687135
12/02/2014,25.031185150146484,24.587214164733886,25.4756553269,23.6987730025
12/03/2014,24.760913848876953,24.580561351776122,25.4631428692,23.6979798344
12/04/2014,24.74012565612793,24.567255725860594,25.4368934213,23.6976180304
12/05/2014,24.88565444946289,24.55602912902832,25.4160631721,23.695995086
12/08/2014,24.916839599609375,24.546881523132324,25.3984544455,23.6953086008
12/09/2014,24.656965255737305,24.54209981918335,25.3902325023,23.6939671361
12/10/2014,24.054054260253906,24.52692310333252,25.3591363482,23.6947098585
12/11/2014,24.158004760742188,24.50779628753662,25.3285998524,23.6869927227
12/12/2014,23.856548309326172,24.490228729248045,25.2994492978,23.6810081607
12/15/2014,23.357587814331055,24.46860710144043,25.2654906308,23.6717235721
12/16/2014,23.27442741394043,24.443555126190187,25.2355791579,23.6515310945
12/17/2014,23.92931365966797,24.416528091430663,25.2018443691,23.6312118137
12/18/2014,24.646570205688477,24.396881523132325,25.1694623196,23.6243007267
12/19/2014,24.501039505004883,24.381600856781006,25.1337091555,23.6294925581
12/22/2014,24.594594955444336,24.368918952941893,25.1081033514,23.6297345545
12/23/2014,24.022869110107422,24.36091480255127,25.0932468152,23.6285827899
12/24/2014,24.116424560546875,24.349376335144044,25.0778435451,23.6209091252
12/26/2014,24.542619705200195,24.34002082824707,25.0654056664,23.6146359901
12/29/2014,24.40748405456543,24.33544702529907,25.0580928457,23.6128012049
12/30/2014,24.126819610595703,24.3343035697937,25.0567440053,23.6118631343
12/31/2014,24.386693954467773,24.331289024353026,25.0539599637,23.608618085
01/02/2015,24.29313850402832,24.33045742034912,25.0530162682,23.6078985725
01/05/2015,24.178794860839844,24.327131004333495,25.0490880638,23.6051739449
01/06/2015,23.191268920898438,24.323700656890868,25.0455394125,23.6018619013
01/07/2015,23.523908615112305,24.307172603607178,25.0357974331,23.5785477741
01/08/2015,24.158004760742188,24.292619590759276,25.0222092257,23.5630299558
01/09/2015,23.54469871520996,24.285135192871095,25.012224197,23.5580461887
01/12/2015,23.877338409423828,24.270997982025147,24.9986022009,23.5433937631
01/13/2015,24.209980010986328,24.25831605911255,24.9816062305,23.5350258877
01/14/2015,24.282743453979492,24.2505198097229,24.9700776044,23.5309620151
01/15/2015,24.1995849609375,24.24480255126953,24.9618057358,23.5277993668
01/16/2015,24.7297306060791,24.23794185638428,24.9520567156,23.5238269972
01/20/2015,24.532224655151367,24.235654964447022,24.9478224162,23.5234875127
01/21/2015,24.698545455932617,24.22889820098877,24.934988661,23.5228077409
01/22/2015,24.501039505004883,24.224532299041748,24.9263426003,23.5227219978
01/23/2015,24.480249404907227,24.219750595092773,24.9180227582,23.521478432
01/26/2015,24.698545455932617,24.213305683135985,24.9061483811,23.5204629852
01/27/2015,24.584199905395508,24.209251632690428,24.8980452616,23.5204580038
01/28/2015,24.209980010986328,24.203430423736574,24.8865474159,23.5203134316
01/29/2015,24.282743453979492,24.199584274291993,24.8815698783,23.5175986702
01/30/2015,23.835758209228516,24.195322303771974,24.8754406145,23.5152039931
02/02/2015,23.75259780883789,24.183991737365723,24.860558431,23.5074250437
02/03/2015,24.043659210205078,24.171725616455078,24.8448744271,23.4985768059
02/04/2015,23.638254165649414,24.16268196105957,24.8314009903,23.4939629318
02/05/2015,24.074844360351562,24.150831661224366,24.8182378367,23.4834254857
02/06/2015,23.523908615112305,24.14428279876709,24.8091847587,23.4793808388
02/09/2015,23.482328414916992,24.136174697875976,24.8036436919,23.4687057039
02/10/2015,23.76299285888672,24.12463623046875,24.7933341195,23.4559383414
02/11/2015,23.60706901550293,24.116943912506102,24.7853332235,23.4485546015
02/12/2015,24.67775535583496,24.105197563171387,24.7721210666,23.4382740598
02/13/2015,24.615385055541992,24.10623706817627,24.7739706791,23.4385034573
02/17/2015,24.916839599609375,24.10426202774048,24.7701922194,23.4383318361
02/18/2015,25.10395050048828,24.10800422668457,24.7774295509,23.4385789025
02/19/2015,25.135135650634766,24.112266178131105,24.7866436887,23.4378886676
02/20/2015,25.43659019470215,24.122037487030028,24.8040428006,23.4400321735
02/23/2015,25.634096145629883,24.136382598876953,24.8306894858,23.4420757119
02/24/2015,25.810810089111328,24.153742275238038,24.8634073395,23.4440772109
02/25/2015,25.873180389404297,24.17515598297119,24.9019841611,23.4483278049
02/26/2015,25.977130889892578,24.1987526512146,24.9418391601,23.4556661424
02/27/2015,26.257795333862305,24.223804626464844,24.9839977513,23.4636115016
03/02/2015,25.997920989990234,24.249896087646484,25.0342913752,23.4655008
03/03/2015,25.893970489501953,24.274012508392335,25.0745413327,23.4734836841
03/04/2015,25.769229888916016,24.301143474578858,25.1100955294,23.4921914198
03/05/2015,26.174636840820312,24.32494804382324,25.1416887292,23.5082073584
03/06/2015,25.623701095581055,24.357796287536623,25.1821770766,23.5334154985
03/09/2015,25.43659019470215,24.387422065734864,25.2034883347,23.5713557967
03/10/2015,25.093555450439453,24.418399200439453,25.2146697135,23.6221286874
03/11/2015,25.083160400390625,24.4470894241333,25.2149770951,23.6792017532
03/12/2015,25.686071395874023,24.474740161895753,25.2147443818,23.734735942
03/13/2015,25.821205139160156,24.509979248046875,25.2224099776,23.7975485185
03/16/2015,26.476091384887695,24.540332679748534,25.2432576708,23.8374076886
03/17/2015,26.143451690673828,24.575155963897704,25.2868045576,23.8635073702
03/18/2015,26.039501190185547,24.601871147155762,25.3217006643,23.88204163
03/19/2015,26.01871109008789,24.628898181915282,25.3514545926,23.9063417712
03/20/2015,26.67359733581543,24.650935611724854,25.3818891642,23.9199820592
03/23/2015,26.82952117919922,24.68024953842163,25.4326373871,23.9278616898
03/24/2015,26.600831985473633,24.708316059112548,25.487528444,23.9291036742
03/25/2015,26.143451690673828,24.730561389923096,25.531430229,23.9296925508
03/26/2015,25.790019989013672,24.747505264282225,25.5600777141,23.9349328144
03/27/2015,26.413721084594727,24.759147663116455,25.5782072703,23.9400880559
03/30/2015,26.548856735229492,24.779417934417726,25.6139457474,23.9448901214
03/31/2015,26.19542694091797,24.798544750213622,25.6512901913,23.9457993091
04/01/2015,26.122661590576172,24.814137268066407,25.6779548532,23.9503196829
04/02/2015,26.174636840820312,24.83076929092407,25.7035628465,23.9579757353
04/06/2015,26.309770584106445,24.846361808776855,25.7290403235,23.9636832941
04/07/2015,26.382535934448242,24.865384674072267,25.7588324938,23.9719368544
04/08/2015,26.382535934448242,24.881912727355957,25.7878979862,23.9759274685
04/09/2015,26.351350784301758,24.89833683013916,25.8164093776,23.9802642827
04/10/2015,26.45530128479004,24.912993793487548,25.8423770637,23.9836105233
04/13/2015,26.372140884399414,24.932120609283448,25.8732915726,23.990949646
04/14/2015,26.476091384887695,24.95093557357788,25.9018490035,24.0000221436
04/15/2015,26.590436935424805,24.971517696380616,25.9328876761,24.0101477166
04/16/2015,26.50727653503418,24.988253669738768,25.9630004283,24.0135069112
04/17/2015,26.143451690673828,25.007068634033203,25.9927347409,24.0214025272
04/20/2015,26.18503189086914,25.02182954788208,26.013333172,24.0303259238
04/21/2015,26.08108139038086,25.039085273742675,26.0356541226,24.0425164249
04/22/2015,25.91476058959961,25.049688186645508,26.0516319279,24.0477444453
04/23/2015,25.883575439453125,25.0597713470459,26.0652900718,24.0542526223
04/24/2015,25.810810089111328,25.067255744934084,26.0760875563,24.0584239335
04/27/2015,25.2702693939209,25.076611251831054,26.087954024,24.0652684797
04/28/2015,25.25987434387207,25.081704807281493,26.0927273811,24.0706822335
04/29/2015,24.989604949951172,25.08399169921875,26.0951560461,24.0728273524
04/30/2015,24.750518798828125,25.086278610229492,26.0969681778,24.0755890426
05/01/2015,25.010395050048828,25.086382541656494,26.097037042,24.0757280413
05/04/2015,25.10395050048828,25.087629947662354,26.0981128947,24.0771470006
05/05/2015,24.68815040588379,25.089501056671143,26.0998392453,24.079162868
05/06/2015,25.06237030029297,25.089812908172608,26.1000223466,24.0796034697
05/07/2015,25.25987434387207,25.099896068573,26.1047348669,24.0950572703
05/08/2015,25.69646644592285,25.110914764404296,26.1113966168,24.110432912
05/11/2015,25.571725845336914,25.129313945770264,26.1234566734,24.1351712182
05/12/2015,25.43659019470215,25.151455326080324,26.1304326854,24.1724779667
05/13/2015,25.415800094604492,25.17307695388794,26.134071156,24.2120827518
05/14/2015,25.467775344848633,25.187941818237306,26.1410465167,24.2348371198
05/15/2015,25.686071395874023,25.196153869628905,26.1480957608,24.2442119784
05/18/2015,25.893970489501953,25.208004188537597,26.158594156,24.2574142211
05/19/2015,26.008316040039062,25.220997943878174,26.171994914,24.2700009737
05/20/2015,26.153846740722656,25.24085241317749,26.1873430936,24.2943617327
05/21/2015,26.039501190185547,25.26122663497925,26.2052190638,24.3172342061
05/22/2015,26.101871490478516,25.276195449829103,26.220542205,24.3318486947
05/26/2015,25.810810089111328,25.293139324188232,26.2369478394,24.349330809
05/27/2015,26.060291290283203,25.30997922897339,26.2478319597,24.3721264983
05/28/2015,25.873180389404297,25.326715202331542,26.2628737234,24.3905566813
05/29/2015,25.54054069519043,25.342515621185303,26.2744204218,24.4106108206
06/01/2015,25.405405044555664,25.35613307952881,26.2808550926,24.4314110664
06/02/2015,25.42619514465332,25.37827444076538,26.2770394104,24.4795094711
06/03/2015,26.133056640625,25.397297306060793,26.2765315405,24.5180630716
06/04/2015,25.831600189208984,25.41704782485962,26.2903849384,24.5437107113
06/05/2015,25.31184959411621,25.439916839599608,26.2936476794,24.5861859998
06/08/2015,25.207901000976562,25.454261951446533,26.293546208,24.6149776949
06/09/2015,25.05197525024414,25.464241161346436,26.2945561861,24.6339261366
06/10/2015,25.956340789794922,25.471933479309083,26.2947968532,24.6490701055
06/11/2015,26.112266540527344,25.489501037597655,26.3037204858,24.6752815894
06/12/2015,25.873180389404297,25.50332639694214,26.3162642955,24.6903884984
06/15/2015,25.42619514465332,25.51673595428467,26.3245885055,24.7088834031
06/16/2015,25.353429794311523,25.524012451171874,26.3277290782,24.7202958241
06/17/2015,25.32224464416504,25.53253635406494,26.3298531089,24.7352195992
06/18/2015,25.893970489501953,25.54095630645752,26.3315334752,24.7503791377
06/19/2015,25.70686149597168,25.55291055679321,26.3396881527,24.7661329609
06/22/2015,26.060291290283203,25.564137172698974,26.3449994872,24.7832748582
06/23/2015,25.935550689697266,25.582640285491944,26.3530478801,24.8122326909
06/24/2015,25.727651596069336,25.59916835784912,26.3591702161,24.8391664996
06/25/2015,25.738046646118164,25.61808729171753,26.3572177432,24.8789568402
06/26/2015,26.07068634033203,25.637941780090333,26.3529683642,24.922915196
06/29/2015,25.249481201171875,25.6582120513916,26.356286146,24.9601379568
06/30/2015,25.769229888916016,25.674324321746827,26.3435897002,25.0050589433
07/01/2015,26.143451690673828,25.69126817703247,26.3409879333,25.0415484208
07/02/2015,25.86278533935547,25.717463607788087,26.3310756886,25.103851527
07/06/2015,25.790019989013672,25.74126817703247,26.3124126587,25.1701236954
07/07/2015,26.008316040039062,25.76153844833374,26.2969664735,25.2261104232
07/08/2015,25.571725845336914,25.7855509185791,26.2757530991,25.2953487381
07/09/2015,25.70686149597168,25.794490623474122,26.2724062656,25.3165749813
07/10/2015,26.746362686157227,25.80540538787842,26.2685016178,25.342309158
07/13/2015,27.266111373901367,25.823700618743896,26.287469869,25.3599313685
07/14/2015,27.494802474975586,25.84532222747803,26.3251550203,25.3654894347
07/15/2015,27.5363826751709,25.868918895721436,26.3707624046,25.3670753868
07/16/2015,27.827442169189453,25.889916820526125,26.4165488249,25.3632848161
07/17/2015,28.357587814331055,25.91185028076172,26.4719804388,25.3517201227
07/20/2015,28.482328414916992,25.937318058013915,26.5479009074,25.3267352087
07/21/2015,28.513513565063477,25.963409538269044,26.6243636148,25.3024554617
07/22/2015,28.898128509521484,25.98877336502075,26.6967602225,25.2807865076
07/23/2015,28.742204666137695,26.015176696777345,26.7796817653,25.2506716283
07/24/2015,28.617464065551758,26.04261953353882,26.8538400513,25.2313990158
07/27/2015,28.17047882080078,26.069854469299315,26.9203921022,25.2193168364
07/28/2015,28.679834365844727,26.093866958618165,26.969115575,25.2186183422
07/29/2015,28.835758209228516,26.118918933868407,27.0311905906,25.2066472772
07/30/2015,29.30353355407715,26.15103950500488,27.1010750801,25.2010039299
07/31/2015,29.08523941040039,26.18970893859863,27.1873812686,25.1920366086
08/03/2015,29.168399810791016,26.22962577819824,27.2618961722,25.1973553842
08/04/2015,29.220375061035156,26.270478172302248,27.3368427196,25.204113625
08/05/2015,29.230770111083984,26.30582120895386,27.4101254339,25.201516984
08/06/2015,28.81496810913086,26.339916858673096,27.480763054,25.1990706634
08/07/2015,28.409563064575195,26.363305625915526,27.5303773284,25.1962339234
08/10/2015,28.866943359375,26.385966739654542,27.5704206941,25.2015127852
08/11/2015,28.534303665161133,26.414241161346435,27.623573123,25.2049091997
08/12/2015,28.638254165649414,26.439397087097166,27.6662765362,25.212517638
08/13/2015,28.731809616088867,26.459043655395508,27.7050967931,25.2129905177
08/14/2015,28.835758209228516,26.478066539764406,27.7439925514,25.2121405281
08/17/2015,29.230770111083984,26.500415802001953,27.7878572819,25.2129743221
08/18/2015,28.91891860961914,26.531288986206054,27.8465176824,25.21606029
08/19/2015,28.81496810913086,26.56257797241211,27.8968794667,25.2282764781
08/20/2015,27.889812469482422,26.58659044265747,27.9394743654,25.2337065199
08/21/2015,27.276506423950195,26.6,27.9590749539,25.2409250461
08/24/2015,26.23700714111328,26.61081079483032,27.9709239052,25.2506976845
08/25/2015,26.434511184692383,26.611954250335693,27.9717045071,25.2522039936
08/26/2015,27.484407424926758,26.614552993774414,27.9737131766,25.255392811
08/27/2015,27.858627319335938,26.626299362182618,27.9878484687,25.2647502557
08/28/2015,27.754676818847656,26.641060276031496,28.0078778208,25.2742427313
08/31/2015,27.25571632385254,26.654781684875488,28.0258159636,25.2837474062
09/01/2015,26.6632022857666,26.663825340270996,28.0358106634,25.2918400171
09/02/2015,27.484407424926758,26.665904350280762,28.0377296255,25.2940790751
09/03/2015,27.328481674194336,26.677027015686036,28.0509328986,25.3031211328
09/04/2015,26.923076629638672,26.6855509185791,28.0608272176,25.3102746196
09/08/2015,27.713098526000977,26.68887731552124,28.0643218079,25.3134328231
09/09/2015,27.25571632385254,26.700935535430908,28.0800159005,25.3218551703
09/10/2015,27.484407424926758,26.712058181762696,28.0910827918,25.3330335717
09/11/2015,27.733888626098633,26.72505193710327,28.1051706652,25.344933209
09/14/2015,27.754676818847656,26.74158000946045,28.1237829832,25.3593770357
09/15/2015,28.191268920898438,26.75997917175293,28.1432990478,25.3766592958
09/16/2015,28.742204666137695,26.783056106567383,28.170804788,25.3953074251
09/17/2015,29.324323654174805,26.812370052337645,28.2101959009,25.4145442037
09/18/2015,28.586278915405273,26.852910594940184,28.2641483255,25.4416728644
09/21/2015,28.243244171142578,26.88617464065552,28.2986736487,25.4736756326
09/22/2015,28.00415802001953,26.91871103286743,28.3246062786,25.5128157871
09/23/2015,27.858627319335938,26.951247425079345,28.3441775027,25.5583173474
09/24/2015,27.58835792541504,26.979729747772218,28.3617598711,25.5976996244
09/25/2015,26.81912612915039,27.004573822021484,28.3749419618,25.6342056822
09/28/2015,26.101871490478516,27.02588357925415,28.3764910229,25.6752761356
09/29/2015,26.133056640625,27.036278591156005,28.3756876213,25.696869561
09/30/2015,26.81912612915039,27.045010414123535,28.3756276708,25.7143931575
10/01/2015,26.808731079101562,27.05623701095581,28.3801481771,25.7323258448
10/02/2015,27.484407424926758,27.068607063293456,28.384343593,25.7528705336
10/05/2015,27.78586196899414,27.089085235595704,28.3951623271,25.7830081441
10/06/2015,27.141372680664062,27.1127858543396,28.4097560915,25.8158156172
10/07/2015,26.6632022857666,27.129521827697754,28.4159118461,25.8431318092
10/08/2015,26.7359676361084,27.13929313659668,28.418372043,25.8602142302
10/09/2015,26.923076629638672,27.147713108062746,28.4213262293,25.8740999869
10/12/2015,27.04781723022461,27.15686071395874,28.425532879,25.8881885489
10/13/2015,26.02910614013672,27.16580041885376,28.4305168608,25.9010839769
10/14/2015,25.790019989013672,27.16569646835327,28.4305059035,25.9008870332
10/15/2015,26.413721084594727,27.162577953338623,28.4303874043,25.8947685024
10/16/2015,26.538461685180664,27.168607063293457,28.4313974482,25.9058166784
10/19/2015,26.6632022857666,27.173388767242432,28.4328743309,25.9139032036
10/20/2015,26.174636840820312,27.181288986206056,28.4350588837,25.9275190887
10/21/2015,25.64449119567871,27.187629947662355,28.4346711193,25.940588776
10/22/2015,25.86278533935547,27.190020809173586,28.4338678591,25.9461737592
10/23/2015,26.486486434936523,27.194386711120604,28.4327893729,25.9559840493
10/26/2015,26.683992385864258,27.19792100906372,28.4337914207,25.9620505974
10/27/2015,26.67359733581543,27.206444931030273,28.4357845576,25.9771053044
10/28/2015,27.318086624145508,27.220062408447266,28.4358069674,26.0043178495
10/29/2015,25.020790100097656,27.241164264678954,28.4399960695,26.0423324598
10/30/2015,25.124740600585938,27.24085241317749,28.4402575691,26.0414472573
11/02/2015,26.413721084594727,27.232536411285402,28.4436446488,26.0214281737
11/03/2015,26.299375534057617,27.235550956726073,28.4442397567,26.0268621568
11/04/2015,25.997920989990234,27.239812908172606,28.4444349068,26.0351909096
11/05/2015,25.997920989990234,27.245530166625976,28.442865681,26.0481946523
11/06/2015,26.101871490478516,27.251975078582763,28.4408130177,26.0631371395
11/09/2015,26.122661590576172,27.2597713470459,28.4384416363,26.0811010578
11/10/2015,26.413721084594727,27.26205825805664,28.438295686,26.0858208301
11/11/2015,26.4033260345459,27.269126853942872,28.4380985866,26.1001551213
11/12/2015,26.153846740722656,27.2725572013855,28.4384759039,26.1066384989
11/13/2015,26.299375534057617,27.274740161895753,28.4383556149,26.1111247089
11/16/2015,26.642412185668945,27.280457401275633,28.4378453081,26.1230694945
11/17/2015,27.35966682434082,27.289501056671142,28.438302905,26.1406992083
11/18/2015,27.983367919921875,27.30239086151123,28.444657765,26.160123958
11/19/2015,27.78586196899414,27.32972972869873,28.4551270728,26.2043323846
11/20/2015,27.70270347595215,27.349896049499513,28.4651724593,26.2346196397
11/23/2015,27.650728225708008,27.365488567352294,28.4746720483,26.2563050864
11/24/2015,27.47401237487793,27.38336799621582,28.4825498589,26.2841861335
11/25/2015,27.546777725219727,27.400207920074465,28.4876874691,26.3127283711
11/27/2015,27.941787719726562,27.41559253692627,28.4941175854,26.3370674885
11/30/2015,27.484407424926758,27.439293155670168,28.5029777568,26.3756085545
12/01/2015,27.47401237487793,27.457068614959717,28.5064094186,26.4077278113
12/02/2015,27.453222274780273,27.464345111846924,28.51125247,26.4174377537
12/03/2015,27.03742218017578,27.466216220855713,28.5129348012,26.4194976405
12/04/2015,27.609148025512695,27.461642417907715,28.5092250344,26.4140598014
12/07/2015,27.713098526000977,27.462370071411133,28.5100296186,26.4147105242
12/08/2015,27.713098526000977,27.461226634979248,28.5085494556,26.4139038143
12/09/2015,27.20374298095703,27.454781742095946,28.4985457551,26.4110177291
12/10/2015,27.15176773071289,27.44199588775635,28.4809143252,26.4030774503
12/11/2015,26.580041885375977,27.42837842941284,28.4620741811,26.3946826777
12/14/2015,26.99584197998047,27.405197563171388,28.4316402798,26.3787548466
12/15/2015,27.619543075561523,27.387733936309814,28.4061049454,26.3693629272
12/16/2015,28.243244171142578,27.37775472640991,28.3888901874,26.3666192654
12/17/2015,27.931392669677734,27.37848237991333,28.3902140617,26.3667506982
12/18/2015,27.619543075561523,27.37099796295166,28.3758197916,26.3661761343
12/21/2015,27.84823226928711,27.35883581161499,28.353160462,26.3645111613
12/22/2015,28.097713470458984,27.34428279876709,28.3205237096,26.3680418879
12/23/2015,27.972972869873047,27.334407539367675,28.2978991448,26.3709159339
12/24/2015,28.056133270263672,27.322453269958498,28.2704066177,26.3744999222
12/28/2015,28.11850357055664,27.310810852050782,28.2423911201,26.379230584
12/29/2015,28.638254165649414,27.299688186645508,28.2147725116,26.3846038617
12/30/2015,28.700624465942383,27.297921047210693,28.2102439371,26.3855981573
12/31/2015,28.742204666137695,27.300831661224365,28.2171519506,26.3845113718
01/04/2016,27.765071868896484,27.29958427429199,28.2138543764,26.3853141721
01/05/2016,27.754676818847656,27.291891956329344,28.1989487986,26.384835114
01/06/2016,27.557172775268555,27.28305618286133,28.1812147605,26.3848976052
01/07/2016,26.912681579589844,27.271309814453126,28.1580529494,26.3845666795
01/08/2016,26.580041885375977,27.252079048156737,28.1254373477,26.3787207486
01/11/2016,24.064449310302734,27.22557176589966,28.0784587687,26.3726847631
01/12/2016,23.523908615112305,27.177027072906494,28.0693904343,26.2846637115
01/13/2016,23.399168014526367,27.124116477966307,28.0728720176,26.1753609383
01/14/2016,23.38877296447754,27.079210033416746,28.0945966555,26.0638234113
01/15/2016,22.78586196899414,27.04033269882202,28.1198244978,25.9608408998
01/19/2016,23.0665283203125,27.00582124710083,28.1628274684,25.8488150258
01/20/2016,23.01455307006836,26.97214141845703,28.1925697863,25.7517130506
01/21/2016,22.650728225708008,26.927442874908447,28.2086330763,25.6462526736
01/22/2016,23.55509376525879,26.875363883972167,28.2218288661,25.5288989019
01/25/2016,23.731809616088867,26.833368053436278,28.2167386916,25.4499974153
01/26/2016,23.65904426574707,26.79812898635864,28.2147748127,25.38148316
01/27/2016,23.305612564086914,26.768087406158447,28.2187215356,25.3174532767
01/28/2016,23.27442741394043,26.72629945755005,28.215376125,25.2372227901
01/29/2016,23.60706901550293,26.68575891494751,28.2125967445,25.1589210854
02/01/2016,23.43035316467285,26.652598838806153,28.2096326487,25.0955650289
02/02/2016,22.993762969970703,26.60977138519287,28.1956787502,25.0238640202
02/03/2016,22.972972869873047,26.567151851654053,28.1919190552,24.9423846482
02/04/2016,22.37006187438965,26.522037506103516,28.1829411183,24.8611338939
02/05/2016,21.88149642944336,26.468399238586425,28.1752756051,24.7615228721
02/08/2016,21.299375534057617,26.409667434692384,28.1714361991,24.6478986703
02/09/2016,21.34095573425293,26.340748500823974,28.1651632438,24.5163337578
02/10/2016,21.39293098449707,26.266736011505127,28.141654854,24.3918171691
02/11/2016,21.18503189086914,26.18742208480835,28.098725645,24.2761185246
02/12/2016,21.56964683532715,26.11340961456299,28.0730772877,24.1537419414
02/16/2016,21.580041885375977,26.046673641204833,28.0459083819,24.0474389005
02/17/2016,22.15176773071289,25.9824324798584,28.0205696595,23.9442953002
02/18/2016,22.193347930908203,25.925363883972167,27.9898941434,23.8608336246
02/19/2016,22.401247024536133,25.871413784027098,27.9621070943,23.7807204737
02/22/2016,22.57796287536621,25.82723499298096,27.9439507837,23.7105192023
02/23/2016,22.318086624145508,25.791995906829833,27.9330394342,23.6509523794
02/24/2016,22.245323181152344,25.753846206665038,27.9222855578,23.5854068556
02/25/2016,22.4636173248291,25.708108177185057,27.9016866183,23.5145297361
02/26/2016,22.390851974487305,25.664657039642336,27.8789406432,23.4503734361
02/29/2016,21.943866729736328,25.61372148513794,27.8440848026,23.3833581677
03/01/2016,22.650728225708008,25.55530153274536,27.8044355957,23.3061674698
03/02/2016,22.95218276977539,25.5103950881958,27.7722077879,23.2485823885
03/03/2016,23.076923370361328,25.47328489303589,27.7462948755,23.2002749106
03/04/2016,23.149688720703125,25.43669445037842,27.7185176969,23.1548712039
03/07/2016,23.087318420410156,25.398960571289063,27.6870829707,23.1108381718
03/08/2016,22.609148025512695,25.35935558319092,27.6528649403,23.065846226
03/09/2016,22.484407424926758,25.32515600204468,27.633871298,23.016440706
03/10/2016,22.182952880859375,25.29209987640381,27.6175269662,22.9666727866
03/11/2016,22.69230842590332,25.249792194366456,27.5928476395,22.9067367492
03/14/2016,23.2640323638916,25.211330661773683,27.5644626324,22.8581986911
03/15/2016,22.5363826751709,25.17733896255493,27.5338013599,22.8208765652
03/16/2016,22.494802474975586,25.140956420898437,27.5097940708,22.772118771
03/17/2016,22.30769157409668,25.109459533691407,27.492290957,22.7266281104
03/18/2016,22.671518325805664,25.07390859603882,27.4717087883,22.6761084038
03/21/2016,22.827442169189453,25.03575891494751,27.4411178055,22.6304000244
03/22/2016,22.806652069091797,24.99719341278076,27.4067294651,22.5876573605
03/23/2016,22.609148025512695,24.958523960113524,27.3718722718,22.5451756485
03/24/2016,22.58835792541504,24.9114345741272,27.3242240337,22.4986451146
03/28/2016,22.505197525024414,24.88711025238037,27.3109106914,22.4633098133
03/29/2016,22.95218276977539,24.860914821624757,27.296134066,22.4256955772
03/30/2016,22.920997619628906,24.826299438476564,27.2638012439,22.3887976331
03/31/2016,23.222454071044922,24.792515659332274,27.2327771055,22.3522542131
04/01/2016,23.877338409423828,24.764760990142822,27.2069375845,22.3225843958
04/04/2016,23.991683959960938,24.74355516433716,27.1841381241,22.3029722046
04/05/2016,22.858627319335938,24.722453289031982,27.1603217771,22.284584801
04/06/2016,23.846153259277344,24.68981294631958,27.1305648822,22.2490610104
04/07/2016,23.367982864379883,24.664137268066405,27.1001195743,22.2281549619
04/08/2016,23.44074821472168,24.633783836364746,27.0668150429,22.2007526298
04/11/2016,23.565488815307617,24.606652851104737,27.0377086278,22.1755970744
04/12/2016,23.451143264770508,24.579313983917235,27.0065494279,22.15207854
04/13/2016,23.80457305908203,24.54740129470825,26.9682725078,22.1265300816
04/14/2016,23.773387908935547,24.511850357055664,26.9172158438,22.1064848703
04/15/2016,24.116424560546875,24.4697505569458,26.8507061756,22.0887949383
04/18/2016,24.34511375427246,24.43305618286133,26.7907850953,22.0753272705
04/19/2016,24.480249404907227,24.399480285644533,26.7342029004,22.0647576709
04/20/2016,24.52182960510254,24.367775497436522,26.6795461606,22.0560048342
04/21/2016,25.0,24.33825366973877,26.6289221993,22.0475851402
04/22/2016,24.802494049072266,24.312785892486573,26.5816945554,22.0438772296
04/25/2016,24.792098999023438,24.281392955780028,26.5214069294,22.0413789821
04/26/2016,24.584199905395508,24.254469871520996,26.4718902059,22.0370495371
04/27/2016,24.553014755249023,24.225571746826173,26.4195522657,22.0315912279
04/28/2016,23.60706901550293,24.196569671630858,26.3667319483,22.026407395
04/29/2016,23.347192764282227,24.16226613998413,26.3142880393,22.0102442407
05/02/2016,23.409563064575195,24.119646587371825,26.2450207492,21.9942724256
05/03/2016,23.149688720703125,24.076611232757568,26.1721485156,21.9810739499
05/04/2016,22.57796287536621,24.03097713470459,26.0962968407,21.9656574287
05/05/2016,22.5363826751709,23.98471933364868,26.0301664185,21.9392722488
05/06/2016,22.609148025512695,23.93856548309326,25.9640033208,21.9131276454
05/09/2016,22.806652069091797,23.898856544494627,25.9109999704,21.8867131186
05/10/2016,22.869022369384766,23.85696464538574,25.8476886728,21.8662406179
05/11/2016,22.4636173248291,23.809459438323973,25.7662209833,21.8526978934
05/12/2016,22.130977630615234,23.75166316986084,25.66140236,21.8419239797
05/13/2016,22.276506423950195,23.693659019470214,25.5632322655,21.8240857734
05/16/2016,22.567567825317383,23.6402286529541,25.4728243194,21.8076329865
05/17/2016,22.276506423950195,23.587422008514405,25.3734935085,21.8013505085
05/18/2016,22.328481674194336,23.529209938049316,25.2613821189,21.7970377572
05/19/2016,21.954261779785156,23.472765026092528,25.1503172994,21.7952127528
05/20/2016,22.266111373901367,23.411746311187745,25.0314512913,21.7920413311
05/23/2016,22.328481674194336,23.35322238922119,24.9061577801,21.8002869983
05/24/2016,21.891891479492188,23.290124664306642,24.7525925552,21.8276567734
05/25/2016,22.52598762512207,23.22203733444214,24.5862191137,21.8578555552
05/26/2016,22.318086624145508,23.159875164031984,24.407773465,21.911976863
05/27/2016,22.390851974487305,23.105405311584473,24.2669951348,21.9438154884
05/31/2016,22.432432174682617,23.05176706314087,24.1173009504,21.9862331759
06/01/2016,22.83783721923828,23.00051965713501,23.9667417429,22.0342975714
06/02/2016,23.00415802001953,22.959771213531493,23.8424598506,22.0770825765
06/03/2016,23.11850357055664,22.92401237487793,23.7282614905,22.1197632593
06/06/2016,23.305612564086914,22.914552917480467,23.7108565423,22.1182492927
06/07/2016,23.222454071044922,22.912369956970213,23.7072981489,22.117441765
06/08/2016,23.43035316467285,22.910602817535402,23.7046428075,22.1165628276
06/09/2016,23.076923370361328,22.911018619537355,23.7053197401,22.116717499
06/10/2016,22.567567825317383,22.913929233551027,23.7082996764,22.1195587907
06/13/2016,22.276506423950195,22.908939628601075,23.7039027106,22.1139765466
06/14/2016,21.56964683532715,22.901559162139893,23.6989298451,22.1041884792
06/15/2016,21.62162208557129,22.890748348236084,23.698704953,22.0827917435
06/16/2016,21.55925178527832,22.87141363143921,23.6863451073,22.0564821556
06/17/2016,21.424116134643555,22.849688053131104,23.6703318152,22.0290442911
06/20/2016,21.88149642944336,22.827338771820067,23.6560297105,21.9986478331
06/21/2016,22.234928131103516,22.813097610473633,23.6456746822,21.9805205387
06/22/2016,22.609148025512695,22.802702617645263,23.6359439225,21.9694613128
06/23/2016,23.27442741394043,22.79272340774536,23.6222389702,21.9632078453
06/24/2016,21.839916229248047,22.791164150238036,23.61962556,21.9627027405
06/27/2016,20.987525939941406,22.77962568283081,23.613204374,21.9460469916
06/28/2016,21.548856735229492,22.759771213531494,23.6119458541,21.907596573
06/29/2016,22.25571632385254,22.75155916213989,23.6113722728,21.8917460515
06/30/2016,22.671518325805664,22.755301361083983,23.6121287013,21.8984740209
07/01/2016,22.972972869873047,22.769022789001465,23.6133200169,21.9247255611
07/05/2016,22.47401237487793,22.785342960357667,23.6175650836,21.9531208372
07/06/2016,22.515592575073242,22.796153774261473,23.6171640938,21.9751434547
07/07/2016,22.64033317565918,22.809459381103515,23.6148853022,22.00403346
07/08/2016,23.024948120117188,22.820166244506837,23.6161002635,22.0242322255
07/11/2016,22.910602569580078,22.834615306854246,23.6209628503,22.0482677634
07/12/2016,23.024948120117188,22.84220365524292,23.6255808368,22.0588264736
07/13/2016,22.931392669677734,22.85051965713501,23.6313746185,22.0696646958
07/14/2016,22.95218276977539,22.855821113586426,23.6354064589,22.0762357683
07/15/2016,22.879417419433594,22.85956331253052,23.6387039355,22.0804226896
07/18/2016,23.367982864379883,22.8651766204834,23.6424156911,22.0879375499
07/19/2016,23.222454071044922,22.876403217315673,23.652715329,22.1000911056
07/20/2016,23.700624465942383,22.88399158477783,23.6599403598,22.1080428098
07/21/2016,23.690229415893555,22.897089309692383,23.6756533577,22.1185252617
07/22/2016,23.98128890991211,22.914552936553957,23.6911232026,22.1379826706
07/25/2016,23.80457305908203,22.927858543395995,23.7111640779,22.1445530089
07/26/2016,24.043659210205078,22.936382446289063,23.7245291777,22.1482357149
07/27/2016,24.002079010009766,22.9460498046875,23.7417538409,22.1503457685
07/28/2016,24.35550880432129,22.954573707580565,23.7569511406,22.1521962745
07/29/2016,27.858627319335938,22.967255611419677,23.7815643331,22.1529468897
08/01/2016,27.858627319335938,23.01975040435791,23.9675456103,22.0719551984
08/02/2016,27.79625701904297,23.073492603302,24.1349580551,22.0120271515
08/03/2016,27.64033317565918,23.129625644683838,24.2866357632,21.9726155262
08/04/2016,27.661123275756836,23.179105892181397,24.4191770515,21.9390347328
08/05/2016,28.01455307006836,23.22307680130005,24.5408991386,21.905254464
08/08/2016,27.609148025512695,23.277858505249025,24.6773304191,21.8783865914
08/09/2016,27.910602569580078,23.329001960754393,24.7909783307,21.8670255908
08/10/2016,27.681913375854492,23.38503107070923,24.9126814029,21.8573807385
08/11/2016,27.806652069091797,23.435135021209717,25.0196684234,21.850601619
08/12/2016,28.295217514038086,23.48492712020874,25.1267783791,21.8430758613
08/15/2016,28.638254165649414,23.539812774658202,25.2484530199,21.8311725294
08/16/2016,28.65904426574707,23.60010383605957,25.3797375492,21.8204701229
08/17/2016,28.367982864379883,23.66081069946289,25.5071864236,21.8144349754
08/18/2016,28.71101951599121,23.719438552856445,25.6204610065,21.8184160992
08/19/2016,28.617464065551758,23.777026920318605,25.7401473802,21.8139064605
08/22/2016,28.586278915405273,23.83399158477783,25.8532903301,21.8146928395
08/23/2016,28.627859115600586,23.887629833221435,25.9605005307,21.8147591357
08/24/2016,27.95218276977539,23.935135040283203,26.0609837793,21.8092863013
08/25/2016,27.598752975463867,23.974740028381348,26.1378394373,21.8116406195
08/26/2016,27.733888626098633,24.022141284942627,26.2120339299,21.83224864
08/29/2016,27.931392669677734,24.06101863861084,26.2817345847,21.8403026925
08/30/2016,27.78586196899414,24.10665273666382,26.3593160066,21.8539894667
08/31/2016,27.557172775268555,24.150103874206543,26.4312297637,21.8689779847
09/01/2016,27.505197525024414,24.190020713806152,26.4953635098,21.8846779178
09/02/2016,27.681913375854492,24.23056125640869,26.5580935216,21.9030289912
09/06/2016,28.024948120117188,24.269334659576415,26.6216115829,21.9170577363
09/07/2016,28.00415802001953,24.31185026168823,26.6930234684,21.930677055
09/08/2016,27.910602569580078,24.350727596282958,26.7599647882,21.9414904044
09/09/2016,27.110187530517578,24.386382484436034,26.821516846,21.9512481229
09/12/2016,26.99584197998047,24.41268186569214,26.862843234,21.9625204974
09/13/2016,26.808731079101562,24.437421989440917,26.9010142216,21.9738297572
09/14/2016,27.016632080078125,24.455509300231935,26.9297820547,21.9812365458
09/15/2016,27.266111373901367,24.47765068054199,26.9648026537,21.9904987074
09/16/2016,27.650728225708008,24.502390804290773,27.0048054815,21.9999761271
09/19/2016,27.193347930908203,24.533056087493897,27.0549982389,22.0111139361
09/20/2016,27.224533081054688,24.559459419250487,27.0952556695,22.023663169
09/21/2016,27.494802474975586,24.595634059906004,27.1433604423,22.0479076775
09/22/2016,27.931392669677734,24.63711015701294,27.1979020601,22.0763182539
09/23/2016,27.713098526000977,24.682328453063963,27.2609064974,22.1037504087
09/26/2016,27.567567825317383,24.727962551116942,27.3193614179,22.1365636843
09/27/2016,28.191268920898438,24.777858600616455,27.3754088054,22.1803083959
09/28/2016,28.37837791442871,24.83440746307373,27.4440704392,22.2247444869
09/29/2016,27.74428367614746,24.89209976196289,27.5156644968,22.2685350271
09/30/2016,28.523908615112305,24.941476078033446,27.5717826205,22.3111695356
10/03/2016,28.347192764282227,24.998024940490723,27.6439089739,22.352140907
10/04/2016,28.3367977142334,25.056860694885255,27.7111360581,22.4025853316
10/05/2016,28.638254165649414,25.118918895721436,27.7766055656,22.4612322259
10/06/2016,28.482328414916992,25.18253637313843,27.8475533285,22.5175194177
10/07/2016,28.461538314819336,25.241683979034423,27.9136350645,22.5697328935
10/10/2016,28.65904426574707,25.303534297943116,27.9777162255,22.6293523704
10/11/2016,27.484407424926758,25.36683992385864,28.0447731698,22.6889066779
10/12/2016,26.860706329345703,25.42214138031006,28.0860956299,22.7581871307
10/13/2016,26.839916229248047,25.468087329864503,28.1167909091,22.8193837506
10/14/2016,26.975051879882812,25.51320167541504,28.1464208564,22.8799824944
10/17/2016,27.027027130126953,25.564033279418947,28.1758316231,22.9522349358
10/18/2016,27.224533081054688,25.609043674468992,28.2068448501,23.0112424988
10/19/2016,26.98544692993164,25.658108139038085,28.2395723948,23.0766438833
10/20/2016,27.079002380371094,25.704054088592528,28.2677848326,23.1403233446
10/21/2016,26.81912612915039,25.750519790649413,28.2965806687,23.2044589126
10/24/2016,26.912681579589844,25.790332679748534,28.3216214673,23.2590438922
10/25/2016,25.841995239257812,25.829417915344237,28.3475251904,23.3113106403
10/26/2016,25.675676345825195,25.85665283203125,28.3599773264,23.3533283377
10/27/2016,25.821205139160156,25.880353469848632,28.3705986916,23.3901082481
10/28/2016,25.69646644592285,25.906340980529784,28.3822320538,23.4304499073
10/31/2016,25.343034744262695,25.929002113342285,28.3924668272,23.4655373995
11/01/2016,25.37421989440918,25.951663227081298,28.3991588688,23.5041675854
11/02/2016,24.88565444946289,25.979729747772218,28.404242189,23.5552173065
11/03/2016,27.30769157409668,26.005821228027344,28.4042397049,23.6074027512
11/04/2016,27.650728225708008,26.06320167541504,28.4231319511,23.7032713998
11/07/2016,28.575883865356445,26.123492736816406,28.4458970958,23.8010883778
11/08/2016,28.399168014526367,26.193659057617186,28.4828637147,23.9044544005
11/09/2016,29.45945930480957,26.263409576416016,28.512131464,24.0146876888
11/10/2016,29.230770111083984,26.339189205169678,28.5665516108,24.1118267995
11/11/2016,28.5966739654541,26.40914762496948,28.6162751513,24.2020200987
11/14/2016,28.617464065551758,26.469022884368897,28.6533487795,24.2846969893
11/15/2016,28.856548309326172,26.52245325088501,28.6932891279,24.3516173739
11/16/2016,28.523908615112305,26.59261957168579,28.7240096252,24.4612295182
11/17/2016,29.158004760742188,26.6679833984375,28.7320260049,24.603940792
11/18/2016,28.950103759765625,26.744074878692626,28.7576362643,24.7305134931
11/21/2016,28.991683959960938,26.81101875305176,28.785141338,24.8368961681
11/22/2016,28.648649215698242,26.87422040939331,28.8157053825,24.9327354363
11/23/2016,28.6694393157959,26.930977172851563,28.8402784122,25.0216759335
11/25/2016,28.648649215698242,26.99293144226074,28.8565757338,25.1292871507
11/28/2016,28.17047882080078,27.054262008666992,28.8698492379,25.2386747794
11/29/2016,28.60706901550293,27.10956346511841,28.8733464615,25.3457804687
11/30/2016,28.399168014526367,27.165384674072264,28.8868372161,25.443932132
12/01/2016,27.95218276977539,27.22027032852173,28.8919691427,25.5485715144
12/02/2016,28.367982864379883,27.26954267501831,28.8886470061,25.6504383439
12/05/2016,28.71101951599121,27.323908576965334,28.8867308437,25.7610863102
12/06/2016,29.064449310302734,27.38149694442749,28.8872253129,25.875768576
12/07/2016,28.97089385986328,27.443347263336182,28.8886944686,25.9980000581
12/08/2016,29.251558303833008,27.499376373291014,28.8933409779,26.1054117687
12/09/2016,29.532224655151367,27.559667415618897,28.8965604856,26.2227743457
12/12/2016,29.490644454956055,27.617983417510985,28.9117647051,26.3242021299
12/13/2016,29.750518798828125,27.67598756790161,28.9215001601,26.4304749757
12/14/2016,29.29313850402832,27.733679866790773,28.9397072431,26.5276524904
12/15/2016,28.846153259277344,27.788565521240233,28.9381001692,26.6390308733
12/16/2016,28.80457305908203,27.836590461730957,28.9274915559,26.7456893675
12/19/2016,28.71101951599121,27.88461540222168,28.9093563084,26.859874496
12/20/2016,28.617464065551758,27.92817050933838,28.8927846193,26.9635563993
12/21/2016,28.617464065551758,27.935758876800538,28.9027778484,26.9687399052
12/22/2016,28.627859115600586,27.943347244262696,28.9127057099,26.9739887786
12/23/2016,28.91891860961914,27.951663265228273,28.9232886501,26.9800378804
12/27/2016,28.991683959960938,27.96444911956787,28.9402969433,26.9886012958
12/28/2016,28.835758209228516,27.977754726409913,28.9584350946,26.9970743583
12/29/2016,29.13721466064453,27.985966777801515,28.9703522233,27.0015813323
12/30/2016,29.126819610595703,28.00124744415283,28.9915075108,27.0109873775
01/03/2017,29.334718704223633,28.01340961456299,29.0099305844,27.0168886447
01/04/2017,29.812889099121094,28.02993766784668,29.0344975448,27.0253777909
01/05/2017,29.78170394897461,28.050000038146973,29.0698179832,27.0301820931
01/06/2017,29.802494049072266,28.06486490249634,29.0988834445,27.0308463605
01/09/2017,29.854469299316406,28.076507301330565,29.1233905793,27.0296240233
01/10/2017,29.760913848876953,28.08846155166626,29.1486689319,27.0282541714
01/11/2017,29.553014755249023,28.102390861511232,29.1752539976,27.0295277254
01/12/2017,29.449064254760742,28.110810813903807,29.1916915758,27.029930052
01/13/2017,29.4698543548584,28.119126815795898,29.2070497511,27.0312038805
01/17/2017,28.783782958984375,28.12796257019043,29.2232071003,27.0327180401
01/18/2017,29.012474060058594,28.12952180862427,29.2255875857,27.0334560315
01/19/2017,28.783782958984375,28.1401247215271,29.2395469886,27.0407024544
01/20/2017,28.731809616088867,28.151975021362304,29.251884571,27.0520654717
01/23/2017,28.898128509521484,28.161954231262207,29.262552047,27.0613564155
01/24/2017,28.513513565063477,28.171621589660646,29.2743953804,27.0688477989
01/25/2017,27.809999465942383,28.17889810562134,29.2815031492,27.076293062
01/26/2017,28.15999984741211,28.181426372528076,29.2828921815,27.0799605636
01/27/2017,28.510000228881836,28.187974395751954,29.2873450285,27.088603763
01/30/2017,28.489999771118164,28.196255264282225,29.2949013602,27.0976091684
01/31/2017,28.979999542236328,28.200905780792237,29.2998011415,27.1020104201
02/01/2017,28.959999084472656,28.210664196014406,29.3120989699,27.1092294221
02/02/2017,29.290000915527344,28.22115816116333,29.3246811994,27.117635123
02/03/2017,29.31999969482422,28.24295629501343,29.3458477802,27.1400648098
02/06/2017,29.100000381469727,28.266197872161865,29.3670506057,27.1653451386
02/07/2017,29.06999969482422,28.289110565185545,29.3832138149,27.1950073154
02/08/2017,28.979999542236328,28.309644241333007,29.3989312341,27.2203572486
02/09/2017,28.959999084472656,28.32678312301636,29.4129951489,27.2405710971
02/10/2017,29.1200008392334,28.339875831604004,29.4257507178,27.2540009454
02/13/2017,29.1200008392334,28.359142360687255,29.4415903998,27.2766943216
02/14/2017,29.030000686645508,28.378097038269043,29.457101279,27.2990927975
02/15/2017,28.969999313354492,28.39344902038574,29.4706965124,27.3162015284
02/16/2017,28.700000762939453,28.40383508682251,29.4815843296,27.326085844
02/17/2017,28.889999389648438,28.413704109191894,29.4896000167,27.3378082016
02/21/2017,28.739999771118164,28.426928424835204,29.5004675379,27.3533893118
02/22/2017,28.479999542236328,28.432415733337404,29.5061386488,27.3586928178
02/23/2017,28.31999969482422,28.43343194961548,29.5071513301,27.3597125692
02/24/2017,28.139999389648438,28.439189109802246,29.5107391919,27.3676390277
02/27/2017,28.739999771118164,28.435350017547606,29.5072773522,27.3634226829
02/28/2017,28.459999084472656,28.439278087615968,29.5115948219,27.3669613533
03/01/2017,28.739999771118164,28.44051010131836,29.512779159,27.3682410436
03/02/2017,28.6299991607666,28.441527557373046,29.5140320144,27.3690231003
03/03/2017,29.239999771118164,28.443004264831544,29.5156655339,27.3703429958
03/06/2017,29.43000030517578,28.45078887939453,29.5263771748,27.375200584
03/07/2017,29.729999542236328,28.45849843978882,29.5383065667,27.3786903129
03/08/2017,29.649999618530273,28.480954360961913,29.5636177158,27.3982910061
03/09/2017,29.59000015258789,28.50884729385376,29.5853214253,27.4323731625
03/10/2017,30.010000228881836,28.53634813308716,29.6049340517,27.4677622145
03/13/2017,29.959999084472656,28.566697616577148,29.633606619,27.4997886142
03/14/2017,30.06999969482422,28.596027336120606,29.6605185877,27.5315360845
03/15/2017,30.219999313354492,28.6244820022583,29.6899621461,27.5590018584
03/16/2017,29.329999923706055,28.656827526092528,29.7211555297,27.5924995225
03/17/2017,29.3799991607666,28.67933750152588,29.733815424,27.624859579
03/20/2017,29.190000534057617,28.70494623184204,29.7449333886,27.6649590751
03/21/2017,28.670000076293945,28.72771942138672,29.7530414776,27.7023973652
03/22/2017,28.68000030517578,28.75599946975708,29.7394855309,27.7725134086
03/23/2017,28.739999771118164,28.786042709350586,29.7195929701,27.8524924486
03/24/2017,28.93000030517578,28.815230655670167,29.6999807529,27.9304805584
03/27/2017,29.0,28.847565994262695,29.674972774,28.0201592145
03/28/2017,28.829999923706055,28.88413564682007,29.6329210688,28.1353502248
03/29/2017,28.760000228881836,28.918693447113036,29.5792383642,28.25814853
03/30/2017,29.059999465942383,28.957436904907226,29.4793720846,28.4355017253
03/31/2017,28.969999313354492,28.974959983825684,29.4699325767,28.479987391
04/03/2017,28.860000610351562,28.988152694702148,29.4649001841,28.5114052053
04/04/2017,28.549999237060547,28.9909938621521,29.466119814,28.5158679103
04/05/2017,27.969999313354492,28.992502174377442,29.4659835144,28.5190208343
04/06/2017,28.149999618530273,28.97760757446289,29.4595176923,28.4956974566
04/07/2017,28.15999984741211,28.966799869537354,29.4549893735,28.4786103656
04/10/2017,27.979999542236328,28.962433128356935,29.4558388987,28.469027358
04/11/2017,27.829999923706055,28.95605848312378,29.4579253371,28.4541916292
04/12/2017,27.969999313354492,28.945792999267578,29.4599389075,28.431647091
04/13/2017,28.09000015258789,28.94025390625,29.461844936,28.4186628765
04/17/2017,28.100000381469727,28.929573860168457,29.4574926977,28.4016550227
04/18/2017,28.1299991607666,28.921072826385497,29.4553983248,28.386747328
04/19/2017,28.540000915527344,28.912455978393556,29.452490796,28.3724211607
04/20/2017,28.670000076293945,28.911369495391845,29.4520428825,28.3706961083
04/21/2017,28.690000534057617,28.911375102996825,29.4520459838,28.3707042222
04/24/2017,29.280000686645508,28.91178861618042,29.4522741834,28.3713030489
04/25/2017,29.6200008392334,28.922883834838867,29.4594115076,28.386356162
04/26/2017,29.90999984741211,28.93301315307617,29.4730332191,28.392993087
04/27/2017,29.979999542236328,28.94812147140503,29.494096319,28.4021466238
04/28/2017,30.09000015258789,28.96839963912964,29.5146652473,28.422134031
05/01/2017,30.350000381469727,28.98561981201172,29.5397718258,28.4314677982
05/02/2017,30.459999084472656,29.002009620666502,29.5718140772,28.4322051641
05/03/2017,30.969999313354492,29.015965118408204,29.6039283047,28.4280019321
05/04/2017,32.15999984741211,29.035956172943116,29.6552002672,28.4167120787
05/05/2017,32.040000915527344,29.065040588378906,29.7576797376,28.3724014391
05/08/2017,31.56999969482422,29.090118350982667,29.8420767121,28.3381599899
05/09/2017,31.68000030517578,29.110911903381346,29.9014199098,28.3204038969
05/10/2017,32.060001373291016,29.130206718444825,29.9587245521,28.3016888848
05/11/2017,32.0099983215332,29.157875347137452,30.0360824681,28.2796682262
05/12/2017,32.220001220703125,29.18951379776001,30.1118050227,28.2672225728
05/15/2017,32.45000076293945,29.22366807937622,30.1931067495,28.2542294092
05/16/2017,32.52000045776367,29.261057891845702,30.2808017212,28.2413140625
05/17/2017,32.13999938964844,29.300083255767824,30.3679874813,28.2321790303
05/18/2017,32.119998931884766,29.335308609008788,30.437656175,28.232961043
05/19/2017,32.560001373291016,29.37023000717163,30.5044657879,28.2359942265
05/22/2017,32.61000061035156,29.40664083480835,30.5834478078,28.2298338618
05/23/2017,32.75,29.442824001312257,30.6612076341,28.2244403685
05/24/2017,32.63999938964844,29.481966419219972,30.7423692873,28.2215635511
05/25/2017,32.84000015258789,29.51699426651001,30.8154285638,28.2185599692
05/26/2017,32.900001525878906,29.554126071929932,30.8933251505,28.2149269934
05/30/2017,32.97999954223633,29.589778900146484,30.9695073073,28.210050493
05/31/2017,33.560001373291016,29.621450004577635,31.0416913915,28.2012086177
06/01/2017,33.880001068115234,29.6592329788208,31.1325025059,28.1859634517
06/02/2017,34.27000045776367,29.70000804901123,31.2319362746,28.1680798234
06/05/2017,34.16999816894531,29.744163360595703,31.3421195929,28.1462071283
06/06/2017,34.83000183105469,29.788254203796388,31.4457817147,28.1307266929
06/07/2017,34.540000915527344,29.841024074554444,31.5725700906,28.1094780585
06/08/2017,34.47999954223633,29.89193344116211,31.68495529,28.0989115923
06/09/2017,34.040000915527344,29.94203489303589,31.7916670708,28.0924027153
06/12/2017,33.7599983215332,29.99459707260132,31.8848071641,28.1043869811
06/13/2017,34.22999954223633,30.042072315216064,31.966332459,28.1178121714
06/14/2017,34.349998474121094,30.096534481048582,32.0610612426,28.1320077195
06/15/2017,33.95000076293945,30.152716369628905,32.1573369852,28.1480957541
06/16/2017,33.900001525878906,30.203235092163087,32.2390163799,28.1674538044
06/19/2017,34.61000061035156,30.25709997177124,32.3185589839,28.1956409597
06/20/2017,34.75,30.32509998321533,32.4166505295,28.2335494369
06/21/2017,34.83000183105469,30.39099998474121,32.516831985,28.2651679845
06/22/2017,34.93000030517578,30.45420000076294,32.6167987209,28.2916012806
06/23/2017,34.720001220703125,30.518600006103515,32.717334397,28.3198656152
06/26/2017,34.56999969482422,30.576000022888184,32.8084836102,28.3435164356
06/27/2017,34.02000045776367,30.6321000289917,32.8935689102,28.3706311478
06/28/2017,34.29999923706055,30.67940002441406,32.9616731465,28.3971269023
06/29/2017,33.63999938964844,30.729200019836426,33.0354736936,28.4229263461
06/30/2017,33.529998779296875,30.774600009918213,33.0930093168,28.456190703
07/03/2017,33.220001220703125,30.81920000076294,33.1472674733,28.4911325283
07/05/2017,33.52000045776367,30.86160001754761,33.1943906804,28.5288093547
07/06/2017,32.900001525878906,30.907200031280517,33.2469314226,28.56746864
07/07/2017,33.27000045776367,30.945000038146972,33.2860865191,28.6039135572
07/10/2017,33.15999984741211,30.986500034332277,33.3316468763,28.6413531923
07/11/2017,33.25,31.027800025939943,33.3744934739,28.681106578
07/12/2017,33.63999938964844,31.070600032806396,33.4184021087,28.7227979569
07/13/2017,33.75,31.120000019073487,33.4693733292,28.7706267089
07/14/2017,34.06999969482422,31.168600025177003,33.5216051167,28.8155949336
07/17/2017,34.25,31.22190002441406,33.5796515549,28.864148494
07/18/2017,34.060001373291016,31.2796000289917,33.6401458771,28.9190541809
07/19/2017,34.220001220703125,31.337000045776367,33.6946675189,28.9793325726
07/20/2017,34.54999923706055,31.397800064086915,33.7506298704,29.0449702578
07/21/2017,34.56999969482422,31.455900058746337,33.8141106219,29.0976894955
07/24/2017,34.630001068115234,31.517000064849853,33.8759502103,29.1580499194
07/25/2017,34.189998626708984,31.575900077819824,33.9383071179,29.2134930377
07/26/2017,34.310001373291016,31.63150007247925,33.9893438871,29.2736562579
07/27/2017,34.27000045776367,31.682200088500977,34.0425830908,29.3218170862
07/28/2017,33.15999984741211,31.730600090026854,34.0939258031,29.3672743769
07/31/2017,32.84000015258789,31.764900093078612,34.123827762,29.4059724242
08/01/2017,32.939998626708984,31.79680009841919,34.1484702492,29.4451299476
08/02/2017,32.90999984741211,31.8303000831604,34.1741429998,29.4864571665
08/03/2017,32.369998931884766,31.859300079345704,34.1983770807,29.520223078
08/04/2017,32.11000061035156,31.883400077819825,34.2151880396,29.551612116
08/07/2017,32.09000015258789,31.903800086975096,34.2285469994,29.5790531745
08/08/2017,31.450000762939453,31.922500095367432,34.2411405097,29.6038596811
08/09/2017,31.65999984741211,31.943700103759767,34.2481883149,29.6392118926
08/10/2017,31.020000457763672,31.96650011062622,34.2567457979,29.6762544233
08/11/2017,31.489999771118164,31.984800109863283,34.2600494446,29.7095507752
08/14/2017,31.6299991607666,32.013000106811525,34.2643405023,29.7616597113
08/15/2017,31.360000610351562,32.04250009536743,34.2691660666,29.8158341241
08/16/2017,31.469999313354492,32.06870010375977,34.271640838,29.8657593695
08/17/2017,31.440000534057617,32.094100093841554,34.2752403418,29.9129598459
08/18/2017,31.25,32.11850009918213,34.2784355911,29.9585646072
08/21/2017,31.520000457763672,32.14270009994507,34.279084026,30.0063161739
08/22/2017,31.700000762939453,32.17030010223389,34.2804720108,30.0601281937
08/23/2017,31.579999923706055,32.19670011520386,34.2841867947,30.1092134357
08/24/2017,31.56999969482422,32.22280012130737,34.2859546569,30.1596455858
08/25/2017,31.540000915527344,32.2499001121521,34.286330692,30.2134695323
08/28/2017,31.65999984741211,32.27980012893677,34.2833725382,30.2762277196
08/29/2017,31.6299991607666,32.31670013427734,34.2740040152,30.3593962534
08/30/2017,31.600000381469727,32.35150012969971,34.2648555836,30.4381446758
08/31/2017,32.16999816894531,32.38590013504028,34.2539757505,30.5178245196
09/01/2017,32.31999969482422,32.42780012130737,34.242820075,30.6127801676
09/05/2017,31.93000030517578,32.472700119018555,34.227977865,30.7174223731
09/06/2017,31.709999084472656,32.512300128936765,34.2092485342,30.8153517237
09/07/2017,32.16999816894531,32.54850011825562,34.1883760128,30.9086242237
09/08/2017,32.0,32.58920009613037,34.1675148935,31.0108852988
09/11/2017,32.20000076293945,32.6279001045227,34.14256401,31.113236199
09/12/2017,32.279998779296875,32.664500102996826,34.1231258149,31.2058743911
09/13/2017,32.04999923706055,32.70060009002685,34.1035269828,31.2976731973
09/14/2017,32.27000045776367,32.73420007705688,34.079732921,31.3886672332
09/15/2017,32.0099983215332,32.764100074768066,34.0650245548,31.4631755947
09/18/2017,32.11000061035156,32.78800004959106,34.0523838475,31.5236162517
09/19/2017,32.22999954223633,32.810000057220456,34.0428627296,31.5771373849
09/20/2017,31.959999084472656,32.83250005722046,34.0336324794,31.631367635
09/21/2017,31.8700008392334,32.851200046539304,34.0237054531,31.67869464
09/22/2017,32.189998626708984,32.86640005111694,34.0160110329,31.7167890694
09/25/2017,32.83000183105469,32.8837000465393,34.0097434082,31.7576566849
09/26/2017,32.15999984741211,32.90230007171631,34.0118197973,31.7927803462
09/27/2017,31.8700008392334,32.90230007171631,34.0118197973,31.7927803462
09/28/2017,31.440000534057617,32.90060007095337,34.0115689949,31.789631147
09/29/2017,31.5,32.8993000793457,34.0119000958,31.7867000629
10/02/2017,31.959999084472656,32.897500076293944,34.0122148579,31.7827852947
10/03/2017,32.029998779296875,32.89650005340576,34.0120102885,31.7809898183
10/04/2017,32.540000915527344,32.896700057983395,34.0120531124,31.7813470036
10/05/2017,32.970001220703125,32.89990005493164,34.0137650941,31.7860350157
10/06/2017,34.13999938964844,32.90510005950928,34.0180660669,31.7921340522
10/09/2017,35.040000915527344,32.92130004882812,34.0403164206,31.802283677
10/10/2017,34.63999938964844,32.95030006408692,34.0861439204,31.8144562078
10/11/2017,35.369998931884766,32.97550006866455,34.1205603571,31.8304397803
10/12/2017,34.16999816894531,33.00360004425049,34.1723529317,31.8348471568
10/13/2017,34.650001525878906,33.019200019836425,34.1929953995,31.8454046402
10/16/2017,34.52000045776367,33.038200035095215,34.2228118035,31.8535882667
10/17/2017,34.2599983215332,33.05700004577637,34.2500311806,31.8639689109
10/18/2017,34.400001525878906,33.07120002746582,34.2700005981,31.8723994568
10/19/2017,34.29999923706055,33.08620002746582,34.2921278251,31.8802722298
10/20/2017,34.130001068115234,33.09940002441406,34.3113026249,31.8874974239
10/23/2017,34.13999938964844,33.105100021362304,34.320491017,31.8897090258
10/24/2017,33.52000045776367,33.10770000457764,34.325022461,31.8903775481
10/25/2017,33.540000915527344,33.10020000457764,34.312638954,31.8877610551
10/26/2017,33.709999084472656,33.09390003204346,34.302394171,31.8854058931
10/27/2017,34.04999923706055,33.08270000457764,34.2801923549,31.8852076543
10/30/2017,33.779998779296875,33.07779998779297,34.2703113452,31.8852886304
10/31/2017,33.86000061035156,33.07079998016357,34.257098228,31.8845017323
11/01/2017,34.2599983215332,33.068999977111815,34.2539620713,31.8840378829
11/02/2017,33.7400016784668,33.07399997711182,34.2629155116,31.8850844426
11/03/2017,33.70000076293945,33.06909999847412,34.2542448719,31.883955125
11/06/2017,33.45000076293945,33.06260002136231,34.2424726713,31.8827273714
11/07/2017,30.68000030517578,33.057600021362305,34.2347578114,31.8804422313
11/08/2017,31.739999771118164,33.02540000915528,34.2229379096,31.8278621087
11/09/2017,31.610000610351562,32.99670000076294,34.1903022292,31.8030977724
11/10/2017,31.540000915527344,32.96530000686646,34.1536556199,31.7769443938
11/13/2017,30.770000457763672,32.93239999771118,34.1141995994,31.750600396
11/14/2017,30.850000381469727,32.89079999923706,34.0747659559,31.7068340426
11/15/2017,30.68000030517578,32.85209999084473,34.0388883273,31.6653116544
11/16/2017,31.030000686645508,32.81319999694824,34.0067751821,31.6196248118
11/17/2017,31.020000457763672,32.78329999923706,33.9837007811,31.5828992174
11/20/2017,31.309999465942383,32.75050001144409,33.9538182091,31.5471818138
11/21/2017,32.119998931884766,32.72720001220703,33.9356163815,31.5187836429
11/22/2017,31.8700008392334,32.71310001373291,33.9202923698,31.5059076577
11/24/2017,32.20000076293945,32.699600009918214,33.9085953814,31.4906046384
11/27/2017,31.81999969482422,32.68640001296997,33.8935706693,31.4792293567
11/28/2017,32.16999816894531,32.67559999465942,33.8856390817,31.4655609076
11/29/2017,31.84000015258789,32.66459997177124,33.8741853572,31.4550145864
11/30/2017,31.899999618530273,32.651399974823,33.8627083596,31.4400915901
12/01/2017,31.670000076293945,32.6378999710083,33.8499843566,31.4258155854
12/04/2017,31.239999771118164,32.61819997787475,33.8298462702,31.4065536855
12/05/2017,31.020000457763672,32.593099975585936,33.8070362889,31.3791636623
12/06/2017,30.84000015258789,32.562599983215335,33.7773613657,31.3478386007
12/07/2017,31.239999771118164,32.52849998474121,33.7432768038,31.3137231657
12/08/2017,31.40999984741211,32.50029996871948,33.7119248456,31.2886750919
12/11/2017,31.260000228881836,32.47219995498657,33.6761763048,31.2682236051
12/12/2017,31.670000076293945,32.439299964904784,33.6309368328,31.247663097
12/13/2017,32.04999923706055,32.410299968719485,33.5848964249,31.2357035125
12/14/2017,31.610000610351562,32.38449995040894,33.5382064254,31.2307934754
12/15/2017,32.119998931884766,32.35869997024536,33.5005288668,31.2168710737
12/18/2017,32.400001525878906,32.3367999458313,33.4618722227,31.211727669
12/19/2017,32.540000915527344,32.31809995651245,33.4262990545,31.2099008585
12/20/2017,32.08000183105469,32.311899967193604,33.4171018704,31.2066980639
12/21/2017,31.989999771118164,32.30429998397827,33.4084568372,31.2001431307
12/22/2017,31.739999771118164,32.294799995422366,33.3975324314,31.1920675594
12/26/2017,31.15999984741211,32.28309999465942,33.3854498755,31.1807501139
12/27/2017,31.3799991607666,32.2710000038147,33.378956174,31.1630438336
12/28/2017,31.100000381469727,32.263699989318845,33.3750924501,31.1523075286
12/29/2017,30.93000030517578,32.253799991607664,33.37108932,31.1365106632
01/02/2018,31.360000610351562,32.248599987030026,33.3708174024,31.1263825716
01/03/2018,31.93000030517578,32.24559999465942,33.3697861513,31.1214138381
01/04/2018,32.2400016784668,32.25469999313354,33.3725939032,31.1368060831
01/05/2018,32.459999084472656,32.26220001220703,33.3774511229,31.1469489015
01/08/2018,31.65999984741211,32.27050001144409,33.3841025507,31.1568974721
01/09/2018,32.209999084472656,32.273500003814696,33.3850478564,31.1619521513
01/10/2018,32.209999084472656,32.28090000152588,33.3895334209,31.1722665821
01/11/2018,32.189998626708984,32.28859998703003,33.3940356111,31.1831643629
01/12/2018,32.650001525878906,32.29799997329712,33.3985497824,31.1974501642
01/16/2018,32.61000061035156,32.30929998397827,33.4076024972,31.2109974708
01/17/2018,32.88999938964844,32.31839998245239,33.4153855584,31.2214144065
01/18/2018,32.560001373291016,32.33149997711182,33.4274108568,31.2355890974
01/19/2018,32.869998931884766,32.34139999389649,33.4348559592,31.2479440286
01/22/2018,33.04999923706055,32.35469997406006,33.4464145989,31.2629853492
01/23/2018,33.54999923706055,32.36859996795654,33.4602299145,31.2769700214
01/24/2018,33.400001525878906,32.387799968719484,33.4831487858,31.2924511517
01/25/2018,33.95000076293945,32.40579998016357,33.5028434017,31.3087565587
01/26/2018,34.720001220703125,32.42360000610351,33.5310642102,31.316135802
01/29/2018,34.40999984741211,32.447600021362305,33.5783202422,31.3168798005
01/30/2018,33.810001373291016,32.47240001678467,33.6185868315,31.3262132021
01/31/2018,33.4900016784668,32.49340003967285,33.6446525903,31.3421474891
02/01/2018,34.0,32.506600074768066,33.6616301414,31.3515700081
02/02/2018,33.34000015258789,32.52660007476807,33.6899703735,31.3632297761
02/05/2018,32.13999938964844,32.53800006866455,33.7036972926,31.3723028448
02/06/2018,32.380001068115234,32.53660007476807,33.7026903185,31.370509831
02/07/2018,32.310001373291016,32.539900093078614,33.7050751851,31.374725001
02/08/2018,31.010000228881836,32.540300102233886,33.7053893311,31.3752108734
02/09/2018,31.809999465942383,32.53030012130737,33.7041565388,31.3564437038
02/12/2018,31.920000076293945,32.52730010986328,33.7026093042,31.3519909155
02/13/2018,32.0099983215332,32.524200115203854,33.7006976075,31.3477026229
02/14/2018,33.029998779296875,32.52470010757446,33.7009683194,31.3484318957
02/15/2018,33.79999923706055,32.536300086975096,33.7117741628,31.3608260112
02/16/2018,34.209999084472656,32.55240009307861,33.734030408,31.3707697782
02/20/2018,33.869998931884766,32.56620006561279,33.7589973991,31.3734027321
02/21/2018,33.939998626708984,32.58330005645752,33.7823922121,31.3842079008
02/22/2018,33.560001373291016,32.60400003433227,33.8084550401,31.3995450285
02/23/2018,33.970001220703125,32.62520004272461,33.8276362605,31.4227638249
02/26/2018,34.16999816894531,32.64990005493164,33.8543364036,31.4454637063
02/27/2018,33.81999969482422,32.672000045776365,33.8838275325,31.460172559
02/28/2018,33.70000076293945,32.68990005493164,33.9053270676,31.4744730423
03/01/2018,32.650001525878906,32.70150005340576,33.9209698562,31.4820302506
03/02/2018,32.72999954223633,32.69830005645752,33.9174809094,31.4791192035
03/05/2018,33.459999084472656,32.6842000579834,33.8947487853,31.4736513307
03/06/2018,33.869998931884766,32.66840003967285,33.8582316433,31.478568436
03/07/2018,34.290000915527344,32.66070003509522,33.8401941275,31.4812059427
03/08/2018,34.43000030517578,32.64990005493164,33.8093106306,31.4904894793
03/09/2018,34.59000015258789,32.65250007629395,33.8156022683,31.4893978843
03/12/2018,34.38999938964844,32.65190006256103,33.8139866747,31.4898134505
03/13/2018,34.0,32.650600051879884,33.8106670783,31.4905330254
03/14/2018,33.650001525878906,32.64800006866455,33.8047437396,31.4912563977
03/15/2018,33.599998474121094,32.64050006866455,33.7882564228,31.4927437146
03/16/2018,34.0,32.63350006103516,33.7732204852,31.4937796369
03/19/2018,33.61000061035156,32.632200050354,33.7702857341,31.4941143667
03/20/2018,33.81999969482422,32.626900062561035,33.7591709155,31.4946292096
03/21/2018,33.599998474121094,32.62990005493164,33.7649273095,31.4948728003
03/22/2018,32.459999084472656,32.63050003051758,33.7660239547,31.4949761064
03/23/2018,32.31999969482422,32.61800003051758,33.7484405889,31.4875594721
03/26/2018,32.869998931884766,32.600700035095215,33.7222963934,31.4791036768
03/27/2018,32.20000076293945,32.591600036621095,33.7072672561,31.4759328172
03/28/2018,32.15999984741211,32.575000038146975,33.6840008877,31.4659991886
03/29/2018,32.310001373291016,32.55400005340576,33.6507096524,31.4572904544
04/02/2018,31.59000015258789,32.53970005035401,33.6301572065,31.4492428942
04/03/2018,31.489999771118164,32.51860004425049,33.6068132222,31.4303868663
04/04/2018,31.799999237060547,32.499000034332276,33.587911818,31.4100882507
04/05/2018,32.0099983215332,32.51020002365112,33.5860261498,31.4343738975
04/06/2018,31.229999542236328,32.512900009155274,33.5871274045,31.4386726138
04/09/2018,31.40999984741211,32.50909999847412,33.5871798284,31.4310201685
04/10/2018,32.040000915527344,32.50779998779297,33.5871252913,31.4284746843
04/11/2018,31.969999313354492,32.5204999923706,33.5866944907,31.454305494
04/12/2018,32.58000183105469,32.53169998168946,33.5861050694,31.477294894
04/13/2018,32.81999969482422,32.55069999694824,33.5885557202,31.5128442737
04/16/2018,32.66999816894531,32.56859998703003,33.5954515108,31.5417484632
04/17/2018,33.0099983215332,32.58509996414185,33.6001236159,31.5700763124
04/18/2018,33.08000183105469,32.602099952697756,33.6098353283,31.5943645771
04/19/2018,32.790000915527344,32.611699981689455,33.6193696274,31.604030336
04/20/2018,32.810001373291016,32.62089998245239,33.6259523248,31.6158476401
04/23/2018,32.779998779296875,32.62699998855591,33.6313301298,31.6226698473
04/24/2018,32.47999954223633,32.636599979400636,33.6377535462,31.6354464126
04/25/2018,32.369998931884766,32.63969999313355,33.6398834357,31.6395165506
04/26/2018,32.709999084472656,32.644999980926514,33.6423319303,31.6476680316
04/27/2018,32.88999938964844,32.65309997558594,33.647633736,31.6585662151
04/30/2018,32.709999084472656,32.66529996871948,33.6551711321,31.6754288054
05/01/2018,32.95000076293945,32.67999996185303,33.6594559353,31.7005439884
05/02/2018,32.400001525878906,32.69929996490478,33.6647711113,31.7338288185
05/03/2018,34.2599983215332,32.714899978637696,33.6626430935,31.7671568638
05/04/2018,34.310001373291016,32.74509996414184,33.6934801386,31.7967197897
05/07/2018,34.599998474121094,32.77409997940063,33.7255452986,31.8226546602
05/08/2018,34.709999084472656,32.807499961853026,33.7638193171,31.8511806067
05/09/2018,34.880001068115234,32.837899951934816,33.8058248038,31.8699751
05/10/2018,34.93000030517578,32.86619997024536,33.8518832471,31.8805166934
05/11/2018,35.400001525878906,32.8993999671936,33.8980398584,31.900760076
05/14/2018,35.47999954223633,32.932199993133544,33.9581927867,31.9062071996
05/15/2018,34.97999954223633,32.962999973297116,34.0183639139,31.9076360327
05/16/2018,35.130001068115234,32.98739995956421,34.0607551097,31.9140448095
05/17/2018,35.09000015258789,33.017899951934815,34.1082369229,31.927562981
05/18/2018,35.459999084472656,33.04889995574951,34.1535464669,31.9442534446
05/21/2018,35.75,33.08609994888306,34.2085356344,31.9636642633
05/22/2018,35.849998474121094,33.13199995040893,34.2684945949,31.9955053059
05/23/2018,35.900001525878906,33.17669994354248,34.3311704194,32.0222294677
05/24/2018,36.279998779296875,33.22469995498657,34.3915482668,32.0578516431
05/25/2018,36.2599983215332,33.278199939727784,34.4611474359,32.0952524435
05/29/2018,36.29999923706055,33.3271999168396,34.5309773507,32.123422483
05/30/2018,36.880001068115234,33.37089990615845,34.6021692153,32.139630597
05/31/2018,36.310001373291016,33.41729990005493,34.691748704,32.1428510962
06/01/2018,36.650001525878906,33.455799922943115,34.7585855813,32.1530142646
06/04/2018,36.68000030517578,33.50569993972778,34.8340601016,32.1773397779
06/05/2018,36.47999954223633,33.550399951934814,34.9092656736,32.1915342302
06/06/2018,36.77000045776367,33.593099956512454,34.9760502636,32.2101496494
06/07/2018,36.4900016784668,33.638899974823,35.0501738479,32.2276261018
06/08/2018,36.540000915527344,33.67729997634888,35.1131718343,32.2414281184
06/11/2018,37.150001525878906,33.716599979400634,35.1763063847,32.2568935741
06/12/2018,37.220001220703125,33.75920000076294,35.2558555404,32.2625444612
06/13/2018,37.470001220703125,33.80579999923706,35.3365504432,32.2750495553
06/14/2018,37.38999938964844,33.851800022125246,35.4223373153,32.281262729
06/15/2018,37.150001525878906,33.89520002365112,35.5025156528,32.2878843945
06/18/2018,36.7599983215332,33.93120004653931,35.5703807023,32.2920193907
06/19/2018,36.52000045776367,33.96480001449585,35.6270224854,32.3025775436
06/20/2018,36.43000030517578,33.99050001144409,35.6720502949,32.308949728
06/21/2018,36.209999084472656,34.00760000228882,35.705100766,32.3100992386
06/22/2018,36.65999984741211,34.02559999465942,35.7367607714,32.3144392179
06/25/2018,35.95000076293945,34.05409997940063,35.7850519582,32.3231480006
06/26/2018,35.77000045776367,34.07869997024536,35.8189160264,32.3384839141
06/27/2018,35.279998779296875,34.096399974823,35.8447082052,32.3480917444
06/28/2018,35.72999954223633,34.11579996109009,35.8663692866,32.3652306356
06/29/2018,36.15999984741211,34.151699962615965,35.8981886334,32.4052112918
07/02/2018,35.9900016784668,34.18949995040894,35.9381386646,32.4408612362
07/03/2018,36.130001068115234,34.226299953460696,35.9737197737,32.4788801332
07/05/2018,36.470001220703125,34.277499961853025,36.0048243458,32.5501755779
07/06/2018,36.93000030517578,34.324099979400636,36.0470808257,32.6011191331
07/09/2018,37.13999938964844,34.37419998168945,36.0993849538,32.6490150096
07/10/2018,37.29999923706055,34.425499992370604,36.1558853441,32.6951146406
07/11/2018,36.95000076293945,34.46819999694824,36.2162169871,32.7201830068
07/12/2018,37.25,34.49970001220703,36.2637010255,32.7356989989
