08/06/2013,51.65999984741211,0,0,0
08/07/2013,51.25,0,0,0
08/08/2013,52.040000915527344,0,0,0
08/09/2013,52.459999084472656,0,0,0
08/12/2013,52.279998779296875,0,0,0
08/13/2013,53.52000045776367,0,0,0
08/14/2013,53.08000183105469,0,0,0
08/15/2013,51.970001220703125,0,0,0
08/16/2013,51.5099983215332,0,0,0
08/19/2013,51.25,0,0,0
08/20/2013,51.31999969482422,0,0,0
08/21/2013,51.099998474121094,0,0,0
08/22/2013,51.959999084472656,0,0,0
08/23/2013,51.56999969482422,0,0,0
08/26/2013,51.70000076293945,0,0,0
08/27/2013,50.16999816894531,0,0,0
08/28/2013,50.31999969482422,0,0,0
08/29/2013,50.849998474121094,0,0,0
08/30/2013,50.52000045776367,0,0,0
09/03/2013,50.849998474121094,0,0,0
09/04/2013,51.150001525878906,0,0,0
09/05/2013,50.86000061035156,0,0,0
09/06/2013,51.060001373291016,0,0,0
09/09/2013,52.189998626708984,0,0,0
09/10/2013,52.84000015258789,0,0,0
09/11/2013,53.470001220703125,0,0,0
09/12/2013,52.849998474121094,0,0,0
09/13/2013,52.43000030517578,0,0,0
09/16/2013,53.02000045776367,0,0,0
09/17/2013,52.56999969482422,0,0,0
09/18/2013,53.58000183105469,0,0,0
09/19/2013,53.59000015258789,0,0,0
09/20/2013,53.220001220703125,0,0,0
09/23/2013,52.93000030517578,0,0,0
09/24/2013,46.72999954223633,0,0,0
09/25/2013,46.88999938964844,0,0,0
09/26/2013,46.619998931884766,0,0,0
09/27/2013,45.95000076293945,0,0,0
09/30/2013,46.13999938964844,0,0,0
10/01/2013,45.7400016784668,0,0,0
10/02/2013,45.27000045776367,0,0,0
10/03/2013,44.90999984741211,0,0,0
10/04/2013,45.04999923706055,0,0,0
10/07/2013,45.45000076293945,0,0,0
10/08/2013,43.29999923706055,0,0,0
10/09/2013,43.099998474121094,0,0,0
10/10/2013,42.869998931884766,0,0,0
10/11/2013,42.81999969482422,0,0,0
10/14/2013,42.84000015258789,0,0,0
10/15/2013,42.61000061035156,0,0,0
10/16/2013,43.599998474121094,0,0,0
10/17/2013,43.529998779296875,0,0,0
10/18/2013,43.290000915527344,0,0,0
10/21/2013,42.59000015258789,0,0,0
10/22/2013,42.90999984741211,0,0,0
10/23/2013,42.349998474121094,0,0,0
10/24/2013,43.75,0,0,0
10/25/2013,43.400001525878906,0,0,0
10/28/2013,43.59000015258789,0,0,0
10/29/2013,44.06999969482422,0,0,0
10/30/2013,43.38999938964844,0,0,0
10/31/2013,43.27000045776367,0,0,0
11/01/2013,43.22999954223633,0,0,0
11/04/2013,43.099998474121094,0,0,0
11/05/2013,42.93000030517578,0,0,0
11/06/2013,44.06999969482422,0,0,0
11/07/2013,43.20000076293945,0,0,0
11/08/2013,43.31999969482422,0,0,0
11/11/2013,44.27000045776367,0,0,0
11/12/2013,44.599998474121094,0,0,0
11/13/2013,46.369998931884766,0,0,0
11/14/2013,46.31999969482422,0,0,0
11/15/2013,47.099998474121094,0,0,0
11/18/2013,46.560001373291016,0,0,0
11/19/2013,46.41999816894531,0,0,0
11/20/2013,46.529998779296875,0,0,0
11/21/2013,47.11000061035156,0,0,0
11/22/2013,47.11000061035156,0,0,0
11/25/2013,46.869998931884766,0,0,0
11/26/2013,46.540000915527344,0,0,0
11/27/2013,46.900001525878906,0,0,0
11/29/2013,46.849998474121094,0,0,0
12/02/2013,46.18000030517578,0,0,0
12/03/2013,45.93000030517578,0,0,0
12/04/2013,46.65999984741211,0,0,0
12/05/2013,46.66999816894531,0,0,0
12/06/2013,46.77000045776367,0,0,0
12/09/2013,47.470001220703125,0,0,0
12/10/2013,46.689998626708984,0,0,0
12/11/2013,46.150001525878906,0,0,0
12/12/2013,46.349998474121094,0,0,0
12/13/2013,46.77000045776367,0,0,0
12/16/2013,47.540000915527344,0,0,0
12/17/2013,48.220001220703125,0,0,0
12/18/2013,48.90999984741211,0,0,0
12/19/2013,49.0,0,0,0
12/20/2013,56.099998474121094,0,0,0
12/23/2013,56.06999969482422,0,0,0
12/24/2013,55.97999954223633,0,0,0
12/26/2013,55.869998931884766,0,0,0
12/27/2013,56.2400016784668,47.9589998626709,51.8331138848,44.0848858405
12/30/2013,56.06999969482422,48.004799880981444,51.9488381309,44.0607616311
12/31/2013,56.040000915527344,48.052999877929686,52.0652655371,44.0407342188
01/02/2014,55.83000183105469,48.092999877929685,52.164318559,44.0216811969
01/03/2014,55.779998779296875,48.126699905395505,52.2476713057,44.0057285051
01/06/2014,56.34000015258789,48.16169990539551,52.3323606688,43.991039142
01/07/2014,57.41999816894531,48.18989990234375,52.4059819775,43.9738178272
01/08/2014,56.9900016784668,48.23329986572266,52.5212225189,43.9453772126
01/09/2014,57.290000915527344,48.28349987030029,52.6436523372,43.9233474034
01/10/2014,56.810001373291016,48.34129989624024,52.7814188564,43.9011809361
01/13/2014,57.560001373291016,48.39689990997314,52.907348746,43.8864510739
01/14/2014,59.380001068115234,48.459299926757815,53.0521676694,43.8664321841
01/15/2014,59.189998626708984,48.542099952697754,53.254897689,43.8293022164
01/16/2014,59.060001373291016,48.614399948120116,53.4333409449,43.7954589513
01/17/2014,58.59000015258789,48.689299964904784,53.6107156668,43.767884263
01/21/2014,59.13999938964844,48.75819995880127,53.7687069941,43.7476929235
01/22/2014,58.91999816894531,48.8478999710083,53.9620979053,43.7337020367
01/23/2014,58.119998931884766,48.93389995574951,54.1435472911,43.7242526204
01/24/2014,56.72999954223633,49.00659996032715,54.2926447839,43.7205551367
01/27/2014,55.81999969482422,49.06869995117187,54.40836461,43.7290352924
01/28/2014,57.22999954223633,49.118399963378906,54.4973979012,43.7394020255
01/29/2014,55.54999923706055,49.17919994354248,54.6148810054,43.7435188817
01/30/2014,57.119998931884766,49.22609992980957,54.6962049493,43.7559949103
01/31/2014,56.5,49.28669990539551,54.8100938835,43.7633059273
02/03/2014,54.70000076293945,49.32979991912842,54.8923576918,43.7672421465
02/04/2014,54.86000061035156,49.34839992523193,54.9257540047,43.7710458458
02/05/2014,54.709999084472656,49.36229991912842,54.9516278543,43.772971984
02/06/2014,55.540000915527344,49.38089992523194,54.9848788026,43.7769210479
02/07/2014,56.9900016784668,49.41199993133545,55.0413859695,43.7826138932
02/10/2014,56.66999816894531,49.45169994354248,55.1202531542,43.7831467329
02/11/2014,57.47999954223633,49.49269992828369,55.1983650835,43.7870347731
02/12/2014,57.689998626708984,49.531699905395506,55.2783513693,43.7850484415
02/13/2014,58.43000030517578,49.57269989013672,55.3626223784,43.7827774019
02/14/2014,58.31999969482422,49.62479988098144,55.4704801363,43.7791196257
02/18/2014,58.08000183105469,49.67869987487793,55.57919934,43.7782004098
02/19/2014,58.630001068115234,49.79219989776611,55.7438284221,43.8405713734
02/20/2014,59.29999923706055,49.90959991455078,55.9183384631,43.900861366
02/21/2014,58.689998626708984,50.03639991760254,56.107844717,43.9649551182
02/24/2014,58.88999938964844,50.163799896240235,56.2816485642,44.0459512283
02/25/2014,58.970001220703125,50.29129989624023,56.4566362167,44.1259635758
02/26/2014,59.75,50.4235998916626,56.6316530541,44.2155467292
02/27/2014,59.93000030517578,50.56839988708496,56.8232522872,44.3135474869
02/28/2014,58.9900016784668,50.7185998916626,57.0159675338,44.4212322496
03/03/2014,58.279998779296875,50.85799991607666,57.1825740041,44.5334258281
03/04/2014,60.4900016784668,50.98629989624023,57.3299717535,44.642628039
03/05/2014,60.54999923706055,51.1581999206543,57.5241275287,44.7922723126
03/06/2014,60.86000061035156,51.33269992828369,57.7144941037,44.9509057529
03/07/2014,60.52000045776367,51.51259994506836,57.9068516122,45.1183482779
03/10/2014,59.5099983215332,51.689599952697755,58.0857585677,45.2934413377
03/11/2014,58.66999816894531,51.85629993438721,58.2368554184,45.4757444503
03/12/2014,59.099998474121094,52.01689990997315,58.3647357819,45.669064038
03/13/2014,57.40999984741211,52.17189990997314,58.5015330599,45.8422667601
03/14/2014,57.619998931884766,52.310699920654294,58.6013710078,46.0200288335
03/17/2014,58.630001068115234,52.45399990081787,58.7006121265,46.2073876752
03/18/2014,58.810001373291016,52.614399909973145,58.8114057296,46.4173940904
03/19/2014,58.2400016784668,52.773399925231935,58.9231723676,46.6236274829
03/20/2014,58.470001220703125,52.93229995727539,59.0156227534,46.8489771612
03/21/2014,57.400001525878906,53.07949996948242,59.1167728162,47.0422271228
03/24/2014,57.09000015258789,53.21949996948242,59.1926736537,47.2463262853
03/25/2014,57.310001373291016,53.35449996948242,59.2606928135,47.4483071254
03/26/2014,55.97999954223633,53.48689998626709,59.3315577698,47.6422422027
03/27/2014,56.130001068115234,53.61279998779297,59.3736033375,47.8519966381
03/28/2014,52.22999954223633,53.741399993896486,59.4127265815,48.0700734063
03/31/2014,52.97999954223633,53.83139999389648,59.4057872412,48.2570127466
04/01/2014,53.709999084472656,53.930200004577635,59.4000858153,48.4603141939
04/02/2014,53.11000061035156,54.03799999237061,59.3950953709,48.6809046138
04/03/2014,51.34000015258789,54.128400001525875,59.3919824567,48.8648175464
04/04/2014,50.459999084472656,54.209799995422365,59.3655857688,49.054014222
04/07/2014,49.849998474121094,54.28119998931885,59.3340963414,49.2283036372
04/08/2014,50.0099983215332,54.33699996948242,59.3091989011,49.3648010379
04/09/2014,52.060001373291016,54.39109996795654,59.2858903472,49.4963095887
04/10/2014,50.02000045776367,54.447999992370605,59.2819109175,49.6140890672
04/11/2014,49.36000061035156,54.485,59.2704731994,49.6995268006
04/14/2014,49.83000183105469,54.50760002136231,59.2633877262,49.7518123166
04/15/2014,50.099998474121094,54.54030002593994,59.2523699966,49.8282300553
04/16/2014,50.619998931884766,54.5771000289917,59.2397193491,49.9144807089
04/17/2014,50.54999923706055,54.61800003051758,59.2274874445,50.0085126165
04/21/2014,50.93000030517578,54.65240001678467,59.2183584718,50.0864415618
04/22/2014,50.900001525878906,54.69060001373291,59.2090291745,50.172170853
04/23/2014,50.04999923706055,54.73090003967285,59.1970668911,50.2647331882
04/24/2014,49.630001068115234,54.766000022888186,59.1811573672,50.3508426786
04/25/2014,48.369998931884766,54.793300018310546,59.167990249,50.4186097877
04/28/2014,48.189998626708984,54.80850002288818,59.1581334728,50.458866573
04/29/2014,48.529998779296875,54.828600006103514,59.1428140333,50.5143859789
04/30/2014,48.650001525878906,54.854599990844726,59.1226955475,50.5865044342
05/01/2014,48.75,54.87450000762939,59.1088475815,50.6401524338
05/02/2014,48.56999969482422,54.89530002593994,59.0942550429,50.6963450089
05/05/2014,49.41999816894531,54.913300018310544,59.0811278155,50.7454722211
05/06/2014,48.86000061035156,54.93279998779297,59.0702079905,50.7953919851
05/07/2014,48.7599983215332,54.95450000762939,59.0541372196,50.8548627957
05/08/2014,48.33000183105469,54.98059997558594,59.0321269269,50.9290730242
05/09/2014,48.7400016784668,55.00040000915527,59.0143644248,50.9864355935
05/12/2014,50.0,55.0201000213623,58.9982972694,51.0419027733
05/13/2014,49.310001373291016,55.04470001220703,58.9839821043,51.1054179201
05/14/2014,49.38999938964844,55.055600013732914,58.9774525275,51.1337475
05/15/2014,49.47999954223633,55.06040000915527,58.9750149826,51.1457850357
05/16/2014,50.02000045776367,55.06520000457763,58.9726686943,51.1577313149
05/19/2014,50.11000061035156,55.00440002441406,58.9424766145,51.0663234343
05/20/2014,49.72999954223633,54.94480003356934,58.9112961574,50.9783039098
05/21/2014,50.11000061035156,54.88230003356934,58.8811011429,50.8834989243
05/22/2014,50.459999084472656,54.824700050354004,58.8502541092,50.7991459916
05/23/2014,50.689998626708984,54.76690002441406,58.8131600254,50.7206400234
05/27/2014,50.810001373291016,54.71310001373291,58.7774026743,50.6487973531
05/28/2014,50.0,54.660800018310546,58.741309295,50.5802907416
05/29/2014,50.540000915527344,54.6025,58.7074625217,50.4975374783
05/30/2014,50.119998931884766,54.550100021362304,58.6731020225,50.4270980203
06/02/2014,50.04999923706055,54.487900009155275,58.6303023546,50.3454976637
06/03/2014,49.9900016784668,54.41420001983643,58.5693225378,50.2590775018
06/04/2014,49.709999084472656,54.34420001983643,58.5142756675,50.1741243722
06/05/2014,50.310001373291016,54.268400001525876,58.4531062061,50.083693797
06/06/2014,50.849998474121094,54.20340000152588,58.3985916348,50.0082083682
06/09/2014,51.43000030517578,54.13629997253418,58.3309293622,49.9416705829
06/10/2014,51.33000183105469,54.05679996490478,58.2265567962,49.8870431336
06/11/2014,51.470001220703125,53.97819999694824,58.1244695339,49.83193046
06/12/2014,50.4900016784668,53.90229999542236,58.0242478143,49.7803521765
06/13/2014,51.91999816894531,53.82130001068115,57.9298989561,49.7127010652
06/16/2014,52.13999938964844,53.74909999847412,57.8269224945,49.6712775025
06/17/2014,52.43000030517578,53.681300010681156,57.7288362538,49.6337637676
06/18/2014,53.099998474121094,53.624400024414065,57.6490675957,49.5997324531
06/19/2014,55.11000061035156,53.58810001373291,57.6009461178,49.5752539097
06/20/2014,55.08000183105469,53.58100002288818,57.5905176369,49.5714824089
06/23/2014,55.0099983215332,53.55950004577637,57.5551335797,49.5638665118
06/24/2014,54.75,53.554100036621094,57.547404027,49.5607960462
06/25/2014,55.40999984741211,53.530400047302244,57.5094778912,49.5513222034
06/26/2014,55.33000183105469,53.51950004577637,57.4919156073,49.5470844843
06/27/2014,55.15999984741211,53.52580005645752,57.5005816921,49.5510184208
06/30/2014,55.27000045776367,53.528800048828124,57.5047006046,49.5528994931
07/01/2014,56.16999816894531,53.53440006256103,57.5123542285,49.5564458967
07/02/2014,56.130001068115234,53.54070003509521,57.5223227046,49.5590773656
07/03/2014,56.099998474121094,53.5321000289917,57.5071865818,49.5570134762
07/07/2014,55.72999954223633,53.526400032043455,57.4973895296,49.5554105345
07/08/2014,54.47999954223633,53.50890003204346,57.4662603083,49.5515397557
07/09/2014,54.93000030517578,53.47680004119873,57.4130780338,49.5405220486
07/10/2014,54.779998779296875,53.44180004119873,57.3493357629,49.5342643195
07/11/2014,54.72999954223633,53.40640003204346,57.2855135514,49.5272865127
07/14/2014,55.220001220703125,53.37290000915527,57.2258849641,49.5199150542
07/15/2014,54.38999938964844,53.338800010681155,57.1600664195,49.5175336019
07/16/2014,54.84000015258789,53.28970001220703,57.0653267676,49.5140732568
07/17/2014,53.93000030517578,53.25120002746582,56.9910231785,49.5113768764
07/18/2014,54.86000061035156,53.201600036621095,56.8989591155,49.5042409578
07/21/2014,54.2599983215332,53.160500030517575,56.8161167158,49.5048833452
07/22/2014,55.68000030517578,53.10560001373291,56.7025978181,49.5086022094
07/23/2014,55.880001068115234,53.06310001373291,56.6038821208,49.5223179067
07/24/2014,56.380001068115234,53.03200000762939,56.5340334743,49.529966541
07/25/2014,56.68000030517578,53.01300003051758,56.4915850305,49.5344150305
07/28/2014,56.70000076293945,52.974900016784666,56.3916990107,49.5581010229
07/29/2014,56.150001525878906,52.93640003204346,56.2887090258,49.5840910383
07/30/2014,58.290000915527344,52.88930004119873,56.1620962562,49.6165038262
07/31/2014,58.119998931884766,52.867000045776365,56.0950176396,49.638982452
08/01/2014,58.38999938964844,52.853100051879885,56.0553726962,49.6508274076
08/04/2014,58.61000061035156,52.850300064086916,56.0476038898,49.6529962384
08/05/2014,58.439998626708984,52.84540008544922,56.0334844548,49.6573157161
08/06/2014,58.279998779296875,52.85570007324219,56.0601369153,49.6512632312
08/07/2014,58.380001068115234,52.862300071716305,56.0772054581,49.6473946854
08/08/2014,58.810001373291016,52.85980007171631,56.0703135646,49.6492865788
08/11/2014,59.16999816894531,52.85980007171631,56.0703135646,49.6492865788
08/12/2014,59.2599983215332,52.86910003662109,56.0964876343,49.6417124389
08/13/2014,59.779998779296875,52.87700000762939,56.1190214703,49.634978545
08/14/2014,59.83000183105469,52.900799980163576,56.1844070241,49.6171929363
08/15/2014,59.849998474121094,52.928199996948244,56.2577598567,49.5986401372
08/18/2014,60.970001220703125,52.95359996795654,56.3259040482,49.5812958877
08/19/2014,62.540000915527344,53.00349998474121,56.4561773147,49.5508226548
08/20/2014,61.68000030517578,53.06759998321533,56.6353121836,49.4998877828
08/21/2014,61.56999969482422,53.16209999084472,56.830118358,49.4940816237
08/22/2014,62.11000061035156,53.24799999237061,57.0101238739,49.4858761109
08/25/2014,61.349998474121094,53.3320000076294,57.1959016905,49.4680983247
08/26/2014,62.029998779296875,53.41439998626709,57.3596929558,49.4691070167
08/27/2014,61.06999969482422,53.52129997253418,57.5528211603,49.4897787848
08/28/2014,60.650001525878906,53.6273999786377,57.716167387,49.5386325703
08/29/2014,60.91999816894531,53.73540000915527,57.8653923356,49.6054076827
09/02/2014,61.29999923706055,53.84450000762939,58.0185067322,49.670493283
09/03/2014,61.52000045776367,53.93689998626709,58.1722033656,49.701596607
09/04/2014,61.20000076293945,54.05189998626709,58.3351444135,49.7686555591
09/05/2014,61.06999969482422,54.170299987792966,58.4857349036,49.854865072
09/08/2014,61.38999938964844,54.28269996643066,58.6298854279,49.9355145049
09/09/2014,60.810001373291016,54.39559997558594,58.7791444499,50.0120555013
09/10/2014,61.290000915527344,54.4975,58.9104323996,50.0845676004
09/11/2014,61.68000030517578,54.60490001678467,59.0510208725,50.158779161
09/12/2014,60.529998779296875,54.71240001678467,59.1981503415,50.226649692
09/15/2014,59.689998626708984,54.808699989318846,59.3148938403,50.3025061384
09/16/2014,60.72999954223633,54.90509998321533,59.4115740483,50.3986259182
09/17/2014,61.08000183105469,55.01609996795654,59.5279748959,50.50422504
09/18/2014,60.65999984741211,55.14319999694824,59.6450733199,50.641326674
09/19/2014,57.93000030517578,55.26790000915528,59.7481002319,50.7876997864
09/22/2014,56.66999816894531,55.36190002441406,59.7981408523,50.9256591965
09/23/2014,56.33000183105469,55.442099990844724,59.8284898551,51.0557101265
09/24/2014,56.900001525878906,55.51790000915528,59.8531868593,51.182613159
09/25/2014,55.86000061035156,55.60120002746582,59.8818707737,51.3205292812
09/26/2014,55.439998626708984,55.665600051879885,59.9009975407,51.4302025631
09/29/2014,55.4900016784668,55.73140003204346,59.9113054584,51.5514946057
09/30/2014,56.150001525878906,55.79870006561279,59.9195808443,51.6778192869
10/01/2014,56.470001220703125,55.876900062561035,59.9289319907,51.8248681344
10/02/2014,57.380001068115234,55.9542000579834,59.9425771667,51.9658229492
10/03/2014,58.13999938964844,56.028000068664554,59.9735684209,52.0824317164
10/06/2014,58.13999938964844,56.11630004882812,60.0089858931,52.2236142046
10/07/2014,56.68000030517578,56.20380004882813,60.0422722992,52.3653277985
10/08/2014,58.560001373291016,56.27580005645752,60.0545376697,52.4970624432
10/09/2014,58.04999923706055,56.36120006561279,60.0938117865,52.6285883447
10/10/2014,55.5,56.44060005187988,60.1235107732,52.7576893306
10/13/2014,54.220001220703125,56.498300056457516,60.120319905,52.8762802079
10/14/2014,54.310001373291016,56.539400062561036,60.1116740345,52.9671260907
10/15/2014,54.869998931884766,56.577900085449215,60.1049059121,53.0508942588
10/16/2014,54.93000030517578,56.61970008850098,60.1011535621,53.1382466149
10/17/2014,55.689998626708984,56.660900077819825,60.0974456852,53.2243544705
10/20/2014,56.34000015258789,56.717800064086916,60.0900928599,53.3455072683
10/21/2014,57.130001068115234,56.77580005645752,60.0907314292,53.4608686837
10/22/2014,54.79999923706055,56.84590007781983,60.0927622077,53.5990379479
10/23/2014,55.5099983215332,56.89340007781983,60.0745746818,53.7122254739
10/24/2014,56.02000045776367,56.94860004425049,60.0565565649,53.8406435236
10/27/2014,56.16999816894531,57.0117000579834,60.0349535465,53.9884465695
10/28/2014,57.369998931884766,57.07030002593994,60.018958139,54.1216419129
10/29/2014,56.849998474121094,57.135500030517576,60.0172200564,54.2537800047
10/30/2014,58.25,57.189700012207034,60.0139982453,54.3654017791
10/31/2014,58.91999816894531,57.258899993896485,60.0229104145,54.4948895733
11/03/2014,59.150001525878906,57.33339996337891,60.0401844655,54.6266154612
11/04/2014,59.150001525878906,57.41999996185303,60.0437114919,54.7962884318
11/05/2014,59.59000015258789,57.492299995422364,60.0625263969,54.9220735939
11/06/2014,60.7400016784668,57.56680000305176,60.0883165597,55.0452834464
11/07/2014,61.29999923706055,57.64990001678467,60.1374620985,55.162337935
11/10/2014,61.40999984741211,57.73190002441406,60.203227059,55.2605729898
11/11/2014,61.29999923706055,57.794900016784666,60.27885431,55.3109457236
11/12/2014,61.40999984741211,57.85709999084472,60.3501524527,55.364047529
11/13/2014,61.130001068115234,57.921100006103515,60.4223768142,55.419823198
11/14/2014,62.36000061035156,57.98490001678467,60.4858452255,55.4839548081
11/17/2014,63.0,58.054400024414065,60.5792783639,55.5295216849
11/18/2014,63.220001220703125,58.131100006103516,60.68834342,55.5738565922
11/19/2014,62.939998626708984,58.21170001983643,60.8008489746,55.6225510651
11/20/2014,62.790000915527344,58.28840000152588,60.9027529878,55.6740470153
11/21/2014,62.25,58.3546000289917,60.9981255041,55.7110745538
11/24/2014,62.34000015258789,58.41580001831055,61.0778921473,55.7537078894
11/25/2014,62.0,58.47820003509521,61.1583501876,55.7980498826
11/26/2014,62.099998474121094,58.54090003967285,61.2293527991,55.8524472802
11/28/2014,62.150001525878906,58.6171000289917,61.2973489894,55.9368510686
12/01/2014,61.5099983215332,58.68930004119873,61.3664979297,56.0121021527
12/02/2014,61.43000030517578,58.756600036621094,61.4192296145,56.0939704588
12/03/2014,62.13999938964844,58.82360004425049,61.4683009427,56.1788991458
12/04/2014,61.68000030517578,58.89280002593994,61.5328341178,56.252765934
12/05/2014,61.68000030517578,58.96570003509522,61.5809243684,56.3504757018
12/08/2014,60.060001373291016,59.03410003662109,61.6299004946,56.4382995787
12/09/2014,59.099998474121094,59.09540004730225,61.6418541939,56.5489459007
12/10/2014,58.70000076293945,59.13780002593994,61.6484264598,56.6271735921
12/11/2014,58.41999816894531,59.182200050354005,61.644975094,56.7194250067
12/12/2014,57.869998931884766,59.2096000289917,61.6483836691,56.7708163889
12/15/2014,58.95000076293945,59.2295000076294,61.649076965,56.8099230503
12/16/2014,58.22999954223633,59.25520000457764,61.6579644373,56.8524355719
12/17/2014,59.47999954223633,59.270699996948245,61.6617730812,56.8796269127
12/18/2014,61.5,59.29849998474121,61.6756433907,56.9213565788
12/19/2014,68.04000091552734,59.35199996948242,61.7178579791,56.9861419599
12/22/2014,68.88999938964844,59.449499969482424,61.9657100275,56.9332899115
12/23/2014,70.44999694824219,59.55719997406006,62.2392268807,56.8751730674
12/24/2014,70.91999816894531,59.677799949645994,62.567718748,56.7878811513
12/26/2014,71.08999633789062,59.80089992523193,62.8975021455,56.7042977049
12/29/2014,70.29000091552734,59.92739990234375,63.2181231544,56.6366766503
12/30/2014,69.4800033569336,60.047499923706056,63.4914992267,56.6035006207
12/31/2014,69.13999938964844,60.15849994659424,63.7237104425,56.5932894507
01/02/2015,68.98999786376953,60.26179992675781,63.9344752231,56.5891246304
01/05/2015,68.08999633789062,60.359999923706056,64.1321073817,56.5878924657
01/06/2015,67.5,60.44829990386963,64.2962118309,56.6003879768
01/07/2015,68.80000305175781,60.52549991607666,64.4361603252,56.614839507
01/08/2015,69.02999877929688,60.615199928283694,64.6108294893,56.6195703673
01/09/2015,68.73999786376953,60.706999931335446,64.7885267795,56.6254730832
01/12/2015,67.62000274658203,60.78469989776611,64.9437169678,56.6256828278
01/13/2015,67.44000244140625,60.83549991607666,65.0463484268,56.6246514053
01/14/2015,66.37999725341797,60.89309993743896,65.1542019246,56.6319979503
01/15/2015,64.37000274658203,60.9411999130249,65.2366806808,56.6457191453
01/16/2015,65.19000244140625,60.963799934387204,65.2712992325,56.6563006363
01/20/2015,65.1500015258789,61.00219997406006,65.3300391604,56.6743607877
01/21/2015,64.79000091552734,61.03340000152588,65.3797429994,56.6870570037
01/22/2015,65.91999816894531,61.07060001373291,65.4329870579,56.7082129696
01/23/2015,66.05999755859375,61.12329998016357,65.5120402357,56.7345597247
01/26/2015,66.2699966430664,61.17469997406006,65.5907723902,56.758627558
01/27/2015,65.08000183105469,61.224399948120116,65.6694746358,56.7793252604
01/28/2015,64.66000366210938,61.259999961853026,65.7215248671,56.7984750566
01/29/2015,65.75,61.29459999084472,65.7689235789,56.8202764027
01/30/2015,63.790000915527344,61.34139999389649,65.8375519898,56.845247998
02/02/2015,64.23999786376953,61.36540000915527,65.8681480162,56.8626520021
02/03/2015,64.98999786376953,61.399699974060056,65.9111422689,56.8882576792
02/04/2015,64.79000091552734,61.43669994354248,65.962241307,56.9111585801
02/05/2015,65.30999755859375,61.46779994964599,66.0055760289,56.9300238704
02/06/2015,64.97000122070312,61.515599937438964,66.0683965528,56.9628033221
02/09/2015,64.9000015258789,61.56839996337891,66.1303260762,57.0064738506
02/10/2015,65.73999786376953,61.610099983215335,66.1832168092,57.0369831572
02/11/2015,67.3499984741211,61.65669994354248,66.2478845916,57.0655152955
02/12/2015,67.9000015258789,61.72359992980957,66.3483921668,57.0988076928
02/13/2015,68.47000122070312,61.823299942016604,66.4726362956,57.1739635885
02/17/2015,68.5999984741211,61.94129997253418,66.608057488,57.274542457
02/18/2015,69.2300033569336,62.06399993896484,66.7428979305,57.3851019474
02/19/2015,69.47000122070312,62.18729995727539,66.8908869688,57.4837129458
02/20/2015,70.45999908447266,62.323399963378904,67.0388254765,57.6079744503
02/23/2015,68.54000091552734,62.473599967956545,67.2065597228,57.7406402131
02/24/2015,68.88999938964844,62.60409996032715,67.3225937398,57.8856061808
02/25/2015,69.76000213623047,62.731499938964845,67.446001423,58.0169984549
02/26/2015,69.4000015258789,62.864399948120116,67.5878305446,58.1409693516
02/27/2015,69.12000274658203,62.98459995269776,67.7198616274,58.249338278
03/02/2015,69.66000366210938,63.09439998626709,67.8433343098,58.3454656628
03/03/2015,68.5,63.2096000289917,67.9766449021,58.4425551558
03/04/2015,67.19000244140625,63.32780002593994,68.0779865672,58.5776134847
03/05/2015,67.9800033569336,63.41410003662109,68.1552677746,58.6729322987
03/06/2015,66.58000183105469,63.513400077819824,68.2451597905,58.7816403651
03/09/2015,66.83000183105469,63.62420009613037,68.2963696125,58.9520305797
03/10/2015,65.12999725341797,63.750300102233886,68.3363276709,59.1642725335
03/11/2015,65.12000274658203,63.85850006103516,68.3471284564,59.3698716657
03/12/2015,66.33999633789062,63.96100009918213,68.3593248914,59.5626753069
03/13/2015,66.1500015258789,64.07510005950928,68.3847692853,59.7654308337
03/16/2015,67.30000305175781,64.17970008850098,68.4108063942,59.9485937828
03/17/2015,67.08999633789062,64.28930011749267,68.4573934896,60.1212067454
03/18/2015,67.06999969482422,64.38890007019043,68.5033824887,60.2744176516
03/19/2015,69.18000030517578,64.51160007476807,68.5198818814,60.5033182681
03/20/2015,69.5,64.6483000946045,68.5796214262,60.7169787631
03/23/2015,69.47000122070312,64.78310009002685,68.6467810741,60.919419106
03/24/2015,69.4000015258789,64.91610012054443,68.7092725281,61.122927713
03/25/2015,68.44999694824219,65.03640014648437,68.7787659896,61.2940343033
03/26/2015,75.36000061035156,65.15240013122559,68.8182152951,61.4865849674
03/27/2015,76.5199966430664,65.3235001373291,69.0617410877,61.585259187
03/30/2015,76.69000244140625,65.49950012207032,69.3448916982,61.6541085459
03/31/2015,75.75,65.67490013122558,69.6252650901,61.7245351724
04/01/2015,75.38999938964844,65.8409001159668,69.8617409072,61.8200593247
04/02/2015,75.0999984741211,65.99890010833741,70.080972148,61.9168280687
04/06/2015,75.37000274658203,66.14250007629394,70.2891168869,61.9958832657
04/07/2015,75.37999725341797,66.28320011138916,70.5012096402,62.0651905826
04/08/2015,75.04000091552734,66.42290008544921,70.708005064,62.1377951069
04/09/2015,75.4800033569336,66.56030010223388,70.8988884727,62.2217117318
04/10/2015,75.75,66.7010001373291,71.0980341016,62.3039661731
04/13/2015,75.02999877929688,66.84720012664795,71.2992801939,62.3951200594
04/14/2015,74.91999816894531,66.9739001083374,71.4764767465,62.4713234702
04/15/2015,75.9000015258789,67.09310009002685,71.6463927086,62.5398074715
04/16/2015,74.80999755859375,67.2199000930786,71.8396405197,62.6001596664
04/17/2015,73.93000030517578,67.33860008239746,71.9991614383,62.6780387265
04/20/2015,74.45999908447266,67.45000007629395,72.1335874,62.7664127526
04/21/2015,75.22000122070312,67.57210006713868,72.277637514,62.8665626203
04/22/2015,75.76000213623047,67.70090007781982,72.4376340208,62.9641661349
04/23/2015,76.8499984741211,67.83850009918213,72.6073787224,63.0696214759
04/24/2015,76.83000183105469,67.98600009918214,72.8029715641,63.1690286342
04/27/2015,76.56999969482422,68.13280010223389,72.9931744423,63.2724257621
04/28/2015,76.55999755859375,68.2834001159668,73.1694830765,63.3973171554
04/29/2015,76.41999816894531,68.43470008850097,73.3404359944,63.5289641826
04/30/2015,75.26000213623047,68.57750007629394,73.5057117425,63.6492884101
05/01/2015,75.36000061035156,68.71330009460449,73.6366761608,63.7899240284
05/04/2015,74.77999877929688,68.85010009765625,73.7661992491,63.9340009463
05/05/2015,75.0,68.99730007171631,73.868166695,64.1264334484
05/06/2015,74.75,69.1563000869751,73.9605501775,64.3520499965
05/07/2015,74.76000213623047,69.3168000793457,74.0363987399,64.5972014188
05/08/2015,75.9800033569336,69.48020011901855,74.1015412134,64.8588590246
05/11/2015,76.37999725341797,69.66130016326905,74.1777703547,65.1448299718
05/12/2015,76.13999938964844,69.83560012817382,74.2709368764,65.40026338
05/13/2015,76.58999633789062,70.01470012664795,74.3379732051,65.6914270482
05/14/2015,78.01000213623047,70.18580009460449,74.4265501404,65.9450500488
05/15/2015,77.7699966430664,70.3509001159668,74.5716172442,66.1301829877
05/18/2015,78.48999786376953,70.44820007324219,74.7262852964,66.1701148501
05/19/2015,78.13999938964844,70.5442000579834,74.8933634721,66.1950366438
05/20/2015,78.4800033569336,70.62110008239746,75.0354156264,66.2067845384
05/21/2015,78.83000183105469,70.69670013427735,75.1796898242,66.2137104443
05/22/2015,78.80999755859375,70.77410018920898,75.3294448455,66.2187555329
05/26/2015,77.27999877929688,70.85930015563964,75.4839427199,66.2346575913
05/27/2015,78.4800033569336,70.93730010986329,75.6036117118,66.2709885079
05/28/2015,77.77999877929688,71.03070014953613,75.7532377325,66.3081625665
05/29/2015,77.2699966430664,71.11860015869141,75.883945946,66.3532543714
06/01/2015,76.73999786376953,71.21040016174317,76.0048517058,66.4159486177
06/02/2015,77.51000213623047,71.30280014038085,76.1138625663,66.4917377145
06/03/2015,77.83000183105469,71.38990013122559,76.2335959197,66.5462043428
06/04/2015,77.02999877929688,71.47790016174316,76.3577262489,66.5980740746
06/05/2015,77.9000015258789,71.56080017089843,76.4637714262,66.6578289156
06/08/2015,78.23999786376953,71.66360015869141,76.5905784606,66.7366218568
06/09/2015,77.37000274658203,71.77160011291504,76.7231204338,66.820079792
06/10/2015,78.41000366210938,71.88150016784668,76.834095727,66.9289046087
06/11/2015,78.55000305175781,72.02190017700195,76.9585466353,67.0852537187
06/12/2015,78.19000244140625,72.15550018310547,77.0862245008,67.2247758654
06/15/2015,78.6500015258789,72.28590019226074,77.2020389408,67.3697614437
06/16/2015,78.51000213623047,72.42450019836426,77.3226981355,67.5263022612
06/17/2015,78.26000213623047,72.55040023803711,77.4415902858,67.6592101902
06/18/2015,78.48999786376953,72.67240028381347,77.552318146,67.7924824217
06/19/2015,79.30000305175781,72.7946002960205,77.665657901,67.9235426911
06/22/2015,79.47000122070312,72.93680030822753,77.7880922704,68.085508346
06/23/2015,79.62000274658203,73.08490028381348,77.9072310081,68.2625695595
06/24/2015,78.5199966430664,73.2236003112793,78.0324155434,68.4147850791
06/25/2015,79.12000274658203,73.37090026855469,78.1136417569,68.6281587802
06/26/2015,77.4800033569336,73.51970031738281,78.2067295872,68.8326710476
06/29/2015,75.44999694824219,73.64460037231446,78.2686597485,69.0205409961
06/30/2015,75.93000030517578,73.7512003326416,78.2920281003,69.210372565
07/01/2015,77.5199966430664,73.85740036010742,78.3231333369,69.3916673833
07/02/2015,76.87999725341797,73.98290031433106,78.3728101383,69.5929904904
07/06/2015,76.62000274658203,74.10270027160645,78.4057105476,69.7996899956
07/07/2015,76.86000061035156,74.21150032043457,78.4385655183,69.9844351226
07/08/2015,75.98999786376953,74.30660034179688,78.484922928,70.1282777556
07/09/2015,77.26000213623047,74.38750030517578,78.5190530422,70.2559475682
07/10/2015,78.54000091552734,74.47540031433105,78.5734908844,70.3773097442
07/13/2015,79.55999755859375,74.57480033874512,78.6496588968,70.4999417806
07/14/2015,80.69000244140625,74.67810028076173,78.7470872254,70.6091133361
07/15/2015,80.0999984741211,74.79030029296875,78.8688113731,70.7117892128
07/16/2015,80.58999633789062,74.88670028686523,78.9756333426,70.7977672311
07/17/2015,79.05999755859375,75.00720024108887,79.0848617308,70.9295387514
07/20/2015,79.19000244140625,75.10890022277832,79.1594595097,71.0583409359
07/21/2015,78.29000091552734,75.20320022583007,79.2378730616,71.16852739
07/22/2015,79.41000366210938,75.29210021972656,79.2957477962,71.2884526433
07/23/2015,79.33999633789062,75.39500022888184,79.3708308239,71.4191696339
07/24/2015,78.95999908447266,75.49180015563965,79.444594962,71.5390053493
07/27/2015,77.16000366210938,75.59640014648437,79.5008946038,71.6919056892
07/28/2015,78.7300033569336,75.69610015869141,79.5109278364,71.881272481
07/29/2015,79.2699966430664,75.80360015869141,79.5503344898,72.0568658276
07/30/2015,79.44999694824219,75.93050010681152,79.576227186,72.2847730276
07/31/2015,79.08000183105469,76.05670005798339,79.6022715774,72.5111285385
08/03/2015,78.29000091552734,76.19620010375976,79.5798508439,72.8125493636
08/04/2015,79.04000091552734,76.32790008544922,79.5292694777,73.1265306932
08/05/2015,80.13999938964844,76.45490013122559,79.5059015521,73.4038987103
08/06/2015,77.63999938964844,76.59480010986329,79.4866728386,73.7029273812
08/07/2015,77.58999633789062,76.69820007324219,79.4366719497,73.9597281967
08/10/2015,79.16000366210938,76.80320007324218,79.3669825199,74.2394176265
08/11/2015,77.41000366210938,76.92410011291504,79.3045532105,74.5436470153
08/12/2015,77.05000305175781,77.00640014648438,79.2563854484,74.7564148446
08/13/2015,76.97000122070312,77.08190017700196,79.2016388837,74.9621614703
08/14/2015,78.31999969482422,77.15690017700196,79.1338630854,75.1799372686
08/17/2015,78.77999877929688,77.2461001586914,79.0660614062,75.4261389112
08/18/2015,78.66000366210938,77.34940017700195,78.946711099,75.752089255
08/19/2015,77.51000213623047,77.38240020751954,78.9723413662,75.7924590488
08/20/2015,75.12999725341797,77.39230026245117,78.9799212186,75.8046793063
08/21/2015,72.33000183105469,77.37670021057129,78.9787441755,75.7746562456
08/24/2015,69.02999877929688,77.34250022888183,79.0139084185,75.6710920392
08/25/2015,68.95999908447266,77.27890022277832,79.1342747359,75.4235257097
08/26/2015,73.05000305175781,77.21750022888183,79.2381955691,75.1968048887
08/27/2015,74.19999694824219,77.1943002319336,79.2491041826,75.1394962813
08/28/2015,73.86000061035156,77.18250022888184,79.2510314963,75.1139689615
08/31/2015,72.20999908447266,77.17070022583007,79.2547274253,75.0866730263
09/01/2015,70.04000091552734,77.13800018310548,79.2733224245,75.0026779417
09/02/2015,70.2699966430664,77.08090019226074,79.3260930919,74.8357072926
09/03/2015,69.68000030517578,77.03330017089844,79.3700602142,74.6965401276
09/04/2015,68.66000366210938,76.98090019226075,79.4209312326,74.5408691519
09/08/2015,71.0199966430664,76.90850021362304,79.4832234011,74.3337770261
09/09/2015,69.66000366210938,76.87060020446778,79.5031789195,74.2380214895
09/10/2015,70.37000274658203,76.8279002380371,79.5412198195,74.1145806566
09/11/2015,70.52999877929688,76.7870002746582,79.5657419297,74.0082586197
09/14/2015,69.79000091552734,76.74010025024414,79.5837161508,73.8964843497
09/15/2015,71.76000213623047,76.68040023803711,79.6054677899,73.7553326862
09/16/2015,70.98999786376953,76.6295002746582,79.5951780919,73.6638224574
09/17/2015,71.37999725341797,76.57110023498535,79.5892904571,73.5529100129
09/18/2015,71.05999755859375,76.51920021057128,79.5812671749,73.4571332463
09/21/2015,72.72000122070312,76.46420021057129,79.5740621666,73.3543382546
09/22/2015,72.72000122070312,76.42720024108887,79.5592990758,73.2951014064
09/23/2015,73.25,76.40180023193359,79.5534994056,73.2501010582
09/24/2015,73.16000366210938,76.38070022583008,79.5463356208,73.2150648309
09/25/2015,72.91999816894531,76.3645002746582,79.5424070429,73.1865935064
09/28/2015,70.75,76.34370025634766,79.5372384391,73.1501620736
09/29/2015,70.48999786376953,76.30370025634765,79.5416907049,73.0657098078
09/30/2015,71.87999725341797,76.26100021362305,79.5468669436,72.9751334836
10/01/2015,73.19000244140625,76.22000015258789,79.5345712319,72.9054290733
10/02/2015,73.62000274658203,76.18810020446777,79.5163004243,72.8598999846
10/05/2015,74.12000274658203,76.16290023803711,79.5008951113,72.8249053648
10/06/2015,72.79000091552734,76.13820030212402,79.4820767768,72.7943238275
10/07/2015,74.16999816894531,76.086000289917,79.4409746574,72.7310259224
10/08/2015,75.13999938964844,76.05000030517579,79.4060261114,72.693974499
10/09/2015,76.4800033569336,76.01650032043457,79.36471359,72.6682870508
10/12/2015,75.9800033569336,75.99990036010742,79.3416532546,72.6581474656
10/13/2015,74.72000122070312,75.97490036010743,79.3073442468,72.6424564734
10/14/2015,75.12000274658203,75.9338003540039,79.2561074924,72.6114932156
10/15/2015,77.69999694824219,75.89690040588378,79.2075288474,72.5862719644
10/16/2015,77.62000274658203,75.90110038757324,79.2137466105,72.5884541647
10/19/2015,78.9000015258789,75.89250038146973,79.1995519211,72.5854488418
10/20/2015,78.26000213623047,75.90370040893555,79.2190116424,72.5883891755
10/21/2015,76.80999755859375,75.91360046386718,79.2344504285,72.5927504992
10/22/2015,76.97000122070312,75.91430046081543,79.2353319194,72.5932690023
10/23/2015,77.38999938964844,75.90890045166016,79.2277712221,72.5900296812
10/26/2015,77.77999877929688,75.90450042724609,79.2211122626,72.5878885919
10/27/2015,77.87000274658203,75.9120004272461,79.2319952001,72.5920056544
10/28/2015,79.08000183105469,75.91170043945313,79.2315169176,72.5918839613
10/29/2015,78.8499984741211,75.92010047912598,79.2468530302,72.593347928
10/30/2015,79.11000061035156,75.93490043640136,79.2713483012,72.5984525716
11/02/2015,80.13999938964844,75.94190040588379,79.2842628348,72.599537977
11/03/2015,80.8499984741211,75.9578003692627,79.3162750459,72.5993256926
11/04/2015,82.55000305175781,75.98440032958985,79.3708665347,72.5979341245
11/05/2015,81.56999969482422,76.02340034484864,79.4623899422,72.5844107475
11/06/2015,81.0199966430664,76.05400032043457,79.5284108965,72.5795897444
11/09/2015,80.29000091552734,76.08160026550293,79.5842726522,72.5789278788
11/10/2015,80.80000305175781,76.09960029602051,79.619187263,72.5800133291
11/11/2015,81.45999908447266,76.11460029602051,79.6509514523,72.5782491397
11/12/2015,79.80999755859375,76.13450027465821,79.6951925135,72.5738080358
11/13/2015,77.83000183105469,76.13640022277832,79.69900196,72.5737984856
11/16/2015,79.08999633789062,76.1295002746582,79.6881448304,72.5708557189
11/17/2015,80.27999877929688,76.12920021057128,79.6875938514,72.5708065698
11/18/2015,80.52999877929688,76.15720016479492,79.737064115,72.5773362146
11/19/2015,81.31999969482422,76.20800018310547,79.8134207651,72.6025796011
11/20/2015,82.20999908447266,76.26190017700195,79.902875996,72.620924358
11/23/2015,82.75,76.30880020141602,79.9955977333,72.6220026695
11/24/2015,82.05000305175781,76.36750022888184,80.1092455751,72.6257548827
11/25/2015,82.5199966430664,76.42180023193359,80.2059752482,72.6376252157
11/27/2015,82.5,76.47840019226074,80.3107280484,72.6460723361
11/30/2015,81.41000366210938,76.54350021362305,80.4219934853,72.665006942
12/01/2015,82.22000122070312,76.58500022888184,80.493028199,72.6769722588
12/02/2015,81.61000061035156,76.62180023193359,80.5652302693,72.6783701945
12/03/2015,80.33000183105469,76.64230026245117,80.6062265488,72.6783739761
12/04/2015,81.88999938964844,76.63870025634766,80.5991107329,72.6782897798
12/07/2015,80.5199966430664,76.65660026550293,80.6366111078,72.6765894232
12/08/2015,81.0,76.65590026855469,80.6352253475,72.6765751896
12/09/2015,79.05000305175781,76.67530029296876,80.6709938385,72.6796067474
12/10/2015,79.62999725341797,76.67390029907227,80.6687369431,72.679063655
12/11/2015,78.58000183105469,76.68730026245117,80.6897754384,72.6848250865
12/14/2015,77.48999786376953,76.67900024414062,80.6766784075,72.6813220808
12/15/2015,78.05999755859375,76.66050025939941,80.6500937998,72.670906719
12/16/2015,78.7699966430664,76.65150024414062,80.6369092063,72.666091282
12/17/2015,78.86000061035156,76.66760017395019,80.6582793017,72.6769210462
12/18/2015,81.4000015258789,76.66890014648438,80.6602720082,72.6775282848
12/21/2015,80.44000244140625,76.6902001953125,80.7010320067,72.6793683839
12/22/2015,80.88999938964844,76.70010025024413,80.7189457556,72.6812547449
12/23/2015,82.19999694824219,76.71820022583007,80.7517724415,72.6846280101
12/24/2015,81.73999786376953,76.75730018615722,80.8247282914,72.6898720809
12/28/2015,82.33999633789062,76.78430015563964,80.8756823094,72.6929180019
12/29/2015,83.52999877929688,76.80630012512206,80.9215126782,72.6910875721
12/30/2015,83.6500015258789,76.86520011901855,81.0337293367,72.6966709013
12/31/2015,82.80999755859375,76.92580017089844,81.1481271926,72.7034731492
01/04/2016,81.70999908447266,76.96230010986328,81.2194158435,72.7051843763
01/05/2016,81.91000366210938,77.00530006408691,81.2883582524,72.7222418758
01/06/2016,80.58999633789062,77.05390007019042,81.3646733968,72.7431267435
01/07/2016,79.48999786376953,77.0901000213623,81.4151925771,72.7650074657
01/08/2016,79.1500015258789,77.10180000305176,81.4317835238,72.7718164823
01/11/2016,78.27999877929688,77.10550003051758,81.4370738073,72.7739262538
01/12/2016,78.68000030517578,77.10169998168945,81.4320748616,72.7713251018
01/13/2016,76.5999984741211,77.11339996337891,81.4464419576,72.7803579691
01/14/2016,76.52999877929688,77.12809997558594,81.456879686,72.7993202652
01/15/2016,73.56999969482422,77.17009994506836,81.4724167135,72.8677831766
01/19/2016,71.5999984741211,77.21549995422363,81.4551772018,72.9758227066
01/20/2016,70.48999786376953,77.24189994812012,81.438085338,73.0457145582
01/21/2016,70.30999755859375,77.21629989624023,81.4456589831,72.9869408094
01/22/2016,72.45999908447266,77.17739990234375,81.4519705663,72.9028292384
01/25/2016,71.73999786376953,77.16339988708496,81.4510852399,72.8757145343
01/26/2016,70.95999908447266,77.15869987487793,81.4520662341,72.8653335156
01/27/2016,67.98999786376953,77.16789985656739,81.4469640324,72.8888356807
01/28/2016,67.38999938964844,77.14509986877441,81.4667197669,72.8234799706
01/29/2016,70.05000305175781,77.12219985961914,81.489145803,72.7552539162
02/01/2016,70.44000244140625,77.13609985351563,81.4782301711,72.793969536
02/02/2016,67.83000183105469,77.13029991149902,81.4809748104,72.7796250126
02/03/2016,67.69999694824219,77.11199989318848,81.4977654328,72.7262343536
02/04/2016,68.62000274658203,77.08529983520508,81.5198842819,72.6507153885
02/05/2016,63.13999938964844,77.06619987487792,81.532973569,72.5994261807
02/08/2016,60.93000030517578,76.99969985961914,81.6211287371,72.3782709822
02/09/2016,61.599998474121094,76.8913998413086,81.7549051709,72.0278945117
02/10/2016,63.540000915527344,76.79749984741211,81.8605889229,71.7344107719
02/11/2016,61.970001220703125,76.7190998840332,81.9241785451,71.5140212229
02/12/2016,64.11000061035156,76.6281999206543,82.007761779,71.2486380624
02/16/2016,63.84000015258789,76.54209991455077,82.050873421,71.0333264081
02/17/2016,66.33999633789062,76.45329990386963,82.0929850992,70.8136147085
02/18/2016,65.3499984741211,76.38419986724854,82.1044666508,70.6639330837
02/19/2016,65.9000015258789,76.30609981536865,82.1223644284,70.4898352023
02/22/2016,66.11000061035156,76.23589984893799,82.1343927061,70.3374069918
02/23/2016,65.30000305175781,76.1894998550415,82.1489001948,70.2300995153
02/24/2016,65.36000061035156,76.13759990692138,82.1685805056,70.1066193083
02/25/2016,67.68000030517578,76.07239994049073,82.1837639951,69.9610358859
02/26/2016,67.9800033569336,76.01729991912842,82.1790347527,69.8555650856
02/29/2016,65.3499984741211,75.96089992523193,82.1699502731,69.7518495774
03/01/2016,68.38999938964844,75.87319988250732,82.1689633943,69.5774363707
03/02/2016,68.27999877929688,75.82919986724853,82.1616262532,69.4967734813
03/03/2016,68.66999816894531,75.77029987335204,82.1451355255,69.3954642212
03/04/2016,67.58000183105469,75.70559986114502,82.1192192415,69.2919804808
03/07/2016,66.93000030517578,75.61659984588623,82.0804105624,69.1527891294
03/08/2016,68.27999877929688,75.52609981536865,82.0472889874,69.0049106433
03/09/2016,69.9000015258789,75.46169979095458,82.0222121724,68.9011874095
03/10/2016,70.05999755859375,75.40949977874756,81.9932491037,68.8257504538
03/11/2016,71.80000305175781,75.33309978485107,81.9341319906,68.7320675791
03/14/2016,72.12000274658203,75.27489978790283,81.881167071,68.6686325048
03/15/2016,71.55000305175781,75.20709980010986,81.8106057405,68.6035938597
03/16/2016,72.86000061035156,75.13999980926513,81.7462339661,68.5337656524
03/17/2016,72.73999786376953,75.10049983978271,81.7084393467,68.4925603329
03/18/2016,74.08999633789062,75.05819980621338,81.6675753119,68.4488243005
03/21/2016,74.9000015258789,75.0251997756958,81.6310878205,68.4193117309
03/22/2016,75.70999908447266,74.99639980316162,81.5964903322,68.3963092741
03/23/2016,72.54000091552734,74.97479976654053,81.5689824097,68.3806171234
03/24/2016,73.23999786376953,74.90939975738526,81.494969071,68.3238304438
03/28/2016,73.48999786376953,74.85329975128174,81.4289489069,68.2776505956
03/29/2016,73.48999786376953,74.79709972381592,81.360132123,68.2340673246
03/30/2016,74.04000091552734,74.73059970855712,81.2728158014,68.1883836157
03/31/2016,74.51000213623047,74.66249973297118,81.1760435191,68.1489559469
04/01/2016,75.5199966430664,74.58209972381592,81.0472287992,68.1169706485
04/04/2016,75.27999877929688,74.52159969329834,80.9492526673,68.0939467193
04/05/2016,74.05999755859375,74.46419971466065,80.8591108211,68.0692886083
04/06/2016,74.75,74.40189968109131,80.770042343,68.0337570192
04/07/2016,73.62000274658203,74.34139965057373,80.677126537,68.0056727642
04/08/2016,73.80000305175781,74.26299968719482,80.5585336741,67.9674657002
04/11/2016,72.83999633789062,74.20289974212646,80.4738317289,67.9319677554
04/12/2016,72.61000061035156,74.15299968719482,80.4147178482,67.8912815262
04/13/2016,74.05000305175781,74.08819972991944,80.3319954021,67.8444040577
04/14/2016,74.44999694824219,74.02589977264404,80.2386072297,67.8131923156
04/15/2016,74.66000366210938,73.9650997543335,80.1435140209,67.7866854878
04/18/2016,75.44999694824219,73.89849979400634,80.0330128699,67.7639867181
04/19/2016,75.04000091552734,73.83089977264405,79.9104509193,67.751348626
04/20/2016,76.05999755859375,73.75379978179932,79.768291739,67.7393078246
04/21/2016,76.12999725341797,73.69389972686767,79.6550607783,67.7327386754
04/22/2016,74.8499984741211,73.62999973297119,79.5301441139,67.729855352
04/25/2016,74.47000122070312,73.5534997177124,79.387363479,67.7196359564
04/26/2016,74.48999786376953,73.48409969329833,79.2651292928,67.7030700938
04/27/2016,74.41000366210938,73.406799659729,79.1218050395,67.6917942799
04/28/2016,73.63999938964844,73.33479969024658,78.9910565461,67.6785428344
04/29/2016,73.37000274658203,73.26789966583252,78.8804186142,67.6553807175
05/02/2016,74.31999969482422,73.18269969940185,78.7279506518,67.637448747
05/03/2016,72.3499984741211,73.12069972991944,78.6180208391,67.6233786208
05/04/2016,71.44999694824219,73.03419971466064,78.4746191104,67.5937803189
05/05/2016,71.56999969482422,72.95819965362548,78.3670429013,67.5493564059
05/06/2016,71.7300033569336,72.87759967803954,78.2463268159,67.5088725401
05/09/2016,71.73999786376953,72.80909969329834,78.1482508153,67.4699485713
05/10/2016,73.08999633789062,72.75159969329835,78.0709558727,67.4322435139
05/11/2016,72.1500015258789,72.7018996810913,77.9945771053,67.4092222569
05/12/2016,71.93000030517578,72.63569972991944,77.8933493751,67.3780500848
05/13/2016,72.05999755859375,72.56639972686767,77.7870929953,67.3457064584
05/16/2016,72.91999816894531,72.47299968719483,77.6178178433,67.3281815311
05/17/2016,72.44000244140625,72.39779964447021,77.4801972638,67.3154020251
05/18/2016,73.0,72.31329967498779,77.3235360528,67.3030632972
05/19/2016,72.44000244140625,72.22129970550537,77.1326388621,67.3099605489
05/20/2016,73.16999816894531,72.12829975128174,76.9456668208,67.3109326818
05/23/2016,74.80000305175781,72.03659976959229,76.7447502004,67.3284493387
05/24/2016,76.41000366210938,71.9492998123169,76.5225307234,67.3760689012
05/25/2016,76.69999694824219,71.8768998336792,76.3197720794,67.434027588
05/26/2016,76.22000122070312,71.81579982757569,76.1485445673,67.4830550878
05/27/2016,76.5199966430664,71.76089984893798,76.0017348,67.5200648979
05/31/2016,77.45999908447266,71.70699977874756,75.8516617439,67.5623378136
06/01/2016,77.41000366210938,71.67569980621337,75.7646039196,67.5867956928
06/02/2016,78.2300033569336,71.65489986419678,75.7091438229,67.6006559055
06/03/2016,78.19999694824219,71.64569988250733,75.6839375931,67.6074621719
06/06/2016,78.12999725341797,71.64489986419677,75.6818308828,67.6079688456
06/07/2016,78.87000274658203,71.63939983367919,75.6671064141,67.6116932533
06/08/2016,79.05999755859375,71.66209987640381,75.7239523851,67.6002473677
06/09/2016,78.2300033569336,71.68739986419678,75.787196227,67.5876035014
06/10/2016,76.91999816894531,71.73399990081788,75.8811402935,67.5868595081
06/13/2016,76.9000015258789,71.78719989776611,75.9662798699,67.6081199256
06/14/2016,77.16999816894531,71.85129993438721,76.0590523834,67.6435474853
06/15/2016,76.98999786376953,71.91989994049072,76.15777725,67.682022631
06/16/2016,76.97000122070312,71.9651999282837,76.2327160513,67.6976838052
06/17/2016,77.30000305175781,72.01749996185303,76.3138858578,67.7211140659
06/20/2016,78.87999725341797,72.08090000152588,76.4078824963,67.7539175068
06/21/2016,80.38999938964844,72.18979999542236,76.5493688655,67.8302311254
06/22/2016,79.75,72.31979999542236,76.7278599514,67.9117400395
06/23/2016,78.38999938964844,72.41679996490478,76.8802227009,67.9533772289
06/24/2016,73.62000274658203,72.49629993438721,76.9944702407,67.9981296281
06/27/2016,70.13999938964844,72.55419994354249,77.0291376407,68.0792622464
06/28/2016,71.4800033569336,72.57859996795655,77.0336109453,68.1235889906
06/29/2016,72.93000030517578,72.60719997406005,77.0458561979,68.1685437502
06/30/2016,72.5999984741211,72.70509998321533,77.0406331446,68.3695668219
07/01/2016,71.98999786376953,72.82179996490478,76.9927482559,68.6508516739
07/05/2016,71.29000091552734,72.92569995880127,76.9423708562,68.9090290614
07/06/2016,72.18000030517578,73.00319995880128,76.9113300099,69.0950699077
07/07/2016,71.41999816894531,73.105299949646,76.8539687695,69.3566311298
07/08/2016,72.69000244140625,73.17839992523193,76.8207099935,69.5360898569
07/11/2016,72.63999938964844,73.26689994812011,76.7866895153,69.7471103809
07/12/2016,73.91000366210938,73.3298999786377,76.7808505289,69.8789494284
07/13/2016,73.66000366210938,73.41550003051758,76.7723302696,70.0586697914
07/14/2016,73.48999786376953,73.49310005187988,76.7638886622,70.2223114416
07/15/2016,72.83000183105469,73.56690002441407,76.7524157158,70.381384333
07/18/2016,72.80000305175781,73.64220001220703,76.7185378457,70.5658621787
07/19/2016,72.36000061035156,73.71660003662109,76.6796160322,70.7535840411
07/20/2016,73.5199966430664,73.76340003967285,76.6670652763,70.859734803
07/21/2016,72.30000305175781,73.81879997253418,76.6638515247,70.9737484204
07/22/2016,73.47000122070312,73.88830001831055,76.6077392124,71.1688608242
07/25/2016,73.54000091552734,73.9391000366211,76.6022195475,71.2759805257
07/26/2016,75.05000305175781,73.9917000579834,76.5937717899,71.3896283261
07/27/2016,73.63999938964844,74.05550010681152,76.6039705881,71.5070296255
07/28/2016,74.43000030517578,74.11610008239747,76.5805341079,71.6516660569
07/29/2016,75.29000091552734,74.19110008239745,76.547452157,71.8347480078
08/01/2016,74.81999969482422,74.26120010375976,76.5437744686,71.9786257389
08/02/2016,72.88999938964844,74.31040008544922,76.5510801456,72.0697200253
08/03/2016,74.58000183105469,74.33870010375976,76.5430962583,72.1343039492
08/04/2016,74.5999984741211,74.36650009155274,76.5561854582,72.1768147249
08/05/2016,75.83000183105469,74.39130004882813,76.5694149858,72.2131851119
08/08/2016,75.25,74.43410003662109,76.5979673573,72.2702327159
08/09/2016,75.16999816894531,74.45800003051758,76.6175438734,72.2984561876
08/10/2016,74.3499984741211,74.48230003356933,76.6360393907,72.3285606765
08/11/2016,74.41999816894531,74.48490005493164,76.6383211641,72.3314789458
08/12/2016,74.0,74.4801000213623,76.6331254423,72.3270746004
08/15/2016,73.97000122070312,74.46300003051758,76.6129778203,72.3130222407
08/16/2016,73.58999633789062,74.47730003356934,76.6191803358,72.3354197314
08/17/2016,73.16999816894531,74.48080001831055,76.6209408761,72.3406591606
08/18/2016,73.70999908447266,74.4776000213623,76.619458508,72.3357415347
08/19/2016,74.2300033569336,74.47980003356933,76.6207557707,72.3388442964
08/22/2016,74.06999969482422,74.4817000579834,76.6223489338,72.3410511822
08/23/2016,74.88999938964844,74.47730003356934,76.6183383824,72.3362616847
08/24/2016,74.72000122070312,74.47100006103516,76.6098868198,72.3321133023
08/25/2016,74.87999725341797,74.46540008544922,76.6028940465,72.3279061244
08/26/2016,74.37000274658203,74.47360008239747,76.6110959513,72.3361042135
08/29/2016,73.66999816894531,74.46980010986329,76.6071389938,72.3324612259
08/30/2016,72.94000244140625,74.47030006408691,76.6074459484,72.3331541798
08/31/2016,72.9800033569336,74.46170005798339,76.6032517613,72.3201483547
09/01/2016,72.94000244140625,74.46310012817383,76.6036366869,72.3225635694
09/02/2016,73.75,74.46640014648438,76.6043300697,72.3284702232
09/06/2016,73.37000274658203,74.46340011596679,76.6021225811,72.3246776509
09/07/2016,73.19000244140625,74.4526001739502,76.5940880973,72.3111122506
09/08/2016,72.5999984741211,74.43790016174316,76.5829562924,72.2928440311
09/09/2016,72.23999786376953,74.40940017700196,76.5597464239,72.2590539301
09/12/2016,72.94999694824219,74.38140014648438,76.5415602033,72.2212400897
09/13/2016,72.41999816894531,74.35030014038085,76.5084559547,72.1921443261
09/14/2016,73.69999694824219,74.31320014953613,76.4723313518,72.1540689473
09/15/2016,73.66999816894531,74.30170013427734,76.4610041785,72.1423960901
09/16/2016,73.80000305175781,74.29370010375976,76.4538475932,72.1335526143
09/19/2016,75.94000244140625,74.28680015563965,76.4474115521,72.1261887592
09/20/2016,75.77999877929688,74.30210014343261,76.4689380478,72.1352622391
09/21/2016,77.04000091552734,74.3235001373291,76.4942572895,72.1527429852
09/22/2016,80.0199966430664,74.36020011901856,76.5455014523,72.1748987858
09/23/2016,79.12999725341797,74.41720008850098,76.6738812195,72.1605189576
09/26/2016,78.73999786376953,74.48500007629394,76.7800783396,72.189921813
09/27/2016,79.11000061035156,74.55790008544922,76.8711245547,72.2446756162
09/28/2016,80.55999755859375,74.6333000946045,76.9706624944,72.2959376948
09/29/2016,80.16000366210938,74.7216000366211,77.1137606117,72.3294394615
09/30/2016,80.83000183105469,74.80580009460449,77.2393582698,72.3722419194
10/03/2016,80.19999694824219,74.88320014953614,77.3831371215,72.3832631775
10/04/2016,79.6500015258789,74.96370010375976,77.5036182434,72.4237819641
10/05/2016,79.43000030517578,75.04090011596679,77.6046483836,72.4771518483
10/06/2016,78.58999633789062,75.11460014343261,77.6974585774,72.5317417095
10/07/2016,77.80000305175781,75.17130012512207,77.7675597059,72.5750405444
10/10/2016,77.98999786376953,75.22490013122558,77.8195468838,72.6302533787
10/11/2016,76.75,75.27480010986328,77.8741572633,72.6754429564
10/12/2016,77.18000030517578,75.31790008544922,77.9056020336,72.7301981373
10/13/2016,76.83000183105469,75.35800010681152,77.9431756727,72.7728245409
10/14/2016,77.19999694824219,75.3783000946045,77.9669821725,72.7896180167
10/17/2016,76.19000244140625,75.38620002746582,77.9792203057,72.7931797492
10/18/2016,77.5,75.38110008239747,77.9720320602,72.7901681046
10/19/2016,78.2699966430664,75.39390007019043,77.9920964622,72.7957036782
10/20/2016,77.58000183105469,75.41140007019042,78.0229813195,72.7998188209
10/21/2016,76.95999908447266,75.41260009765625,78.0251497983,72.800050397
10/24/2016,78.20999908447266,75.40810005187988,78.0175911735,72.7986089302
10/25/2016,77.3499984741211,75.40790000915527,78.0171755548,72.7986244635
10/26/2016,77.02999877929688,75.39940002441406,78.0009391909,72.7978608579
10/27/2016,76.91000366210938,75.38840003967285,77.9806793352,72.7961207442
10/28/2016,77.11000061035156,75.36880004882812,77.942020791,72.7955793066
10/31/2016,77.44999694824219,75.34930007934571,77.9017798819,72.7968202768
11/01/2016,76.66000366210938,75.34150001525879,77.8863452092,72.7966548213
11/02/2016,74.7699966430664,75.33890007019043,77.8822636415,72.7955364989
11/03/2016,74.73999786376953,75.31760002136231,77.8567161466,72.7784838961
11/04/2016,74.44999694824219,75.29330001831055,77.8261921717,72.7604078649
11/07/2016,76.66999816894531,75.26790000915527,77.7963820173,72.7394180011
11/08/2016,76.66999816894531,75.2648999786377,77.7915379765,72.7382619808
11/09/2016,76.79000091552734,75.25859992980958,77.7809374262,72.7362624334
11/10/2016,76.93000030517578,75.23769996643067,77.7385111031,72.7368888298
11/11/2016,77.05000305175781,75.20309997558594,77.6558608879,72.7503390633
11/14/2016,75.5,75.17610000610351,77.5932625174,72.7589374948
11/15/2016,76.80999755859375,75.14720001220704,77.5429456197,72.7514544047
11/16/2016,78.63999938964844,75.17909996032715,77.5755358662,72.7826640544
11/17/2016,79.81999969482422,75.26409996032714,77.6308557471,72.8973441736
11/18/2016,79.02999877929688,75.34749992370605,77.7263537975,72.9686460499
11/21/2016,79.6500015258789,75.40849990844727,77.8027408506,73.0142589663
11/22/2016,79.12999725341797,75.47899993896485,77.8932174087,73.0647824692
11/23/2016,78.75,75.55039993286132,77.9659566992,73.1348431665
11/25/2016,78.80999755859375,75.62499992370606,78.022960253,73.2270395944
11/28/2016,78.37999725341797,75.69129989624024,78.0847450972,73.2978546953
11/29/2016,80.0,75.76089988708496,78.1302007379,73.3915990363
11/30/2016,79.11000061035156,75.8339998626709,78.2201344988,73.4478652266
12/01/2016,75.19000244140625,75.89869987487793,78.2850690477,73.5123307021
12/02/2016,76.08000183105469,75.9114998626709,78.290589475,73.5324102504
12/05/2016,77.72000122070312,75.93569984436036,78.3040480709,73.5673516179
12/06/2016,77.93000030517578,75.97799987792969,78.3400554999,73.6159442559
12/07/2016,78.91999816894531,76.0289998626709,78.3775547167,73.6804450086
12/08/2016,78.87999725341797,76.09019981384277,78.4335476277,73.746852
12/09/2016,78.6500015258789,76.15539978027344,78.4847159412,73.8260836194
12/12/2016,78.41000366210938,76.20669982910157,78.5338996409,73.8795000173
12/13/2016,80.55000305175781,76.26779983520508,78.5717200669,73.9638796035
12/14/2016,79.08000183105469,76.33859985351563,78.6641388587,74.0130608483
12/15/2016,80.41000366210938,76.3939998626709,78.7181973137,74.0698024116
12/16/2016,79.94999694824219,76.44759986877442,78.8017962118,74.0934035257
12/19/2016,80.47000122070312,76.51069984436035,78.8733467632,74.1480529255
12/20/2016,79.38999938964844,76.57109985351562,78.9568743337,74.1853253733
12/21/2016,79.79000091552734,76.61209983825684,79.0107012375,74.213498439
12/22/2016,68.70999908447266,76.66179985046386,79.0742038185,74.2493958825
12/23/2016,71.01000213623047,76.6199998474121,79.131571513,74.1084281818
12/27/2016,70.19000244140625,76.58429985046386,79.1494163324,74.0191833685
12/28/2016,70.0199966430664,76.54019989013672,79.1759869896,73.9044127907
12/29/2016,69.6500015258789,76.48209983825683,79.1957845488,73.7684151277
12/30/2016,69.69999694824219,76.42609985351562,79.2211926397,73.6310070673
01/03/2017,70.12000274658203,76.37139984130859,79.2430158116,73.499783871
01/04/2017,73.0999984741211,76.3290998840332,79.260708319,73.3974914491
01/05/2017,73.0999984741211,76.31589988708497,79.2590237447,73.3727760294
01/06/2017,73.80000305175781,76.30689987182618,79.2584559593,73.3553437844
01/09/2017,72.13999938964844,76.30519989013672,79.2581500778,73.3522497025
01/10/2017,71.66000366210938,76.29069992065429,79.2604592056,73.3209406357
01/11/2017,72.33000183105469,76.27559997558593,79.2649624304,73.2862375207
01/12/2017,73.02999877929688,76.26180000305176,79.266122192,73.2574778141
01/13/2017,73.36000061035156,76.24979995727539,79.2645920279,73.2350078866
01/17/2017,72.7699966430664,76.24269996643066,79.263447379,73.2219525539
01/18/2017,73.5999984741211,76.22149993896484,79.2590588576,73.1839410203
01/19/2017,73.91999816894531,76.21029991149902,79.2554298692,73.1651699538
01/20/2017,74.19999694824219,76.2006999206543,79.2515165438,73.1498832975
01/23/2017,74.05999755859375,76.1989998626709,79.2508833435,73.1471163819
01/24/2017,75.43000030517578,76.20289985656738,79.2517967691,73.154002944
01/25/2017,76.43000030517578,76.22779983520508,79.2600697962,73.1955298742
01/26/2017,75.25,76.2622998046875,79.2769967876,73.2476028217
01/27/2017,75.69999694824219,76.28539978027344,79.2833549503,73.2874446103
01/30/2017,75.51000213623047,76.30489974975586,79.2926245358,73.3171749638
01/31/2017,75.87999725341797,76.32629974365234,79.3005599635,73.3520395238
02/01/2017,76.06999969482422,76.35319969177246,79.3110922692,73.3953071144
02/02/2017,77.70999908447266,76.38789970397949,79.3218153873,73.4539840206
02/03/2017,78.12999725341797,76.44259971618652,79.3495392953,73.5356601371
02/06/2017,78.22000122070312,76.49439971923829,79.3847465565,73.6040528819
02/07/2017,78.86000061035156,76.55239974975586,79.4184964616,73.6863030379
02/08/2017,78.66000366210938,76.60399978637696,79.4647227716,73.7432768012
02/09/2017,79.30999755859375,76.6538998413086,79.5065186113,73.8012810713
02/10/2017,79.25,76.70899978637695,79.5591750661,73.8588245067
02/13/2017,79.7699966430664,76.74209976196289,79.6023544304,73.8818450935
02/14/2017,80.08999633789062,76.78199974060058,79.6563500972,73.907649384
02/15/2017,81.05000305175781,76.81249969482423,79.7055469626,73.919452427
02/16/2017,81.52999877929688,76.82279975891113,79.7290517065,73.9165478113
02/17/2017,82.5999984741211,76.84679977416992,79.7817733695,73.9118261788
02/21/2017,83.75,76.88539978027343,79.8699819969,73.9008175637
02/22/2017,84.70999908447266,76.93179977416992,79.9858654122,73.8777341361
02/23/2017,84.5999984741211,76.97329978942871,80.1036288973,73.8429706815
02/24/2017,84.86000061035156,77.01769973754882,80.2234919144,73.8119075607
02/27/2017,83.77999877929688,77.0579997253418,80.3359807731,73.7800186776
02/28/2017,82.80999755859375,77.09379974365234,80.425017142,73.7625823453
03/01/2017,83.23999786376953,77.1253997039795,80.4954766017,73.7553228062
03/02/2017,82.43000030517578,77.16349967956543,80.5806239026,73.7463754565
03/03/2017,82.05000305175781,77.20189971923828,80.6562122057,73.7475872328
03/06/2017,82.02999877929688,77.24439971923829,80.7317959238,73.7570035147
03/07/2017,81.97000122070312,77.28479972839355,80.8038564975,73.7657429593
03/08/2017,82.05000305175781,77.33699974060059,80.8863217499,73.7876777313
03/09/2017,81.55999755859375,77.3856997680664,80.9658104573,73.8055890789
03/10/2017,82.20999908447266,77.4329997253418,81.0366249666,73.8293744841
03/13/2017,82.87999725341797,77.4830997467041,81.1178293368,73.8483701566
03/14/2017,82.58000183105469,77.54999969482422,81.2216924394,73.8783069502
03/15/2017,83.2699966430664,77.60079971313476,81.3064347713,73.895164655
03/16/2017,84.0999984741211,77.65079971313476,81.3986191961,73.9029802302
03/17/2017,83.6500015258789,77.71599967956543,81.518337298,73.9136620611
03/20/2017,84.51000213623047,77.7828997039795,81.6299380663,73.9358613416
03/21/2017,81.30999755859375,77.84589973449707,81.7505700266,73.9412294424
03/22/2017,82.55000305175781,77.8854997253418,81.8049923567,73.9660070939
03/23/2017,82.76000213623047,77.94069976806641,81.8865371364,73.9948623998
03/24/2017,82.95999908447266,77.99919975280761,81.9725917165,74.0258077891
03/27/2017,82.19999694824219,78.05769973754883,82.0605249895,74.0548744855
03/28/2017,86.4800033569336,78.10519973754883,82.1286618019,74.0817376732
03/29/2017,86.7300033569336,78.20339973449707,82.3093820997,74.0974173693
03/30/2017,85.91999816894531,78.32299980163575,82.5007903819,74.1452092213
03/31/2017,86.5,78.4347998046875,82.6644806089,74.2051190005
04/03/2017,86.4800033569336,78.55529983520508,82.8410165141,74.2695831563
04/04/2017,85.61000061035156,78.65339988708496,83.0065837181,74.3002160561
04/05/2017,84.68000030517578,78.74279991149902,83.1458467219,74.3397531011
04/06/2017,85.0,78.8216999053955,83.2596009016,74.3837989092
04/07/2017,84.91000366210938,78.90239990234375,83.3783781651,74.4264216395
04/10/2017,85.04000091552734,78.98099990844726,83.4926296291,74.4693701878
04/11/2017,85.16000366210938,79.07639991760254,83.6142014672,74.538598368
04/12/2017,85.43000030517578,79.1598999786377,83.7319243871,74.5878755702
04/13/2017,85.93000030517578,79.22779998779296,83.84182593,74.6137740456
04/17/2017,86.16999816894531,79.28889999389648,83.9505724481,74.6272275397
04/18/2017,86.73999786376953,79.36029998779297,84.0718726482,74.6487273274
04/19/2017,87.2699966430664,79.43119995117188,84.1996011787,74.6627987236
04/20/2017,87.41999816894531,79.51259994506836,84.3442233175,74.6809765727
04/21/2017,87.0199966430664,79.59929992675781,84.4938398853,74.7047599682
04/24/2017,87.44000244140625,79.68139991760253,84.6305633229,74.7322365123
04/25/2017,87.58999633789062,79.77199996948242,84.7790981996,74.7649017394
04/26/2017,87.70999908447266,79.84789993286132,84.9150453534,74.7807545123
04/27/2017,88.1500015258789,79.93389991760255,85.0604238659,74.8073759693
04/28/2017,88.08000183105469,80.06349990844727,85.2321021623,74.8948976546
05/01/2017,88.29000091552734,80.18349990844726,85.3973286091,74.9696712078
05/02/2017,88.18000030517578,80.2891999053955,85.5588585811,75.0195412297
05/03/2017,87.2300033569336,80.39169990539551,85.7138973266,75.0695024842
05/04/2017,87.88999938964844,80.4747999572754,85.838086697,75.1115132175
05/05/2017,88.61000061035156,80.5648999786377,85.9761054366,75.1536945206
05/08/2017,88.19999694824219,80.66449996948242,86.1309240686,75.1980758704
05/09/2017,88.58000183105469,80.76239990234374,86.2750415237,75.249758281
05/10/2017,89.13999938964844,80.84269989013671,86.4098775802,75.2755222001
05/11/2017,88.55000305175781,80.94329986572265,86.5683090055,75.3182907259
05/12/2017,88.25,81.02469985961915,86.7000744859,75.3493252333
05/15/2017,89.66000366210938,81.10769989013671,86.8272704948,75.3881292855
05/16/2017,89.63999938964844,81.19959991455079,86.9816752072,75.417524622
05/17/2017,85.5999984741211,81.30209991455078,87.141752758,75.4624470711
05/18/2017,85.5199966430664,81.36019989013671,87.2134062432,75.5069935371
05/19/2017,86.18000030517578,81.52829986572266,87.2558237893,75.8007759421
05/22/2017,87.9000015258789,81.6799998474121,87.3272606621,76.0327390327
05/23/2017,87.62999725341797,81.85709983825683,87.4182934248,76.2959062517
05/24/2017,87.98999786376953,82.03319984436035,87.4946974614,76.5717022274
05/25/2017,88.7699966430664,82.21659980773926,87.5659660407,76.8672335748
05/26/2017,88.58000183105469,82.4072998046875,87.6458271965,77.1687724129
05/30/2017,89.41999816894531,82.59189979553223,87.718237464,77.465562127
05/31/2017,89.56999969482422,82.75509979248046,87.8362385447,77.6739610403
06/01/2017,90.72000122070312,82.9197998046875,87.9520024752,77.8875971341
06/02/2017,91.54000091552734,83.08899978637696,88.0961106876,78.0818888852
06/05/2017,91.75,83.28299980163574,88.2376856317,78.3283139715
06/06/2017,91.66000366210938,83.48389976501466,88.3700548394,78.5977446907
06/07/2017,91.93000030517578,83.6771997833252,88.5002215407,78.854178026
06/08/2017,91.94999694824219,83.86619979858398,88.6383351842,79.094064413
06/09/2017,88.8499984741211,84.0520997619629,88.7731582123,79.3310413116
06/12/2017,88.72000122070312,84.21289978027343,88.8194034499,79.6063961106
06/13/2017,89.27999877929688,84.36409980773925,88.8667454192,79.8614541962
06/14/2017,88.91999816894531,84.51769981384277,88.9223669497,80.113032678
06/15/2017,87.91999816894531,84.6648998260498,88.9670710358,80.3627286163
06/16/2017,87.8499984741211,84.80349983215332,88.9833065606,80.6236931037
06/19/2017,90.3499984741211,84.92769981384278,89.0105352572,80.8448643705
06/20/2017,89.95999908447266,85.06689979553222,89.0945632473,81.0392363437
06/21/2017,98.58000183105469,85.21399978637696,89.1479727736,81.2800267992
06/22/2017,98.87999725341797,85.44279983520508,89.4807611535,81.4048385169
06/23/2017,99.41999816894531,85.67649978637695,89.8080242005,81.5449753723
06/26/2017,98.19000244140625,85.91189979553222,90.1478416836,81.6759579074
06/27/2017,96.0,86.13309982299805,90.426485701,81.839713945
06/28/2017,96.80999755859375,86.31599983215332,90.6361596457,81.9958400186
06/29/2017,95.51000213623047,86.50279983520508,90.8685781248,82.1370215456
06/30/2017,95.75,86.67569984436035,91.0523852414,82.2990144473
07/03/2017,94.79000091552734,86.84459983825684,91.2422612105,82.446938466
07/05/2017,95.54000091552734,87.00589981079102,91.3962102441,82.6155893775
07/06/2017,94.91000366210938,87.16819984436034,91.5709857921,82.7654138966
07/07/2017,96.55000305175781,87.32479988098144,91.7216597725,82.9279399894
07/10/2017,97.25,87.49259994506836,91.9180392747,83.0671606154
07/11/2017,97.41000366210938,87.66419998168945,92.1317664159,83.1966335475
07/12/2017,98.83999633789062,87.82779998779297,92.3493833129,83.3062166627
07/13/2017,97.7699966430664,88.00089996337891,92.6085906917,83.393209235
07/14/2017,98.41999816894531,88.15259994506836,92.8291858893,83.4760140008
07/17/2017,98.52999877929688,88.29929992675781,93.0647276106,83.533872243
07/18/2017,98.61000061035156,88.43749992370606,93.2963107818,83.5786890656
07/19/2017,99.25,88.57759994506836,93.5249172451,83.630282645
07/20/2017,98.91999816894531,88.72149993896484,93.7668975487,83.6761023292
07/21/2017,98.94000244140625,88.87289993286133,93.9943278985,83.7514719673
07/24/2017,99.44999694824219,89.03419998168945,94.2157908936,83.8526090698
07/25/2017,99.91999816894531,89.19629997253418,94.4471826082,83.9454173368
07/26/2017,100.66999816894531,89.37119995117187,94.6847041969,84.0576957054
07/27/2017,98.91999816894531,89.55739990234375,94.9369246136,84.1778751911
07/28/2017,98.51000213623047,89.72629989624023,95.1319195367,84.3206802558
07/31/2017,98.87000274658203,89.89169990539551,95.3104911999,84.4729086109
08/01/2017,100.0199966430664,90.05989990234374,95.4937001359,84.6260996688
08/02/2017,98.3499984741211,90.24449989318848,95.6999246882,84.7890750982
08/03/2017,98.19000244140625,90.40589988708496,95.8599872329,84.9518125413
08/04/2017,98.36000061035156,90.55899993896485,96.0145621988,85.1034376791
08/07/2017,98.87999725341797,90.71679992675782,96.1675036191,85.2660962344
08/08/2017,98.06999969482422,90.87289993286133,96.3316207211,85.4141791446
08/09/2017,97.69999694824219,91.01259994506836,96.4749599715,85.5502399186
08/10/2017,95.94999694824219,91.15309989929199,96.6049593118,85.7012404868
08/11/2017,98.33999633789062,91.26749984741211,96.6987500202,85.8362496746
08/14/2017,99.73999786376953,91.43779983520508,96.8209364582,86.0546632122
08/15/2017,99.98999786376953,91.6096997833252,96.9807281684,86.2386713982
08/16/2017,101.75,91.78199974060058,97.1427255416,86.4212739396
08/17/2017,100.66000366210938,91.96989974975585,97.3473906178,86.5924088817
08/18/2017,100.43000030517578,92.15449981689453,97.5102443873,86.7987552465
08/21/2017,102.6500015258789,92.29399978637696,97.68170613,86.9062934428
08/22/2017,104.88999938964844,92.45319976806641,97.9089235668,86.9974759693
08/23/2017,104.0,92.64289978027344,98.1970737684,87.0887257922
08/24/2017,104.6500015258789,92.81789978027344,98.4509015349,87.1848980257
08/25/2017,105.33000183105469,92.99959976196288,98.7176405882,87.2815589357
08/28/2017,105.58999633789062,93.19679977416992,98.9960608858,87.3975386625
08/29/2017,105.5199966430664,93.40589973449707,99.2709028143,87.5408966547
08/30/2017,106.16000366210938,93.61109970092774,99.5370659543,87.6851334476
08/31/2017,107.5,93.82359970092773,99.8143908815,87.8328085203
09/01/2017,107.45999908447266,94.04819969177247,100.125868405,87.9705309785
09/05/2017,106.80999755859375,94.27119964599609,100.427260997,88.1151382954
09/06/2017,106.33999633789062,94.48499961853027,100.701262756,88.2687364809
09/07/2017,107.04000091552734,94.68909957885742,100.955980776,88.4222183814
09/08/2017,107.12000274658203,94.89779960632325,101.224721527,88.5708776856
09/11/2017,107.62000274658203,95.10159965515136,101.490397017,88.712802293
09/12/2017,107.66000366210938,95.30509971618652,101.764904943,88.8452944899
09/13/2017,107.83000183105469,95.50749977111816,102.033816192,88.9811833498
09/14/2017,107.73999786376953,95.71559982299804,102.299486508,89.1317131384
09/15/2017,107.30000305175781,95.91859977722169,102.556924962,89.2802745926
09/18/2017,107.44000244140625,96.11569984436035,102.796285139,89.4351145502
09/19/2017,107.13999938964844,96.31299987792968,103.033649609,89.5923501467
09/20/2017,106.98999786376953,96.50289985656738,103.258413499,89.7473862143
09/21/2017,106.83999633789062,96.69199981689454,103.473706528,89.9102931061
09/22/2017,106.30000305175781,96.87749977111817,103.680515143,90.0744843988
09/25/2017,105.76000213623047,97.05869979858399,103.868953496,90.2484461016
09/26/2017,110.06999969482422,97.24399978637695,104.03637148,90.4516280932
09/27/2017,109.91999816894531,97.46579978942871,104.311032253,90.6205673259
09/28/2017,109.58999633789062,97.67889976501465,104.57662509,90.7811744398
09/29/2017,110.86000061035156,97.89279975891114,104.824834647,90.9607648713
10/02/2017,112.18000030517578,98.1155997467041,105.10256395,91.1286355436
10/03/2017,111.93000030517578,98.34599975585938,105.41261452,91.2793849917
10/04/2017,112.73999786376953,98.57979972839355,105.704967586,91.4546318712
10/05/2017,115.5199966430664,98.82469970703124,106.011222196,91.6381772183
10/06/2017,117.05999755859375,99.08329963684082,106.399490204,91.7671090694
10/09/2017,117.06999969482422,99.35749961853027,106.82685811,91.888141127
10/10/2017,118.3499984741211,99.67219963073731,107.217855228,92.1265440337
10/11/2017,119.37000274658203,100.00049964904785,107.636918357,92.3640809406
10/12/2017,120.91000366210938,100.33239967346191,108.081363962,92.5834353849
10/13/2017,121.0999984741211,100.66249969482422,108.576172303,92.748827087
10/16/2017,120.88999938964844,100.99719970703126,109.059001144,92.93539827
10/17/2017,121.12000274658203,101.32619972229004,109.520695631,93.1317038138
10/18/2017,120.69000244140625,101.64969978332519,109.97955422,93.3198453471
10/19/2017,121.5999984741211,101.97079978942871,110.408840493,93.5327590855
10/20/2017,121.80000305175781,102.29259979248047,110.858509194,93.7266903909
10/23/2017,122.12999725341797,102.61489982604981,111.301537199,93.9282624529
10/24/2017,121.27999877929688,102.92899978637695,111.746738398,94.1112611752
10/25/2017,120.22000122070312,103.22639976501465,112.155821144,94.2969783865
10/26/2017,120.29000091552734,103.51109977722167,112.523550024,94.4986495307
10/27/2017,120.7699966430664,103.79739974975585,112.883274623,94.7115248764
10/30/2017,121.0999984741211,104.08579971313476,113.247802029,94.9237973974
10/31/2017,120.83000183105469,104.37729972839355,113.611982543,95.142616914
11/01/2017,121.26000213623047,104.69709976196289,113.942262705,95.451936819
11/02/2017,120.98999786376953,105.02249977111816,114.272244268,95.7727552747
11/03/2017,121.63999938964844,105.33959976196289,114.587765387,96.0914341372
11/06/2017,121.08000183105469,105.66679977416992,114.907065176,96.4265343726
11/07/2017,121.91999816894531,105.99839981079101,115.190718583,96.8060810385
11/08/2017,123.91999816894531,106.33909980773926,115.483714406,97.1944852092
11/09/2017,123.5,106.6747998046875,115.842441155,97.5071584545
11/10/2017,124.18000030517578,107.01019981384277,116.173724395,97.846675233
11/13/2017,123.98999786376953,107.26619979858398,116.547470448,97.9849291496
11/14/2017,124.48999786376953,107.5172998046875,116.907321313,98.127278296
11/15/2017,123.81999969482422,107.76799980163574,117.272457456,98.2635421474
11/16/2017,126.62999725341797,108.02429977416992,117.612225113,98.4363744357
11/17/2017,125.94999694824219,108.3305997467041,118.018240046,98.6429594479
11/20/2017,127.0,108.62199974060059,118.396591775,98.8474077065
11/21/2017,128.50999450683594,108.93689971923828,118.79092182,99.0828776186
11/22/2017,126.58999633789062,109.26449966430664,119.218722235,99.3102770935
11/24/2017,128.36000061035156,109.58249961853028,119.577100172,99.5878990648
11/27/2017,128.1999969482422,109.91069961547852,119.977394839,99.8440043918
11/28/2017,129.24000549316406,110.24359954833984,120.359048403,100.128150693
11/29/2017,124.48999786376953,110.5704995727539,120.766034402,100.374964744
11/30/2017,126.76000213623047,110.8428995513916,121.042796411,100.643002692
12/01/2017,125.26000213623047,111.13639953613281,121.367766421,100.905032651
12/04/2017,120.30999755859375,111.40059959411622,121.652126936,101.149072252
12/05/2017,120.87000274658203,111.62599960327148,121.823001517,101.428997689
12/06/2017,121.94000244140625,111.85049964904785,122.001311388,101.69968791
12/07/2017,123.80000305175781,112.08459968566895,122.195376084,101.973823288
12/08/2017,125.29000091552734,112.336499710083,122.42219276,102.25080666
12/11/2017,126.62000274658203,112.59689971923828,122.677512961,102.516286478
12/12/2017,125.75,112.87389976501464,122.955463737,102.792335793
12/13/2017,126.48999786376953,113.14199974060058,123.205918419,103.078081063
12/14/2017,126.12999725341797,113.41239974975586,123.468061047,103.356738452
12/15/2017,128.77999877929688,113.67449974060058,123.716638536,103.632360945
12/18/2017,129.44000244140625,113.9555997467041,124.023177646,103.888021847
12/19/2017,128.86000061035156,114.26079978942872,124.330554097,104.191045481
12/20/2017,122.0,114.56429977416992,124.612102019,104.516497529
12/21/2017,123.12999725341797,114.7955997467041,124.745203612,104.845995882
12/22/2017,122.91999816894531,115.02669975280762,124.898510489,105.154889017
12/26/2017,120.61000061035156,115.27239974975586,125.031200734,105.513598765
12/27/2017,121.22000122070312,115.49659973144531,125.116929657,105.876269806
12/28/2017,121.12999725341797,115.72519973754883,125.206203528,106.244195947
12/29/2017,120.0999984741211,115.94769973754883,125.290848913,106.604550562
01/02/2018,121.04000091552734,116.1679997253418,125.345265042,106.990734409
01/03/2018,123.05999755859375,116.40139976501465,125.401089526,107.401710004
01/04/2018,123.9800033569336,116.67249977111817,125.457810867,107.887188675
01/05/2018,124.13999938964844,116.92889984130859,125.548014606,108.309785076
01/08/2018,125.20999908447266,117.17289985656738,125.646094023,108.69970569
01/09/2018,124.1500015258789,117.42509986877441,125.75725703,109.092942707
01/10/2018,124.51000213623047,117.6490998840332,125.857012068,109.4411877
01/11/2018,126.16000366210938,117.88759986877442,125.943490016,109.831709721
01/12/2018,125.94999694824219,118.14489990234375,126.048558016,110.241241788
01/16/2018,124.58999633789062,118.37789985656738,126.163900065,110.591899648
01/17/2018,126.5999984741211,118.5748998260498,126.265781251,110.884018401
01/18/2018,125.47000122070312,118.80089981079101,126.391573439,111.210226182
01/19/2018,125.94000244140625,119.00909980773926,126.493568313,111.524631302
01/22/2018,128.00999450683594,119.21519981384277,126.603297573,111.827102055
01/23/2018,128.14999389648438,119.43939979553222,126.750401458,112.128398133
01/24/2018,128.88999938964844,119.6656997680664,126.892094463,112.439305074
01/25/2018,130.89999389648438,119.8929997253418,127.048134509,112.737864942
01/26/2018,135.22000122070312,120.12699966430664,127.255595079,112.99840425
01/29/2018,132.9499969482422,120.40459968566894,127.574904333,113.234295038
01/30/2018,131.4600067138672,120.66599967956543,127.812374749,113.51962461
01/31/2018,131.3800048828125,120.9171997833252,127.996771614,113.837627953
02/01/2018,130.6199951171875,121.16059982299805,128.177011309,114.144188337
02/02/2018,128.00999450683594,121.39559974670411,128.330887997,114.460311497
02/05/2018,127.05000305175781,121.59949966430663,128.425661059,114.773338269
02/06/2018,128.67999267578125,121.79339965820313,128.495105901,115.091693415
02/07/2018,128.80999755859375,122.0018995666504,128.589302788,115.414496346
02/08/2018,124.6500015258789,122.21259956359863,128.676264955,115.748934172
02/09/2018,126.83999633789062,122.38609954833984,128.677714761,116.094484336
02/12/2018,129.32000732421875,122.5800994873047,128.704746398,116.455452576
02/13/2018,132.02999877929688,122.80189956665039,128.762805637,116.840993497
02/14/2018,134.19000244140625,123.05229957580566,128.867892134,117.236707017
02/15/2018,140.07000732421875,123.32579963684083,129.014245032,117.637354242
02/16/2018,142.7100067138672,123.66349967956543,129.333532934,117.993466425
02/20/2018,144.32000732421875,124.0329997253418,129.728180924,118.337818527
02/21/2018,143.4199981689453,124.37549980163574,130.247786891,118.503212712
02/22/2018,144.66000366210938,124.71049980163575,130.702898701,118.718100903
02/23/2018,146.6199951171875,125.06119987487793,131.183240778,118.939158972
02/26/2018,148.02999877929688,125.41879981994629,131.741978057,119.095621583
02/27/2018,147.44000244140625,125.7772998046875,132.351040432,119.203559178
02/28/2018,147.39999389648438,126.1323998260498,132.904638719,119.360160933
03/01/2018,145.44000244140625,126.47899978637696,133.441228551,119.516771022
03/02/2018,148.75999450683594,126.77819984436036,133.904019615,119.652380073
03/05/2018,149.8300018310547,127.09519981384277,134.481970207,119.708429421
03/06/2018,149.72000122070312,127.42279983520508,135.079216812,119.766382859
03/07/2018,153.30999755859375,127.7364998626709,135.65298948,119.820010245
03/08/2018,153.4600067138672,128.07589981079101,136.346067321,119.805732301
03/09/2018,155.47999572753906,128.4013998413086,137.016488264,119.786311419
03/12/2018,155.0800018310547,128.74519981384276,137.739695299,119.750704328
03/13/2018,153.9499969482422,129.08709983825685,138.419957367,119.75424231
03/14/2018,155.0399932861328,129.41539978027345,139.035240681,119.795558879
03/15/2018,154.42999267578125,129.7588996887207,139.669914728,119.847884649
03/16/2018,154.1699981689453,130.0871996307373,140.262728603,119.911670659
03/19/2018,152.11000061035156,130.41089958190918,140.829615615,119.992183548
03/20/2018,155.27999877929688,130.71069961547852,141.316478236,120.104920995
03/21/2018,154.5500030517578,131.05069961547852,141.891089995,120.210309236
03/22/2018,151.02999877929688,131.39399963378906,142.427826758,120.360172509
03/23/2018,147.89999389648438,131.70139961242677,142.84920581,120.553593415
03/26/2018,153.08999633789062,131.97269958496094,143.181132491,120.764266679
03/27/2018,154.4199981689453,132.29259956359863,143.641779187,120.94341994
03/28/2018,146.1999969482422,132.62849952697755,144.129514942,121.127484112
03/29/2018,149.50999450683594,132.87789947509765,144.400077365,121.355721585
04/02/2018,144.82000732421875,133.16309944152832,144.740330894,121.585867989
04/03/2018,147.25999450683594,133.39489952087402,144.971149929,121.818649113
04/04/2018,151.82000732421875,133.65669944763184,145.247509421,122.065889474
04/05/2018,151.07000732421875,133.95569953918456,145.625276684,122.286122394
04/06/2018,149.1699981689453,134.22719963073732,145.975695736,122.478703525
04/09/2018,151.3300018310547,134.48389961242677,146.275566586,122.692232639
04/10/2018,156.75,134.75539962768553,146.6190376,122.891761655
04/11/2018,156.39999389648438,135.08299964904785,147.096211954,123.069787344
04/12/2018,159.1999969482422,135.402099609375,147.55271567,123.251483548
04/13/2018,157.7100067138672,135.75589958190918,148.078003503,123.433795661
04/16/2018,160.52999877929688,136.06669967651368,148.545668208,123.587731145
04/17/2018,162.22999572753906,136.41249969482422,149.083968877,123.741030512
04/18/2018,161.6699981689453,136.7647996520996,149.657491205,123.872108099
04/19/2018,160.13999938964844,137.0963996887207,150.197270193,123.995529185
04/20/2018,159.27999877929688,137.4318997192383,150.688086103,124.175713335
04/23/2018,160.6300048828125,137.74109970092775,151.141893469,124.340305933
04/24/2018,160.10000610351562,138.06539978027342,151.622862539,124.507937022
04/25/2018,158.13999938964844,138.37399978637694,152.077500266,124.670499306
04/26/2018,163.11000061035156,138.71049980163573,152.481918953,124.93908065
04/27/2018,163.30999755859375,139.07399978637696,153.004005733,125.14399384
04/30/2018,163.05999755859375,139.4544997406006,153.520979614,125.388019867
05/01/2018,163.13999938964844,139.88199974060058,154.009638447,125.754361035
05/02/2018,162.60000610351562,140.30469970703126,154.489419843,126.119979571
05/03/2018,164.1300048828125,140.71129974365235,154.946437521,126.476161966
05/04/2018,166.10000610351562,141.1145997619629,155.43594518,126.793254344
05/07/2018,168.75999450683594,141.52269981384276,155.968215206,127.077184421
05/08/2018,168.60000610351562,141.9440997314453,156.562346394,127.325853069
05/09/2018,171.16000366210938,142.37259979248046,157.137165752,127.608033833
05/10/2018,171.47999572753906,142.81929985046386,157.771137289,127.867462412
05/11/2018,172.47000122070312,143.2727998352051,158.398301719,128.147297951
05/14/2018,164.75,143.70969985961915,159.039875282,128.379524438
05/15/2018,163.55999755859375,144.06279983520508,159.466705136,128.658894534
05/16/2018,161.9600067138672,144.4097998046875,159.858102161,128.961497448
05/17/2018,161.0800018310547,144.80939987182617,160.189532246,129.429267498
05/18/2018,163.27999877929688,145.18889991760253,160.497453457,129.880346379
05/21/2018,162.99000549316406,145.59249992370604,160.840541018,130.344458829
05/22/2018,161.41000366210938,146.01629997253417,161.152634734,130.879965211
05/23/2018,164.25999450683594,146.41819999694823,161.423805723,131.412594271
05/24/2018,165.08999633789062,146.84949996948242,161.741462495,131.957537444
05/25/2018,165.10000610351562,147.2993999481201,162.055413524,132.543386372
05/29/2018,162.92999267578125,147.74,162.362546415,133.117453585
05/30/2018,164.3800048828125,148.13869995117187,162.62580579,133.651594112
05/31/2018,162.4199981689453,148.54269996643066,162.913308625,134.172091308
06/01/2018,167.89999389648438,148.92549995422362,163.150081969,134.70091794
06/04/2018,169.4499969482422,149.35239990234376,163.499221253,135.205578552
06/05/2018,172.3300018310547,149.8053998565674,163.862955497,135.747844216
06/06/2018,172.49000549316406,150.28359985351562,164.285785427,136.28141428
06/07/2018,169.1300048828125,150.74689987182617,164.709647435,136.784152309
06/08/2018,171.05999755859375,151.17869995117186,165.035192644,137.322207258
06/11/2018,170.22999572753906,151.6433999633789,165.379102057,137.90769787
06/12/2018,173.00999450683594,152.07969993591308,165.705486158,138.453913714
06/13/2018,174.02999877929688,152.55509986877442,166.073089983,139.037109755
06/14/2018,175.89999389648438,153.03599983215332,166.453632659,139.618367005
06/15/2018,174.99000549316406,153.5148998260498,166.8853201,140.144479553
06/18/2018,176.27000427246094,153.9832999420166,167.27716156,140.689438324
06/19/2018,170.63999938964844,154.45709999084474,167.692375009,141.221824972
06/20/2018,169.22000122070312,154.85450004577638,167.97258176,141.736418331
06/21/2018,165.72999572753906,155.19450004577638,168.239691063,142.149309029
06/22/2018,142.13999938964844,155.52230003356934,168.415373497,142.62922657
06/25/2018,139.77000427246094,155.62909996032715,168.365695158,142.892504763
06/26/2018,138.4600067138672,155.71299995422362,168.316520933,143.109478976
06/27/2018,132.74000549316406,155.79140007019043,168.262272667,143.320527474
06/28/2018,134.69000244140625,155.8387001800537,168.212706362,143.464693998
06/29/2018,134.3699951171875,155.9151001739502,168.133732477,143.696467871
07/02/2018,136.32000732421875,155.97200019836427,168.076385456,143.867614941
07/03/2018,135.25999450683594,156.04710029602052,168.005142226,144.089058366
07/05/2018,135.55999755859375,156.1532002258301,167.876969636,144.429430816
07/06/2018,136.9199981689453,156.2404002380371,167.776748277,144.704052199
07/09/2018,139.9499969482422,156.31640014648437,167.699161406,144.933638887
07/10/2018,142.05999755859375,156.39560012817384,167.635763823,145.155436434
