08/06/2013,52.52000045776367,0,0,0
08/07/2013,53.459999084472656,0,0,0
08/08/2013,56.20000076293945,0,0,0
08/09/2013,56.77000045776367,0,0,0
08/12/2013,57.689998626708984,0,0,0
08/13/2013,57.349998474121094,0,0,0
08/14/2013,55.560001373291016,0,0,0
08/15/2013,53.63999938964844,0,0,0
08/16/2013,52.470001220703125,0,0,0
08/19/2013,50.439998626708984,0,0,0
08/20/2013,51.119998931884766,0,0,0
08/21/2013,53.65999984741211,0,0,0
08/22/2013,53.91999816894531,0,0,0
08/23/2013,54.79999923706055,0,0,0
08/26/2013,52.97999954223633,0,0,0
08/27/2013,51.09000015258789,0,0,0
08/28/2013,48.790000915527344,0,0,0
08/29/2013,50.09000015258789,0,0,0
08/30/2013,49.63999938964844,0,0,0
09/03/2013,49.68000030517578,0,0,0
09/04/2013,51.099998474121094,0,0,0
09/05/2013,52.880001068115234,0,0,0
09/06/2013,53.45000076293945,0,0,0
09/09/2013,50.90999984741211,0,0,0
09/10/2013,53.72999954223633,0,0,0
09/11/2013,58.04999923706055,0,0,0
09/12/2013,56.470001220703125,0,0,0
09/13/2013,58.08000183105469,0,0,0
09/16/2013,59.9900016784668,0,0,0
09/17/2013,61.310001373291016,0,0,0
09/18/2013,59.18000030517578,0,0,0
09/19/2013,60.31999969482422,0,0,0
09/20/2013,70.41000366210938,0,0,0
09/23/2013,71.62000274658203,0,0,0
09/24/2013,71.2699966430664,0,0,0
09/25/2013,72.6500015258789,0,0,0
09/26/2013,72.63999938964844,0,0,0
09/27/2013,72.87000274658203,0,0,0
09/30/2013,72.72000122070312,0,0,0
10/01/2013,74.0,0,0,0
10/02/2013,75.62000274658203,0,0,0
10/03/2013,73.16999816894531,0,0,0
10/04/2013,72.44999694824219,0,0,0
10/07/2013,70.4800033569336,0,0,0
10/08/2013,69.05999755859375,0,0,0
10/09/2013,67.62999725341797,0,0,0
10/10/2013,72.04000091552734,0,0,0
10/11/2013,70.80000305175781,0,0,0
10/14/2013,71.31999969482422,0,0,0
10/15/2013,70.2699966430664,0,0,0
10/16/2013,72.27999877929688,0,0,0
10/17/2013,72.11000061035156,0,0,0
10/18/2013,71.91999816894531,0,0,0
10/21/2013,73.7699966430664,0,0,0
10/22/2013,73.69000244140625,0,0,0
10/23/2013,71.19000244140625,0,0,0
10/24/2013,71.38999938964844,0,0,0
10/25/2013,69.62999725341797,0,0,0
10/28/2013,69.75,0,0,0
10/29/2013,69.47000122070312,0,0,0
10/30/2013,69.97000122070312,0,0,0
10/31/2013,70.80000305175781,0,0,0
11/01/2013,69.9000015258789,0,0,0
11/04/2013,75.58999633789062,0,0,0
11/05/2013,71.87000274658203,0,0,0
11/06/2013,69.44000244140625,0,0,0
11/07/2013,66.69000244140625,0,0,0
11/08/2013,72.38999938964844,0,0,0
11/11/2013,73.87999725341797,0,0,0
11/12/2013,73.37999725341797,0,0,0
11/13/2013,74.58999633789062,0,0,0
11/14/2013,71.52999877929688,0,0,0
11/15/2013,72.87999725341797,0,0,0
11/18/2013,72.30999755859375,0,0,0
11/19/2013,72.06999969482422,0,0,0
11/20/2013,71.68000030517578,0,0,0
11/21/2013,73.23999786376953,0,0,0
11/22/2013,74.2300033569336,0,0,0
11/25/2013,73.6500015258789,0,0,0
11/26/2013,74.0,0,0,0
11/27/2013,75.87000274658203,0,0,0
11/29/2013,73.9800033569336,0,0,0
12/02/2013,71.73999786376953,0,0,0
12/03/2013,69.80999755859375,0,0,0
12/04/2013,69.93000030517578,0,0,0
12/05/2013,75.0,0,0,0
12/06/2013,74.47000122070312,0,0,0
12/09/2013,75.55999755859375,0,0,0
12/10/2013,75.51000213623047,0,0,0
12/11/2013,74.69999694824219,0,0,0
12/12/2013,74.04000091552734,0,0,0
12/13/2013,74.79000091552734,0,0,0
12/16/2013,79.22000122070312,0,0,0
12/17/2013,79.33999633789062,0,0,0
12/18/2013,81.2699966430664,0,0,0
12/19/2013,82.58000183105469,0,0,0
12/20/2013,84.13999938964844,0,0,0
12/23/2013,84.08000183105469,0,0,0
12/24/2013,84.83000183105469,0,0,0
12/26/2013,83.79000091552734,0,0,0
12/27/2013,83.88999938964844,67.32299999237061,77.003336636,57.6426633487
12/30/2013,81.91000366210938,67.63669998168945,77.3405073061,57.9328926573
12/31/2013,83.62999725341797,67.92120002746582,77.6222525378,58.2201475171
01/02/2014,83.02999877929688,68.1954999923706,77.9489084899,58.4420914949
01/03/2014,84.5999984741211,68.45809997558594,78.2537735979,58.6624263533
01/06/2014,83.36000061035156,68.72719997406006,78.592740796,58.8616591521
01/07/2014,86.4000015258789,68.98729999542236,78.8922495205,59.0823504704
01/08/2014,88.2300033569336,69.29569999694824,79.2577285452,59.3336714487
01/09/2014,86.33999633789062,69.6416000366211,79.6544135663,59.6287865069
01/10/2014,84.08000183105469,69.98029998779298,79.9793721175,59.9812278581
01/13/2014,83.56999969482422,70.31670001983643,80.2181171215,60.4152829181
01/14/2014,84.62999725341797,70.64120002746581,80.4393695791,60.8430304758
01/15/2014,85.05000305175781,70.95090000152588,80.6967434936,61.2050565095
01/16/2014,84.87000274658203,71.26220005035401,80.9561099193,61.5682901814
01/17/2014,82.58000183105469,71.56290008544921,81.2077510652,61.9180491057
01/21/2014,83.54000091552734,71.85890010833741,81.3823478974,62.3354523193
01/22/2014,81.75,72.18340011596679,81.5451182619,62.8216819701
01/23/2014,81.94000244140625,72.51300010681152,81.6221064055,63.4038938081
01/24/2014,80.94000244140625,72.8315001296997,81.7047830485,63.9582172109
01/27/2014,77.88999938964844,73.14450016021729,81.7419533744,64.547046946
01/28/2014,80.73999786376953,73.42660015106202,81.7064547065,65.1467455956
01/29/2014,78.2300033569336,73.72300014495849,81.7241391226,65.7218611673
01/30/2014,82.12999725341797,73.97650016784668,81.7103728946,66.2426274411
01/31/2014,80.61000061035156,74.26330013275147,81.7587625269,66.7678377386
02/03/2014,75.5199966430664,74.56030014038086,81.7047236458,67.415876635
02/04/2014,79.29000091552734,74.77820011138915,81.6094154331,67.9469847897
02/05/2014,77.83999633789062,74.99060012817382,81.6257810167,68.3554192396
02/06/2014,78.2300033569336,75.2043000793457,81.5785468979,68.8300532608
02/07/2014,77.37000274658203,75.40580009460449,81.5498665937,69.2617335955
02/10/2014,77.26000213623047,75.57960010528565,81.5278317093,69.6313685013
02/11/2014,77.61000061035156,75.73910011291504,81.5138764716,69.9643237543
02/12/2014,77.93000030517578,75.9234001159668,81.4557631123,70.3910371196
02/13/2014,80.63999938964844,76.09950012207031,81.4081376598,70.7908625843
02/14/2014,79.70999908447266,76.2018000793457,81.4983673509,70.9052328078
02/18/2014,82.41000366210938,76.28270004272461,81.5704430388,70.9949570466
02/19/2014,82.5999984741211,76.39410011291504,81.6924000818,71.095800144
02/20/2014,82.45999908447266,76.49360008239746,81.8140353389,71.1731648259
02/21/2014,98.0,76.5918000793457,81.9307948224,71.2528053363
02/24/2014,100.38999938964844,76.84310005187989,82.5777583394,71.1084417643
02/25/2014,99.7699966430664,77.11980003356933,83.2991453095,70.9404547576
02/26/2014,101.3499984741211,77.3775,83.9464330419,70.8085669581
02/27/2014,102.83999633789062,77.63479995727539,84.6205423592,70.6490575554
02/28/2014,99.37999725341797,77.93149993896485,85.3386748878,70.5243249901
03/03/2014,98.16999816894531,78.2007999420166,85.888038058,70.5135618261
03/04/2014,99.62999725341797,78.47769989013672,86.377607361,70.5777924192
03/05/2014,102.47000122070312,78.78339988708495,86.9014262006,70.6653735736
03/06/2014,95.4800033569336,79.13179992675781,87.5072124875,70.756387366
03/07/2014,93.19999694824219,79.36619995117188,87.8669230741,70.8654768282
03/10/2014,88.95999908447266,79.59019989013672,88.1571164732,71.0232833071
03/11/2014,86.5199966430664,79.7665998840332,88.343015921,71.190183847
03/12/2014,85.38999938964844,79.9290998840332,88.4779439425,71.3802558255
03/13/2014,83.66000366210938,80.06019989013672,88.5912416953,71.5291580849
03/14/2014,83.44999694824219,80.1756999206543,88.6764565464,71.6749432949
03/17/2014,83.47000122070312,80.29099990844726,88.7571214065,71.8248784104
03/18/2014,84.51000213623047,80.38799995422363,88.8343974033,71.9416025051
03/19/2014,83.44999694824219,80.49619995117187,88.9253873344,72.0670125679
03/20/2014,80.87000274658203,80.61879989624023,89.0007665653,72.2368332271
03/21/2014,78.31999969482422,80.71359992980958,89.0441042144,72.3830956452
03/24/2014,77.33999633789062,80.80049995422364,89.0599539773,72.5410459311
03/25/2014,75.87999725341797,80.87639991760254,89.0685568568,72.6842429784
03/26/2014,75.18000030517578,80.94049987792968,89.0679784288,72.8130213271
03/27/2014,74.8499984741211,80.99259986877442,89.0661064385,72.9190932991
03/28/2014,74.61000061035156,81.03309982299805,89.0654278358,73.0007718102
03/31/2014,72.61000061035156,81.08019981384277,89.0607498045,73.0996498232
04/01/2014,76.4800033569336,81.05039985656738,89.0569165473,73.0438831658
04/02/2014,76.54000091552734,81.0964998626709,89.0631975876,73.1298021378
04/03/2014,72.11000061035156,81.1674998474121,89.0613017924,73.2736979024
04/04/2014,69.0,81.22169982910157,89.0340986363,73.4093010219
04/07/2014,67.02999877929688,81.18779983520508,89.0456707971,73.3299288734
04/08/2014,71.1500015258789,81.11929985046386,89.069887082,73.1687126189
04/09/2014,73.0,81.09699989318848,89.0723519909,73.1216477955
04/10/2014,66.38999938964844,81.08109992980957,89.0709804917,73.0912193679
04/11/2014,67.58999633789062,81.02969993591309,89.0970166183,72.9623832536
04/14/2014,67.19999694824219,80.9767999267578,89.1144211905,72.839178663
04/15/2014,68.56999969482422,80.9256999206543,89.1333266782,72.7180731631
04/16/2014,70.2300033569336,80.8906999206543,89.1433547061,72.6380451352
04/17/2014,71.16000366210938,80.87619995117187,89.1462806882,72.6061192142
04/21/2014,71.37999725341797,80.85540000915528,89.1472473087,72.5635527096
04/22/2014,74.0199966430664,80.82689994812011,89.1463225934,72.5074773028
04/23/2014,74.0,80.830599899292,89.1469115865,72.5142882121
04/24/2014,74.08999633789062,80.830599899292,89.1469115865,72.5142882121
04/25/2014,70.30000305175781,80.81279983520508,89.1416055935,72.483994077
04/28/2014,69.70999908447266,80.77599983215332,89.1429568061,72.4090428582
04/29/2014,72.86000061035156,80.75569984436035,89.1469826619,72.3644170268
04/30/2014,72.51000213623047,80.78619987487792,89.1431152,72.4292845498
05/01/2014,75.11000061035156,80.81199989318847,89.1392894828,72.4847103036
05/02/2014,74.19000244140625,80.813099899292,89.1396289018,72.4865708968
05/05/2014,72.80000305175781,80.81029991149903,89.1390082495,72.4815915735
05/06/2014,70.8499984741211,80.78269996643067,89.1333054914,72.4320944415
05/07/2014,68.29000091552734,80.73609992980957,89.1288952469,72.3433046127
05/08/2014,68.04000091552734,80.67199996948243,89.1348371323,72.2091628066
05/09/2014,67.3499984741211,80.61199996948243,89.1426419577,72.0813579813
05/12/2014,67.0,80.53759994506837,89.1507391797,71.9244607105
05/13/2014,64.94999694824219,80.41539993286133,89.132425807,71.6983740587
05/14/2014,64.7300033569336,80.27149993896484,89.1228306213,71.4201692566
05/15/2014,65.0,80.10610000610352,89.0907596498,71.1214403624
05/16/2014,64.87999725341797,79.93029998779296,89.0360094021,70.8245905734
05/19/2014,65.66000366210938,79.73769996643067,88.9553325043,70.5200674285
05/20/2014,64.48999786376953,79.55349998474121,88.8660763977,70.2409235717
05/21/2014,64.58000183105469,79.35009994506837,88.7667545589,69.9334453313
05/22/2014,66.79000091552734,79.15799995422363,88.6775016474,69.6384982611
05/23/2014,69.94000244140625,78.98699996948243,88.5733145537,69.4006853853
05/27/2014,73.80999755859375,78.86729995727539,88.4910279954,69.2435719192
05/28/2014,68.27999877929688,78.76909996032715,88.3938299997,69.1443699209
05/29/2014,69.05000305175781,78.62159996032715,88.292811463,68.9503884576
05/30/2014,65.04000091552734,78.46610000610352,88.1649088959,68.7672911163
06/02/2014,64.93000030517578,78.28290000915527,88.0602427145,68.5055573038
06/03/2014,64.27999877929688,78.06819999694824,87.9005171306,68.2358828633
06/04/2014,67.30000305175781,77.82869995117187,87.7021807152,67.9552191871
06/05/2014,70.02999877929688,77.63830001831055,87.5293810101,67.7472190265
06/06/2014,72.20999908447266,77.49779998779297,87.3961660238,67.5994339518
06/09/2014,73.83999633789062,77.38419998168945,87.2774116701,67.4909882932
06/10/2014,76.36000061035156,77.27629997253418,87.1487157414,67.4038842036
06/11/2014,78.0199966430664,77.18939994812011,87.0312053185,67.3475945777
06/12/2014,79.91000366210938,77.12089988708496,86.9328019966,67.3089977776
06/13/2014,79.58000183105469,77.09419990539551,86.8948367814,67.2935630294
06/16/2014,83.55999755859375,77.05459991455078,86.8370956913,67.2721041378
06/17/2014,83.33000183105469,77.07269989013672,86.8655355458,67.2798642345
06/18/2014,84.88999938964844,77.0865998840332,86.8873176589,67.2858821092
06/19/2014,83.52999877929688,77.12609985351563,86.9502004221,67.301999285
06/20/2014,82.73999786376953,77.1824998474121,87.0269924606,67.3380072342
06/23/2014,82.08000183105469,77.20249984741211,87.0562267937,67.3487729011
06/24/2014,82.08000183105469,77.24099983215332,87.1061807785,67.3758188858
06/25/2014,86.4800033569336,77.2404998779297,87.1054343075,67.3755654483
06/26/2014,84.62000274658203,77.29919990539551,87.2014034228,67.396996388
06/27/2014,83.33999633789062,77.39019996643066,87.3174170684,67.4629828645
06/30/2014,82.9800033569336,77.43069992065429,87.3738336055,67.4875662358
07/01/2014,85.05999755859375,77.48209999084473,87.4404903205,67.5237096612
07/02/2014,85.31999969482422,77.55039993286132,87.5370672848,67.563732581
07/03/2014,85.41000366210938,77.62989990234375,87.6464135636,67.6133862411
07/07/2014,82.63999938964844,77.71139991760253,87.7576845828,67.6651152524
07/08/2014,77.06999969482422,77.7616999053955,87.8199360129,67.7034637979
07/09/2014,77.19999694824219,77.753099899292,87.8115560868,67.6946437118
07/10/2014,76.83000183105469,77.71869987487793,87.7731056185,67.6642941313
07/11/2014,76.9000015258789,77.68989990234375,87.7426851152,67.6371146895
07/14/2014,77.33999633789062,77.63479988098145,87.676657285,67.592942477
07/15/2014,75.7300033569336,77.58219985961914,87.6116799299,67.5527197893
07/16/2014,75.48999786376953,77.51489990234376,87.5339975794,67.4958022253
07/17/2014,74.22000122070312,77.28979988098145,87.0967493183,67.4828504437
07/18/2014,76.62000274658203,77.02809989929199,86.5604561059,67.4957436927
07/21/2014,76.25,76.79659996032714,86.0508935253,67.5423063954
07/22/2014,76.11000061035156,76.54559997558594,85.4648624071,67.626337544
07/23/2014,75.62000274658203,76.27830001831055,84.7970873571,67.7595126795
07/24/2014,78.91000366210938,76.04070007324219,84.2370854589,67.8443146875
07/25/2014,76.94999694824219,75.84810012817383,83.7429661398,67.9532341166
07/28/2014,76.29000091552734,75.62130012512208,83.1468450593,68.0957551909
07/29/2014,80.08000183105469,75.35950012207032,82.3852549867,68.3337452575
07/30/2014,81.38999938964844,75.20550010681153,81.9517583491,68.4592418645
07/31/2014,77.94000244140625,75.08740013122559,81.6175236994,68.557276563
08/01/2014,77.05000305175781,74.97720016479492,81.3636900588,68.5907102708
08/04/2014,79.47000122070312,74.88250022888184,81.1665187442,68.5984817136
08/05/2014,77.31999969482422,74.82330024719238,81.0355269277,68.6110735667
08/06/2014,76.33000183105469,74.75990020751954,80.9136959934,68.6061044217
08/07/2014,78.41999816894531,74.68870025634766,80.7824353604,68.5949651523
08/08/2014,76.16999816894531,74.63820022583008,80.6796545739,68.5967458777
08/11/2014,81.88999938964844,74.55480018615722,80.5164404297,68.5931599426
08/12/2014,79.19999694824219,74.5392002105713,80.4795467706,68.5988536505
08/13/2014,80.25,74.5225001525879,80.447352726,68.5976475792
08/14/2014,80.75,74.54180015563965,80.4821147974,68.6014855139
08/15/2014,76.2300033569336,74.57590019226075,80.5419117297,68.6098886548
08/18/2014,77.48999786376953,74.5794002532959,80.5462784401,68.6125220665
08/19/2014,77.68000030517578,74.60250022888184,80.5761264532,68.6288740046
08/20/2014,75.5999984741211,74.63080024719238,80.6122304181,68.6493700763
08/21/2014,74.25,74.64070022583007,80.6229070098,68.6584934419
08/22/2014,73.58000183105469,74.65710021972656,80.6359645018,68.6782359376
08/25/2014,72.38999938964844,74.62810020446777,80.6050851261,68.6511152828
08/26/2014,72.19999694824219,74.58660018920898,80.5645734086,68.6086269698
08/27/2014,70.93000030517578,74.5875001525879,80.5651072238,68.6098930814
08/28/2014,69.55000305175781,74.60680015563965,80.5694325675,68.6441677438
08/29/2014,70.80000305175781,74.63200019836425,80.5678222152,68.6961781816
09/02/2014,75.19999694824219,74.62850021362304,80.5664771115,68.6905233158
09/03/2014,73.04000091552734,74.65050018310546,80.5864779119,68.7145224544
09/04/2014,71.55000305175781,74.71700019836426,80.5970501717,68.836950225
09/05/2014,73.33999633789062,74.75660026550293,80.6017500834,68.9114504476
09/08/2014,75.63999938964844,74.81800025939941,80.6155041674,69.0204963514
09/09/2014,74.19000244140625,74.88870025634766,80.6525908512,69.1248096615
09/10/2014,75.16999816894531,74.92830024719238,80.6736212868,69.1829792076
09/11/2014,75.68000030517578,74.96840019226075,80.7012606851,69.2355396994
09/12/2014,74.54000091552734,75.01140022277832,80.7333000662,69.2895003793
09/15/2014,70.7699966430664,75.01660026550293,80.7378330121,69.2953675189
09/16/2014,72.51000213623047,74.98430023193359,80.7202798789,69.248320585
09/17/2014,73.47000122070312,74.96850028991699,80.7090957807,69.2279047992
09/18/2014,73.66999816894531,75.00020027160645,80.7236553496,69.2767451936
09/19/2014,72.1500015258789,75.03980026245117,80.7401688436,69.3394316813
09/22/2014,72.44999694824219,75.03270027160644,80.7362207329,69.3291798103
09/23/2014,71.0199966430664,75.03210021972656,80.7358892059,69.3283112336
09/24/2014,74.06999969482422,74.99120018005371,80.7089309407,69.2734694194
09/25/2014,71.94999694824219,74.9900001525879,80.7079115315,69.2720887737
09/26/2014,72.94999694824219,74.98150009155273,80.7032912104,69.2597089727
09/29/2014,73.38999938964844,75.00250007629394,80.7129317239,69.2920684287
09/30/2014,71.37999725341797,75.05350006103515,80.7264052902,69.3805948319
10/01/2014,71.0199966430664,75.08690002441406,80.7281581028,69.445641946
10/02/2014,72.44999694824219,75.12360000610352,80.7262106827,69.5209893295
10/03/2014,74.52999877929688,75.17809997558594,80.7276791407,69.6285208105
10/06/2014,70.72000122070312,75.27389999389648,80.7279545135,69.8198454743
10/07/2014,69.75,75.33379997253418,80.7039736264,69.9636263187
10/08/2014,70.22000122070312,75.38129997253418,80.6803963884,70.0822035566
10/09/2014,69.75,75.43470001220703,80.6540091351,70.2153908893
10/10/2014,65.43000030517578,75.47559997558594,80.6338192583,70.3173806929
10/13/2014,65.26000213623047,75.485,80.6240119671,70.3459880329
10/14/2014,65.31999969482422,75.49180000305176,80.6168086587,70.3667913474
10/15/2014,67.16000366210938,75.47709999084472,80.6290840525,70.3251159292
10/16/2014,69.9800033569336,75.44930000305176,80.6384534362,70.2601465699
10/17/2014,69.87000274658203,75.41100006103515,80.6261803456,70.1958197765
10/20/2014,71.83999633789062,75.42690010070801,80.6227029558,70.2310972456
10/21/2014,73.94999694824219,75.45480003356934,80.6237070291,70.285893038
10/22/2014,71.05000305175781,75.54389999389649,80.6082483866,70.4795516012
10/23/2014,73.4800033569336,75.6051000213623,80.576948936,70.6332511067
10/24/2014,71.83000183105469,75.69710006713868,80.5420354433,70.852164691
10/27/2014,72.86000061035156,75.74240005493164,80.5294428597,70.9553572502
10/28/2014,74.37000274658203,75.77070007324218,80.5321856509,71.0092144956
10/29/2014,73.12999725341797,75.79230010986328,80.5424697867,71.042130433
10/30/2014,75.55999755859375,75.78520011901855,80.5388119263,71.0315883118
10/31/2014,77.76000213623047,75.77720008850098,80.5305109787,71.0238891983
11/03/2014,76.16000366210938,75.77460014343262,80.5267545323,71.0224457546
11/04/2014,77.0,75.73710014343261,80.4712352093,71.0029650776
11/05/2014,75.26000213623047,75.71130012512207,80.4314314164,70.9911688338
11/06/2014,74.91000366210938,75.62830017089844,80.2821981715,70.9744021703
11/07/2014,79.18000030517578,75.54410018920899,80.1336180699,70.9545823086
11/10/2014,80.66999816894531,75.48700019836426,79.9946773547,70.979323042
11/11/2014,81.73999786376953,75.45840019226074,79.9238309445,70.99296944
11/12/2014,83.05999755859375,75.44840019226075,79.8986069122,70.9981934724
11/13/2014,81.44000244140625,75.45820014953614,79.9240513061,70.992348993
11/14/2014,79.37999725341797,75.45180015563965,79.908606479,70.9949938323
11/17/2014,75.41999816894531,75.3808000946045,79.7162558101,71.0453443791
11/18/2014,74.94000244140625,75.28880004882812,79.5236671024,71.0539329953
11/19/2014,72.0999984741211,75.20480010986329,79.3617270941,71.0478731256
11/20/2014,71.66000366210938,75.09600006103516,79.1899058463,71.0020942758
11/21/2014,71.75,74.96200012207031,78.9453852209,70.9786150232
11/24/2014,73.37000274658203,74.82630012512207,78.6836606544,70.9689395958
11/25/2014,74.05000305175781,74.7059001159668,78.416128452,70.9956717799
11/26/2014,74.48999786376953,74.62000015258789,78.2439783808,70.9960219243
11/28/2014,75.18000030517578,74.59420013427734,78.209818558,70.9785817105
12/01/2014,74.54000091552734,74.57400016784668,78.1806354968,70.9673648389
12/02/2014,75.7300033569336,74.55110015869141,78.1506015283,70.9515987891
12/03/2014,77.94000244140625,74.53940017700195,78.13314446,70.945655894
12/04/2014,77.63999938964844,74.5454002380371,78.1443125098,70.9464879663
12/05/2014,77.62000274658203,74.56450019836426,78.1746992683,70.9543011284
12/08/2014,73.58000183105469,74.58580024719238,78.2076615272,70.9639389672
12/09/2014,74.70999908447266,74.5794002532959,78.2024675156,70.956332991
12/10/2014,72.37000274658203,74.5603002166748,78.1775894712,70.9430109622
12/11/2014,71.66999816894531,74.52150024414063,78.1412653317,70.9017351565
12/12/2014,62.5099983215332,74.47710021972657,78.1043312896,70.8498691499
12/15/2014,63.61000061035156,74.34600017547608,78.1615828346,70.5304175163
12/16/2014,64.79000091552734,74.19300014495849,78.1274095807,70.2585907092
12/17/2014,67.66999816894531,74.07140018463134,78.1053739933,70.037426376
12/18/2014,67.44000244140625,73.98520015716552,78.0627081988,69.9076921155
12/19/2014,68.02999877929688,73.85880016326904,77.9413269456,69.776273381
12/22/2014,68.0,73.72520015716553,77.7775742273,69.672826087
12/23/2014,67.73999786376953,73.62580013275146,77.6954424788,69.5561577867
12/24/2014,67.77999877929688,73.53270008087158,77.6293445898,69.4360555719
12/26/2014,70.4000015258789,73.41580005645751,77.5081405715,69.3234595414
12/29/2014,70.13999938964844,73.34660007476806,77.4308362229,69.2623639267
12/30/2014,70.02999877929688,73.284700050354,77.3701583257,69.199241775
12/31/2014,69.0999984741211,73.20080005645752,77.2660365867,69.1355635262
01/02/2015,68.55000305175781,73.13010005950927,77.2045514237,69.0556486954
01/05/2015,67.76000213623047,72.99670009613037,76.9999204113,68.9934797809
01/06/2015,64.01000213623047,72.88230014801026,76.8700447086,68.8945555874
01/07/2015,62.83000183105469,72.71990016937256,76.7348820668,68.704918272
01/08/2015,63.310001373291016,72.5407001876831,76.5930134606,68.4883869148
01/09/2015,62.630001068115234,72.41150016784668,76.5491925977,68.273807738
01/12/2015,61.63999938964844,72.26290019989014,76.481582761,68.0442176388
01/13/2015,60.869998931884766,72.10250019073486,76.4160329504,67.788967431
01/14/2015,58.93000030517578,71.9552001953125,76.3963974982,67.5140028924
01/15/2015,57.689998626708984,71.80200019836425,76.4220283914,67.1819720053
01/16/2015,57.880001068115234,71.6431001663208,76.4679612286,66.8182391041
01/20/2015,55.7400016784668,71.49800018310548,76.5126667371,66.4833336291
01/21/2015,55.689998626708984,71.33340023040772,76.5867805401,66.0800199208
01/22/2015,56.06999969482422,71.18100021362305,76.6600796742,65.7019207531
01/23/2015,57.63999938964844,71.04620018005372,76.7258975783,65.3665027818
01/26/2015,59.439998626708984,70.91460014343262,76.7488353145,65.0803649723
01/27/2015,58.59000015258789,70.75700016021729,76.6854469061,64.8285534143
01/28/2015,57.2599983215332,70.61250015258788,76.6584772063,64.5665230989
01/29/2015,56.38999938964844,70.46960010528565,76.6589071784,64.2802930322
01/30/2015,56.290000915527344,70.30010013580322,76.6387712602,63.9614290114
02/02/2015,56.529998779296875,70.10660015106201,76.5733607729,63.6398395292
02/03/2015,57.93000030517578,69.93000011444092,76.5227464825,63.3372537464
02/04/2015,58.369998931884766,69.75760013580322,76.4359238086,63.079276463
02/05/2015,61.209999084472656,69.58450012207031,76.3310599742,62.83794027
02/06/2015,57.95000076293945,69.45120010375976,76.2301420373,62.6722581702
02/09/2015,56.83000183105469,69.3230001449585,76.1963546483,62.4496456416
02/10/2015,56.130001068115234,69.16620014190674,76.143133289,62.1892669948
02/11/2015,55.52000045776367,68.99280014038087,76.0752945036,61.9103057772
02/12/2015,59.2400016784668,68.81130016326904,76.0033225257,61.6192778008
02/13/2015,56.4900016784668,68.68220016479492,75.9287957193,61.4356046103
02/17/2015,57.0,68.52260021209717,75.8596438333,61.1855565909
02/18/2015,56.369998931884766,68.3824002456665,75.8038479707,60.9609525206
02/19/2015,56.75,68.20540023803711,75.6998013023,60.7109991738
02/20/2015,57.939998626708984,68.05340026855468,75.6240663701,60.482734167
02/23/2015,57.97999954223633,67.90330028533936,75.5240284365,60.2825721342
02/24/2015,57.63999938964844,67.74920028686523,75.4131047128,60.0852958609
02/25/2015,57.4900016784668,67.61180030822754,75.3323368736,59.8912637428
02/26/2015,57.52000045776367,67.47650035858155,75.2544646703,59.6985360469
02/27/2015,56.54999923706055,67.32720039367676,75.1514192412,59.5029815462
03/02/2015,56.650001525878906,67.14740039825439,75.0105263757,59.2842744208
03/03/2015,57.93000030517578,67.00670040130615,74.9302900369,59.0831107658
03/04/2015,58.5099983215332,66.88850040435791,74.8583127856,58.9186880231
03/05/2015,59.22999954223633,66.77140037536621,74.777348225,58.7654525258
03/06/2015,57.88999938964844,66.66620037078857,74.7013818023,58.6310189393
03/09/2015,58.9900016784668,66.5908003616333,74.6724703999,58.5091303234
03/10/2015,57.2400016784668,66.52810035705566,74.6441012493,58.4120994648
03/11/2015,57.709999084472656,66.44730037689209,74.6149827009,58.2796180529
03/12/2015,62.099998474121094,66.35280033111572,74.5662301364,58.1393705259
03/13/2015,64.5,66.2740002822876,74.490052676,58.0579478886
03/16/2015,64.37000274658203,66.22030025482178,74.4302205758,58.0103799339
03/17/2015,66.2699966430664,66.14560031890869,74.3380137462,57.9531868916
03/18/2015,67.23999786376953,66.06880031585693,74.2236030848,57.9139975469
03/19/2015,68.05000305175781,66.03070026397705,74.1710288701,57.8903716578
03/20/2015,70.0,65.97640026092529,74.0849054251,57.8678950967
03/23/2015,71.33999633789062,65.95810024261475,74.0554311697,57.8607693156
03/24/2015,69.93000030517578,65.94290019989013,74.0286792514,57.8571211484
03/25/2015,68.41999816894531,65.89850017547607,73.9500006944,57.8469996565
03/26/2015,69.69000244140625,65.85140018463134,73.8741850016,57.8286153677
03/27/2015,69.69999694824219,65.79270023345947,73.7655548401,57.8198456269
03/30/2015,69.68000030517578,65.71210018157959,73.6038947011,57.8203056621
03/31/2015,68.66999816894531,65.64730014801026,73.4794184525,57.8151818435
04/01/2015,68.63999938964844,65.5640001296997,73.318848119,57.8091521404
04/02/2015,68.30000305175781,65.49780010223388,73.197655819,57.7979443855
04/06/2015,68.69999694824219,65.43170009613037,73.0786626632,57.784737529
04/07/2015,68.94999694824219,65.32690006256104,72.8556259516,57.7981741735
04/08/2015,70.8499984741211,65.209700050354,72.5883950153,57.8310050855
04/09/2015,70.63999938964844,65.10080005645752,72.3132131326,57.8883869803
04/10/2015,70.86000061035156,64.97660007476807,71.9826671804,57.9705329691
04/13/2015,71.52999877929688,64.87080005645753,71.7052342312,58.0363658817
04/14/2015,73.81999969482422,64.79230007171631,71.5036046755,58.0809954679
04/15/2015,73.33999633789062,64.7763000869751,71.4641149335,58.0884852404
04/16/2015,73.18000030517578,64.76030002593994,71.4256561229,58.094943929
04/17/2015,69.23999786376953,64.77110004425049,71.4492028477,58.0929972408
04/20/2015,70.69999694824219,64.7468999862671,71.4043478424,58.0894521301
04/21/2015,70.06999969482422,64.7363999557495,71.3836145034,58.0891854081
04/22/2015,69.94000244140625,64.70339992523193,71.3157712194,58.0910286311
04/23/2015,70.4000015258789,64.66229991912842,71.2290643492,58.0955354891
04/24/2015,68.04000091552734,64.62139995574951,71.1393826192,58.1034172923
04/27/2015,67.01000213623047,64.54999996185303,70.9905766405,58.1094232832
04/28/2015,67.83999633789062,64.47469997406006,70.8416358762,58.1077640719
04/29/2015,67.94999694824219,64.39579990386963,70.6709956152,58.1206041926
04/30/2015,67.48999786376953,64.29589984893799,70.4326718128,58.1591278851
05/01/2015,67.73999786376953,64.1943998336792,70.1919860631,58.1968136043
05/04/2015,67.43000030517578,64.09559978485107,69.9508985516,58.2403010181
05/05/2015,66.0199966430664,64.03409976959229,69.8213603342,58.246839205
05/06/2015,67.4000015258789,63.947199745178224,69.6379398403,58.2564596501
05/07/2015,63.7400016784668,63.89749973297119,69.5359246049,58.259074861
05/08/2015,64.26000213623047,63.81819976806641,69.402255399,58.2341441372
05/11/2015,64.16000366210938,63.83569980621338,69.4183702264,58.253029386
05/12/2015,64.66999816894531,63.84119983673096,69.42391612,58.2584835535
05/13/2015,65.08999633789062,63.83999980926514,69.4225249091,58.2574747094
05/14/2015,64.41999816894531,63.81419979095459,69.3849140081,58.2434855738
05/15/2015,63.34000015258789,63.78399974822998,69.3431498914,58.2248496051
05/18/2015,64.23999786376953,63.73709976196289,69.2799904324,58.1942090915
05/19/2015,64.4000015258789,63.69949974060059,69.2260745481,58.1729249331
05/20/2015,64.68000030517578,63.66609977722168,69.1782286148,58.1539709396
05/21/2015,64.36000061035156,63.63509979248047,69.1327030536,58.1374965314
05/22/2015,63.529998779296875,63.574699783325194,69.0306698449,58.1187297218
05/26/2015,62.47999954223633,63.50859977722168,68.9245233821,58.0926761723
05/27/2015,63.02000045776367,63.43309978485107,68.8100712354,58.0561283343
05/28/2015,65.31999969482422,63.3722998046875,68.7191394737,58.0254601357
05/29/2015,63.9900016784668,63.339999771118165,68.6651758614,58.0148236808
06/01/2015,63.0,63.30229976654053,68.6093648611,57.9952346719
06/02/2015,62.900001525878906,63.29219974517822,68.5988694478,57.9855300425
06/03/2015,63.0,63.292899742126465,68.5995130471,57.9862864372
06/04/2015,62.68000030517578,63.289799728393554,68.596492685,57.9831067717
06/05/2015,63.4900016784668,63.29029972076416,68.5969328433,57.9836665983
06/08/2015,62.20000076293945,63.308799743652344,68.6128714572,58.0047280301
06/09/2015,62.68000030517578,63.32209976196289,68.6217050973,58.0224944266
06/10/2015,63.29999923706055,63.35959976196289,68.6412309495,58.0779685744
06/11/2015,62.959999084472656,63.4156997680664,68.6665161372,58.164883399
06/12/2015,62.93000030517578,63.46649974822998,68.6880061338,58.2449933627
06/15/2015,63.38999938964844,63.53839973449707,68.7022016206,58.3745978484
06/16/2015,60.119998931884766,63.61539974212646,68.718650387,58.5121490972
06/17/2015,59.11000061035156,63.65589973449707,68.7149880461,58.5968114229
06/18/2015,58.95000076293945,63.6705997467041,68.7142987735,58.6269007199
06/19/2015,59.880001068115234,63.6656997680664,68.7137426119,58.6176569243
06/22/2015,61.380001068115234,63.67859977722168,68.7152909553,58.6419085992
06/23/2015,62.349998474121094,63.7197998046875,68.7205409192,58.7190586902
06/24/2015,63.290000915527344,63.77939979553223,68.7276685182,58.8311310729
06/25/2015,62.45000076293945,63.84939979553223,68.7404065946,58.9583929965
06/26/2015,59.619998931884766,63.90859981536865,68.7461911303,59.0710085005
06/29/2015,58.099998474121094,63.925499801635745,68.745094035,59.1059055682
06/30/2015,58.63999938964844,63.922799797058104,68.7455801199,59.1000194742
07/01/2015,58.779998779296875,63.897099800109864,68.7410688831,59.0531307171
07/02/2015,56.0099983215332,63.905399780273434,68.7398733759,59.0709261847
07/06/2015,54.81999969482422,63.89719974517822,68.7443462033,59.0500532871
07/07/2015,56.029998779296875,63.88409973144531,68.7539374116,59.0142620513
07/08/2015,53.040000915527344,63.88919971466064,68.7505349707,59.0278644586
07/09/2015,54.689998626708984,63.82719970703125,68.7859936323,58.8684057818
07/10/2015,54.41999816894531,63.80919967651367,68.797771905,58.820627448
07/13/2015,55.959999084472656,63.78339965820312,68.813618966,58.7531803504
07/14/2015,52.33000183105469,63.779299659729006,68.8157230273,58.7428762922
07/15/2015,50.81999969482422,63.73509967803955,68.8517744155,58.6184249405
07/16/2015,48.630001068115234,63.663899688720704,68.9086548827,58.4191444948
07/17/2015,48.529998779296875,63.57039970397949,68.9958792833,58.1449201246
07/20/2015,51.0099983215332,63.47929969787597,69.0773323501,57.8812670456
07/21/2015,51.5099983215332,63.41449966430664,69.1179975728,57.7110017558
07/22/2015,52.189998626708984,63.35439964294434,69.1506050131,57.5581942728
07/23/2015,52.75,63.31079963684082,69.1740355679,57.4475637057
07/24/2015,52.790000915527344,63.27179962158203,69.1919057995,57.3516934437
07/27/2015,51.720001220703125,63.220399627685545,69.2085836629,57.2322155924
07/28/2015,52.369998931884766,63.15249965667724,69.2315168852,57.0734824282
07/29/2015,52.650001525878906,63.08389965057373,69.2449472604,56.9228520407
07/30/2015,52.540000915527344,63.03149967193603,69.2584297498,56.8045695941
07/31/2015,53.43000030517578,62.96699966430664,69.2684182621,56.6655810665
08/03/2015,50.290000915527344,62.92889965057373,69.2761812138,56.5816180874
08/04/2015,51.029998779296875,62.85469966888428,69.3050892685,56.4043100693
08/05/2015,50.75,62.74399967193604,69.3005087484,56.1874905955
08/06/2015,34.41999816894531,62.606499671936035,69.2680783083,55.9449210355
08/07/2015,33.650001525878906,62.306999626159666,69.5319992034,55.082000049
08/10/2015,34.029998779296875,61.98079967498779,69.7364037411,54.2251956089
08/11/2015,32.88999938964844,61.64869968414307,69.8691002265,53.4282991418
08/12/2015,32.68000030517578,61.297099647521975,69.9753612286,52.6188380664
08/13/2015,33.40999984741211,60.92389965057373,70.0126247996,51.8351745016
08/14/2015,32.79999923706055,60.54459968566894,69.9757317753,51.113467596
08/17/2015,33.2400016784668,60.173299674987796,69.952111458,50.394487892
08/18/2015,32.61000061035156,59.82149971008301,69.9247339309,49.7182654892
08/19/2015,31.799999237060547,59.45069969177246,69.8607252652,49.0406741184
08/20/2015,31.1299991607666,59.071699714660646,69.7871149129,48.3562845165
08/21/2015,30.690000534057617,58.68619970321655,69.7022579136,47.6701414928
08/24/2015,29.959999084472656,58.306399726867674,69.6223353857,46.9904640681
08/25/2015,30.219999313354492,57.91959972381592,69.5328738989,46.3063255487
08/26/2015,30.43000030517578,57.53879968643189,69.4265361949,45.651063178
08/27/2015,32.369998931884766,57.15609972000122,69.291789516,45.020409924
08/28/2015,33.72999954223633,56.79029973983765,69.1148161606,44.4657833191
08/31/2015,33.5099983215332,56.4190997505188,68.8728918935,43.9653076076
09/01/2015,32.349998474121094,56.04779973983764,68.6249617591,43.4706377206
09/02/2015,32.900001525878906,55.662699718475345,68.3693337076,42.9560657293
09/03/2015,32.810001373291016,55.27639974594116,68.0815944794,42.4712050125
09/04/2015,32.91999816894531,54.86629976272583,67.7276204466,42.0049790789
09/08/2015,33.47999954223633,54.46209978103638,67.3715466705,41.5526528916
09/09/2015,32.88999938964844,54.065099773406985,67.003225499,41.1269740479
09/10/2015,33.040000915527344,53.701599788665774,66.7186669888,40.6845325885
09/11/2015,32.38999938964844,53.324999828338626,66.3895232633,40.2604763934
09/14/2015,32.540000915527344,52.94819982528686,66.0675971655,39.8288024851
09/15/2015,32.70000076293945,52.57419981002808,65.7368911315,39.4115084886
09/16/2015,33.09000015258789,52.19719980239868,65.3838051134,39.0105944914
09/17/2015,32.369998931884766,51.847699794769284,65.072877173,38.6225224165
09/18/2015,31.459999084472656,51.50129976272583,64.7783543265,38.2242451989
09/21/2015,31.239999771118164,51.13749979019165,64.4602185345,37.8147810459
09/22/2015,31.049999237060547,50.77039981842041,64.1305112257,37.4102884112
09/23/2015,30.459999084472656,50.40599983215332,63.8020172204,37.0099824439
09/24/2015,30.239999771118164,50.033199844360354,63.4603386541,36.6060610346
09/25/2015,30.219999313354492,49.661299839019776,63.1164463649,36.2061533132
09/28/2015,29.729999542236328,49.30329986572266,62.794644354,35.8119553775
09/29/2015,29.479999542236328,48.92659984588623,62.4332910744,35.4199086174
09/30/2015,30.239999771118164,48.58399982452393,62.1449978358,35.0230018132
10/01/2015,29.829999923706055,48.2437998008728,61.8339647705,34.6536348313
10/02/2015,31.719999313354492,47.90049976348877,61.5178472949,34.2831522321
10/05/2015,32.459999084472656,47.57099977493286,61.1772302863,33.9647692635
10/06/2015,32.38999938964844,47.244699802398685,60.8181042416,33.6712953632
10/07/2015,33.0,46.924399814605714,60.4666089583,33.3821906709
10/08/2015,34.040000915527344,46.620999813079834,60.1318675383,33.1101320879
10/09/2015,33.650001525878906,46.31899984359741,59.7700543419,32.8679453453
10/12/2015,34.040000915527344,46.01149984359741,59.3970188784,32.6259808088
10/13/2015,33.22999954223633,45.70509984970093,59.0102220831,32.3999776163
10/14/2015,32.630001068115234,45.39379983901978,58.6227679772,32.1648317008
10/15/2015,32.959999084472656,45.08479986190796,58.2472481709,31.9223515529
10/16/2015,31.649999618530273,44.78959985733032,57.8894884318,31.6897112828
10/19/2015,31.90999984741211,44.475899848937985,57.5109176415,31.4408820564
10/20/2015,31.760000228881836,44.14179985046387,57.0659756264,31.2176240745
10/21/2015,28.739999771118164,43.81949983596802,56.6461915626,30.9928081094
10/22/2015,28.219999313354492,43.4768998336792,56.2441095227,30.7096901446
10/23/2015,28.6200008392334,43.130099811553954,55.83586757,30.4243320531
10/26/2015,28.540000915527344,42.78629981994629,55.4146661546,30.1579334852
10/27/2015,28.6200008392334,42.444899826049806,54.9920532667,29.8977463854
10/28/2015,29.0,42.09619981765747,54.5377344082,29.6546652272
10/29/2015,28.3799991607666,41.764199810028074,54.107418002,29.4209816181
10/30/2015,28.479999542236328,41.421199798583984,53.6545169077,29.1878826895
11/02/2015,28.969999313354492,41.072999801635746,53.1734432748,28.9725563285
11/03/2015,28.399999618530273,40.73309980392456,52.6905083472,28.7756912607
11/04/2015,28.010000228881836,40.38779979705811,52.1968817537,28.5787178404
11/05/2015,33.380001068115234,40.03399980545044,51.6774670547,28.3905325562
11/06/2015,35.709999084472656,39.766599826812744,51.2516818996,28.281517754
11/09/2015,37.779998779296875,39.53259981155396,50.8584659051,28.206733718
11/10/2015,37.619998931884766,39.32089979171753,50.4784437588,28.1633558246
11/11/2015,37.93000030517578,39.098299770355226,50.063854968,28.1327445727
11/12/2015,37.61000061035156,38.86379976272583,49.5986643473,28.1289351782
11/13/2015,35.66999816894531,38.61639978408814,49.0890219831,28.1437775851
11/16/2015,35.66999816894531,38.34019975662231,48.5185334201,28.1618660932
11/17/2015,34.959999084472656,38.07239973068237,47.9610413983,28.1837580631
11/18/2015,35.13999938964844,37.82579973220825,47.4786906223,28.1729088421
11/19/2015,34.25,37.59619974136353,47.0348061146,28.1575933682
11/20/2015,35.060001373291016,37.35229974746704,46.5561771126,28.1484223824
11/23/2015,36.040000915527344,37.11509977340698,46.0658638852,28.1643356616
11/24/2015,36.060001373291016,36.91539979934692,45.6628385427,28.167961056
11/25/2015,36.5099983215332,36.72779981613159,45.2884108286,28.1671888037
11/27/2015,35.880001068115234,36.53259981155396,44.8705062269,28.1946933962
11/30/2015,36.27000045776367,36.360999813079836,44.5323248446,28.1896747816
12/01/2015,36.41999816894531,36.17679983139038,44.1377786639,28.2158209989
12/02/2015,36.36000061035156,35.99679983139038,43.7438788015,28.2497208613
12/03/2015,35.619998931884766,35.80079984664917,43.2837700109,28.3178296824
12/04/2015,35.70000076293945,35.63369981765747,42.9299386958,28.3374609395
12/07/2015,34.029998779296875,35.482499828338625,42.6173472163,28.3476524404
12/08/2015,34.16999816894531,35.33649980545044,42.3491498713,28.3238497396
12/09/2015,34.439998626708984,35.192899799346925,42.0798122493,28.3059873494
12/10/2015,33.470001220703125,35.027199802398684,41.728391424,28.3260081808
12/11/2015,31.579999923706055,34.84679983139038,41.3414782071,28.3521214556
12/14/2015,31.309999465942383,34.64069984436035,40.9046621983,28.3767374904
12/15/2015,31.450000762939453,34.42629983901978,40.4281933018,28.4244063763
12/16/2015,31.350000381469727,34.21289983749389,39.9307240712,28.4950756038
12/17/2015,31.079999923706055,34.00919982910156,39.4561252204,28.5622744378
12/18/2015,31.469999313354492,33.796299839019774,38.9283834798,28.6642161982
12/21/2015,31.360000610351562,33.58449981689453,38.3586928707,28.810306763
12/22/2015,31.989999771118164,33.37269981384277,37.7549861831,28.9904134446
12/23/2015,32.54999923706055,33.1582998085022,37.0511948783,29.2654047387
12/24/2015,32.54999923706055,32.980899791717526,36.4725913196,29.4892082638
12/28/2015,32.15999984741211,32.79609979629517,35.7797076287,29.8124919639
12/29/2015,32.63999938964844,32.61019979476929,34.9867472471,30.2336523424
12/30/2015,32.0,32.59239980697632,34.9619812325,30.2228183814
12/31/2015,32.34000015258789,32.57589979171753,34.9438035151,30.2079960683
01/04/2016,32.560001373291016,32.55899980545044,34.9224919001,30.1955077108
01/05/2016,32.63999938964844,32.555699825286865,34.9189578295,30.1924418211
01/06/2016,32.45000076293945,32.555299816131594,34.9185401324,30.1920594999
01/07/2016,32.130001068115234,32.54569982528687,34.9073980258,30.1840016248
01/08/2016,32.41999816894531,32.53899984359741,34.9009174698,30.1770822174
01/11/2016,32.38999938964844,32.530799808502195,34.8916926927,30.1699069243
01/12/2016,32.5099983215332,32.52859979629517,34.8895203563,30.1676792363
01/13/2016,29.959999084472656,32.53569978713989,34.8954858692,30.1759137051
01/14/2016,30.899999618530273,32.523999786376955,34.8936064756,30.1543930971
01/15/2016,30.100000381469727,32.52609977722168,34.8941727669,30.1580267875
01/19/2016,30.149999618530273,32.52749979019165,34.8940962027,30.1609033777
01/20/2016,28.530000686645508,32.526799793243406,34.8940888706,30.1595107159
01/21/2016,29.850000381469727,32.507799797058105,34.8993421709,30.1162574232
01/22/2016,29.209999084472656,32.48259981155395,34.8886939438,30.0765056793
01/25/2016,28.0,32.437399806976316,34.8620204015,30.0127792125
01/26/2016,28.969999313354492,32.38229982376099,34.8442400167,29.9203596308
01/27/2016,28.469999313354492,32.34849983215332,34.8337431982,29.8632564661
01/28/2016,28.239999771118164,32.304199810028074,34.8185303806,29.7898692395
01/29/2016,28.889999389648438,32.25849979400635,34.8045533272,29.7124462608
02/01/2016,29.93000030517578,32.21819980621338,34.7852714167,29.6511281957
02/02/2016,28.899999618530273,32.182699813842774,34.7566138738,29.6087857539
02/03/2016,28.860000610351562,32.14279981613159,34.7362916817,29.5493079505
02/04/2016,30.489999771118164,32.10099981307983,34.7133112081,29.488688418
02/05/2016,28.670000076293945,32.08199981689453,34.6990454467,29.464954187
02/08/2016,27.969999313354492,32.0432998085022,34.6818126302,29.4047869868
02/09/2016,26.100000381469727,31.995999794006348,34.6645420602,29.3274575278
02/10/2016,26.270000457763672,31.926099796295166,34.6559150904,29.1962845022
02/11/2016,26.8700008392334,31.865099811553954,34.651874771,29.0783248521
02/12/2016,27.860000610351562,31.819199829101564,34.649725741,28.9886739172
02/16/2016,30.290000915527344,31.785399837493898,34.6426944243,28.9281052507
02/17/2016,31.719999313354492,31.777799854278566,34.6380496047,28.9175501038
02/18/2016,31.15999984741211,31.790399856567383,34.6475903114,28.9332094017
02/19/2016,30.459999084472656,31.79959985733032,34.6532622923,28.9459374224
02/22/2016,30.799999237060547,31.801999855041505,34.6544334575,28.9495662526
02/23/2016,30.770000457763672,31.812699851989745,34.659341938,28.966057766
02/24/2016,34.810001373291016,31.82559986114502,34.6645542582,28.9866454641
02/25/2016,35.560001373291016,31.87129987716675,34.7211242269,29.0214755274
02/26/2016,34.68000030517578,31.928599891662596,34.7943653505,29.0628344329
02/29/2016,34.900001525878906,31.958199901580812,34.8369153103,29.0794844928
03/01/2016,34.7599983215332,31.982599925994872,34.8757696388,29.0894302132
03/02/2016,35.099998474121094,32.00629991531372,34.912388175,29.1002116556
03/03/2016,36.08000183105469,32.027299900054935,34.9480435182,29.1065562819
03/04/2016,36.650001525878906,32.0476999092102,34.9894785205,29.1059212979
03/07/2016,37.400001525878906,32.0776999092102,35.0507958537,29.1046039647
03/08/2016,35.5099983215332,32.11129991531372,35.1250904235,29.0975094071
03/09/2016,35.79999923706055,32.13409990310669,35.1648440374,29.1033557688
03/10/2016,35.56999969482422,32.165799884796144,35.2180669305,29.1135328391
03/11/2016,36.90999984741211,32.191899890899656,35.2619538233,29.1218459585
03/14/2016,37.40999984741211,32.244499893188475,35.3496782296,29.1393215568
03/15/2016,34.400001525878906,32.299499893188475,35.4466911005,29.1523086858
03/16/2016,35.40999984741211,32.32589990615845,35.4795210006,29.1722788117
03/17/2016,35.709999084472656,32.39259990692139,35.5402032879,29.244996526
03/18/2016,35.709999084472656,32.46749990463257,35.6040174719,29.3309823373
03/21/2016,35.72999954223633,32.538399887084964,35.6672688778,29.4095308963
03/22/2016,35.70000076293945,32.61029987335205,35.7290564675,29.4915432792
03/23/2016,33.63999938964844,32.68109987258911,35.78881088,29.5733888652
03/24/2016,34.58000183105469,32.727499866485594,35.8144732493,29.6405264837
03/28/2016,35.58000183105469,32.78949989318848,35.8506876814,29.728312105
03/29/2016,36.5099983215332,32.86049991607666,35.9031929254,29.8178069067
03/30/2016,37.13999938964844,32.93589990615845,35.9746700566,29.8971297557
03/31/2016,36.72999954223633,33.02329990386963,36.0560356125,29.9905641953
04/01/2016,37.470001220703125,33.11049989700317,36.1231310601,30.0978687339
04/04/2016,38.2400016784668,33.15139989852905,36.1950161562,30.1077836408
04/05/2016,37.36000061035156,33.17669992446899,36.2518315014,30.1015683475
04/06/2016,38.68000030517578,33.17249994277954,36.2416224588,30.1033774267
04/07/2016,39.54999923706055,33.18309995651245,36.2693474819,30.0968524311
04/08/2016,39.779998779296875,33.1992999458313,36.3145374623,30.0840624294
04/11/2016,36.83000183105469,33.22099992752075,36.3742121092,30.0677877459
04/12/2016,36.709999084472656,33.23259996414185,36.3969143488,30.0682855795
04/13/2016,38.56999969482422,33.24299997329712,36.4170023853,30.0689975613
04/14/2016,38.02000045776367,33.279099979400634,36.4927079987,30.0654919601
04/15/2016,38.77000045776367,33.307899990081786,36.5508275206,30.0649724595
04/18/2016,39.900001525878906,33.35309999465942,36.6400447491,30.0661552402
04/19/2016,40.2599983215332,33.4014999961853,36.7483115134,30.0546884789
04/20/2016,41.029998779296875,33.44369997024536,36.8495977397,30.0378022008
04/21/2016,41.0,33.49339994430542,36.9725864145,30.0142134741
04/22/2016,41.209999084472656,33.53829996109009,37.084454818,29.9921451042
04/25/2016,42.20000076293945,33.59159994125366,37.2118330021,29.9713668804
04/26/2016,41.95000076293945,33.65089994430542,37.3619480818,29.9398518069
04/27/2016,41.61000061035156,33.706199970245365,37.4984146108,29.9139853297
04/28/2016,41.560001373291016,33.75869997024536,37.6229475939,29.8944523466
04/29/2016,41.02000045776367,33.81809999465943,37.7554645995,29.8807353898
05/02/2016,41.75,33.871299991607664,37.8692079432,29.87339204
05/03/2016,40.310001373291016,33.9485000038147,38.0225392075,29.8744608001
05/04/2016,40.18000030517578,34.00990003585815,38.1327900237,29.8870100481
05/05/2016,40.7400016784668,34.06730005264282,38.2354865426,29.8991135627
05/06/2016,40.81999969482422,34.14000005722046,38.3602103761,29.9197897384
05/09/2016,40.349998474121094,34.23240005493164,38.4964738489,29.968326261
05/10/2016,40.779998779296875,34.32280004501343,38.6196592485,30.0259408416
05/11/2016,40.40999984741211,34.416100025177,38.7506955687,30.0815044817
05/12/2016,39.599998474121094,34.50670001983642,38.8708458523,30.1425541873
05/13/2016,40.0,34.59190000534058,38.97145523,30.2123447807
05/16/2016,40.06999969482422,34.67720001220703,39.0781363547,30.2762636697
05/17/2016,39.70000076293945,34.76430000305176,39.1848699943,30.3437300118
05/18/2016,39.27000045776367,34.84140001296997,39.2801091314,30.4026908945
05/19/2016,39.630001068115234,34.908600025177,39.3629510038,30.4542490466
05/20/2016,40.060001373291016,34.97940004348755,39.4519291154,30.5068709715
05/23/2016,40.11000061035156,35.05840005874634,39.5501603174,30.5666398001
05/24/2016,41.61000061035156,35.13310007095337,39.6460846923,30.6201154496
05/25/2016,42.279998779296875,35.22920007705689,39.7766316848,30.6817684693
05/26/2016,41.83000183105469,35.328600063323975,39.9202138026,30.736986324
05/27/2016,41.95000076293945,35.42130006790161,40.0495129306,30.7930872052
05/31/2016,41.959999084472656,35.51440008163452,40.1792226595,30.8495775038
06/01/2016,42.63999938964844,35.609500064849854,40.3076994763,30.9113006534
06/02/2016,42.720001220703125,35.714600048065186,40.4511855036,30.9780145925
06/03/2016,42.77000045776367,35.817600078582764,40.5932513653,31.0419487919
06/06/2016,43.459999084472656,35.92140008926392,40.7340859314,31.1087142471
06/07/2016,43.70000076293945,36.03090009689331,40.8890770072,31.1727231866
06/08/2016,43.380001068115234,36.16830011367798,41.0470906181,31.2895096093
06/09/2016,43.43000030517578,36.293100128173826,41.1950954513,31.3911048051
06/10/2016,42.36000061035156,36.426400127410886,41.339403064,31.5133971908
06/13/2016,41.880001068115234,36.5485001373291,41.4557227281,31.6412775465
06/14/2016,42.70000076293945,36.682000141143796,41.5507060259,31.8132942564
06/15/2016,43.58000183105469,36.810500144958496,41.6667523881,31.9542479018
06/16/2016,44.45000076293945,36.954200172424315,41.7960099083,32.1123904366
06/17/2016,44.439998626708984,37.11870018005371,41.9328620514,32.3045383087
06/20/2016,45.16999816894531,37.273400173187255,42.0717564841,32.4750438623
06/21/2016,44.88999938964844,37.44040016174316,42.220033853,32.6607664705
06/22/2016,46.02000045776367,37.606900157928465,42.3530214782,32.8607788377
06/23/2016,45.779998779296875,37.77820016860962,42.5157399172,33.04066042
06/24/2016,45.04999923706055,37.93670015335083,42.6741579129,33.1992423938
06/27/2016,41.27000045776367,38.09820014953613,42.7999864535,33.3964138456
06/28/2016,40.90999984741211,38.222300148010255,42.8416673669,33.6029329291
06/29/2016,42.7400016784668,38.32650014877319,42.8874264218,33.7655738757
06/30/2016,45.79999923706055,38.467200164794924,42.9443155302,33.9900847994
07/01/2016,45.900001525878906,38.64550016403198,43.0555521218,34.2354482063
07/05/2016,45.900001525878906,38.84350017547607,43.1285598621,34.5584404889
07/06/2016,46.459999084472656,39.03980018615723,43.1919340936,34.8876662787
07/07/2016,46.790000915527344,39.23570016860962,43.2694815878,35.2019187494
07/08/2016,47.88999938964844,39.425000171661374,43.3635490465,35.4864512968
07/11/2016,48.70000076293945,39.60100015640259,43.5206010607,35.6813992521
07/12/2016,55.61000061035156,39.77080017089844,43.7130400902,35.8285602516
07/13/2016,56.95000076293945,40.01530017852783,44.1684699573,35.8621303998
07/14/2016,55.099998474121094,40.2802001953125,44.654380146,35.9060202446
07/15/2016,52.470001220703125,40.5232001876831,45.0367268967,36.0096734787
07/18/2016,52.9900016784668,40.7402001953125,45.3009946271,36.1794057635
07/19/2016,52.5,40.92200019836426,45.603527555,36.2404728417
07/20/2016,52.4900016784668,41.09140018463135,45.8810758016,36.3017245677
07/21/2016,52.97999954223633,41.269500198364256,46.1477676753,36.3912327214
07/22/2016,53.27000045776367,41.45030017852783,46.4232729071,36.4773274499
07/25/2016,53.849998474121094,41.635400199890135,46.6995533867,36.5712470131
07/26/2016,54.56999969482422,41.822900199890135,46.9877177767,36.6580826231
07/27/2016,53.709999084472656,42.00780017852783,47.2932735952,36.7223267619
07/28/2016,55.41999816894531,42.17840015411377,47.5625880608,36.7942122474
07/29/2016,55.09000015258789,42.35860012054443,47.8796575947,36.8375426464
08/01/2016,55.959999084472656,42.55440013885498,48.1753956011,36.9334046766
08/02/2016,56.790000915527344,42.7560001373291,48.4914886905,37.0205115842
08/03/2016,57.5099983215332,42.96820014953613,48.8251571967,37.1112431023
08/04/2016,57.650001525878906,43.17420013427734,49.1749609936,37.1734392749
08/05/2016,57.41999816894531,43.376600151062014,49.5191886391,37.234011663
08/08/2016,58.279998779296875,43.606800117492675,49.8393580482,37.3742421868
08/09/2016,58.029998779296875,43.83550010681152,50.1816506658,37.4893495478
08/10/2016,58.65999984741211,44.05870010375977,50.506832309,37.6105678986
08/11/2016,59.369998931884766,44.28820011138916,50.8426421271,37.7337580957
08/12/2016,61.099998474121094,44.52460010528564,51.1914587184,37.8577414922
08/15/2016,61.15999984741211,44.77860008239746,51.5867709494,37.9704292154
08/16/2016,61.099998474121094,45.053800086975095,51.9616415617,38.1459586122
08/17/2016,60.83000183105469,45.31900005340576,52.3279759519,38.3100241549
08/18/2016,60.310001373291016,45.571500053405764,52.679201355,38.4637987518
08/19/2016,59.84000015258789,45.80950008392334,53.0076873456,38.6113128223
08/22/2016,58.119998931884766,46.03650009155273,53.3151893794,38.7578108037
08/23/2016,59.279998779296875,46.25040008544922,53.5666535296,38.9341466413
08/24/2016,57.880001068115234,46.46850006103516,53.8445930132,39.0924071089
08/25/2016,58.119998931884766,46.66490005493164,54.0806478916,39.2491522182
08/26/2016,58.119998931884766,46.872500038146974,54.3153892346,39.4296108417
08/29/2016,58.88999938964844,47.06690002441406,54.5470537682,39.5867462806
08/30/2016,58.869998931884766,47.26030002593994,54.7934345184,39.7271655335
08/31/2016,57.97999954223633,47.45120002746582,55.0340737895,39.8683262655
09/01/2016,57.779998779296875,47.66270000457764,55.2413344417,40.0840655675
09/02/2016,58.91999816894531,47.87340000152588,55.4374786773,40.3093213258
09/06/2016,59.15999984741211,48.07689998626709,55.6616619936,40.492137979
09/07/2016,59.84000015258789,48.28829998016357,55.8844084242,40.6921915361
09/08/2016,61.2599983215332,48.498999977111815,56.1203454302,40.877654524
09/09/2016,60.150001525878906,48.71259994506836,56.3890759994,41.0361238907
09/12/2016,59.470001220703125,48.911499977111816,56.6239833773,41.1990165769
09/13/2016,58.75,49.09590000152588,56.8381242105,41.3536757925
09/14/2016,59.22999954223633,49.27340000152588,57.0314351878,41.5153648152
09/15/2016,60.84000015258789,49.453600006103514,57.231504114,41.6756958982
09/16/2016,60.849998474121094,49.64,57.4650496111,41.8149503889
09/19/2016,61.459999084472656,49.82899997711181,57.6941738595,41.9638260947
09/20/2016,62.90999984741211,50.027499961853025,57.9331207378,42.1218791859
09/21/2016,63.45000076293945,50.240999946594236,58.2031516859,42.2788482073
09/22/2016,63.9900016784668,50.465299949645996,58.4802895652,42.4503103341
09/23/2016,64.6500015258789,50.687699966430664,58.7660789998,42.6093209331
09/26/2016,63.790000915527344,50.93109996795654,59.0596580574,42.8025418785
09/27/2016,63.33000183105469,51.16719997406006,59.3228952416,43.0115047065
09/28/2016,63.709999084472656,51.39309997558594,59.5696767246,43.2165232265
09/29/2016,62.790000915527344,51.621999969482424,59.8197537879,43.4242461511
09/30/2016,63.70000076293945,51.84639999389648,60.0396578667,43.6531421211
10/03/2016,63.90999984741211,52.07560001373291,60.2766589743,43.8745410532
10/04/2016,63.380001068115234,52.31060001373291,60.5107104396,44.1104895879
10/05/2016,63.040000915527344,52.54840003967285,60.7212199096,44.3755801698
10/06/2016,62.45000076293945,52.778800048828124,60.9193168577,44.6382832399
10/07/2016,62.84000015258789,53.00260005950928,61.0981613519,44.9070387671
10/10/2016,63.90999984741211,53.234000053405765,61.2765568364,45.1914432704
10/11/2016,61.36000061035156,53.48040004730225,61.4686316113,45.4921684834
10/12/2016,62.310001373291016,53.69770004272461,61.6013175539,45.7940825316
10/13/2016,61.779998779296875,53.92020004272461,61.7496005693,46.0907995162
10/14/2016,62.06999969482422,54.13690002441406,61.8804845949,46.3933154539
10/17/2016,61.779998779296875,54.34150001525879,62.0214316204,46.6615684101
10/18/2016,61.7400016784668,54.53650001525879,62.1550194894,46.9179805412
10/19/2016,63.08000183105469,54.73560001373291,62.2792431368,47.1919568906
10/20/2016,62.619998931884766,54.94690002441406,62.4251002631,47.4686997858
10/21/2016,63.869998931884766,55.15350002288818,62.5550514655,47.7519485802
10/24/2016,64.11000061035156,55.365800018310544,62.7096266109,48.0219734258
10/25/2016,63.38999938964844,55.579700012207034,62.8633449776,48.2960550468
10/26/2016,61.31999969482422,55.78590000152588,62.9954831575,48.5763168455
10/27/2016,59.93000030517578,55.9645000076294,63.0872224914,48.8417775239
10/28/2016,59.09000015258789,56.126800003051756,63.1524605984,49.1011394077
10/31/2016,58.9900016784668,56.28389999389648,63.197525896,49.3702740918
11/01/2016,57.11000061035156,56.43950000762939,63.2361914263,49.6428085889
11/02/2016,55.86000061035156,56.58700000762939,63.234964408,49.9390356072
11/03/2016,54.27000045776367,56.72680000305176,63.2089457692,50.2446542369
11/04/2016,48.400001525878906,56.8425,63.1747724922,50.5102275078
11/07/2016,49.68000030517578,56.89069999694824,63.1396335782,50.6417664157
11/08/2016,48.9900016784668,56.9429999923706,63.1089279469,50.7770720379
11/09/2016,48.5099983215332,56.98850002288818,63.0783151824,50.8986848633
11/10/2016,47.59000015258789,57.021900024414066,63.0557058854,50.9880941635
11/11/2016,49.29999923706055,57.048900032043456,63.0342038162,51.0635962478
11/14/2016,49.209999084472656,57.081700019836425,63.0152380813,51.1481619584
11/15/2016,49.099998474121094,57.11600002288819,62.9937589226,51.2382411231
11/16/2016,49.25,57.156500015258786,62.9645193414,51.3484806891
11/17/2016,49.63999938964844,57.236300010681155,62.8779344544,51.5946655669
11/18/2016,49.599998474121094,57.32360000610352,62.7763034611,51.8708965511
11/21/2016,49.59000015258789,57.392199974060055,62.7022843253,52.0821156228
11/22/2016,49.560001373291016,57.430099983215335,62.6703777858,52.1898221807
11/23/2016,49.4900016784668,57.46669998168945,62.6386555794,52.2947443839
11/25/2016,48.88999938964844,57.50259998321533,62.6061505043,52.3990494621
11/28/2016,48.7400016784668,57.52689998626709,62.5833825557,52.4704174168
11/29/2016,48.06999969482422,57.546399993896486,62.5650573369,52.5277426509
11/30/2016,47.060001373291016,57.54819999694824,62.5634247364,52.5329752575
12/01/2016,45.2599983215332,57.53180000305176,62.5785144822,52.4850855239
12/02/2016,44.63999938964844,57.42829998016357,62.6174861221,52.2391138383
12/05/2016,47.61000061035156,57.30519996643066,62.6480098845,51.9623900484
12/06/2016,47.9900016784668,57.23029998779297,62.6553665849,51.8052333907
12/07/2016,48.56999969482422,57.18549999237061,62.6678869933,51.7031129914
12/08/2016,49.560001373291016,57.14129997253418,62.674911811,51.607688134
12/09/2016,49.90999984741211,57.11189998626709,62.6778087036,51.5459912689
12/12/2016,48.75,57.08609996795654,62.6792858602,51.4929140757
12/13/2016,49.59000015258789,57.04379997253418,62.6836797723,51.4039201728
12/14/2016,48.529998779296875,57.00699996948242,62.6832721269,51.330727812
12/15/2016,49.779998779296875,56.95379997253418,62.684084806,51.223515139
12/16/2016,48.11000061035156,56.90589996337891,62.6757941617,51.136005765
12/19/2016,47.75,56.849899978637694,62.6774280731,51.0223718842
12/20/2016,47.75,56.77319999694824,62.6691169239,50.87728307
12/21/2016,47.70000076293945,56.69979999542236,62.6615362034,50.7380637875
12/22/2016,47.52000045776367,56.61720001220703,62.6454639965,50.5889360279
12/23/2016,48.04999923706055,56.52450000762939,62.6202907824,50.4287092329
12/27/2016,47.790000915527344,56.42990001678467,62.5827997864,50.2770002472
12/28/2016,47.529998779296875,56.331300010681154,62.5425837509,50.1200162704
12/29/2016,47.779998779296875,56.232400016784666,62.5040059427,49.9607940909
12/30/2016,47.52000045776367,56.12740001678467,62.4515221021,49.8032779315
01/03/2017,47.52000045776367,56.02230003356934,62.4010262853,49.6435737818
01/04/2017,48.619998931884766,55.91090003967285,62.3396678076,49.4821322718
01/05/2017,48.459999084472656,55.80340003967285,62.2632311134,49.3435689659
01/06/2017,47.470001220703125,55.67700004577637,62.1555922053,49.1984078863
01/09/2017,48.130001068115234,55.54010005950928,62.0459689632,49.0342311558
01/10/2017,48.83000183105469,55.41040008544922,61.9333962586,48.8874039123
01/11/2017,49.59000015258789,55.29040008544922,61.8229627263,48.7578374446
01/12/2017,49.70000076293945,55.18320007324219,61.7204674257,48.6459327208
01/13/2017,50.810001373291016,55.081800079345705,61.6246877717,48.538912387
01/17/2017,48.220001220703125,55.008700103759764,61.5580673914,48.4593328162
01/18/2017,50.0099983215332,54.89810012817383,61.4677579514,48.3284423049
01/19/2017,50.22999954223633,54.81940010070801,61.399994928,48.2388052734
01/20/2017,51.13999938964844,54.740500106811524,61.3283441791,48.1526560345
01/23/2017,51.40999984741211,54.67070011138916,61.2593451475,48.0820550753
01/24/2017,52.31999969482422,54.5959001159668,61.1786765189,48.013123713
01/25/2017,53.2599983215332,54.530400123596195,61.1029013935,47.9578988537
01/26/2017,53.86000061035156,54.48320011138916,61.0477021448,47.9186980779
01/27/2017,53.81999969482422,54.44400012969971,61.0003974079,47.8876028515
01/30/2017,53.20000076293945,54.3930001449585,60.9341997637,47.8518005262
01/31/2017,53.79999923706055,54.33340015411377,60.8580250404,47.8087752678
02/01/2017,53.04999923706055,54.273000144958495,60.7742846701,47.7717156199
02/02/2017,53.34000015258789,54.19090015411377,60.6551662335,47.7266340748
02/03/2017,53.75,54.12280014038086,60.5597427181,47.6858575626
02/06/2017,53.5099983215332,54.06560012817383,60.4801478218,47.6510524346
02/07/2017,52.560001373291016,54.01320011138916,60.4106470446,47.6157531781
02/08/2017,53.11000061035156,53.94650012969971,60.3239483874,47.569051872
02/09/2017,53.849998474121094,53.86920013427734,60.2093629775,47.5290372911
02/10/2017,54.31999969482422,53.79920013427734,60.1004264523,47.4979738163
02/13/2017,53.439998626708984,53.72780014038086,59.982093791,47.4735064898
02/14/2017,53.66999816894531,53.63310012817383,59.8189647693,47.4472354871
02/15/2017,54.220001220703125,53.53530010223389,59.6419894465,47.428610758
02/16/2017,54.619998931884766,53.43760009765625,59.4537275699,47.4214726254
02/17/2017,54.790000915527344,53.33730007171631,59.24835166,47.4262484835
02/21/2017,54.5,53.24730007171631,59.0663158585,47.4282842849
02/22/2017,54.31999969482422,53.15900005340576,58.8906866863,47.4273134206
02/23/2017,52.20000076293945,53.06510005950928,58.6992510909,47.4309490281
02/24/2017,51.630001068115234,52.959200057983395,58.508451362,47.4099487539
02/27/2017,43.02000045776367,52.838500061035155,58.2830974978,47.3939026243
02/28/2017,43.61000061035156,52.629600067138675,58.0460795797,47.2131205546
03/01/2017,45.0099983215332,52.431900062561034,57.8130695957,47.0507305294
03/02/2017,43.31999969482422,52.25160003662109,57.5760723732,46.9271277
03/03/2017,42.25,52.06030002593994,57.3585139742,46.7620860777
03/06/2017,41.54999923706055,51.85440002441406,57.1297271943,46.5790728546
03/07/2017,41.060001373291016,51.630800018310545,56.8641079274,46.3974921092
03/08/2017,40.77000045776367,51.427800025939945,56.6734789212,46.1821211306
03/09/2017,40.4900016784668,51.21240001678467,56.4490414751,45.9757585584
03/10/2017,40.29999923706055,50.999500045776365,56.2349603112,45.7640397803
03/13/2017,41.290000915527344,50.78180004119873,56.0050063792,45.5585937032
03/14/2017,40.34000015258789,50.57690006256104,55.7664317563,45.3873683688
03/15/2017,40.29999923706055,50.36290004730225,55.5288690769,45.1969310177
03/16/2017,40.779998779296875,50.135100021362305,55.2371306085,45.0330694342
03/17/2017,40.79999923706055,49.916700019836426,54.9465578444,44.8868421952
03/20/2017,41.150001525878906,49.68600002288818,54.5982748598,44.773725186
03/21/2017,39.77000045776367,49.456400032043454,54.2235629925,44.6892370716
03/22/2017,40.25,49.220200042724606,53.8749678901,44.5654321953
03/23/2017,40.56999969482422,49.00950004577637,53.5880437658,44.4309563257
03/24/2017,41.0,48.815900039672854,53.3375435502,44.2942565291
03/27/2017,41.0099983215332,48.63500003814697,53.1035397134,44.1664603629
03/28/2017,41.04999923706055,48.455200004577634,52.8648104975,44.0455895117
03/29/2017,41.380001068115234,48.29459999084472,52.6784552101,43.9107447716
03/30/2017,41.290000915527344,48.14979999542236,52.5204959883,43.7791040026
03/31/2017,41.349998474121094,48.02,52.3997414673,43.6402585327
04/03/2017,41.36000061035156,47.949499969482424,52.3790157735,43.5199841655
04/04/2017,41.290000915527344,47.86629997253418,52.3404430997,43.3921568454
04/05/2017,42.130001068115234,47.789299964904785,52.3094634309,43.269136499
04/06/2017,43.0,47.72549999237061,52.2799362803,43.1710637044
04/07/2017,43.02000045776367,47.67959999084473,52.2582354853,43.1009644964
04/10/2017,43.34000015258789,47.61680000305176,52.2158021658,43.0177978403
04/11/2017,43.439998626708984,47.55810001373291,52.1738234176,42.9423766099
04/12/2017,43.47999954223633,47.50150001525879,52.1326458846,42.8703541459
04/13/2017,41.18000030517578,47.44380001068115,52.0887257271,42.7988742943
04/17/2017,42.09000015258789,47.35920001983643,52.0402572405,42.6781427992
04/18/2017,42.27000045776367,47.28410003662109,51.9887880805,42.5794119927
04/19/2017,42.33000183105469,47.21090003967285,51.9360425289,42.4857575504
04/20/2017,42.40999984741211,47.13860004425049,51.8825217507,42.3946783378
04/21/2017,42.290000915527344,47.06780002593994,51.8289013918,42.3066986601
04/24/2017,42.619998931884766,47.00180004119873,51.782887758,42.2207123244
04/25/2017,43.099998474121094,46.94060001373291,51.7381871857,42.1430128417
04/26/2017,43.5,46.89090000152588,51.7022531737,42.0795468294
04/27/2017,43.290000915527344,46.85529998779297,51.6784263662,42.0321736094
04/28/2017,43.22999954223633,46.83560001373291,51.6692139488,42.0019860787
05/01/2017,43.900001525878906,46.82150001525879,51.6635472879,41.9794527427
05/02/2017,43.90999984741211,46.78440002441406,51.634470084,41.9343299648
05/03/2017,41.08000183105469,46.74360000610351,51.6005128066,41.8866872056
05/04/2017,44.060001373291016,46.66870002746582,51.5545364993,41.7828635556
05/05/2017,43.7599983215332,46.61370002746582,51.4976359281,41.7297641268
05/08/2017,44.36000061035156,46.55220001220703,51.432961002,41.6714390225
05/09/2017,44.810001373291016,46.50830001831055,51.3888383866,41.6277616501
05/10/2017,44.439998626708984,46.46050003051758,51.3340247663,41.5869752947
05/11/2017,43.7400016784668,46.4196000289917,51.2927475282,41.5464525298
05/12/2017,44.52000045776367,46.3592000579834,51.2277520058,41.4906481102
05/15/2017,44.77000045776367,46.32330005645752,51.1920455606,41.4545545523
05/16/2017,45.29999923706055,46.293500061035154,51.1625417957,41.4244583264
05/17/2017,44.22999954223633,46.26900005340576,51.1368151363,41.4011849705
05/18/2017,43.810001373291016,46.23430004119873,51.1041580669,41.3644420154
05/19/2017,44.52000045776367,46.197200050354006,51.0712520368,41.3231480639
05/22/2017,45.290000915527344,46.16190006256104,51.0351882762,41.2886118489
05/23/2017,45.33000183105469,46.13690006256103,51.0081840792,41.2656160459
05/24/2017,45.970001220703125,46.11490009307861,50.9848105214,41.2449896648
05/25/2017,46.29999923706055,46.09680011749268,50.9638510101,41.2297492249
05/26/2017,46.45000076293945,46.084600105285645,50.9495968635,41.2196033471
05/30/2017,46.70000076293945,46.073900108337405,50.9369043652,41.2108958515
05/31/2017,46.560001373291016,46.05470012664795,50.9114001988,41.1980000545
06/01/2017,47.720001220703125,46.03570014953613,50.8866663682,41.1847339309
06/02/2017,47.58000183105469,46.03820014953613,50.8899692609,41.1864310382
06/05/2017,47.2400016784668,46.03270015716553,50.8824061764,41.1829941379
06/06/2017,47.11000061035156,46.01680015563965,50.859910981,41.1736893303
06/07/2017,45.93000030517578,45.99200016021729,50.8230849987,41.1609153217
06/08/2017,46.2599983215332,45.95430015563965,50.7709904282,41.1376098831
06/09/2017,44.84000015258789,45.90880012512207,50.7008342547,41.1167659955
06/12/2017,44.47999954223633,45.875000114440915,50.6625313663,41.0874688626
06/13/2017,44.58000183105469,45.81970012664795,50.5910600547,41.0483401986
06/14/2017,44.220001220703125,45.76320014953613,50.5154148359,41.0109854632
06/15/2017,43.68000030517578,45.69400016784668,50.4177138251,40.9702865106
06/16/2017,43.77000045776367,45.616700172424316,50.3093892584,40.9240110864
06/19/2017,45.2400016784668,45.53120018005371,50.1786490892,40.883751271
06/20/2017,44.310001373291016,45.45100021362305,50.03312353,40.8688768972
06/21/2017,45.470001220703125,45.35550022125244,49.8602354793,40.8507649632
06/22/2017,44.54999923706055,45.27200023651123,49.695722774,40.848277699
06/23/2017,45.560001373291016,45.18550022125244,49.5373411842,40.8336592583
06/26/2017,44.75,45.103100242614744,49.3681953868,40.8380050984
06/27/2017,43.810001373291016,45.02010025024414,49.2098332193,40.8303672812
06/28/2017,44.400001525878906,44.92480026245117,49.0317719343,40.8178285906
06/29/2017,43.720001220703125,44.831300277709964,48.8415853921,40.8210151633
06/30/2017,44.08000183105469,44.73340030670166,48.6490042388,40.8177963746
07/03/2017,44.459999084472656,44.648600311279296,48.484806193,40.8123944295
07/05/2017,43.58000183105469,44.56210029602051,48.3028750912,40.8213255008
07/06/2017,43.400001525878906,44.45940032958984,48.0829129118,40.8358877473
07/07/2017,43.02000045776367,44.35020034790039,47.8368646359,40.8635360599
07/10/2017,43.2400016784668,44.246000366210936,47.6131089495,40.878891783
07/11/2017,43.81999969482422,44.14170040130615,47.3741212768,40.9092795258
07/12/2017,44.369998931884766,44.03770038604736,47.1073977901,40.968002982
07/13/2017,44.59000015258789,43.93520038604736,46.8150944294,41.0553063427
07/14/2017,44.81999969482422,43.83320037841797,46.4995473891,41.1668533678
07/17/2017,44.7599983215332,43.73640037536621,46.1801613555,41.2926393953
07/18/2017,44.459999084472656,43.6408003616333,45.8437938131,41.4378069102
07/19/2017,44.630001068115234,43.56340034484863,45.5934991442,41.5333015455
07/20/2017,43.93000030517578,43.49340034484863,45.3580925537,41.628708136
07/21/2017,43.189998626708984,43.50250034332275,45.3670805493,41.6379201374
07/24/2017,44.209999084472656,43.498300323486326,45.3631066712,41.6334939758
07/25/2017,43.84000015258789,43.49030033111572,45.3503141906,41.6302864716
07/26/2017,43.54999923706055,43.49550033569336,45.3557576819,41.6352429895
07/27/2017,43.09000015258789,43.50850032806397,45.3645459591,41.652454697
07/28/2017,43.06999969482422,43.52390033721924,45.3699941547,41.6778065197
07/31/2017,42.13999938964844,43.54400032043457,45.3740305526,41.7139700883
08/01/2017,41.70000076293945,43.557700309753415,45.3719727244,41.7434278951
08/02/2017,35.2599983215332,43.569800300598146,45.367532403,41.7720681982
08/03/2017,34.40999984741211,43.51940029144287,45.4720683765,41.5667322064
08/04/2017,34.689998626708984,43.45060028076172,45.5926294024,41.3085711592
08/07/2017,34.290000915527344,43.39410026550293,45.6866576994,41.1015428316
08/08/2017,33.650001525878906,43.3340002822876,45.7804914876,40.8875090769
08/09/2017,34.13999938964844,43.26270030975342,45.8804865146,40.6449141049
08/10/2017,32.959999084472656,43.196100311279295,45.9565272365,40.4356733861
08/11/2017,32.91999816894531,43.114200286865234,46.0500411675,40.1783594063
08/14/2017,33.63999938964844,43.045700263977054,46.1346888147,39.9567117133
08/15/2017,33.779998779296875,42.979600257873535,46.1958082339,39.7633922818
08/16/2017,34.0,42.91170024871826,46.2475132319,39.5758872655
08/17/2017,33.689998626708984,42.84170024871826,46.2884938738,39.3949066237
08/18/2017,33.27000045776367,42.76850025177002,46.329260446,39.2077400576
08/21/2017,33.15999984741211,42.69070026397705,46.371140842,39.010259686
08/22/2017,33.720001220703125,42.60850025177002,46.4071907086,38.8098097949
08/23/2017,33.5099983215332,42.53280025482178,46.4311317495,38.6344687601
08/24/2017,33.08000183105469,42.4544002532959,46.4532702473,38.4555302593
08/25/2017,31.5,42.37160026550293,46.4765876885,38.2666128425
08/28/2017,32.060001373291016,42.27370025634766,46.5177025753,38.0296979374
08/29/2017,31.850000381469727,42.173000259399416,46.5369898501,37.8090106687
08/30/2017,31.65999984741211,42.061500263214114,46.5437738914,37.579226635
08/31/2017,33.58000183105469,41.9479002571106,46.5468780565,37.3489224577
09/01/2017,33.099998474121094,41.850300273895265,46.521692878,37.1789076698
09/05/2017,32.91999816894531,41.74690027236939,46.4957552616,36.9980452831
09/06/2017,33.13999938964844,41.64130025863648,46.4672279438,36.8153725734
09/07/2017,33.619998931884766,41.5609002494812,46.4602580696,36.6615424294
09/08/2017,33.599998474121094,41.47620023727417,46.4384892885,36.5139111861
09/11/2017,34.209999084472656,41.38950021743774,46.4125311837,36.3664692511
09/12/2017,34.15999984741211,41.30830018997192,46.3808590685,36.2357413114
09/13/2017,33.63999938964844,41.22580018997192,46.3466294083,36.1049709717
09/14/2017,33.11000061035156,41.139300174713135,46.3141941964,35.964406153
09/15/2017,33.70000076293945,41.0442001914978,46.2780568915,35.8103434915
09/18/2017,34.15999984741211,40.95020021438599,46.2304965647,35.6699038641
09/19/2017,34.02000045776367,40.85680021286011,46.1736469671,35.5399534587
09/20/2017,33.790000915527344,40.76410020828247,46.1183956586,35.409804758
09/21/2017,33.86000061035156,40.66970022201538,46.0627645111,35.276635933
09/22/2017,34.040000915527344,40.56930021286011,45.994651251,35.1439491747
09/25/2017,33.029998779296875,40.47060022354126,45.9239851313,35.0172153158
09/26/2017,32.97999954223633,40.390100193023684,45.8930847007,34.8871156853
09/27/2017,33.84000015258789,40.279300174713136,45.8187023101,34.7398980393
09/28/2017,33.369998931884766,40.180100193023684,45.7450466109,34.6151537752
09/29/2017,33.290000915527344,40.07020017623901,45.6599774291,34.4804229234
10/02/2017,33.66999816894531,39.955000171661375,45.5645805982,34.3454197451
10/03/2017,33.70000076293945,39.84730016708374,45.4731026575,34.2214976767
10/04/2017,33.61000061035156,39.746900157928465,45.3918921994,34.1019081164
10/05/2017,33.72999954223633,39.63780015945434,45.2949039091,33.9806964098
10/06/2017,34.52000045776367,39.52740015029907,45.1909909684,33.8638093322
10/09/2017,33.68000030517578,39.4196001625061,45.0748766042,33.7643237208
10/10/2017,33.81999969482422,39.3141001701355,44.9770545252,33.6511458151
10/11/2017,33.86000061035156,39.21420015335083,44.8850724088,33.5433278979
10/12/2017,34.099998474121094,39.10760015487671,44.7779253604,33.4372749493
10/13/2017,34.400001525878906,38.995700130462644,44.6533150233,33.3380852376
10/16/2017,34.0099983215332,38.88640012741089,44.5261368643,33.2466633905
10/17/2017,34.369998931884766,38.76680009841919,44.3818108015,33.1517893953
10/18/2017,34.84000015258789,38.647500095367434,44.227817328,33.0671828627
10/19/2017,34.560001373291016,38.53140008926392,44.0687858982,32.9940142803
10/20/2017,34.81999969482422,38.41000009536743,43.8998419279,32.9201582628
10/23/2017,34.56999969482422,38.292600078582765,43.7321989979,32.8530011592
10/24/2017,34.7400016784668,38.16110006332397,43.5296904521,32.7925096745
10/25/2017,34.599998474121094,38.032700061798096,43.327523783,32.7378763406
10/26/2017,35.060001373291016,37.90630002975464,43.130213471,32.6823865885
10/27/2017,34.95000076293945,37.785800037384035,42.934458553,32.6371415218
10/30/2017,34.25,37.67600004196167,42.7665565996,32.5854434843
10/31/2017,38.9900016784668,37.55590005874634,42.5838088247,32.5279912928
11/01/2017,38.0099983215332,37.49740007400513,42.4739882269,32.5208119211
11/02/2017,37.150001525878906,37.432700061798094,42.359900501,32.5054996226
11/03/2017,36.63999938964844,37.35840005874634,42.2330019539,32.4837981636
11/06/2017,37.599998474121094,37.28260004043579,42.1086070114,32.4565930695
11/07/2017,37.54999923706055,37.221800022125244,42.0049356838,32.4386643605
11/08/2017,38.880001068115234,37.159600009918215,41.8974060184,32.4217940014
11/09/2017,38.41999816894531,37.096000003814694,41.7671272446,32.424872763
11/10/2017,39.709999084472656,37.03709997177124,41.6537082549,32.4204916886
11/13/2017,39.41999816894531,36.979499950408936,41.525933711,32.4330661898
11/14/2017,38.61000061035156,36.92819993972778,41.4175054505,32.4388944289
11/15/2017,38.0,36.85869993209839,41.2669011858,32.4504986784
11/16/2017,40.150001525878906,36.79119993209839,41.1291696801,32.4532301841
11/17/2017,40.25,36.75459993362427,41.0484119602,32.4607879071
11/20/2017,40.54999923706055,36.71309991836548,40.9525286569,32.4736711798
11/21/2017,41.650001525878906,36.68139989852905,40.879971375,32.4828284221
11/22/2017,41.54999923706055,36.657099895477295,40.8196578673,32.4945419237
11/24/2017,41.93000030517578,36.62799989700317,40.7458384491,32.5101613449
11/27/2017,42.06999969482422,36.611499881744386,40.704680902,32.5183188615
11/28/2017,42.849998474121094,36.59819986343384,40.6714134143,32.5249863126
11/29/2017,42.529998779296875,36.596499843597414,40.6670674171,32.5259322701
11/30/2017,42.4900016784668,36.58939981460571,40.6489777348,32.5298218944
12/01/2017,42.2400016784668,36.57609983444214,40.6140883532,32.5381113157
12/04/2017,41.43000030517578,36.55479986190796,40.5570800618,32.552519662
12/05/2017,40.84000015258789,36.52319986343384,40.4740579468,32.57234178
12/06/2017,41.13999938964844,36.483399868011475,40.3700017679,32.5967979681
12/07/2017,43.15999984741211,36.44719987869263,40.272926249,32.6214735084
12/08/2017,43.119998931884766,36.43419988632202,40.2348025469,32.6335972257
12/11/2017,43.13999938964844,36.41909986495972,40.1899936704,32.6482060595
12/12/2017,42.40999984741211,36.41119985580444,40.1671479827,32.6552517289
12/13/2017,43.29999923706055,36.403399868011476,40.1460487131,32.6607510229
12/14/2017,42.66999816894531,36.394299869537356,40.1190197896,32.6695799495
12/15/2017,43.0,36.38259984970093,40.0856878796,32.6795118198
12/18/2017,44.400001525878906,36.37709985733032,40.0699327015,32.6842670132
12/19/2017,44.099998474121094,36.39019987106323,40.109054804,32.6713449381
12/20/2017,43.29999923706055,36.4004998588562,40.139214693,32.6617850247
12/21/2017,44.119998931884766,36.412099857330325,40.1703529647,32.65384675
12/22/2017,44.029998779296875,36.436299839019775,40.2360865306,32.6365131475
12/26/2017,44.209999084472656,36.52399984359741,40.3961430995,32.6518565877
12/27/2017,44.380001068115234,36.62199983596802,40.5628049921,32.6811946798
12/28/2017,43.79999923706055,36.71889986038208,40.729522656,32.7082770648
12/29/2017,43.029998779296875,36.813999843597415,40.8782925723,32.7497071149
01/02/2018,43.47999954223633,36.90779981613159,41.0060865953,32.809513037
01/03/2018,44.38999938964844,37.00119981765747,41.1415575153,32.8608421201
01/04/2018,44.709999084472656,37.11549982070923,41.3002492673,32.9307503741
01/05/2018,44.189998626708984,37.2333998298645,41.4641171885,33.0026824713
01/08/2018,43.599998474121094,37.338899822235106,41.6100421192,33.0677575253
01/09/2018,43.599998474121094,37.43709981918335,41.7380728577,33.1361267806
01/10/2018,44.22999954223633,37.53309980392456,41.8633226305,33.2028769773
01/11/2018,43.97999954223633,37.63849981307983,42.0020432081,33.274956418
01/12/2018,44.529998779296875,37.74559980392456,42.1319820119,33.3592175959
01/16/2018,44.25,37.85929979324341,42.2726233268,33.4459762597
01/17/2018,44.66999816894531,37.96459978103638,42.4034520076,33.5257475545
01/18/2018,44.849998474121094,38.076199779510496,42.5418624922,33.6105370669
01/19/2018,45.720001220703125,38.19389974594116,42.6813838662,33.7064156257
01/22/2018,45.90999984741211,38.336099758148194,42.8345030284,33.8376964879
01/23/2018,45.7599983215332,38.4745997428894,42.9908144468,33.9583850389
01/24/2018,46.54999923706055,38.613699722290036,43.1379414936,34.089457951
01/25/2018,47.619998931884766,38.76259971618652,43.3005399403,34.2246594921
01/26/2018,48.099998474121094,38.90299968719482,43.4952901099,34.3107092645
01/29/2018,46.90999984741211,39.05299968719483,43.6979680361,34.4080313383
01/30/2018,45.720001220703125,39.19289970397949,43.8616625365,34.5241368714
01/31/2018,44.2599983215332,39.31869972229004,43.9921540402,34.6452454044
02/01/2018,44.52000045776367,39.42509971618652,44.0887106256,34.7614888068
02/02/2018,43.75,39.53429973602295,44.1880728462,34.8805266258
02/05/2018,43.0099983215332,39.62969974517822,44.2711157481,34.9882837423
02/06/2018,43.59000015258789,39.718199729919434,44.3388055646,35.0975938952
02/07/2018,43.970001220703125,39.81769973754883,44.4134109143,35.2219885608
02/08/2018,43.189998626708984,39.92629974365234,44.4904262821,35.3621732052
02/09/2018,43.90999984741211,40.02119972229004,44.553428133,35.4889713116
02/12/2018,44.79999923706055,40.11869972229004,44.6286087171,35.6087907275
02/13/2018,45.400001525878906,40.226499710083004,44.7181433545,35.7348560657
02/14/2018,46.5,40.34259971618653,44.816384407,35.8688150254
02/15/2018,47.79999923706055,40.46899971008301,44.9364002263,36.0015991939
02/16/2018,45.79999923706055,40.60659969329834,45.0857568576,36.127442529
02/20/2018,45.099998474121094,40.734299697875976,45.1775200149,36.2910793809
02/21/2018,44.58000183105469,40.85549968719482,45.2505900045,36.4604093699
02/22/2018,46.349998474121094,40.962899703979495,45.316269773,36.6095296349
02/23/2018,50.290000915527344,41.092699699401855,45.4111102669,36.7742891319
02/26/2018,51.56999969482422,41.26269969940186,45.6051474243,36.9202519745
02/27/2018,49.97999954223633,41.44169971466064,45.8360966476,37.0473027817
02/28/2018,50.25,41.604499702453616,46.0106212602,37.1983781448
03/01/2018,49.41999816894531,41.7708996963501,46.1861624088,37.3556369839
03/02/2018,49.4900016784668,41.927799682617184,46.3333023254,37.5222970398
03/05/2018,49.77000045776367,42.07749969482422,46.4830822373,37.6719171523
03/06/2018,50.06999969482422,42.2383996963501,46.6281416532,37.8486577395
03/07/2018,50.939998626708984,42.400899696350095,46.7767508361,38.0250485566
03/08/2018,51.36000061035156,42.571699676513674,46.9441810199,38.1992183332
03/09/2018,51.970001220703125,42.744299697875974,47.1196222518,38.3689771439
03/12/2018,51.2400016784668,42.91999969482422,47.3094688573,38.5305305324
03/13/2018,50.93000030517578,43.092299728393556,47.4667820191,38.7178174377
03/14/2018,51.150001525878906,43.25789974212646,47.6124585187,38.9033409655
03/15/2018,52.11000061035156,43.42099975585938,47.762638029,39.0793614827
03/16/2018,52.06999969482422,43.59649974822998,47.9311089674,39.2618905291
03/19/2018,51.25,43.76899974822998,48.0941371234,39.443862373
03/20/2018,51.34000015258789,43.935799751281735,48.2244392443,39.6471602583
03/21/2018,51.68000030517578,44.10179973602295,48.35238411,39.8512153621
03/22/2018,50.33000183105469,44.2725997543335,48.4808944018,40.0643051068
03/23/2018,49.16999816894531,44.42529975891113,48.5731459541,40.2774535637
03/26/2018,50.400001525878906,44.56749973297119,48.6309608126,40.5040386534
03/27/2018,48.27000045776367,44.72899974822998,48.6990509387,40.7589485578
03/28/2018,46.93000030517578,44.821799736022946,48.7649863267,40.8786131453
03/29/2018,48.150001525878906,44.91099975585937,48.7995988039,41.0224007078
04/02/2018,47.79999923706055,45.02099975585938,48.8435228684,41.1984766433
04/03/2018,48.220001220703125,45.1325997543335,48.8707871622,41.3944123465
04/04/2018,49.279998779296875,45.238799781799315,48.9117667444,41.5658328192
04/05/2018,49.7400016784668,45.35609977722168,48.968448511,41.7437510435
04/06/2018,49.20000076293945,45.464699783325194,49.0438137557,41.885585811
04/09/2018,49.380001068115234,45.57249980926514,49.0997767345,42.0452228841
04/10/2018,50.06999969482422,45.669199829101565,49.1668580634,42.1715415948
04/11/2018,50.47999954223633,45.77569984436035,49.2434680101,42.3079316786
04/12/2018,51.380001068115234,45.8943998336792,49.3177254485,42.4710742188
04/13/2018,50.459999084472656,46.02819984436035,49.4014710378,42.654928651
04/16/2018,50.65999984741211,46.13129981994629,49.4808080271,42.7817916128
04/17/2018,51.33000183105469,46.23539981842041,49.5621944895,42.9086051473
04/18/2018,51.58000183105469,46.34319984436035,49.658656651,43.0277430377
04/19/2018,51.849998474121094,46.44249984741211,49.7646035773,43.1203961175
04/20/2018,51.22999954223633,46.545499839782714,49.8739843276,43.217015352
04/23/2018,50.900001525878906,46.63849983215332,49.9666490178,43.3103506465
04/24/2018,50.06999969482422,46.72679985046387,50.0497010137,43.4038986872
04/25/2018,50.33000183105469,46.7989998626709,50.1153130659,43.4826866595
04/26/2018,44.720001220703125,46.876999893188476,50.1837029799,43.5702968065
04/27/2018,42.34000015258789,46.89929988861084,50.1837872022,43.614812575
04/30/2018,42.13999938964844,46.900299873352054,50.183383402,43.6172163447
05/01/2018,42.15999984741211,46.907399864196776,50.1793946501,43.6354050782
05/02/2018,43.040000915527344,46.92059986114502,50.1706799088,43.6705198135
05/03/2018,42.54999923706055,46.93959987640381,50.1612603767,43.7179393761
05/04/2018,43.439998626708984,46.933499870300295,50.1628792755,43.7041204651
05/07/2018,44.209999084472656,46.936699867248535,50.162455394,43.7109443405
05/08/2018,45.43000030517578,46.947399864196775,50.1623001511,43.7324995773
05/09/2018,46.040000915527344,46.97759986877441,50.1637914574,43.7914082801
05/10/2018,47.189998626708984,47.00499988555908,50.1711662635,43.8388335077
05/11/2018,43.95000076293945,47.05019989013672,50.1862780682,43.9141217121
05/14/2018,44.27000045776367,47.059699897766116,50.1849146493,43.9344851462
05/15/2018,45.15999984741211,47.05839988708496,50.1847475691,43.9320522051
05/16/2018,45.86000061035156,47.06899990081787,50.1870850995,43.9509147021
05/17/2018,46.4900016784668,47.094599914550784,50.1920768036,43.9971230255
05/18/2018,45.95000076293945,47.1182999420166,50.2019624182,44.0346374658
05/21/2018,46.4900016784668,47.137499961853024,50.2078222276,44.0671776961
05/22/2018,46.380001068115234,47.16029998779297,50.2172345472,44.1033654284
05/23/2018,46.0,47.18029998779297,50.2254989869,44.1351009887
05/24/2018,45.779998779296875,47.202299995422365,50.2309002814,44.1736997094
05/25/2018,46.06999969482422,47.22979999542236,50.232767174,44.2268328168
05/29/2018,45.97999954223633,47.255699996948245,50.2373073484,44.2740926454
05/30/2018,46.7400016784668,47.27159999847412,50.2421018593,44.3010981376
05/31/2018,47.38999938964844,47.29190002441406,50.2517441402,44.3320559087
06/01/2018,48.0099983215332,47.323900032043454,50.2672877913,44.3805122728
06/04/2018,48.470001220703125,47.36800003051758,50.2882088538,44.4477912072
06/05/2018,48.619998931884766,47.4167000579834,50.3141840679,44.519216048
06/06/2018,48.75,47.46060005187988,50.3426852447,44.5785148591
06/07/2018,46.349998474121094,47.50830005645752,50.3717978286,44.6448022843
06/08/2018,47.88999938964844,47.52650005340576,50.3767635661,44.6762365407
06/11/2018,48.060001373291016,47.56290004730224,50.3942679012,44.7315321934
06/12/2018,48.849998474121094,47.596800079345705,50.413584948,44.7800152107
06/13/2018,48.790000915527344,47.636800079345704,50.4426747857,44.8309253729
06/14/2018,49.22999954223633,47.66750007629395,50.469026075,44.8659740776
06/15/2018,48.810001373291016,47.70070007324219,50.500873578,44.9005265685
06/18/2018,49.380001068115234,47.73120010375977,50.5266756743,44.9357245332
06/19/2018,49.220001220703125,47.759500122070314,50.5571984378,44.9618018063
06/20/2018,49.47999954223633,47.7755001449585,50.5769276193,44.9740726706
06/21/2018,48.189998626708984,47.78930015563965,50.595686737,44.9829135743
06/22/2018,47.20000076293945,47.80210014343262,50.607365854,44.9968344329
06/25/2018,47.36000061035156,47.81690013885498,50.6150371162,45.0187631615
06/26/2018,48.099998474121094,47.84790016174316,50.6235409183,45.0722594052
06/27/2018,47.08000183105469,47.883700141906736,50.6392012473,45.1281990365
06/28/2018,47.939998626708984,47.917000160217285,50.6423005091,45.1916998113
06/29/2018,47.459999084472656,47.96630016326904,50.6466080038,45.2859923227
07/02/2018,48.72999954223633,48.00500015258789,50.6495409107,45.3604593945
07/03/2018,48.790000915527344,48.052600135803225,50.6667489724,45.4384512992
07/05/2018,49.849998474121094,48.10860015869141,50.6775740399,45.5396262775
07/06/2018,50.9900016784668,48.1680001449585,50.7077128608,45.6282874291
07/09/2018,50.560001373291016,48.229900169372556,50.7621939303,45.6976064085
07/10/2018,49.29999923706055,48.28150016784668,50.8081698306,45.7548305051
07/11/2018,50.31999969482422,48.30950016021728,50.8317831657,45.7872171547
