08/06/2013,64.45999908447266,0,0,0
08/07/2013,63.619998931884766,0,0,0
08/08/2013,66.72000122070312,0,0,0
08/09/2013,67.5,0,0,0
08/12/2013,68.16999816894531,0,0,0
08/13/2013,68.41000366210938,0,0,0
08/14/2013,68.48999786376953,0,0,0
08/15/2013,66.0199966430664,0,0,0
08/16/2013,64.5999984741211,0,0,0
08/19/2013,64.19999694824219,0,0,0
08/20/2013,65.0,0,0,0
08/21/2013,66.37000274658203,0,0,0
08/22/2013,67.30000305175781,0,0,0
08/23/2013,65.43000030517578,0,0,0
08/26/2013,64.80000305175781,0,0,0
08/27/2013,61.439998626708984,0,0,0
08/28/2013,62.459999084472656,0,0,0
08/29/2013,60.720001220703125,0,0,0
08/30/2013,62.0,0,0,0
09/03/2013,63.2599983215332,0,0,0
09/04/2013,64.8499984741211,0,0,0
09/05/2013,65.0999984741211,0,0,0
09/06/2013,64.98999786376953,0,0,0
09/09/2013,65.4000015258789,0,0,0
09/10/2013,66.08999633789062,0,0,0
09/11/2013,65.83999633789062,0,0,0
09/12/2013,64.4800033569336,0,0,0
09/13/2013,64.36000061035156,0,0,0
09/16/2013,65.0199966430664,0,0,0
09/17/2013,65.08999633789062,0,0,0
09/18/2013,64.27999877929688,0,0,0
09/19/2013,64.38999938964844,0,0,0
09/20/2013,63.68000030517578,0,0,0
09/23/2013,63.27000045776367,0,0,0
09/24/2013,64.68000030517578,0,0,0
09/25/2013,65.43000030517578,0,0,0
09/26/2013,63.31999969482422,0,0,0
09/27/2013,63.31999969482422,0,0,0
09/30/2013,63.400001525878906,0,0,0
10/01/2013,64.04000091552734,0,0,0
10/02/2013,64.54000091552734,0,0,0
10/03/2013,64.1500015258789,0,0,0
10/04/2013,65.02999877929688,0,0,0
10/07/2013,64.4000015258789,0,0,0
10/08/2013,63.380001068115234,0,0,0
10/09/2013,63.119998931884766,0,0,0
10/10/2013,65.52999877929688,0,0,0
10/11/2013,66.7300033569336,0,0,0
10/14/2013,68.9000015258789,0,0,0
10/15/2013,68.31999969482422,0,0,0
10/16/2013,69.31999969482422,0,0,0
10/17/2013,70.45999908447266,0,0,0
10/18/2013,71.76000213623047,0,0,0
10/21/2013,72.30999755859375,0,0,0
10/22/2013,72.2300033569336,0,0,0
10/23/2013,70.11000061035156,0,0,0
10/24/2013,70.54000091552734,0,0,0
10/25/2013,72.62999725341797,0,0,0
10/28/2013,72.43000030517578,0,0,0
10/29/2013,72.73999786376953,0,0,0
10/30/2013,73.20999908447266,0,0,0
10/31/2013,69.62999725341797,0,0,0
11/01/2013,69.8499984741211,0,0,0
11/04/2013,72.06999969482422,0,0,0
11/05/2013,71.19000244140625,0,0,0
11/06/2013,71.37000274658203,0,0,0
11/07/2013,70.2300033569336,0,0,0
11/08/2013,71.66999816894531,0,0,0
11/11/2013,71.55999755859375,0,0,0
11/12/2013,72.12999725341797,0,0,0
11/13/2013,72.44000244140625,0,0,0
11/14/2013,75.8499984741211,0,0,0
11/15/2013,75.55000305175781,0,0,0
11/18/2013,74.26000213623047,0,0,0
11/19/2013,73.61000061035156,0,0,0
11/20/2013,73.94000244140625,0,0,0
11/21/2013,74.83000183105469,0,0,0
11/22/2013,75.12999725341797,0,0,0
11/25/2013,74.80999755859375,0,0,0
11/26/2013,74.86000061035156,0,0,0
11/27/2013,76.19000244140625,0,0,0
11/29/2013,75.04000091552734,0,0,0
12/02/2013,75.44000244140625,0,0,0
12/03/2013,75.52999877929688,0,0,0
12/04/2013,77.56999969482422,0,0,0
12/05/2013,76.77999877929688,0,0,0
12/06/2013,78.91000366210938,0,0,0
12/09/2013,78.80000305175781,0,0,0
12/10/2013,79.33000183105469,0,0,0
12/11/2013,77.8499984741211,0,0,0
12/12/2013,78.86000061035156,0,0,0
12/13/2013,79.05000305175781,0,0,0
12/16/2013,81.66000366210938,0,0,0
12/17/2013,83.4000015258789,0,0,0
12/18/2013,82.0999984741211,0,0,0
12/19/2013,82.0999984741211,0,0,0
12/20/2013,82.68000030517578,0,0,0
12/23/2013,82.62999725341797,0,0,0
12/24/2013,82.55999755859375,0,0,0
12/26/2013,83.08000183105469,0,0,0
12/27/2013,82.81999969482422,70.08380004882812,76.1453428342,64.0222572634
12/30/2013,83.58999633789062,70.26740005493164,76.4329842461,64.1018158638
12/31/2013,83.9000015258789,70.4671000289917,76.7366761422,64.1975239158
01/02/2014,82.68000030517578,70.63890003204345,77.0375006861,64.240299378
01/03/2014,83.27999877929688,70.79070003509521,77.292269162,64.2891309082
01/06/2014,82.88999938964844,70.94180004119873,77.5553251942,64.3282748882
01/07/2014,85.6500015258789,71.08659999847413,77.8008566713,64.3723433256
01/08/2014,86.41000366210938,71.25820003509521,78.1215300804,64.3948699898
01/09/2014,84.91999816894531,71.46210010528564,78.4681766004,64.4560236101
01/10/2014,85.45999908447266,71.66530010223389,78.7634747572,64.5671254473
01/13/2014,84.61000061035156,71.87790012359619,79.0670944005,64.6887058467
01/14/2014,87.88999938964844,72.07400012969971,79.3399527765,64.8080474829
01/15/2014,88.9800033569336,72.28920009613037,79.7002634007,64.8781367915
01/16/2014,88.94999694824219,72.50600009918213,80.0831872637,64.9288129346
01/17/2014,88.81999969482422,72.74120006561279,80.4588291637,65.0235709675
01/21/2014,88.86000061035156,72.98140003204345,80.8209634604,65.1418366037
01/22/2014,88.08000183105469,73.25560005187988,81.165898984,65.3453011198
01/23/2014,87.05000305175781,73.5118000793457,81.4829586915,65.5406414672
01/24/2014,85.0,73.77510009765625,81.7542335679,65.7959666274
01/27/2014,84.58999633789062,74.00510009765625,81.9729809258,66.0372192695
01/28/2014,83.37000274658203,74.21840007781982,82.1812799697,66.2555201859
01/29/2014,84.19999694824219,74.40360012054444,82.3618038089,66.4453964322
01/30/2014,86.94000244140625,74.59460010528565,82.556424571,66.6327756396
01/31/2014,86.16999816894531,74.81410015106201,82.8106040308,66.8175962713
02/03/2014,83.5,75.02180011749267,83.0407929901,67.0028072449
02/04/2014,83.5,75.19590015411377,83.2080761016,67.1837242066
02/05/2014,82.73999786376953,75.37250019073487,83.3711267741,67.3738736073
02/06/2014,83.3499984741211,75.55510013580323,83.5112939386,67.598906333
02/07/2014,84.68000030517578,75.74500011444091,83.6582333154,67.8317669135
02/10/2014,84.69000244140625,75.941600151062,83.8301167041,68.053083598
02/11/2014,84.87000274658203,76.13760021209717,83.9975015955,68.2776988287
02/12/2014,86.06999969482422,76.34350025177002,84.1596486865,68.527351817
02/13/2014,86.66999816894531,76.56030025482178,84.3424824808,68.7781180289
02/14/2014,86.70999908447266,76.79020023345947,84.5279353575,69.0524651095
02/18/2014,86.33999633789062,77.02460021972657,84.704031681,69.3451687585
02/19/2014,85.44999694824219,77.24120018005371,84.8747201154,69.6076802447
02/20/2014,86.23999786376953,77.44140014648437,85.0248917958,69.8579084971
02/21/2014,88.01000213623047,77.67060012817383,85.1697218551,70.1714784013
02/24/2014,88.5999984741211,77.91750015258789,85.3461946586,70.4888056466
02/25/2014,87.79000091552734,78.16950012207032,85.528547487,70.8104527571
02/26/2014,89.27999877929688,78.40700012207031,85.6890523566,71.1249478876
02/27/2014,88.41999816894531,78.654400100708,85.881181011,71.4276191905
02/28/2014,86.98999786376953,78.89710006713867,86.0397432983,71.754456836
03/03/2014,87.9000015258789,79.1167000579834,86.1666016983,72.0667984177
03/04/2014,88.76000213623047,79.3517000579834,86.298032891,72.4053672249
03/05/2014,88.33000183105469,79.60550006866455,86.4261551087,72.7848450286
03/06/2014,86.72000122070312,79.85760009765625,86.5285245151,73.1866756802
03/07/2014,84.25,80.06950012207031,86.6173589217,73.5216413224
03/10/2014,85.11000061035156,80.24470008850098,86.6664680604,73.8229321166
03/11/2014,83.20999908447266,80.4068000793457,86.7441904819,74.0694096768
03/12/2014,84.16000366210938,80.55570007324219,86.7812938375,74.330106309
03/13/2014,84.20999908447266,80.70410011291504,86.8362690244,74.5719312014
03/14/2014,85.0199966430664,80.84160011291505,86.8961922979,74.7870079279
03/17/2014,85.13999938964844,80.9742000579834,86.9733949655,74.9750051505
03/18/2014,86.31999969482422,81.10250007629395,87.0520154713,75.1529846813
03/19/2014,85.87000274658203,81.24340003967285,87.1477960018,75.3390040775
03/20/2014,87.98999786376953,81.40100006103516,87.2157728518,75.5862272702
03/21/2014,88.62000274658203,81.57550003051757,87.3231663626,75.8278336984
03/24/2014,87.9800033569336,81.73540008544921,87.454327452,76.0164727189
03/25/2014,89.8499984741211,81.8909001159668,87.5659328043,76.2158674276
03/26/2014,89.33000183105469,82.06200012207032,87.7164499758,76.4075502684
03/27/2014,89.69999694824219,82.22320014953613,87.8527185094,76.5936817897
03/28/2014,89.41000366210938,82.42390014648437,87.9578258586,76.8899744344
03/31/2014,91.81999969482422,82.61950019836426,88.0502552837,77.188745113
04/01/2014,93.54000091552734,82.81700019836425,88.2195613362,77.4144390605
04/02/2014,94.13999938964844,83.04050018310546,88.4196889026,77.6613114636
04/03/2014,93.45999908447266,83.26820014953613,88.6304578576,77.9059424414
04/04/2014,90.5,83.50050010681153,88.7956513187,78.2053488949
04/07/2014,89.5999984741211,83.68880012512207,88.8939410153,78.4836592349
04/08/2014,90.9800033569336,83.86920013427735,88.9622632269,78.7761370416
04/09/2014,91.25,84.0577001953125,89.0608297933,79.0545705973
04/10/2014,88.16999816894531,84.24580017089843,89.1614391861,79.3301611557
04/11/2014,88.20999908447266,84.36900016784668,89.2267184724,79.5112818633
04/14/2014,90.3499984741211,84.49560012817383,89.2863396537,79.7048606026
04/15/2014,89.37000274658203,84.65650009155273,89.3703479403,79.9426522428
04/16/2014,90.27999877929688,84.81410011291504,89.4181682422,80.2100319836
04/17/2014,91.05000305175781,84.97750007629395,89.4816142258,80.4733859268
04/21/2014,92.26000213623047,85.13970008850097,89.5668629661,80.7125372109
04/22/2014,92.08999633789062,85.3110001373291,89.6785478409,80.9434524338
04/23/2014,90.44000244140625,85.48380012512207,89.7736078656,81.1939923847
04/24/2014,89.80000305175781,85.63960014343262,89.82232235,81.4568779369
04/25/2014,87.7699966430664,85.77570014953614,89.8692050539,81.6821952452
04/28/2014,87.52999877929688,85.90300010681152,89.8562009526,81.949799261
04/29/2014,87.44999694824219,86.02390007019044,89.8376787963,82.2101213441
04/30/2014,88.08000183105469,86.14310005187988,89.8104993233,82.4757007805
05/01/2014,82.27999877929688,86.24820007324219,89.8176967869,82.6787033596
05/02/2014,83.68000030517578,86.30320007324218,89.7671977128,82.8392024337
05/05/2014,83.9000015258789,86.35090003967285,89.7448980654,82.956902014
05/06/2014,84.41000366210938,86.40190002441406,89.7195091307,83.0842909182
05/07/2014,83.3499984741211,86.45270004272462,89.699776976,83.2056231094
05/08/2014,83.58999633789062,86.50770004272461,89.6535999836,83.3618001018
05/09/2014,81.94999694824219,86.555,89.6200784713,83.4899215287
05/12/2014,82.45999908447266,86.58399993896484,89.591104157,83.576895721
05/13/2014,82.5999984741211,86.59199989318847,89.5870338188,83.5969659676
05/14/2014,85.33000183105469,86.5839998626709,89.5886024042,83.5793973211
05/15/2014,85.30000305175781,86.61629989624024,89.5897247846,83.6428750079
05/16/2014,85.91000366210938,86.6482999420166,89.5899981169,83.7066017671
05/19/2014,85.30999755859375,86.68059997558593,89.5961653846,83.7650345666
05/20/2014,83.83999633789062,86.7073999786377,89.5978177857,83.8169821716
05/21/2014,83.66000366210938,86.72019996643067,89.595015061,83.8453848719
05/22/2014,83.63999938964844,86.72599998474121,89.5940421353,83.8579578342
05/23/2014,84.83000183105469,86.73419998168946,89.5922175029,83.8761824605
05/27/2014,87.41999816894531,86.74660003662109,89.5936177623,83.8995823109
05/28/2014,87.19999694824219,86.78180000305176,89.6151327249,83.9484672813
05/29/2014,87.12999725341797,86.82699996948242,89.6304322506,84.0235676884
05/30/2014,87.8499984741211,86.86549995422364,89.6463013144,84.084698594
06/02/2014,87.66000366210938,86.91509994506836,89.6686508111,84.161549079
06/03/2014,87.88999938964844,86.93519996643066,89.6867781384,84.1836217945
06/04/2014,89.1500015258789,86.94999992370606,89.7026934238,84.1973064236
06/05/2014,91.94999694824219,86.99229995727539,89.74597445,84.2386254646
06/06/2014,92.16000366210938,87.05719993591309,89.8501946261,84.2642052457
06/09/2014,91.63999938964844,87.13269996643066,89.9603522255,84.3050477074
06/10/2014,90.77999877929688,87.17019996643066,90.0323029529,84.30809698
06/11/2014,90.69999694824219,87.1881999206543,90.0672383188,84.3091615225
06/12/2014,89.73999786376953,87.2056999206543,90.1006686155,84.3107312258
06/13/2014,92.12000274658203,87.21489990234375,90.1164384817,84.313361323
06/16/2014,91.45999908447266,87.24749992370606,90.1854243853,84.3095754621
06/17/2014,92.31999969482422,87.28129989624023,90.2479105214,84.3146892711
06/18/2014,92.98999786376953,87.3339998626709,90.3425462374,84.3254534879
06/19/2014,91.27999877929688,87.41389984130859,90.4651938066,84.362605876
06/20/2014,91.45999908447266,87.48079986572266,90.542766905,84.4188328265
06/23/2014,91.58999633789062,87.56169982910156,90.6208583866,84.5025412716
06/24/2014,90.62000274658203,87.63559982299805,90.7019088642,84.5692907818
06/25/2014,91.94000244140625,87.6723998260498,90.7521928299,84.5926068222
06/26/2014,91.88999938964844,87.73009986877442,90.8351518595,84.625047878
06/27/2014,92.9000015258789,87.8139998626709,90.9169692224,84.7110305029
06/30/2014,92.30000305175781,87.90799987792968,91.0212218465,84.7947779093
07/01/2014,94.45999908447266,88.00359992980957,91.1034105896,84.90378927
07/02/2014,95.91999816894531,88.11469993591308,91.2446797682,84.9847201036
07/03/2014,96.54000091552734,88.22709991455078,91.4326256413,85.0215741878
07/07/2014,95.7300033569336,88.345599899292,91.6360839949,85.0551158037
07/08/2014,94.36000061035156,88.45419990539551,91.8068090402,85.1015907706
07/09/2014,94.30000305175781,88.53709991455078,91.9319572477,85.1422425814
07/10/2014,95.41000366210938,88.61339996337891,92.0509113381,85.1758885886
07/11/2014,97.7699966430664,88.70040000915527,92.1982027927,85.2025972256
07/14/2014,98.43000030517578,88.81470001220703,92.4186451558,85.2107548686
07/15/2014,98.70999908447266,88.94450004577637,92.6570329116,85.23196718
07/16/2014,101.2300033569336,89.0692000579834,92.8964518894,85.2419482266
07/17/2014,98.1500015258789,89.20140007019043,93.213632878,85.1891672624
07/18/2014,99.45999908447266,89.296900100708,93.4061639873,85.1876362141
07/21/2014,99.02999877929688,89.41360008239747,93.6423834963,85.1848166685
07/22/2014,100.16000366210938,89.51110008239746,93.8467287171,85.1754714477
07/23/2014,99.5999984741211,89.6285001373291,94.0901118781,85.1668883966
07/24/2014,99.5999984741211,89.75460014343261,94.3169207111,85.1922795758
07/25/2014,99.36000061035156,89.87160011291503,94.5337887933,85.2094114325
07/28/2014,100.80999755859375,89.97760009765625,94.732882238,85.2223179573
07/29/2014,100.79000091552734,90.10240005493164,94.9751195987,85.2296805112
07/30/2014,101.16999816894531,90.24310005187988,95.2181820779,85.2680180258
07/31/2014,99.88999938964844,90.41230003356934,95.4677536309,85.3568464363
08/01/2014,100.30000305175781,90.5601000213623,95.6740896867,85.446110356
08/04/2014,102.0999984741211,90.73100006103516,95.881932088,85.5800680341
08/05/2014,101.6500015258789,90.91040000915527,96.1411435239,85.6796564944
08/06/2014,101.87999725341797,91.08480003356934,96.3795803907,85.7900196764
08/07/2014,101.5999984741211,91.25340003967285,96.6203188482,85.8864812312
08/08/2014,101.30000305175781,91.41800003051758,96.8469510025,85.9890490585
08/11/2014,100.94000244140625,91.56780006408691,97.0603142761,86.0752858521
08/12/2014,99.51000213623047,91.71850006103516,97.2591439507,86.1778561714
08/13/2014,100.4000015258789,91.83370010375977,97.4152340704,86.2521661371
08/14/2014,100.36000061035156,91.95150009155273,97.5880044407,86.3149957424
08/15/2014,100.62000274658203,92.07530006408692,97.7589745614,86.3916255668
08/18/2014,100.83999633789062,92.18300010681152,97.9252258303,86.4407743833
08/19/2014,100.01000213623047,92.29810005187989,98.0970610026,86.4991391012
08/20/2014,100.23999786376953,92.40120010375976,98.2445340346,86.5578661729
08/21/2014,100.69999694824219,92.50950004577636,98.3965890966,86.622410995
08/22/2014,101.0,92.59830001831055,98.5410283769,86.6555716597
08/25/2014,101.91000366210938,92.67290000915527,98.6735227107,86.6722773077
08/26/2014,101.94999694824219,92.75060005187989,98.8196323093,86.6815677944
08/27/2014,102.70999908447266,92.83550003051758,98.9728611164,86.6981389446
08/28/2014,102.06999969482422,92.95760002136231,99.1683008194,86.7468992233
08/29/2014,103.01000213623047,93.08230003356934,99.3492672192,86.8153328479
09/02/2014,102.0,93.2026000213623,99.5430891031,86.8621109396
09/03/2014,101.73999786376953,93.3101000213623,99.7074480298,86.9127520129
09/04/2014,100.94999694824219,93.44580001831055,99.8765132259,87.0150868107
09/05/2014,100.91999816894531,93.57319999694825,100.025086171,87.1213138227
09/08/2014,100.44000244140625,93.67889999389648,100.163614858,87.1941851298
09/09/2014,99.8499984741211,93.78959999084472,100.294269966,87.2849300155
09/10/2014,99.88999938964844,93.88529998779296,100.408005277,87.3625946986
09/11/2014,100.05999755859375,93.97369995117188,100.517249813,87.4301500891
09/12/2014,99.88999938964844,94.05169990539551,100.620795992,87.4826038193
09/15/2014,97.55000305175781,94.12969993591308,100.721309298,87.5380905737
09/16/2014,98.0999984741211,94.2007999420166,100.790572687,87.611027197
09/17/2014,97.81999969482422,94.28379989624024,100.869890026,87.6977097664
09/18/2014,99.58000183105469,94.38429992675782,100.946862971,87.821736883
09/19/2014,98.5199966430664,94.5047999572754,101.051008951,87.9585909638
09/22/2014,98.19999694824219,94.61549995422364,101.135017826,88.095982082
09/23/2014,97.0199966430664,94.7166999053955,101.212485515,88.2209142958
09/24/2014,98.3499984741211,94.86409988403321,101.242174856,88.4860249125
09/25/2014,96.19000244140625,95.01079986572266,101.298008588,88.7235911437
09/26/2014,97.29000091552734,95.13369987487793,101.321857589,88.9455421611
09/29/2014,96.25,95.26249984741212,101.359484856,89.1655148388
09/30/2014,97.31999969482422,95.3914998626709,101.370401088,89.4125986369
10/01/2014,94.58000183105469,95.52879989624023,101.3916358,89.6659639929
10/02/2014,95.11000061035156,95.65509994506836,101.357911218,89.9522886726
10/03/2014,95.4000015258789,95.78159996032714,101.328483646,90.2347162747
10/06/2014,94.69999694824219,95.90959999084473,101.296198603,90.5230013785
10/07/2014,93.30999755859375,96.0032999420166,101.28553596,90.7210639238
10/08/2014,95.66000366210938,96.08339988708497,101.26244753,90.9043522444
10/09/2014,93.38999938964844,96.18089988708496,101.258285137,91.1035146376
10/10/2014,90.45999908447266,96.2616999053955,101.228533747,91.2948660638
10/13/2014,86.47000122070312,96.32789993286133,101.171314647,91.4844852185
10/14/2014,85.87000274658203,96.35599990844726,101.133541347,91.5784584699
10/15/2014,85.0999984741211,96.3782999420166,101.101328587,91.6552712973
10/16/2014,85.58000183105469,96.38099990844727,101.097498741,91.664501076
10/17/2014,86.83999633789062,96.36259994506835,101.117454596,91.6077452942
10/20/2014,87.83000183105469,96.35899993896484,101.120921468,91.59707841
10/21/2014,90.68000030517578,96.36599998474121,101.114846248,91.6171537218
10/22/2014,89.2699966430664,96.39430000305175,101.100553613,91.6880463927
10/23/2014,90.58999633789062,96.41039993286132,101.089421358,91.731378508
10/24/2014,91.68000030517578,96.43739990234376,101.074781839,91.8000179661
10/27/2014,92.94999694824219,96.46269989013672,101.067038919,91.8583608614
10/28/2014,93.08000183105469,96.47269989013672,101.068304729,91.8770950516
10/29/2014,95.79000091552734,96.48189987182617,101.069776255,91.8940234888
10/30/2014,95.19000244140625,96.52339988708496,101.085990675,91.9608090996
10/31/2014,98.37000274658203,96.56749992370605,101.09554617,92.0394536778
11/03/2014,100.75,96.64419998168945,101.137031401,92.1513685627
11/04/2014,100.0,96.75430000305175,101.211351496,92.2972485098
11/05/2014,101.27999877929688,96.83309997558594,101.277160861,92.3890390903
11/06/2014,97.87000274658203,96.93129997253418,101.36402835,92.4985715949
11/07/2014,97.69999694824219,96.98680000305175,101.396127769,92.5774722376
11/10/2014,97.63999938964844,97.03389999389648,101.425402602,92.6423973855
11/11/2014,96.94999694824219,97.0975,101.451101954,92.7438980462
11/12/2014,97.62999725341797,97.15239997863769,101.469023586,92.835776371
11/13/2014,97.83000183105469,97.21279998779296,101.493275295,92.9323246803
11/14/2014,98.41000366210938,97.2848999786377,101.514135143,93.0556648143
11/17/2014,98.54000091552734,97.34959999084472,101.545934495,93.1532654868
11/18/2014,100.38999938964844,97.41610000610352,101.577938443,93.2542615693
11/19/2014,99.91000366210938,97.49099998474121,101.63826155,93.3437384198
11/20/2014,101.7699966430664,97.56709999084472,101.688148228,93.4460517536
11/21/2014,101.69999694824219,97.64019996643066,101.770308634,93.5100912984
11/24/2014,102.76000213623047,97.69799995422363,101.844044496,93.5519554123
11/25/2014,102.62999725341797,97.76019996643066,101.934962899,93.5854370336
11/26/2014,103.66999816894531,97.82919990539551,102.026796459,93.6316033517
11/28/2014,103.2699966430664,97.92229988098144,102.145088655,93.6995111072
12/01/2014,102.1500015258789,98.01199981689453,102.252125666,93.7718739682
12/02/2014,102.72000122070312,98.07939979553223,102.331181916,93.8276176754
12/03/2014,103.13999938964844,98.1288998413086,102.405533501,93.852266182
12/04/2014,103.72000122070312,98.17599983215332,102.481529024,93.8704706407
12/05/2014,105.06999969482422,98.22609985351562,102.566558305,93.8856414021
12/08/2014,105.05000305175781,98.26449981689453,102.648135329,93.8808643053
12/09/2014,107.80000305175781,98.33349983215332,102.768789985,93.8982096793
12/10/2014,107.2300033569336,98.41689987182617,102.949923145,93.8838765982
12/11/2014,108.04000091552734,98.49889991760254,103.115665562,93.8821342727
12/12/2014,105.62999725341797,98.57769989013671,103.288437519,93.8669622611
12/15/2014,105.4000015258789,98.63799987792969,103.399754907,93.8762448487
12/16/2014,104.48999786376953,98.69599990844726,103.504215711,93.8877841058
12/17/2014,107.94999694824219,98.74729988098144,103.589572351,93.9050274112
12/18/2014,112.36000061035156,98.81869987487794,103.74280932,93.8945904297
12/19/2014,113.87999725341797,98.93439987182617,104.036191255,93.8326084887
12/22/2014,114.27999877929688,99.0614998626709,104.37147639,93.7515233351
12/23/2014,113.30000305175781,99.20539985656738,104.726659359,93.6841403542
12/24/2014,113.11000061035156,99.33539985656738,105.031188066,93.6396116474
12/26/2014,113.08999633789062,99.44549987792969,105.297922241,93.5930775151
12/29/2014,113.04000091552734,99.5598998260498,105.564138723,93.5556609296
12/30/2014,112.30999755859375,99.6714998626709,105.819811248,93.5231884773
12/31/2014,110.69999694824219,99.77859985351563,106.051588587,93.5056111197
01/02/2015,110.43000030517578,99.87259979248047,106.237438685,93.5077608995
01/05/2015,108.97000122070312,99.96749977111817,106.417721604,93.5172779378
01/06/2015,106.54000091552734,100.06209976196288,106.57399425,93.5502052739
01/07/2015,108.13999938964844,100.12349975585937,106.667160056,93.5798394558
01/08/2015,110.37999725341797,100.20129974365234,106.793379887,93.6092195999
01/09/2015,112.22000122070312,100.29889968872071,106.968255023,93.6295443541
01/12/2015,110.31999969482422,100.41269973754883,107.186587018,93.6388124569
01/13/2015,109.37999725341797,100.51579971313477,107.360859505,93.6707399211
01/14/2015,108.7699966430664,100.60719970703126,107.50875525,93.7056441642
01/15/2015,104.69999694824219,100.6878997039795,107.637085473,93.7387139354
01/16/2015,106.37000274658203,100.72489967346192,107.685489377,93.7643099696
01/20/2015,106.58999633789062,100.76949966430664,107.75179492,93.7872044085
01/21/2015,106.62999725341797,100.81589965820312,107.821264756,93.8105345602
01/22/2015,105.29000091552734,100.85509963989257,107.881888715,93.8283105652
01/23/2015,106.0999984741211,100.88729965209961,107.92694819,93.8476511146
01/26/2015,100.9800033569336,100.91819961547851,107.973861197,93.8625380338
01/27/2015,97.62999725341797,100.90799964904785,107.962827187,93.853172111
01/28/2015,99.83000183105469,100.86689964294433,107.92872895,93.8050703354
01/29/2015,101.05999755859375,100.85569969177246,107.918276435,93.7931229489
01/30/2015,97.2300033569336,100.85709968566894,107.919702911,93.7944964601
02/02/2015,98.41999816894531,100.82499969482421,107.896714656,93.7532847339
02/03/2015,100.69000244140625,100.81069969177246,107.885816797,93.7355825868
02/04/2015,104.04000091552734,100.81869972229003,107.893223511,93.7441759337
02/05/2015,104.11000061035156,100.85849975585937,107.939835387,93.777164125
02/06/2015,103.4000015258789,100.9006997680664,107.988709088,93.8126904478
02/09/2015,102.5999984741211,100.95919975280762,108.043453227,93.8749462788
02/10/2015,104.08000183105469,101.00419975280762,108.08443945,93.9239600556
02/11/2015,106.08999633789062,101.06679977416992,108.146283491,93.9873160578
02/12/2015,107.19000244140625,101.13189971923828,108.227325784,94.0364736542
02/13/2015,107.61000061035156,101.21859977722168,108.334521352,94.1026782028
02/17/2015,106.7699966430664,101.31269981384277,108.450267008,94.1751326196
02/18/2015,109.0,101.41019981384278,108.555051603,94.2653480251
02/19/2015,109.83999633789062,101.51669982910157,108.694440921,94.3389587376
02/20/2015,111.30999755859375,101.6531997680664,108.858084954,94.4483145823
02/23/2015,111.08999633789062,101.79339973449707,109.04825169,94.5385477785
02/24/2015,108.97000122070312,101.94179969787598,109.233426994,94.6501724013
02/25/2015,106.1500015258789,102.05829971313477,109.368197263,94.7484021631
02/26/2015,107.33999633789062,102.17399971008301,109.456127596,94.8918718241
02/27/2015,106.9800033569336,102.2962996673584,109.561442725,95.0311566098
03/02/2015,108.77999877929688,102.41209968566895,109.6586627,95.1655366711
03/03/2015,105.56999969482422,102.55289970397949,109.785021591,95.3207778174
03/04/2015,105.36000061035156,102.6754997253418,109.853610392,95.4973890589
03/05/2015,105.37999725341797,102.77249969482422,109.920629334,95.6243700552
03/06/2015,102.52999877929688,102.89239967346191,109.982467279,95.8023320676
03/09/2015,102.58000183105469,103.01309967041016,109.99236594,96.0338334005
03/10/2015,99.38999938964844,103.17419967651367,109.952793862,96.3956054912
03/11/2015,97.88999938964844,103.30939964294434,109.872928382,96.7458709044
03/12/2015,98.55999755859375,103.43729965209961,109.76512923,97.1094700738
03/13/2015,97.19000244140625,103.567099609375,109.655911402,97.4782878168
03/16/2015,98.19999694824219,103.67059967041016,109.558861776,97.7823375646
03/17/2015,96.62000274658203,103.77429962158203,109.470869334,98.0777299091
03/18/2015,97.87999725341797,103.83369964599609,109.423387564,98.2440117282
03/19/2015,99.30000305175781,103.91979965209961,109.348487254,98.4911120503
03/20/2015,100.44000244140625,104.00689971923828,109.288911769,98.7248876691
03/23/2015,99.63999938964844,104.09449974060058,109.242283789,98.9467156926
03/24/2015,97.94000244140625,104.16139976501465,109.206360746,99.116438784
03/25/2015,94.62000274658203,104.20999977111816,109.170680509,99.2493190331
03/26/2015,93.63999938964844,104.19829978942872,109.180160197,99.2164393822
03/27/2015,92.7300033569336,104.18279975891113,109.19498249,99.170617028
03/30/2015,92.93000030517578,104.12639976501465,109.234488853,99.0183106769
03/31/2015,91.01000213623047,104.04819976806641,109.266058692,98.8303408444
04/01/2015,92.3499984741211,103.95829978942871,109.320578829,98.5960207494
04/02/2015,93.0,103.86899978637695,109.348220136,98.3897794364
04/06/2015,93.19000244140625,103.82029975891113,109.37376317,98.2668363477
04/07/2015,94.11000061035156,103.77519981384278,109.396087021,98.1543126063
04/08/2015,93.91000366210938,103.73989982604981,109.410074499,98.0697251528
04/09/2015,94.0199966430664,103.70949989318848,109.423972524,97.9950272628
04/10/2015,95.88999938964844,103.67339988708495,109.437352996,97.9094467781
04/13/2015,95.5,103.6539998626709,109.440807213,97.8671925127
04/14/2015,96.16000366210938,103.6248998260498,109.445224101,97.8045755507
04/15/2015,99.04000091552734,103.60109985351562,109.446978146,97.7552215611
04/16/2015,97.83000183105469,103.58759986877442,109.442429955,97.732769783
04/17/2015,99.44000244140625,103.56679985046387,109.43832903,97.695270671
04/20/2015,101.58000183105469,103.54349990844726,109.426724498,97.6602753191
04/21/2015,99.68000030517578,103.54229995727539,109.425912652,97.6586872623
04/22/2015,100.30999755859375,103.51149993896485,109.407176608,97.6158232695
04/23/2015,100.2699966430664,103.4882999420166,109.391959049,97.5846408347
04/24/2015,99.75,103.45429992675781,109.366598927,97.5420009261
04/27/2015,98.9000015258789,103.41909996032715,109.342858829,97.4953410913
04/28/2015,97.9000015258789,103.38659996032715,109.326126817,97.4470731032
04/29/2015,95.83000183105469,103.3383999633789,109.302646784,97.3741531432
04/30/2015,97.73999786376953,103.26529998779297,109.276145463,97.2544545129
05/01/2015,99.33000183105469,103.20549995422363,109.241219413,97.1697804957
05/04/2015,99.51000213623047,103.14809997558594,109.193101703,97.1030982478
05/05/2015,96.79000091552734,103.09269996643066,109.145398698,97.040001235
05/06/2015,94.87000274658203,102.98259994506836,109.048792577,96.916407313
05/07/2015,94.83999633789062,102.85899993896484,108.963191455,96.754808423
05/08/2015,96.52999877929688,102.72699989318848,108.860379592,96.5936201946
05/11/2015,96.05000305175781,102.63599990844726,108.793094988,96.4789048287
05/12/2015,95.95999908447266,102.54249992370606,108.727840179,96.3571596687
05/13/2015,95.95999908447266,102.45719993591308,108.67383276,96.2405671115
05/14/2015,98.41000366210938,102.33729995727539,108.562456635,96.1121432791
05/15/2015,97.66999816894531,102.19779998779296,108.352701019,96.0428989566
05/18/2015,97.87000274658203,102.03569999694824,108.093488608,95.9779113855
05/19/2015,95.58999633789062,101.87160003662109,107.816696829,95.9265032441
05/20/2015,94.83000183105469,101.69449996948242,107.559763215,95.8292367244
05/21/2015,95.25,101.51169998168945,107.302725271,95.7206746928
05/22/2015,95.2300033569336,101.33330001831055,107.039057352,95.6275426846
05/26/2015,93.19999694824219,101.15520004272462,106.770000217,95.5403998688
05/27/2015,94.37000274658203,100.96410003662109,106.520899409,95.4073006641
05/28/2015,99.2300033569336,100.8008000946045,106.308821218,95.2927789708
05/29/2015,97.36000061035156,100.68880012512207,106.113116835,95.2644834157
06/01/2015,97.12999725341797,100.57270011901855,105.942500739,95.202899499
06/02/2015,96.94999694824219,100.47860008239746,105.825406524,95.1317936408
06/03/2015,98.13999938964844,100.3667000579834,105.668903139,95.0644969766
06/04/2015,95.4000015258789,100.2443000793457,105.454414907,95.0341852522
06/05/2015,94.87000274658203,100.07610008239746,105.16702371,94.985176455
06/08/2015,92.5999984741211,99.92160011291504,104.933116135,94.9100840907
06/09/2015,92.04000091552734,99.75380012512207,104.726584229,94.781016021
06/10/2015,93.5999984741211,99.58650016784668,104.534499911,94.6385004249
06/11/2015,94.45999908447266,99.47550018310547,104.432039701,94.5189606653
06/12/2015,93.01000213623047,99.35640014648438,104.288875187,94.4239251055
06/15/2015,91.75,99.22060020446777,104.138972592,94.3022278168
06/16/2015,91.05000305175781,99.0718002319336,103.988847368,94.1547530957
06/17/2015,92.0199966430664,98.9294002532959,103.870443351,93.988357156
06/18/2015,92.41999816894531,98.78860023498535,103.723912387,93.853288083
06/19/2015,91.0199966430664,98.70300018310547,103.673668862,93.7323315042
06/22/2015,91.5999984741211,98.63690017700195,103.665016125,93.6087842291
06/23/2015,88.62000274658203,98.55460014343262,103.629649072,93.4795512146
06/24/2015,87.7300033569336,98.4302001953125,103.594000964,93.2663994269
06/25/2015,85.94999694824219,98.3352001953125,103.606476205,93.0639241852
06/26/2015,84.44999694824219,98.21050018310547,103.623878183,92.7971221832
06/29/2015,81.95999908447266,98.04810012817383,103.625762969,92.470437287
06/30/2015,78.41999816894531,97.82730010986329,103.597119113,92.0574811072
07/01/2015,79.44000244140625,97.57040008544922,103.619906192,91.5208939791
07/02/2015,80.87000274658203,97.3308000946045,103.614619525,91.0469806643
07/06/2015,79.81999969482422,97.1135001373291,103.584288446,90.6427118284
07/07/2015,79.81999969482422,96.87090011596679,103.528044901,90.2137553311
07/08/2015,78.30999755859375,96.60820014953613,103.413049899,89.8033504
07/09/2015,77.3499984741211,96.31940010070801,103.280080486,89.3587197152
07/10/2015,77.0999984741211,96.0168000793457,103.136007201,88.8975929579
07/13/2015,77.70999908447266,95.72010009765626,103.001392608,88.438807587
07/14/2015,78.36000061035156,95.40720008850097,102.782794585,88.0316055917
07/15/2015,78.69000244140625,95.09240013122559,102.516907468,87.6678927946
07/16/2015,78.88999938964844,94.76620018005372,102.187600629,87.3447997313
07/17/2015,78.93000030517578,94.4442002105713,101.848886223,87.0395141979
07/20/2015,78.37999725341797,94.14380020141601,101.562428769,86.7251716343
07/21/2015,78.69000244140625,93.86610015869141,101.349576532,86.382623785
07/22/2015,78.5199966430664,93.57960021972656,101.090127302,86.0690731372
07/23/2015,77.9000015258789,93.29500015258789,100.831526436,85.7584738695
07/24/2015,77.26000213623047,92.98620018005371,100.514551858,85.4578485016
07/27/2015,76.48999786376953,92.70310020446777,100.285022543,85.1211778661
07/28/2015,77.73999786376953,92.41440017700195,100.058278397,84.7705219574
07/29/2015,78.75,92.13800018310548,99.807732319,84.4682680472
07/30/2015,86.44000244140625,91.9002001953125,99.6125728097,84.187827581
07/31/2015,86.05999755859375,91.73880020141601,99.3946605286,84.0829398742
08/03/2015,85.8499984741211,91.60550018310546,99.2430068416,83.9679935246
08/04/2015,84.38999938964844,91.4851001739502,99.1174864648,83.8527138831
08/05/2015,84.69000244140625,91.34340019226075,98.9746585701,83.7121418144
08/06/2015,84.19000244140625,91.21840019226075,98.8552404333,83.5815599512
08/07/2015,83.51000213623047,91.07830024719239,98.7142846428,83.4423158516
08/10/2015,84.95999908447266,90.94720024108886,98.5994389446,83.2949615376
08/11/2015,83.19000244140625,90.81800025939941,98.4611601801,83.1748403387
08/12/2015,83.16000366210938,90.6569002532959,98.2893546524,83.0244458542
08/13/2015,81.56999969482422,90.48410026550293,98.0886675786,82.8795329524
08/14/2015,82.5,90.30340026855468,97.9029462111,82.703854326
08/17/2015,83.5999984741211,90.14900024414062,97.7486721315,82.5493283568
08/18/2015,83.30999755859375,90.03880020141601,97.6527258875,82.4248745153
08/19/2015,81.70999908447266,89.93550018310548,97.569914041,82.3010863252
08/20/2015,79.79000091552734,89.82530014038086,97.4980198087,82.1525804721
08/21/2015,79.44000244140625,89.69390014648438,97.4246208001,81.9631794929
08/24/2015,76.91999816894531,89.57820014953613,97.3746582089,81.7817420902
08/25/2015,75.16000366210938,89.42390014648437,97.3160748718,81.5317254212
08/26/2015,78.62999725341797,89.24550018310546,97.2555749565,81.2354254097
08/27/2015,81.41000366210938,89.09990013122558,97.1690634425,81.0307368199
08/28/2015,81.27999877929688,88.97290016174317,97.0621276626,80.8836726609
08/31/2015,81.95999908447266,88.84660011291504,96.9563292863,80.7368709395
09/01/2015,80.44999694824219,88.7260001373291,96.8475625075,80.6044377672
09/02/2015,81.1500015258789,88.57160011291504,96.7022599508,80.440940275
09/03/2015,81.80000305175781,88.42810012817382,96.5618453393,80.294354917
09/04/2015,80.0199966430664,88.28450012207031,96.4072264861,80.1617737581
09/08/2015,83.9000015258789,88.0943000793457,96.1855743753,80.0030257834
09/09/2015,82.38999938964844,87.95500007629394,95.997225997,79.9127741556
09/10/2015,81.23999786376953,87.78450004577637,95.7619035727,79.8070965188
09/11/2015,80.52999877929688,87.58110000610351,95.4628981416,79.6993018706
09/14/2015,80.63999938964844,87.38959999084473,95.2074907546,79.5717092271
09/15/2015,80.73999786376953,87.19290000915527,94.9302722672,79.4555277511
09/16/2015,81.16000366210938,86.9976000213623,94.6484223479,79.3467776948
09/17/2015,80.7300033569336,86.8117000579834,94.3757638954,79.2476362206
09/18/2015,75.87000274658203,86.63000007629394,94.1193690001,79.1406311525
09/21/2015,76.26000213623047,86.40970008850098,93.8883203416,78.9310798354
09/22/2015,72.05000305175781,86.21400009155273,93.6995999498,78.7284002333
09/23/2015,71.44000244140625,85.95710014343261,93.483447832,78.4307524548
09/24/2015,71.4000015258789,85.67820014953614,93.2205632132,78.1358370858
09/25/2015,70.47000122070312,85.39710014343262,92.9425428388,77.8516574481
09/28/2015,68.25,85.13390014648438,92.7361782375,77.5316220555
09/29/2015,69.37000274658203,84.86770011901855,92.5895207347,77.1458795033
09/30/2015,79.44000244140625,84.61300018310547,92.4212625303,76.8047378359
10/01/2015,77.88999938964844,84.44210021972657,92.1743188268,76.7098816127
10/02/2015,79.44000244140625,84.26050018310546,91.9309690205,76.5900313458
10/05/2015,82.13999938964844,84.0953002166748,91.6895342396,76.5010661937
10/06/2015,83.0199966430664,83.95710021972656,91.4593540396,76.4548463999
10/07/2015,84.48999786376953,83.80320014953614,91.1639096668,76.4424906323
10/08/2015,85.2699966430664,83.67140014648437,90.8994364908,76.4433638022
10/09/2015,86.0,83.54540008544922,90.6332901332,76.4575100377
10/12/2015,85.01000213623047,83.44950012207032,90.437956042,76.4610442022
10/13/2015,84.37000274658203,83.35130012512207,90.2475357924,76.4550644578
10/14/2015,83.19000244140625,83.2425001525879,90.0352032896,76.4497970155
10/15/2015,81.12000274658203,83.12210014343262,89.8071091169,76.43709117
10/16/2015,79.5199966430664,83.00130020141602,89.6118369609,76.3907634419
10/19/2015,80.4800033569336,82.85280014038086,89.3724523359,76.3331479449
10/20/2015,74.86000061035156,82.66530014038086,88.9775804172,76.3530198635
10/21/2015,71.44000244140625,82.44030014038086,88.6244849761,76.2561153047
10/22/2015,69.95999908447266,82.18340019226075,88.2850670121,76.0817333724
10/23/2015,69.33999633789062,81.91350021362305,87.9526295823,75.874370845
10/26/2015,67.16000366210938,81.62550018310547,87.5699157772,75.681084589
10/27/2015,67.16999816894531,81.34310020446777,87.2972134072,75.3889870017
10/28/2015,67.5199966430664,81.06610015869141,87.0287952117,75.1034051057
10/29/2015,67.81999969482422,80.81530014038086,86.8149245242,74.8156757565
10/30/2015,66.81999969482422,80.57310012817383,86.603495734,74.5427045223
11/02/2015,67.83999633789062,80.30530014038087,86.3458656139,74.2647346669
11/03/2015,68.52999877929688,80.03910011291504,86.0364204939,74.041779732
11/04/2015,68.55000305175781,79.7943000793457,85.7566885133,73.8319116454
11/05/2015,67.8499984741211,79.56230010986329,85.506306032,73.6182941877
11/06/2015,67.88999938964844,79.33030006408691,85.2741615437,73.3864385845
11/09/2015,66.61000061035156,79.08900009155273,85.0025256402,73.1754745429
11/10/2015,63.58000183105469,78.8309001159668,84.7201503229,72.941649909
11/11/2015,62.599998474121094,78.55650016784668,84.5103334634,72.6026668722
11/12/2015,62.400001525878906,78.26650016784669,84.2838751681,72.2491251676
11/13/2015,60.22999954223633,78.00430015563965,84.1350065328,71.8735937785
11/16/2015,61.650001525878906,77.72930011749267,84.0319424409,71.4266577941
11/17/2015,62.459999084472656,77.48630016326905,83.9340820414,71.0385182852
11/18/2015,64.23999786376953,77.26640018463135,83.8465598832,70.686240486
11/19/2015,62.0099983215332,77.08920017242431,83.7782714594,70.4001288854
11/20/2015,61.709999084472656,76.9251001739502,83.7787750221,70.0714253258
11/23/2015,61.31999969482422,76.74780014038086,83.7615843757,69.734015905
11/24/2015,61.83000183105469,76.55230010986328,83.7192516069,69.3853486128
11/25/2015,61.630001068115234,76.37240013122559,83.6794865423,69.0653137202
11/27/2015,61.72999954223633,76.19050014495849,83.6346218586,68.7463784313
11/30/2015,62.40999984741211,76.02470016479492,83.6031958294,68.4462045002
12/01/2015,63.93000030517578,75.87530017852784,83.5725277751,68.1780725819
12/02/2015,62.400001525878906,75.74360019683837,83.5308892514,67.9563111422
12/03/2015,63.619998931884766,75.59050022125244,83.4873527731,67.6936476694
12/04/2015,64.58000183105469,75.44310020446777,83.4240012281,67.4621991809
12/07/2015,63.369998931884766,75.30200019836425,83.3487086719,67.2552917248
12/08/2015,64.0,75.14680019378662,83.272095227,67.0215051606
12/09/2015,62.95000076293945,74.99750019073487,83.1888074369,66.8061929446
12/10/2015,63.349998474121094,74.84320022583007,83.1142772707,66.5721231809
12/11/2015,62.08000183105469,74.68980018615723,83.030072478,66.3495278943
12/14/2015,59.380001068115234,74.52540023803711,82.9501542793,66.1006461967
12/15/2015,60.880001068115234,74.34020023345947,82.8913483105,65.7890521564
12/16/2015,60.959999084472656,74.17640022277833,82.8263609266,65.526439519
12/17/2015,59.400001525878906,74.02110023498535,82.7670082691,65.2751922009
12/18/2015,58.86000061035156,73.83770027160645,82.6952809274,64.9801196159
12/21/2015,59.060001373291016,73.63880027770996,82.6064745498,64.6711260056
12/22/2015,59.689998626708984,73.3650002670288,82.3556021051,64.3743984289
12/23/2015,60.31999969482422,73.10130027770997,82.1024008139,64.1001997415
12/24/2015,61.220001220703125,72.84600028991699,81.8439420639,63.8480585159
12/28/2015,60.29999923706055,72.61430030822754,81.6103144633,63.6182861531
12/29/2015,61.060001373291016,72.37040027618409,81.3663425693,63.3744579831
12/30/2015,61.09000015258789,72.13910026550293,81.1255177567,63.1526827743
12/31/2015,60.04999923706055,71.9149002456665,80.8945041187,62.9352963726
01/04/2016,60.400001525878906,71.66580024719238,80.6255573661,62.7060431283
01/05/2016,60.13999938964844,71.43790023803712,80.3914704233,62.4843300528
01/06/2016,58.79999923706055,71.2077001953125,80.152853942,62.2625464487
01/07/2016,57.83000183105469,70.98000019073487,79.9482590062,62.0117413753
01/08/2016,55.38999938964844,70.73330020904541,79.7205648603,61.7460355578
01/11/2016,52.79999923706055,70.45120021820068,79.4728405937,61.4295598427
01/12/2016,52.36000061035156,70.14610023498535,79.2433015264,61.0488989436
01/13/2016,49.9900016784668,69.85260025024414,79.0449418957,60.6602586047
01/14/2016,49.25,69.55460025787353,78.9016880307,60.2075124851
01/15/2016,47.2400016784668,69.25270023345948,78.7617728676,59.7436275993
01/19/2016,46.45000076293945,68.95590026855469,78.6817465835,59.2300539536
01/20/2016,45.790000915527344,68.66880023956298,78.6282131867,58.7093872924
01/21/2016,43.939998626708984,68.34040027618408,78.5052514724,58.17554908
01/22/2016,44.75,67.96570022583008,78.33051814,57.6008823117
01/25/2016,42.470001220703125,67.60040023803711,78.1319237851,57.068876691
01/26/2016,45.34000015258789,67.20550025939941,77.9297918904,56.4812086284
01/27/2016,43.66999816894531,66.85440029144287,77.7132213059,55.995579277
01/28/2016,45.689998626708984,66.47960025787353,77.4843738416,55.4748266741
01/29/2016,47.97999954223633,66.11850021362305,77.2067632124,55.0302372149
02/01/2016,49.189998626708984,65.79810024261475,76.9428055426,54.6533949426
02/02/2016,46.88999938964844,65.45100021362305,76.567001288,54.3349991392
02/03/2016,48.040000915527344,65.09600021362304,76.2322143581,53.9597860692
02/04/2016,49.13999938964844,64.76400024414062,75.9088567264,53.6191437618
02/05/2016,45.86000061035156,64.45010025024413,75.5885345986,53.3116659018
02/08/2016,41.90999984741211,64.10230026245117,75.2727319733,52.9318685516
02/09/2016,40.18000030517578,63.7140002822876,74.97386795,52.4541326146
02/10/2016,40.22999954223633,63.30420024871826,74.6669263757,51.9414741217
02/11/2016,40.099998474121094,62.89920021057129,74.3549900676,51.4434103535
02/12/2016,41.08000183105469,62.54150016784668,74.1442063497,50.938793986
02/16/2016,42.779998779296875,62.18970016479492,73.9039228725,50.4754774571
02/17/2016,43.290000915527344,61.89700012207031,73.7263048218,50.0676954223
02/18/2016,44.40999984741211,61.615500106811524,73.5488450982,49.6821551154
02/19/2016,44.119998931884766,61.345600090026856,73.3595421731,49.3316580069
02/22/2016,46.099998474121094,61.08210006713867,73.1816884282,48.9825117061
02/23/2016,42.77000045776367,60.860600051879885,73.0294875128,48.691712591
02/24/2016,43.91999816894531,60.5946000289917,72.8648756827,48.3243243752
02/25/2016,43.9900016784668,60.23939998626709,72.4730596635,48.005740309
02/26/2016,43.88999938964844,59.90040000915528,72.1099250194,47.6908749989
02/29/2016,43.529998779296875,59.544899978637694,71.697738715,47.3920612423
03/01/2016,46.099998474121094,59.15879997253418,71.2004693571,47.117130588
03/02/2016,47.349998474121094,58.78959999084473,70.6587721962,46.9204277855
03/03/2016,48.65999984741211,58.41819999694824,70.056191714,46.7802082799
03/04/2016,48.86000061035156,58.0521000289917,69.4121553497,46.6920447083
03/07/2016,50.06999969482422,57.680700035095214,68.723662261,46.6377378091
03/08/2016,46.439998626708984,57.331300010681154,68.0520861017,46.6105139196
03/09/2016,47.439998626708984,56.95199996948242,67.376330926,46.527669013
03/10/2016,47.88999938964844,56.59449993133545,66.7216576556,46.4673422071
03/11/2016,49.880001068115234,56.262199897766116,66.120778937,46.4036208585
03/14/2016,48.189998626708984,55.9657999420166,65.5627682791,46.3688316049
03/15/2016,45.61000061035156,55.642899894714354,64.948420084,46.3373797054
03/16/2016,46.130001068115234,55.35039989471436,64.5057683103,46.1950314791
03/17/2016,46.0,55.097299880981446,64.1536852334,46.0409145285
03/18/2016,49.02000045776367,54.85769989013672,63.8342982365,45.8811015438
03/21/2016,49.290000915527344,54.65449993133545,63.5303912044,45.7786086583
03/22/2016,51.34000015258789,54.47579990386963,63.2776982475,45.6739015602
03/23/2016,48.720001220703125,54.31749992370605,63.0315839991,45.6034158483
03/24/2016,48.119998931884766,54.129499969482424,62.759110506,45.499889433
03/28/2016,48.08000183105469,53.932499961853026,62.4717160973,45.3932838264
03/29/2016,48.31999969482422,53.74509998321533,62.2046941996,45.2855057668
03/30/2016,46.13999938964844,53.54990001678467,61.9065911908,45.1932088427
03/31/2016,47.2400016784668,53.32600002288818,61.5776173707,45.0743826751
04/01/2016,46.599998474121094,53.112900009155275,61.2428734602,44.9829265581
04/04/2016,46.27000045776367,52.90040000915528,60.9193569374,44.8814430809
04/05/2016,44.130001068115234,52.684200019836425,60.5867103089,44.7816897308
04/06/2016,44.720001220703125,52.459400024414066,60.2819058766,44.6368941723
04/07/2016,43.25,52.270800018310545,60.050153008,44.4914470287
04/08/2016,43.099998474121094,52.07730003356934,59.8379517856,44.3166482816
04/11/2016,44.22999954223633,51.884300003051756,59.6257988486,44.1428011575
04/12/2016,43.970001220703125,51.72430000305176,59.4569955566,43.9916044495
04/13/2016,44.79999923706055,51.5475,59.2533041937,43.8416958063
04/14/2016,41.81999969482422,51.37090000152588,59.026792635,43.7150073681
04/15/2016,40.4900016784668,51.14670001983642,58.7505468457,43.542853194
04/18/2016,41.029998779296875,50.93150005340576,58.5293757579,43.3336243489
04/19/2016,41.31999969482422,50.724700050354,58.3078119341,43.1415881666
04/20/2016,43.279998779296875,50.52470005035401,58.0894515984,42.9599485023
04/21/2016,43.349998474121094,50.339200019836426,57.8517105326,42.8266895071
04/22/2016,43.65999984741211,50.156399993896486,57.6141520583,42.6986479295
04/25/2016,43.34000015258789,49.975699996948244,57.3694786959,42.581921298
04/26/2016,44.540000915527344,49.785,57.1011331286,42.4688668714
04/27/2016,46.08000183105469,49.59110000610352,56.78571581,42.3964842022
04/28/2016,46.060001373291016,49.42790000915527,56.5143984992,42.3414015191
04/29/2016,40.869998931884766,49.252300033569334,56.2011773668,42.3034227004
05/02/2016,40.849998474121094,49.015200004577636,55.8404417631,42.1899582461
05/03/2016,39.36000061035156,48.79,55.5085796607,42.0714203393
05/04/2016,39.599998474121094,48.54360000610352,55.1507482249,41.9364517873
05/05/2016,38.130001068115234,48.31009998321533,54.8158145159,41.8043854505
05/06/2016,37.27000045776367,48.057900009155276,54.4637625917,41.6520374266
05/09/2016,36.959999084472656,47.80979999542237,54.1478688009,41.47173119
05/10/2016,38.369998931884766,47.585599975585936,53.9069397705,41.2642601806
05/11/2016,36.7400016784668,47.360499954223634,53.6047396041,41.1162603043
05/12/2016,36.36000061035156,47.11829998016358,53.2997524024,40.9368475579
05/13/2016,35.439998626708984,46.8878999710083,53.0365809685,40.7392189735
05/16/2016,35.56999969482422,46.65369995117187,52.7879204293,40.5194794731
05/17/2016,36.75,46.41879993438721,52.523126582,40.3144732868
05/18/2016,38.459999084472656,46.18939994812012,52.2212975965,40.1575022997
05/19/2016,38.369998931884766,45.970799942016605,51.881527576,40.060072308
05/20/2016,39.560001373291016,45.74229991912842,51.498759705,39.9858401332
05/23/2016,40.459999084472656,45.534899940490725,51.1346103414,39.9351895396
05/24/2016,42.279998779296875,45.32889991760254,50.7290461199,39.9287537153
05/25/2016,44.150001525878906,45.14079990386963,50.3113929614,39.9702068463
05/26/2016,44.380001068115234,44.981799926757816,49.9312166743,40.0323831792
05/27/2016,44.9900016784668,44.82159992218018,49.5223949946,40.1208048498
05/31/2016,46.540000915527344,44.67009994506836,49.1117518943,40.2284479958
06/01/2016,47.630001068115234,44.54749996185303,48.7607725663,40.3342273575
06/02/2016,48.380001068115234,44.445499954223635,48.4544937942,40.4365061142
06/03/2016,47.77000045776367,44.3753999710083,48.2514933539,40.4993065881
06/06/2016,48.02000045776367,44.32509998321533,48.1233975256,40.5268024408
06/07/2016,49.7400016784668,44.28169998168946,48.0121298865,40.5512700769
06/08/2016,49.2599983215332,44.27919998168945,48.0058854415,40.5525145219
06/09/2016,48.16999816894531,44.27929996490479,48.0061189167,40.5524810132
06/10/2016,46.849998474121094,44.28859992980957,48.0239460702,40.5532537894
06/13/2016,46.279998779296875,44.29259990692139,48.030471745,40.5547280688
06/14/2016,46.400001525878906,44.297499885559084,48.0376519297,40.5573478414
06/15/2016,46.2599983215332,44.32209991455078,48.0679054637,40.5762943654
06/16/2016,46.41999816894531,44.33719989776611,48.0877404881,40.5866593074
06/17/2016,46.59000015258789,44.37669986724853,48.1281676666,40.6252320679
06/20/2016,47.61000061035156,44.389199867248536,48.1459354058,40.6324643287
06/21/2016,48.869998931884766,44.4285998916626,48.1982248874,40.6589748959
06/22/2016,48.349998474121094,44.46039989471436,48.2538693298,40.6669304596
06/23/2016,50.810001373291016,44.4640998840332,48.2611791062,40.6670206619
06/24/2016,47.84000015258789,44.480299911499024,48.3008903955,40.6597094275
06/27/2016,42.18000030517578,44.489799919128416,48.3175447823,40.662055056
06/28/2016,44.11000061035156,44.431199913024905,48.2489884415,40.6134113846
06/29/2016,45.599998474121094,44.38089992523194,48.1693406235,40.592459227
06/30/2016,47.2599983215332,44.37829990386963,48.1658137043,40.5907861035
07/01/2016,46.470001220703125,44.43179988861084,48.2218546832,40.641745094
07/05/2016,44.720001220703125,44.49469989776611,48.2658169186,40.723582877
07/06/2016,45.459999084472656,44.539599914550784,48.2863236152,40.7928762139
07/07/2016,47.65999984741211,44.5931999206543,48.314279907,40.8721199343
07/08/2016,49.349998474121094,44.65899990081787,48.3755485198,40.9424512818
07/11/2016,49.47999954223633,44.724699897766115,48.4654438574,40.9839559381
07/12/2016,51.84000015258789,44.7865998840332,48.5542090595,41.0189907086
07/13/2016,52.0099983215332,44.86089988708496,48.6930591591,41.0287406151
07/14/2016,51.75,44.93979988098145,48.8365711366,41.0430286253
07/15/2016,51.65999984741211,44.99629989624023,48.9500274559,41.0425723366
07/18/2016,52.119998931884766,45.08519989013672,49.0875171296,41.0828826506
07/19/2016,51.20000076293945,45.16719989776611,49.2283729191,41.1060268764
07/20/2016,51.869998931884766,45.23929988861084,49.3427151499,41.1358846273
07/21/2016,51.650001525878906,45.3190998840332,49.4727855182,41.1654142499
07/22/2016,52.400001525878906,45.400299911499026,49.5973590285,41.2032407945
07/25/2016,52.06999969482422,45.463299942016604,49.7172861519,41.2093137322
07/26/2016,53.7400016784668,45.51049995422363,49.8110882088,41.2099116997
07/27/2016,53.439998626708984,45.56129997253418,49.9282820178,41.1943179273
07/28/2016,53.70000076293945,45.60709995269775,50.03206992,41.1821299854
07/29/2016,47.5099983215332,45.643399963378904,50.1194269087,41.1673730181
08/01/2016,46.06999969482422,45.65409996032715,50.1332961968,41.1749037238
08/02/2016,45.04999923706055,45.6403999710083,50.1162067833,41.1645931588
08/03/2016,44.779998779296875,45.61199996948242,50.0824494788,41.1415504602
08/04/2016,44.29999923706055,45.56099994659424,50.011514719,41.1104851742
08/05/2016,45.41999816894531,45.52209995269775,49.9664619335,41.0777379719
08/08/2016,45.349998474121094,45.52019992828369,49.9645645386,41.075835318
08/09/2016,45.279998779296875,45.51239990234375,49.9563718937,41.068427911
08/10/2016,43.16999816894531,45.505199890136716,49.9489593103,41.06144047
08/11/2016,43.88999938964844,45.44669986724853,49.8823023034,41.0110974311
08/12/2016,44.310001373291016,45.39269985198975,49.814031835,40.9713678689
08/15/2016,45.84000015258789,45.322399864196775,49.7043232966,40.9404764318
08/16/2016,45.779998779296875,45.29359985351562,49.6625431671,40.9246565399
08/17/2016,44.72999954223633,45.270199851989744,49.6301996959,40.910200008
08/18/2016,45.810001373291016,45.23669982910156,49.5878427456,40.8855569126
08/19/2016,46.599998474121094,45.211599845886234,49.5521106495,40.8710890422
08/22/2016,46.13999938964844,45.21619983673096,49.5579356793,40.8744639941
08/23/2016,46.5,45.205199813842775,49.543186149,40.8672134787
08/24/2016,45.40999984741211,45.20419982910156,49.5418760372,40.866523621
08/25/2016,46.439998626708984,45.19559982299805,49.5320067634,40.8591928826
08/26/2016,46.93000030517578,45.218699798583984,49.5555214251,40.881878172
08/29/2016,47.08000183105469,45.24079978942871,49.5806536928,40.9009458861
08/30/2016,47.099998474121094,45.27909980773926,49.6181156886,40.9400839269
08/31/2016,46.66999816894531,45.319099807739256,49.6562798487,40.9819197668
09/01/2016,46.31999969482422,45.34349979400635,49.6813475574,41.0056520306
09/02/2016,46.970001220703125,45.366999778747555,49.7037083816,41.0302911759
09/06/2016,47.54999923706055,45.388699798583986,49.7279453385,41.0494542587
09/07/2016,53.29999923706055,45.44599979400635,49.7755638037,41.1164357843
09/08/2016,53.470001220703125,45.57409976959229,49.9444485898,41.2037509494
09/09/2016,51.59000015258789,45.698499794006345,50.1145429893,41.2824565987
09/12/2016,52.310001373291016,45.80119979858399,50.2336117092,41.3687878879
09/13/2016,52.369998931884766,45.891499824523926,50.3634347172,41.4195649318
09/14/2016,51.9900016784668,45.981699829101565,50.4922633038,41.4711363544
09/15/2016,53.279998779296875,46.06499984741211,50.6087139636,41.5212857312
09/16/2016,54.939998626708984,46.1643998336792,50.7558879884,41.572911679
09/19/2016,54.630001068115234,46.26839981079102,50.9390177681,41.5977818535
09/20/2016,54.41999816894531,46.353899803161625,51.0979666948,41.6098329116
09/21/2016,56.130001068115234,46.43749977111816,51.2488340333,41.6261655089
09/22/2016,56.06999969482422,46.590099792480466,51.4640228299,41.7161767551
09/23/2016,55.93000030517578,46.7422998046875,51.6719203094,41.8126792999
09/26/2016,57.0099983215332,46.90799980163574,51.8651014571,41.9508981462
09/27/2016,58.86000061035156,47.082099800109866,52.0849970527,42.0792025475
09/28/2016,58.0099983215332,47.289399795532226,52.3462561698,42.2325434213
09/29/2016,58.27000045776367,47.49679977416992,52.5637722761,42.4298272722
09/30/2016,58.470001220703125,47.709899787902835,52.777362226,42.6424373498
10/03/2016,58.86000061035156,47.910899810791015,53.0024845249,42.8193150967
10/04/2016,58.689998626708984,48.13209980010986,53.2140525643,43.0501470359
10/05/2016,59.2400016784668,48.35539978027344,53.40567206,43.3051275005
10/06/2016,58.04999923706055,48.59339981079101,53.5899261842,43.5968734374
10/07/2016,58.66999816894531,48.81819980621338,53.7286910224,43.9077085901
10/10/2016,59.2599983215332,49.037399787902835,53.8932251756,44.1815744002
10/11/2016,56.619998931884766,49.24539978027344,54.0891563132,44.4016432473
10/12/2016,56.43000030517578,49.427899780273435,54.2017634975,44.654036063
10/13/2016,55.279998779296875,49.59659976959229,54.3165420396,44.8766574996
10/14/2016,54.84000015258789,49.744799766540524,54.4078596327,45.0817399004
10/17/2016,53.18000030517578,49.87039978027344,54.4997334347,45.2410661258
10/18/2016,53.9900016784668,49.960699768066405,54.5655755526,45.3558239836
10/19/2016,53.599998474121094,50.056799774169924,54.6444523916,45.4691471567
10/20/2016,53.86000061035156,50.14289974212647,54.7154221833,45.570377301
10/21/2016,53.06999969482422,50.21609973907471,54.7889503625,45.6432491156
10/24/2016,53.52000045776367,50.2704997253418,54.8446195152,45.6963799355
10/25/2016,53.630001068115234,50.32189971923828,54.9033604679,45.7404389706
10/26/2016,56.52000045776367,50.3804997253418,54.9664197069,45.7945797438
10/27/2016,59.58000183105469,50.4654997253418,55.0855270198,45.8454724308
10/28/2016,59.209999084472656,50.563899726867675,55.2713881925,45.8564112613
10/31/2016,58.439998626708984,50.66339973449707,55.4468186117,45.8799808573
11/01/2016,57.2400016784668,50.766099739074704,55.6048116806,45.9273877975
11/02/2016,55.20000076293945,50.86999977111817,55.7349862674,46.0050132749
11/03/2016,55.13999938964844,50.95919979095459,55.8209839244,46.0974156575
11/04/2016,55.02000045776367,51.046599769592284,55.9041952826,46.1890042565
11/07/2016,57.66999816894531,51.13419979095459,55.9836661534,46.2847334285
11/08/2016,57.2599983215332,51.24669979095459,56.1159499782,46.3774496037
11/09/2016,57.47999954223633,51.353399772644046,56.2363252868,46.4704742585
11/10/2016,56.84000015258789,51.45209976196289,56.3580595828,46.5461399412
11/11/2016,58.88999938964844,51.53179977416992,56.4598533383,46.6037462101
11/14/2016,59.47999954223633,51.637199783325194,56.6085974931,46.6658020735
11/15/2016,59.709999084472656,51.72389976501465,56.7553539098,46.6924456202
11/16/2016,59.529998779296875,51.8425997543335,56.9208250531,46.7643744556
11/17/2016,58.79999923706055,52.016099739074704,57.0574857287,46.9747137494
11/18/2016,60.93000030517578,52.1629997253418,57.1858616566,47.1401377941
11/21/2016,61.16999816894531,52.316299743652344,57.3703589263,47.262240561
11/22/2016,61.189998626708984,52.45539974212647,57.5595532792,47.3512462051
11/23/2016,61.040000915527344,52.602599716186525,57.7441362297,47.4610632027
11/25/2016,61.59000015258789,52.76579971313477,57.9135475003,47.618051926
11/28/2016,62.27000045776367,52.92709972381592,58.0960655287,47.7581339189
11/29/2016,62.66999816894531,53.07319972991943,58.2974065416,47.8489929183
11/30/2016,63.65999984741211,53.20639972686767,58.5032816114,47.9095178423
12/01/2016,61.61000061035156,53.348199729919436,58.7325072461,47.9638922137
12/02/2016,63.349998474121094,53.44589973449707,58.8902591106,48.0015403584
12/05/2016,62.09000015258789,53.55929973602295,59.0899853215,48.0286141505
12/06/2016,63.849998474121094,53.66269973754883,59.2549072021,48.070492273
12/07/2016,69.1500015258789,53.784599723815916,59.4640034959,48.1051959517
12/08/2016,68.25,53.95489974975586,59.8336642352,48.0761352643
12/09/2016,67.70999908447266,54.12539974212646,60.1667907951,48.0840086891
12/12/2016,66.29000091552734,54.283799743652345,60.469901938,48.0976975493
12/13/2016,67.9000015258789,54.430199737548826,60.7245263208,48.1358731543
12/14/2016,67.16999816894531,54.58519973754883,61.0169693767,48.1534300984
12/15/2016,67.88999938964844,54.73619972229004,61.2833646735,48.1890347711
12/16/2016,67.18000030517578,54.87769969940186,61.5534503693,48.2019490295
12/19/2016,68.36000061035156,55.015099716186526,61.8003457987,48.2298536337
12/20/2016,68.94999694824219,55.16169971466064,62.0741263354,48.249273094
12/21/2016,69.22000122070312,55.37609970092773,62.379767347,48.3724320549
12/22/2016,70.19000244140625,55.60759971618652,62.6820798638,48.5331195686
12/23/2016,70.3499984741211,55.858999748229984,63.0002113259,48.7177881706
12/27/2016,70.16999816894531,56.11469974517822,63.3121970966,48.9172023937
12/28/2016,69.20999908447266,56.37339973449707,63.6064271157,49.1403723533
12/29/2016,68.43000030517578,56.611299743652346,63.8713342789,49.3512652084
12/30/2016,67.94999694824219,56.84209976196289,64.1073238171,49.5768757069
01/03/2017,69.43000030517578,57.06879974365234,64.3233927506,49.8142067367
01/04/2017,70.54000091552734,57.33139976501465,64.5533376536,50.1094618764
01/05/2017,70.55000305175781,57.59789978027344,64.8106193514,50.3851802092
01/06/2017,70.37999725341797,57.860299797058104,65.0621299251,50.658469669
01/09/2017,71.86000061035156,58.10569976806641,65.3118560428,50.8995434933
01/10/2017,70.83999633789062,58.366499786376956,65.593757252,51.1392423207
01/11/2017,71.44999694824219,58.627599754333495,65.8290868962,51.4261126125
01/12/2017,70.75,58.88399971008301,66.081006486,51.6869929342
01/13/2017,71.0,59.1254997253418,66.3114330009,51.9395664498
01/17/2017,71.62000274658203,59.37409973144531,66.5364764637,52.2117229991
01/18/2017,73.23999786376953,59.62529975891113,66.7722386819,52.4783608359
01/19/2017,71.66999816894531,59.90359973907471,67.0334060211,52.773793457
01/20/2017,72.62999725341797,60.15589973449707,67.251128984,53.060670485
01/23/2017,72.6500015258789,60.41289970397949,67.4898352025,53.3359642055
01/24/2017,76.01000213623047,60.668599700927736,67.7210771745,53.6161222274
01/25/2017,80.0199966430664,60.95769973754883,68.0405223796,53.8748770955
01/26/2017,78.47000122070312,61.29119972229004,68.4778179681,54.1045814765
01/27/2017,79.5199966430664,61.61269973754883,68.8413831209,54.3840163542
01/30/2017,79.22000122070312,61.93819969177246,69.2327551863,54.6436441972
01/31/2017,79.7300033569336,62.254899711608886,69.6051816435,54.9046177797
02/01/2017,79.16000366210938,62.519199752807616,70.0164445811,55.0219549245
02/02/2017,79.2300033569336,62.77609977722168,70.3979739562,55.1542255983
02/03/2017,79.12999725341797,63.052499809265136,70.7643472017,55.3406524169
02/06/2017,78.94000244140625,63.320699768066405,71.1201552298,55.5212443063
02/07/2017,79.05000305175781,63.58639980316162,71.4604938249,55.7123057814
02/08/2017,77.08000183105469,63.85699981689453,71.7926534167,55.9213462171
02/09/2017,78.05000305175781,64.09499984741211,72.0666811227,56.1233185722
02/10/2017,77.36000061035156,64.3260998916626,72.3637348544,56.2884649289
02/13/2017,78.47000122070312,64.55339988708496,72.6348968315,56.4719029427
02/14/2017,76.41000366210938,64.79389991760254,72.9279402556,56.6598595796
02/15/2017,76.01000213623047,64.99669994354248,73.1649428145,56.8284570726
02/16/2017,75.94999694824219,65.19609996795654,73.3873452767,57.0048546592
02/17/2017,74.91000366210938,65.3962999343872,73.603265065,57.1893348038
02/21/2017,74.9000015258789,65.57529998779297,73.792601289,57.3579986866
02/22/2017,74.47000122070312,65.73569999694824,73.9768686423,57.4945313516
02/23/2017,74.58999633789062,65.90030002593994,74.1498929242,57.6507071277
02/24/2017,74.6500015258789,66.06349998474121,74.3219527615,57.805047208
02/27/2017,76.0999984741211,66.22529998779297,74.4918912367,57.9587087389
02/28/2017,76.87999725341797,66.39769996643066,74.6886244913,58.1067754416
03/01/2017,78.31999969482422,66.57959995269775,74.8989172827,58.2602826227
03/02/2017,76.27999877929688,66.77039993286132,75.137855283,58.4029445827
03/03/2017,77.54000091552734,66.95269992828369,75.3267638502,58.5786360064
03/06/2017,76.80000305175781,67.1413999557495,75.5392697336,58.7435301779
03/07/2017,76.80000305175781,67.31680000305175,75.73138097,58.9022190361
03/08/2017,76.44999694824219,67.51860004425049,75.9161916908,59.1210083977
03/09/2017,74.26000213623047,67.71880001068115,76.0882440484,59.349355973
03/10/2017,75.0,67.90860004425049,76.2087328708,59.6084672177
03/13/2017,75.69999694824219,68.11020004272461,76.3349528585,59.8854472269
03/14/2017,75.69999694824219,68.33540000915528,76.4559163342,60.2148836841
03/15/2017,76.72000122070312,68.55249996185303,76.5762223738,60.5287775499
03/16/2017,77.13999938964844,68.78369998931885,76.7056931509,60.8617068278
03/17/2017,76.87000274658203,69.01649997711182,76.8379377722,61.195062182
03/20/2017,76.41999816894531,69.25450000762939,76.9481409866,61.5608590287
03/21/2017,73.22000122070312,69.48349998474121,77.0450718717,61.9219280978
03/22/2017,74.93000030517578,69.67939998626709,77.079756243,62.2790437295
03/23/2017,76.19000244140625,69.86349998474121,77.1624978608,62.5645021087
03/24/2017,78.18000030517578,70.02959999084473,77.2815324074,62.7776675743
03/27/2017,78.56999969482422,70.21930000305176,77.4337431759,63.0048568302
03/28/2017,80.55999755859375,70.42060001373291,77.5842227735,63.256977254
03/29/2017,81.38999938964844,70.65379997253417,77.7639266187,63.5436733264
03/30/2017,83.75,70.91569995880127,77.9335179958,63.8978819218
03/31/2017,82.52999877929688,71.20179996490478,78.1535178877,64.2500820421
04/03/2017,82.13999938964844,71.47689994812012,78.3263872726,64.6274126236
04/04/2017,82.98999786376953,71.72159996032715,78.5102898223,64.9329100984
04/05/2017,82.69999694824219,71.97889995574951,78.7018825861,65.2559173254
04/06/2017,84.08999633789062,72.23109992980957,78.8780638003,65.5841360593
04/07/2017,85.16999816894531,72.5035998916626,79.0721116853,65.935088098
04/10/2017,84.77999877929688,72.76639987945556,79.3106613822,66.2221383767
04/11/2017,86.05000305175781,73.01939987182617,79.5341010059,66.5046987377
04/12/2017,84.20999908447266,73.28279991149903,79.7865308396,66.7790689834
04/13/2017,83.5,73.52959991455079,79.9747723072,67.0844275219
04/17/2017,84.16000366210938,73.77659992218018,80.1251206621,67.4280791823
04/18/2017,82.87000274658203,74.00889995574951,80.3079119255,67.709887986
04/19/2017,82.80000305175781,74.22590000152587,80.4522376257,67.9995623773
04/20/2017,84.41000366210938,74.44200004577637,80.5866225863,68.2973775052
04/21/2017,83.11000061035156,74.67570007324218,80.7501749985,68.601225148
04/24/2017,85.7699966430664,74.89090007781982,80.8785501516,68.903250004
04/25/2017,86.87999725341797,75.12590003967286,81.074631398,69.1771686814
04/26/2017,84.61000061035156,75.36800003051758,81.2974928812,69.4385071798
04/27/2017,85.70999908447266,75.57750003814698,81.4595378039,69.6954622724
04/28/2017,89.06999969482422,75.81850002288819,81.6164351943,70.0205648515
05/01/2017,87.69999694824219,76.07570003509521,81.8852858665,70.2661142037
05/02/2017,87.29000091552734,76.33180000305175,82.0834037023,70.5801963038
05/03/2017,89.22000122070312,76.56620002746583,82.2818688178,70.8505312372
05/04/2017,89.16999816894531,76.76690002441406,82.5703279835,70.9634720654
05/05/2017,90.72000122070312,76.97610000610352,82.8454273968,71.1067726154
05/08/2017,89.9000015258789,77.20620002746583,83.1582080871,71.2541919678
05/09/2017,88.87999725341797,77.44230003356934,83.4248035784,71.4597964887
05/10/2017,89.54000091552734,77.65209999084473,83.6640869511,71.6401130306
05/11/2017,89.68000030517578,77.87580001831054,83.9097392628,71.8418607738
05/12/2017,89.6500015258789,78.09370002746581,84.1564693365,72.0309307184
05/15/2017,89.0199966430664,78.31840003967285,84.3889086037,72.2478914757
05/16/2017,88.95999908447266,78.525,84.6046328169,72.4453671831
05/17/2017,85.22000122070312,78.72510002136231,84.8155827933,72.6346172495
05/18/2017,86.11000061035156,78.8851000213623,84.9337981275,72.8364019153
05/19/2017,86.66000366210938,79.04430000305176,85.0715173386,73.0170826675
05/22/2017,87.9800033569336,79.20740005493164,85.2177933711,73.1970067388
05/23/2017,88.02999877929688,79.38550010681152,85.3893278479,73.3816723657
05/24/2017,89.69999694824219,79.57370010375976,85.5505214721,73.5968787355
05/25/2017,89.2699966430664,79.78640007019042,85.7412930851,73.8315070553
05/26/2017,90.01000213623047,79.99960006713867,85.9083798253,74.0908203089
05/30/2017,91.29000091552734,80.20540008544921,86.100842536,74.3099576349
05/31/2017,90.05999755859375,80.41290008544922,86.329628048,74.4961721229
06/01/2017,91.58999633789062,80.60800003051757,86.517949549,74.698050512
06/02/2017,91.5199966430664,80.82010002136231,86.7397654618,74.900434581
06/05/2017,89.41999816894531,81.01669998168946,86.961936011,75.0714639524
06/06/2017,89.94000244140625,81.2025,87.1170423349,75.2879576651
06/07/2017,89.93000030517578,81.38740005493165,87.2831569472,75.4916431627
06/08/2017,91.0199966430664,81.5792000579834,87.4376452,75.7207549159
06/09/2017,86.01000213623047,81.77940002441406,87.614928374,75.9438716748
06/12/2017,86.63999938964844,81.92330001831054,87.6834675786,76.1631324581
06/13/2017,90.05000305175781,82.05730003356933,87.7695718657,76.3450282014
06/14/2017,87.80000305175781,82.24110008239747,87.9117384628,76.570461702
06/15/2017,87.30999755859375,82.39280014038086,88.0069258765,76.7786744043
06/16/2017,87.12000274658203,82.53940010070801,88.0882273001,76.9905729014
06/19/2017,88.63999938964844,82.65050010681152,88.1786669734,77.1223332402
06/20/2017,88.2300033569336,82.73670013427734,88.2903245357,77.1830757328
06/21/2017,91.02999877929688,82.83430015563965,88.3978363364,77.2707639749
06/22/2017,90.25,82.94940017700195,88.5620230488,77.3367773052
06/23/2017,93.33999633789062,83.05970016479492,88.7062276664,77.4131726632
06/26/2017,92.66000366210938,83.1958000946045,88.9238648394,77.4677353498
06/27/2017,91.8499984741211,83.3308000946045,89.1209068021,77.5406933871
06/28/2017,93.66999816894531,83.45700004577637,89.2936952861,77.6203048055
06/29/2017,91.6500015258789,83.60240005493164,89.5101656173,77.6946344925
06/30/2017,88.5999984741211,83.72950004577636,89.6722097738,77.7867903177
07/03/2017,85.29000091552734,83.825,89.7684770378,77.8815229622
07/05/2017,86.41000366210938,83.90709999084473,89.8134263588,78.0007736229
07/06/2017,86.12000274658203,83.99069999694824,89.8726462416,78.1087537522
07/07/2017,86.94000244140625,84.07830001831054,89.9259743783,78.2306256583
07/10/2017,89.2699966430664,84.16300003051758,89.9901335095,78.3358665515
07/11/2017,91.75,84.29159996032715,90.0880360427,78.495163878
07/12/2017,94.12999725341797,84.44899993896485,90.2321068193,78.6658930586
07/13/2017,92.80000305175781,84.63079994201661,90.4296067607,78.8319931233
07/14/2017,94.44000244140625,84.80969993591309,90.5817511574,79.0376487144
07/17/2017,94.56999969482422,85.00509994506837,90.769108982,79.2410909081
07/18/2017,94.2699966430664,85.20609992980957,90.9496518975,79.4625479622
07/19/2017,94.4800033569336,85.40289993286133,91.1164088937,79.689390972
07/20/2017,95.01000213623047,85.60119995117188,91.2820935052,79.9203063971
07/21/2017,94.81999969482422,85.79029998779296,91.4665064709,80.1140935047
07/24/2017,94.62000274658203,85.96970001220703,91.6449581993,80.2944418251
07/25/2017,93.75,86.13270004272461,91.8199739683,80.4454261171
07/26/2017,92.95999908447266,86.30740005493163,91.9575363343,80.6572637756
07/27/2017,91.9000015258789,86.46160003662109,92.0806889487,80.8425111245
07/28/2017,84.97000122070312,86.61260002136231,92.1726051249,81.0525949178
07/31/2017,85.12000274658203,86.69430000305175,92.1688860678,81.2197139383
08/01/2017,85.66999816894531,86.78100006103516,92.1604891025,81.4015110195
08/02/2017,84.37000274658203,86.89510002136231,92.126779762,81.6634202807
08/03/2017,84.51000213623047,86.98880004882812,92.0888510614,81.8887490363
08/04/2017,81.16999816894531,87.076900100708,92.0558389784,82.097961223
08/07/2017,80.97000122070312,87.13160011291504,92.0143673516,82.2488328742
08/08/2017,81.33999633789062,87.17410011291504,91.9840116247,82.3641886011
08/09/2017,80.98999786376953,87.21610008239746,91.9560389691,82.4761611957
08/10/2017,79.19000244140625,87.25730003356934,91.9244779176,82.5901221496
08/11/2017,79.9000015258789,87.28500007629394,91.895653381,82.6743467716
08/14/2017,82.83000183105469,87.35180007934571,91.8038559823,82.8997441763
08/15/2017,83.81999969482422,87.43080009460449,91.7291737706,83.1324264186
08/16/2017,85.8499984741211,87.50710006713867,91.6708745626,83.3433255716
08/17/2017,82.4800033569336,87.58380004882812,91.6444215677,83.52317853
08/18/2017,83.19999694824219,87.62290008544922,91.6147818153,83.6310183556
08/21/2017,83.86000061035156,87.6493000793457,91.6029310163,83.6956691424
08/22/2017,86.6500015258789,87.67400009155273,91.5960387131,83.75196147
08/23/2017,88.30999755859375,87.70300010681153,91.6065951052,83.7994051084
08/24/2017,89.44999694824219,87.76080009460449,91.6300116557,83.8915885335
08/25/2017,90.25,87.83390007019042,91.665094969,84.0027051714
08/28/2017,90.55999755859375,87.90650009155273,91.7139303394,84.0990698437
08/29/2017,90.06999969482422,87.98510009765624,91.765269521,84.2049306743
08/30/2017,90.30000305175781,88.04490013122559,91.8102493256,84.2795509368
08/31/2017,88.2699966430664,88.09620018005371,91.8569749858,84.3354253743
09/01/2017,90.41000366210938,88.13110015869141,91.8771032641,84.3850970533
09/05/2017,89.5,88.17470016479493,91.9216005725,84.4277997571
09/06/2017,89.55999755859375,88.2276001739502,91.9554467245,84.4997536234
09/07/2017,88.41999816894531,88.28820014953614,91.9878512603,84.5885490388
09/08/2017,87.0,88.3308000946045,92.0071239692,84.65447622
09/11/2017,87.37999725341797,88.37210006713867,92.0098409534,84.7343591809
09/12/2017,88.77999877929688,88.41790000915528,92.0137894887,84.8220105296
09/13/2017,85.73999786376953,88.46159996032715,92.0350003419,84.8881995787
09/14/2017,85.79000091552734,88.48789993286132,92.0313690836,84.9444307821
09/15/2017,88.5199966430664,88.48809997558594,92.0314162458,84.9447837054
09/18/2017,89.18000030517578,88.50449996948242,92.0441286874,84.9648712515
09/19/2017,89.91999816894531,88.55019996643067,92.0686903708,85.0317095621
09/20/2017,86.37000274658203,88.59229995727539,92.1017298792,85.0828700353
09/21/2017,85.48999786376953,88.56529998779297,92.0813309116,85.049269064
09/22/2017,86.4800033569336,88.54319999694825,92.0715242998,85.0148756941
09/25/2017,86.08999633789062,88.53510002136231,92.0672197108,85.0029803319
09/26/2017,86.27999877929688,88.50379997253418,92.0435717492,84.9640281958
09/27/2017,88.72000122070312,88.4748999786377,92.02090671,84.9288932473
09/28/2017,86.70999908447266,88.4548999786377,91.9938206741,84.9159792832
09/29/2017,86.4000015258789,88.42299995422363,91.9631278734,84.8828720351
10/02/2017,83.38999938964844,88.39819999694824,91.9437221598,84.8526778341
10/03/2017,83.0,88.33669998168945,91.9150695539,84.7583304095
10/04/2017,84.3499984741211,88.2698999786377,91.8847340916,84.6550658657
10/05/2017,83.58000183105469,88.21689994812012,91.8499188217,84.5838810745
10/06/2017,83.8499984741211,88.1625,91.8237054545,84.5012945455
10/09/2017,84.2699966430664,88.11139999389648,91.7966992783,84.4261007095
10/10/2017,86.01000213623047,88.10189994812012,91.7958548062,84.4079450901
10/11/2017,85.62000274658203,88.10089996337891,91.7954074039,84.4063925229
10/12/2017,85.76000213623047,88.09049995422363,91.7905085699,84.3904913385
10/13/2017,87.80000305175781,88.06829994201661,91.7755578264,84.3610420576
10/16/2017,86.83000183105469,88.06599998474121,91.7733522602,84.3586477093
10/17/2017,85.77999877929688,88.03730003356934,91.7430003265,84.3315997407
10/18/2017,85.5,88.00240005493164,91.7127578992,84.2920422107
10/19/2017,85.4800033569336,87.95730003356934,91.6703899489,84.2442101182
10/20/2017,86.41000366210938,87.89920005798339,91.6051361272,84.1932639888
10/23/2017,87.98999786376953,87.86270011901856,91.5651474859,84.1602527522
10/24/2017,87.88999938964844,87.82670013427735,91.5101842433,84.1432160253
10/25/2017,87.29000091552734,87.79040016174316,91.455147516,84.1256528075
10/26/2017,89.37999725341797,87.76910018920898,91.4305025952,84.1076977832
10/27/2017,87.11000061035156,87.7635001373291,91.4220050158,84.1049952588
10/30/2017,85.79000091552734,87.73530014038086,91.3878603511,84.0827399297
10/31/2017,89.2699966430664,87.68300018310546,91.325583111,84.0404172552
11/01/2017,89.23999786376953,87.71560012817383,91.3576522946,84.0735479617
11/02/2017,88.5999984741211,87.74160011291504,91.3851611045,84.0980391214
11/03/2017,87.01000213623047,87.72710006713868,91.3643253398,84.0898747945
11/06/2017,87.8499984741211,87.7192000579834,91.3571162774,84.0812838385
11/07/2017,86.08999633789062,87.72460006713867,91.3623056455,84.0868944887
11/08/2017,87.12000274658203,87.71430000305176,91.3551597502,84.0734402559
11/09/2017,87.62999725341797,87.69910003662109,91.3392362096,84.0589638636
11/10/2017,88.91999816894531,87.69309997558594,91.3328505887,84.0533493625
11/13/2017,88.44000244140625,87.67199996948243,91.2984366739,84.0455632651
11/14/2017,91.58000183105469,87.65389999389649,91.2719316408,84.035868347
11/15/2017,90.36000061035156,87.63630004882812,91.2308332703,84.0417668274
11/16/2017,91.20999908447266,87.61330001831055,91.1828867656,84.043713271
11/17/2017,91.30000305175781,87.60690002441406,91.169451763,84.0443482858
11/20/2017,90.87999725341797,87.58320007324218,91.1130714181,84.0533287284
11/21/2017,92.3499984741211,87.57550003051757,91.0973223424,84.0536777187
11/22/2017,92.91000366210938,87.61300003051758,91.1653638252,84.0606362359
11/24/2017,92.77999877929688,87.6892000579834,91.272508768,84.105891348
11/27/2017,86.55000305175781,87.75290000915527,91.3693682462,84.1364317721
11/28/2017,86.88999938964844,87.75720001220704,91.3719794101,84.1424206143
11/29/2017,81.0,87.75669998168945,91.3715958441,84.1418041193
11/30/2017,78.86000061035156,87.67400001525878,91.3474537158,84.0005463147
12/01/2017,79.36000061035156,87.5451000213623,91.2985484329,83.7916516098
12/04/2017,77.11000061035156,87.39740005493164,91.1793188148,83.6154812951
12/05/2017,78.55999755859375,87.24050003051758,91.1192519652,83.3617480959
12/06/2017,77.86000061035156,87.08169998168945,90.9874242419,83.1759757215
12/07/2017,78.3499984741211,86.91459999084472,90.853687532,82.9755124497
12/08/2017,81.47000122070312,86.75540000915527,90.7156489174,82.7951511009
12/11/2017,81.19999694824219,86.62529998779297,90.5431188752,82.7074811004
12/12/2017,81.7699966430664,86.48719993591308,90.3500408645,82.6243590073
12/13/2017,83.62999725341797,86.3566999053955,90.1557358795,82.5576639313
12/14/2017,82.63999938964844,86.24679985046387,89.9632664042,82.5303332967
12/15/2017,81.62000274658203,86.13569984436035,89.7917756648,82.4796240239
12/18/2017,83.62000274658203,86.02229988098145,89.6406193051,82.4039804569
12/19/2017,84.23999786376953,85.93949989318848,89.5168754907,82.3621242957
12/20/2017,82.7699966430664,85.93219985961915,89.5122901755,82.3521095437
12/21/2017,80.83000183105469,85.90869979858398,89.5017337627,82.3156658345
12/22/2017,80.68000030517578,85.86029983520508,89.4886482827,82.2319513877
12/26/2017,80.0,85.82339981079102,89.4853249907,82.1614746309
12/27/2017,80.95999908447266,85.77829978942871,89.4836380642,82.0729615147
12/28/2017,80.63999938964844,85.77619979858399,89.4842077677,82.0681918295
12/29/2017,79.52999877929688,85.77289978027343,89.4853278681,82.0604716924
01/02/2018,81.37999725341797,85.7547998046875,89.4931184773,82.0164811321
01/03/2018,82.66999816894531,85.75869979858399,89.4922459529,82.0251536443
01/04/2018,82.16999816894531,85.79349975585937,89.4815993718,82.1054001399
01/05/2018,82.69000244140625,85.81619972229004,89.4748234953,82.1575759493
01/08/2018,81.44000244140625,85.81479972839355,89.4745925187,82.155006938
01/09/2018,80.62000274658203,85.79099975585937,89.4713683612,82.1106311506
01/10/2018,80.91000366210938,85.73869979858398,89.4548449892,82.022554608
01/11/2018,82.25,85.72299980163574,89.4561567266,81.9898428767
01/12/2018,83.12000274658203,85.71349983215332,89.4542660931,81.9727335712
01/16/2018,83.87999725341797,85.70609985351562,89.4512547418,81.9609449652
01/17/2018,85.16000366210938,85.67839981079102,89.4267134114,81.9300862102
01/18/2018,86.4000015258789,85.64689987182618,89.3861908315,81.9076089122
01/19/2018,85.5999984741211,85.61639991760254,89.3369378869,81.8958619483
01/22/2018,86.23999786376953,85.56989990234375,89.2611789113,81.8786208934
01/23/2018,87.33999633789062,85.5266999053955,89.1844525008,81.86894731
01/24/2018,86.97000122070312,85.49939987182617,89.1332509237,81.86554882
01/25/2018,87.98999786376953,85.46609985351563,89.0709484426,81.8612512644
01/26/2018,89.5999984741211,85.46329986572266,89.0660776482,81.8605220833
01/29/2018,87.44999694824219,85.45519981384277,89.0477429393,81.8626566884
01/30/2018,87.08000183105469,85.4346997833252,89.0099108159,81.8594887507
01/31/2018,88.9800033569336,85.40989982604981,88.9649537301,81.854845922
02/01/2018,87.6500015258789,85.41549987792969,88.9757282936,81.8552714622
02/02/2018,85.25,85.42199989318847,88.9857069086,81.8582928778
02/05/2018,81.44999694824219,85.40069992065429,88.9590018058,81.8423980355
02/06/2018,84.25,85.32739990234376,88.8908284964,81.7639713083
02/07/2018,83.70999908447266,85.31249992370606,88.8772869959,81.7477128515
02/08/2018,80.08999633789062,85.2916999053955,88.8597069467,81.7236928641
02/09/2018,80.58999633789062,85.20739990234375,88.7976542051,81.6171455996
02/12/2018,82.33999633789062,85.1214998626709,88.7184340793,81.5245656461
02/13/2018,82.97000122070312,85.04569984436036,88.6205147871,81.4708849017
02/14/2018,83.33000183105469,85.01169982910156,88.5899247158,81.4334749424
02/15/2018,84.54000091552734,84.99009986877441,88.5718899481,81.4083097894
02/16/2018,84.91000366210938,84.97069984436035,88.5496202931,81.3917793956
02/20/2018,86.45999908447266,84.95889991760254,88.5360553425,81.3817444927
02/21/2018,85.66999816894531,84.96069992065429,88.5385648788,81.3828349625
02/22/2018,85.52999877929688,84.93019989013672,88.4888365651,81.3715632152
02/23/2018,89.13999938964844,84.91839988708496,88.4730695595,81.3637302147
02/26/2018,89.22000122070312,84.94579986572266,88.5222776457,81.3693220858
02/27/2018,87.19000244140625,85.00409988403321,88.6021934403,81.4060063278
02/28/2018,87.04000091552734,85.04599990844727,88.64490796,81.4470918569
03/01/2018,87.2699966430664,85.07289993286133,88.6765552677,81.469244598
03/02/2018,88.25,85.10979988098144,88.7168700298,81.5027297322
03/05/2018,89.94999694824219,85.15379989624023,88.7720531529,81.5355466396
03/06/2018,93.80000305175781,85.21059989929199,88.8589905539,81.5622092447
03/07/2018,95.2699966430664,85.28849990844726,89.0349747826,81.5420250343
03/08/2018,97.22000122070312,85.3849998474121,89.2608178996,81.5091817952
03/09/2018,99.55000305175781,85.49959983825684,89.5502909798,81.4489086967
03/12/2018,102.86000061035156,85.61709983825683,89.8967624686,81.337437208
03/13/2018,102.91000366210938,85.7773998260498,90.3869856102,81.1678140419
03/14/2018,103.19999694824219,85.94869987487793,90.863391978,81.0340077717
03/15/2018,102.2300033569336,86.12569984436035,91.3311708769,80.9202288118
03/16/2018,106.44999694824219,86.29319984436034,91.7391331067,80.847266582
03/19/2018,103.16000366210938,86.49359977722168,92.2971208833,80.6900786712
03/20/2018,103.66999816894531,86.64529983520508,92.679630157,80.6109695134
03/21/2018,102.83999633789062,86.80309982299805,93.0697697808,80.5364298652
03/22/2018,100.83000183105469,86.95859977722168,93.4251616068,80.4920379476
03/23/2018,92.33999633789062,87.07309982299805,93.6813399766,80.4648596694
03/26/2018,94.2699966430664,87.12539978027344,93.7543884674,80.4964110931
03/27/2018,92.18000030517578,87.21019973754883,93.8757019485,80.5446975266
03/28/2018,90.80000305175781,87.23929977416992,93.9200657823,80.558533766
03/29/2018,92.2699966430664,87.25489982604981,93.9421376148,80.5676620373
04/02/2018,89.98999786376953,87.29159980773926,93.9961670132,80.5870326023
04/03/2018,91.20999908447266,87.32139976501465,94.0312696537,80.6115298763
04/04/2018,92.51000213623047,87.35499977111816,94.0758362401,80.6341633021
04/05/2018,90.52999877929688,87.41919982910156,94.1582842886,80.6801153696
04/06/2018,87.7699966430664,87.45329978942871,94.1994077086,80.7071918702
04/09/2018,88.55999755859375,87.4546997833252,94.2008587532,80.7085408135
04/10/2018,90.72000122070312,87.45109977722169,94.1965718678,80.7056276866
04/11/2018,89.62999725341797,87.47389976501465,94.2265253112,80.7212742188
04/12/2018,90.5,87.45439971923828,94.1979491064,80.7108503321
04/13/2018,89.93000030517578,87.45579971313477,94.199966676,80.7116327503
04/16/2018,90.5199966430664,87.44299972534179,94.1812413906,80.7047580601
04/17/2018,91.37000274658203,87.43519966125488,94.169422278,80.7009770445
04/18/2018,91.69999694824219,87.44009971618652,94.1770048432,80.7031945892
04/19/2018,89.51000213623047,87.43359970092773,94.1660765576,80.7011228442
04/20/2018,89.55999755859375,87.39959968566895,94.1128919549,80.6863074164
04/23/2018,87.0,87.36739967346192,94.062505535,80.6722938119
04/24/2018,86.43000030517578,87.37189964294434,94.0666058128,80.6771934731
04/25/2018,85.91999816894531,87.3672996520996,94.0624933764,80.6721059278
04/26/2018,87.91000366210938,87.41649963378906,94.0827369634,80.7502623042
04/27/2018,80.87999725341797,87.50699966430665,94.1176598875,80.8963394412
04/30/2018,78.79000091552734,87.5221996307373,94.1158354427,80.9285638188
05/01/2018,79.79000091552734,87.53899963378906,94.1081795704,80.9698196971
05/02/2018,76.7699966430664,87.55129966735839,94.1047887211,80.9978106136
05/03/2018,76.9800033569336,87.54039962768555,94.1108830302,80.9699162252
05/04/2018,77.27999877929688,87.52669967651367,94.1177276247,80.9356717283
05/07/2018,78.5199966430664,87.48479965209961,94.1273147355,80.8422845687
05/08/2018,77.7300033569336,87.45799964904785,94.1311531668,80.7848461313
05/09/2018,78.44999694824219,87.41759971618653,94.1371347488,80.6980646836
05/10/2018,79.04000091552734,87.36579971313476,94.1341220668,80.5974773594
05/11/2018,78.80000305175781,87.32979972839355,94.1326483122,80.5269511446
05/14/2018,81.12000274658203,87.30159973144531,94.1338402213,80.4693592415
05/15/2018,82.9800033569336,87.27659973144532,94.1268161485,80.4263833143
05/16/2018,87.0199966430664,87.26399978637696,94.1209454692,80.4070541035
05/17/2018,86.5199966430664,87.30649978637695,94.1486144142,80.4643851585
05/18/2018,84.75,87.36339973449707,94.1750097197,80.5517897493
05/21/2018,86.52999877929688,87.40409973144531,94.1877561499,80.620443313
05/22/2018,87.87000274658203,87.46939971923828,94.2127789842,80.7260204543
05/23/2018,88.5,87.53849975585938,94.2501516358,80.8268478759
05/24/2018,87.45999908447266,87.61709976196289,94.2934344413,80.9407650826
05/25/2018,86.3499984741211,87.69639976501465,94.3231177342,81.0696817958
05/29/2018,86.48999786376953,87.74609977722167,94.3438326841,81.1483668704
05/30/2018,86.52999877929688,87.78429977416992,94.3635649394,81.2050346089
05/31/2018,83.51000213623047,87.82789978027344,94.3842217705,81.2715777901
06/01/2018,85.87000274658203,87.83609977722168,94.3865007809,81.2856987735
06/04/2018,84.8499984741211,87.88039978027344,94.4023125045,81.358487056
06/05/2018,85.9000015258789,87.92269973754883,94.41101662,81.4343828551
06/06/2018,84.72000122070312,87.97259971618652,94.4258856991,81.5193137333
06/07/2018,82.5999984741211,87.99729972839356,94.433339068,81.5612603888
06/08/2018,82.62000274658203,87.99209968566895,94.4322863049,81.5519130665
06/11/2018,83.0,87.97949974060059,94.4289450906,81.5300543906
06/12/2018,82.12000274658203,87.95789970397949,94.4203556888,81.4954437191
06/13/2018,82.86000061035156,87.91509971618652,94.4018589578,81.4283404746
06/14/2018,82.55000305175781,87.88769973754883,94.389948428,81.3854510471
06/15/2018,80.5999984741211,87.8507997894287,94.3727348758,81.3288647031
06/18/2018,80.2699966430664,87.78339981079101,94.3449717649,81.2218278567
06/19/2018,80.51000213623047,87.71639976501464,94.3200073852,81.1127921448
06/20/2018,80.22000122070312,87.64159980773925,94.2839346139,80.9992650016
06/21/2018,80.88999938964844,87.54779983520508,94.2279391484,80.867660522
06/22/2018,79.68000030517578,87.48219985961914,94.1951072254,80.7692924939
06/25/2018,78.12999725341797,87.40819984436035,94.1657715121,80.6506281766
06/26/2018,78.51000213623047,87.2996997833252,94.1179948306,80.481404736
06/27/2018,77.30000305175781,87.20829978942871,94.0823200198,80.3342795591
06/28/2018,76.93000030517578,87.1287998199463,94.0706459681,80.1869536718
06/29/2018,77.41000366210938,87.08359985351562,94.0768002655,80.0903994415
07/02/2018,78.04000091552734,87.01519989013671,94.0689694638,79.9614303165
07/03/2018,76.87000274658203,86.95849990844727,94.0612281697,79.8557716472
07/05/2018,77.45999908447266,86.92629997253418,94.0672891375,79.7853108076
07/06/2018,77.93000030517578,86.895,94.0704698559,79.7195301441
07/09/2018,79.68000030517578,86.85090003967285,94.0676620878,79.6341379916
07/10/2018,80.08000183105469,86.81800003051758,94.0598351793,79.5761648818
07/11/2018,78.31999969482422,86.78550003051758,94.0501724219,79.5208276391
