05/20/2014,75.69000244140625,0,0,0
05/21/2014,75.66000366210938,0,0,0
05/22/2014,75.38999938964844,0,0,0
05/23/2014,75.61000061035156,0,0,0
05/27/2014,75.58999633789062,0,0,0
05/28/2014,75.52999877929688,0,0,0
05/29/2014,75.9800033569336,0,0,0
05/30/2014,76.7699966430664,0,0,0
06/02/2014,76.76000213623047,0,0,0
06/03/2014,76.70999908447266,0,0,0
06/04/2014,77.12999725341797,0,0,0
06/05/2014,77.31999969482422,0,0,0
06/06/2014,77.20999908447266,0,0,0
06/09/2014,77.01000213623047,0,0,0
06/10/2014,76.62000274658203,0,0,0
06/11/2014,76.16000366210938,0,0,0
06/12/2014,75.7300033569336,0,0,0
06/13/2014,75.27999877929688,0,0,0
06/16/2014,75.33999633789062,0,0,0
06/17/2014,74.98999786376953,0,0,0
06/18/2014,75.69999694824219,0,0,0
06/19/2014,75.87000274658203,0,0,0
06/20/2014,75.68000030517578,0,0,0
06/23/2014,75.79000091552734,0,0,0
06/24/2014,75.97000122070312,0,0,0
06/25/2014,75.62000274658203,0,0,0
06/26/2014,74.91000366210938,0,0,0
06/27/2014,75.33999633789062,0,0,0
06/30/2014,75.06999969482422,0,0,0
07/01/2014,75.27999877929688,0,0,0
07/02/2014,75.62000274658203,0,0,0
07/03/2014,75.75,0,0,0
07/07/2014,76.06999969482422,0,0,0
07/08/2014,76.6500015258789,0,0,0
07/09/2014,77.20999908447266,0,0,0
07/10/2014,77.05999755859375,0,0,0
07/11/2014,76.81999969482422,0,0,0
07/14/2014,76.55000305175781,0,0,0
07/15/2014,76.83999633789062,0,0,0
07/16/2014,76.86000061035156,0,0,0
07/17/2014,76.61000061035156,0,0,0
07/18/2014,77.08999633789062,0,0,0
07/21/2014,76.7699966430664,0,0,0
07/22/2014,76.63999938964844,0,0,0
07/23/2014,76.98999786376953,0,0,0
07/24/2014,76.3499984741211,0,0,0
07/25/2014,75.97000122070312,0,0,0
07/28/2014,75.70999908447266,0,0,0
07/29/2014,75.44000244140625,0,0,0
07/30/2014,74.77999877929688,0,0,0
07/31/2014,73.58000183105469,0,0,0
08/01/2014,73.54000091552734,0,0,0
08/04/2014,73.54000091552734,0,0,0
08/05/2014,73.33999633789062,0,0,0
08/06/2014,74.19999694824219,0,0,0
08/07/2014,73.94999694824219,0,0,0
08/08/2014,74.66999816894531,0,0,0
08/11/2014,74.36000061035156,0,0,0
08/12/2014,74.22000122070312,0,0,0
08/13/2014,74.02999877929688,0,0,0
08/14/2014,74.38999938964844,0,0,0
08/15/2014,73.9000015258789,0,0,0
08/18/2014,74.48999786376953,0,0,0
08/19/2014,74.87999725341797,0,0,0
08/20/2014,74.95999908447266,0,0,0
08/21/2014,75.55000305175781,0,0,0
08/22/2014,75.7300033569336,0,0,0
08/25/2014,75.69000244140625,0,0,0
08/26/2014,75.5199966430664,0,0,0
08/27/2014,75.8499984741211,0,0,0
08/28/2014,75.9000015258789,0,0,0
08/29/2014,75.5,0,0,0
09/02/2014,75.75,0,0,0
09/03/2014,76.01000213623047,0,0,0
09/04/2014,76.55999755859375,0,0,0
09/05/2014,77.51000213623047,0,0,0
09/08/2014,76.52999877929688,0,0,0
09/09/2014,76.73999786376953,0,0,0
09/10/2014,76.51000213623047,0,0,0
09/11/2014,76.0999984741211,0,0,0
09/12/2014,75.7699966430664,0,0,0
09/15/2014,75.80999755859375,0,0,0
09/16/2014,76.31999969482422,0,0,0
09/17/2014,76.23999786376953,0,0,0
09/18/2014,76.22000122070312,0,0,0
09/19/2014,76.83999633789062,0,0,0
09/22/2014,76.30999755859375,0,0,0
09/23/2014,75.5999984741211,0,0,0
09/24/2014,77.08000183105469,0,0,0
09/25/2014,76.12000274658203,0,0,0
09/26/2014,76.48999786376953,0,0,0
09/29/2014,76.08000183105469,0,0,0
09/30/2014,76.47000122070312,0,0,0
10/01/2014,76.12000274658203,0,0,0
10/02/2014,76.2300033569336,0,0,0
10/03/2014,77.31999969482422,0,0,0
10/06/2014,77.3499984741211,0,0,0
10/07/2014,77.30000305175781,0,0,0
10/08/2014,78.23999786376953,0,0,0
10/09/2014,77.86000061035156,0,0,0
10/10/2014,78.29000091552734,75.90759986877441,76.9148557031,74.9003440344
10/13/2014,77.55999755859375,75.93359985351563,76.968091602,74.899108105
10/14/2014,77.9800033569336,75.95259979248047,76.9992684727,74.9059311123
10/15/2014,75.19999694824219,75.97849983215332,77.0428226094,74.9141770549
10/16/2014,73.81999969482422,75.97439979553222,77.0409216727,74.9078779184
10/17/2014,74.0999984741211,75.95669982910157,77.04394054,74.8694591182
10/20/2014,75.13999938964844,75.94239982604981,77.0444617729,74.8403378792
10/21/2014,76.0199966430664,75.93399978637696,77.0389406438,74.829058929
10/22/2014,76.02999877929688,75.92649978637695,77.0282815685,74.8247180042
10/23/2014,76.25,75.91919975280761,77.0178487704,74.8205507353
10/24/2014,76.37999725341797,75.91459976196289,77.0108885725,74.8183109515
10/27/2014,76.58999633789062,75.9070997619629,76.997598246,74.8166012779
10/28/2014,76.3499984741211,75.89979972839356,76.9832360525,74.8163634043
10/29/2014,76.38999938964844,75.89119972229004,76.96759225,74.8148071945
10/30/2014,76.44999694824219,75.88499969482422,76.9567054642,74.8132939255
10/31/2014,76.2699966430664,75.88329963684082,76.953972458,74.8126268157
11/03/2014,76.27999877929688,75.88439956665039,76.9554125333,74.8133866
11/04/2014,77.26000213623047,75.88989952087402,76.9615175175,74.8182815242
11/05/2014,77.69999694824219,75.90969955444336,76.9881359745,74.8312631344
11/06/2014,77.80999755859375,75.93329956054687,77.024754636,74.8418444851
11/07/2014,78.7699966430664,75.96149955749512,77.0645864601,74.8584126549
11/10/2014,79.44000244140625,75.99219955444336,77.129763156,74.8546359529
11/11/2014,79.01000213623047,76.0278995513916,77.2159654522,74.8398336506
11/12/2014,79.19999694824219,76.06119956970215,77.2851728998,74.8372262396
11/13/2014,82.94000244140625,76.0952995300293,77.358126877,74.832472183
11/14/2014,82.95999908447266,76.16499954223633,77.5996484189,74.7303506655
11/17/2014,83.56999969482422,76.23839950561523,77.8231959649,74.6536030463
11/18/2014,83.79000091552734,76.32499946594238,78.063952462,74.5860464699
11/19/2014,84.98999786376953,76.40949951171875,78.2974553956,74.5215436278
11/20/2014,84.58000183105469,76.5086994934082,78.5757852936,74.4416136932
11/21/2014,84.6500015258789,76.60169952392579,78.8154196642,74.3879793836
11/24/2014,85.4000015258789,76.69199951171875,79.043704667,74.3402943565
11/25/2014,84.94999694824219,76.78849952697755,79.2926209786,74.2843780754
11/26/2014,84.9800033569336,76.87729949951172,79.5085875473,74.2460114517
11/28/2014,87.54000091552734,76.96059951782226,79.7124642223,74.2087348133
12/01/2014,86.22000122070312,77.06389953613281,80.0102029482,74.1175961241
12/02/2014,86.4000015258789,77.15549957275391,80.2394345684,74.0715645771
12/03/2014,84.94000244140625,77.25129959106445,80.4692119541,74.033387228
12/04/2014,84.76000213623047,77.33519958496093,80.6418843468,74.0285148232
12/05/2014,84.12000274658203,77.41439964294433,80.8021298759,74.02666941
12/08/2014,84.2300033569336,77.48699966430664,80.9392486292,74.0347506995
12/09/2014,83.55999755859375,77.56319969177247,81.0787659599,74.0476334236
12/10/2014,82.9800033569336,77.6278997039795,81.1933445187,74.0624548893
12/11/2014,83.83000183105469,77.68999977111817,81.2938352927,74.0861642495
12/12/2014,83.80999755859375,77.76189979553223,81.4154504108,74.1083491803
12/15/2014,83.94000244140625,77.83009979248047,81.531939524,74.1282600609
12/16/2014,82.95999908447266,77.90599983215333,81.6542339079,74.1577657564
12/17/2014,84.2300033569336,77.97589981079102,81.7524486133,74.1993510083
12/18/2014,85.94000244140625,78.06109985351563,81.8814214187,74.2407782883
12/19/2014,85.16000366210938,78.16609985351562,82.0565884353,74.2756112718
12/22/2014,86.37999725341797,78.26989990234375,82.2068552049,74.3329445997
12/23/2014,86.66000366210938,78.39789985656738,82.3880149448,74.4077847683
12/24/2014,86.43000030517578,78.5290998840332,82.5726672128,74.4855325553
12/26/2014,86.91000366210938,78.65799987792968,82.7456829287,74.5703168272
12/29/2014,86.63999938964844,78.79369995117187,82.9275700823,74.65982982
12/30/2014,86.79000091552734,78.91809997558593,83.0987733629,74.7374265883
12/31/2014,85.87999725341797,79.04650001525879,83.2695784147,74.8234216158
01/02/2015,85.9000015258789,79.15860000610351,83.4126867378,74.9045132744
01/05/2015,85.6500015258789,79.27400001525879,83.5528007984,74.9951992321
01/06/2015,86.30999755859375,79.38830001831055,83.6832012472,75.0933987894
01/07/2015,88.5999984741211,79.51110000610352,83.8265468863,75.1956531259
01/08/2015,90.47000122070312,79.65319999694825,84.0311805139,75.27521948
01/09/2015,89.3499984741211,79.81889999389648,84.2886086956,75.3491912922
01/12/2015,90.0199966430664,79.9675,84.5040912665,75.4309087335
01/13/2015,89.30999755859375,80.11889999389649,84.735114721,75.5026852668
01/14/2015,86.61000061035156,80.26239997863769,84.9386662585,75.5861336988
01/15/2015,87.37999725341797,80.37299995422363,85.0672610734,75.678738835
01/16/2015,86.7699966430664,80.48949989318848,85.2115673596,75.7674324268
01/20/2015,86.69000244140625,80.60029983520508,85.3384154064,75.862184264
01/21/2015,86.63999938964844,80.71199989318848,85.4606852098,75.9633145766
01/22/2015,88.30000305175781,80.81989990234375,85.5794577627,76.0603420419
01/23/2015,88.51000213623047,80.94389991760254,85.7350877091,76.1527121261
01/26/2015,88.62999725341797,81.07399993896485,85.8921586124,76.2558412655
01/27/2015,87.52999877929688,81.20279991149903,86.0489885965,76.3566112265
01/28/2015,86.81999969482422,81.3179998779297,86.1762873032,76.4597124527
01/29/2015,87.72000122070312,81.42059989929199,86.285655305,76.5555444936
01/30/2015,84.9800033569336,81.52269989013672,86.4116912497,76.6337085305
02/02/2015,85.70999908447266,81.60719993591309,86.4821722523,76.7322276196
02/03/2015,86.19000244140625,81.69689994812012,86.5640081287,76.8297917675
02/04/2015,86.6500015258789,81.79369995117187,86.6529398518,76.9344600505
02/05/2015,87.27999877929688,81.89919998168945,86.7481933247,77.0502066387
02/06/2015,87.33000183105469,82.01430000305176,86.8530340365,77.1755659696
02/09/2015,85.91000366210938,82.12950004577637,86.9562701012,77.3027299904
02/10/2015,87.29000091552734,82.22540008544922,87.0310146645,77.4197855064
02/11/2015,86.33999633789062,82.3359001159668,87.1296431884,77.5421570436
02/12/2015,85.88999938964844,82.43710006713867,87.2074267736,77.6667733606
02/13/2015,85.80999755859375,82.52760009765625,87.2766817001,77.7785184952
02/17/2015,85.95999908447266,82.62260009765625,87.341276457,77.9039237383
02/18/2015,86.29000091552734,82.72620010375977,87.4030993551,78.0493008524
02/19/2015,83.5199966430664,82.8183000946045,87.4737394307,78.1628607585
02/20/2015,84.30000305175781,82.89230003356934,87.4992395088,78.2853605584
02/23/2015,84.5999984741211,82.97040008544921,87.5341390413,78.4066611296
02/24/2015,84.56999969482422,83.05560005187988,87.5691612014,78.5420389023
02/25/2015,83.56999969482422,83.13660003662109,87.6036915061,78.6695085672
02/26/2015,83.80000305175781,83.21110000610352,87.6223252246,78.7998747876
02/27/2015,83.93000030517578,83.28680000305175,87.64217466,78.9314253461
03/02/2015,83.95999908447266,83.35290000915528,87.6671820119,79.0386180065
03/03/2015,83.37000274658203,83.41900001525879,87.691235661,79.1467643696
03/04/2015,82.58000183105469,83.47970001220703,87.7074554086,79.2519446158
03/05/2015,83.56999969482422,83.52310005187988,87.7190006597,79.3271994441
03/06/2015,82.58999633789062,83.58020004272461,87.7373188219,79.4230812635
03/09/2015,82.87999725341797,83.62319999694824,87.7474854519,79.498914542
03/10/2015,82.06999969482422,83.67639999389648,87.7562038543,79.5965961335
03/11/2015,80.69000244140625,83.71729995727539,87.7601260239,79.6744738906
03/12/2015,81.9000015258789,83.77220001220704,87.7354851882,79.8089148362
03/13/2015,81.9000015258789,83.85300003051758,87.6930116325,80.0129884285
03/16/2015,83.29000091552734,83.93100006103515,87.6494051945,80.2125949276
03/17/2015,82.62000274658203,84.01250007629395,87.6251426486,80.399857504
03/18/2015,82.52999877929688,84.0785001373291,87.6037546989,80.5532455758
03/19/2015,81.5199966430664,84.1435001373291,87.5785240888,80.7084761858
03/20/2015,83.23999786376953,84.19620010375976,87.5491639453,80.8432362622
03/23/2015,83.30999755859375,84.26480010986329,87.5260688076,81.0035314121
03/24/2015,83.05000305175781,84.33200012207031,87.5024019936,81.1615982505
03/25/2015,81.31999969482422,84.39900016784668,87.469223398,81.3287769377
03/26/2015,81.88999938964844,84.44830017089843,87.4277634945,81.4688368473
03/27/2015,81.3499984741211,84.5027001953125,87.3836658006,81.62173459
03/30/2015,82.52999877929688,84.55350021362305,87.3318096601,81.7751907671
03/31/2015,82.25,84.61600021362305,87.2752359029,81.9567645243
04/01/2015,80.70999908447266,84.66590019226074,87.2318146367,82.0999857478
04/02/2015,80.7300033569336,84.69600021362305,87.1968529443,82.1951474829
04/06/2015,80.98999786376953,84.72520027160644,87.1617003685,82.2887001747
04/07/2015,80.5,84.74740028381348,87.1392432447,82.3555573229
04/08/2015,81.02999877929688,84.75800025939941,87.1285528876,82.3874476312
04/09/2015,80.83999633789062,84.77820022583008,87.107942025,82.4484584267
04/10/2015,80.6500015258789,84.79460021972656,87.0905442241,82.4986562153
04/13/2015,80.29000091552734,84.77170021057128,87.0972573729,82.4461430483
04/14/2015,80.1500015258789,84.74500022888184,87.1062577121,82.3837427456
04/15/2015,79.73999786376953,84.71080024719238,87.1132367462,82.3083637482
04/16/2015,79.23999786376953,84.6703002166748,87.1215592663,82.219041167
04/17/2015,77.87999725341797,84.6128002166748,87.1226257981,82.1029746353
04/20/2015,78.13999938964844,84.54580017089843,87.1434974287,81.9481029131
04/21/2015,78.02999877929688,84.48070014953613,87.155401495,81.8059988041
04/22/2015,78.43000030517578,84.40700012207031,87.1558653288,81.6581349153
04/23/2015,79.18000030517578,84.34180015563965,87.1536155304,81.5299847809
04/24/2015,79.83999633789062,84.28380012512207,87.1413008586,81.4262993916
04/27/2015,79.37000274658203,84.2068000793457,87.0792253473,81.3343748114
04/28/2015,79.0999984741211,84.13830009460449,87.0433906213,81.2332095679
04/29/2015,77.87999725341797,84.06530006408691,87.0041627459,81.1264373823
04/30/2015,78.05000305175781,83.99470001220703,86.9958428214,80.993557203
05/01/2015,78.5999984741211,83.92760002136231,86.9853595113,80.8698405314
05/04/2015,79.18000030517578,83.8723999786377,86.975673935,80.7691260223
05/05/2015,78.12999725341797,83.82189994812012,86.9598397723,80.6839601239
05/06/2015,77.6500015258789,83.76759994506835,86.956174781,80.5790251092
05/07/2015,78.02999877929688,83.71429992675782,86.9596374458,80.4689624077
05/08/2015,78.52999877929688,83.65629989624023,86.9505115675,80.362088225
05/11/2015,78.0999984741211,83.60349990844726,86.936905989,80.2700938279
05/12/2015,78.95999908447266,83.54509986877441,86.9229599124,80.1672398252
05/13/2015,78.16000366210938,83.50509986877441,86.9132000048,80.0969997328
05/14/2015,78.72000122070312,83.44439987182618,86.8928644187,79.9959353249
05/15/2015,79.23999786376953,83.37219985961914,86.843167159,79.9012325602
05/18/2015,79.91999816894531,83.31299980163574,86.8034006176,79.8225989857
05/19/2015,76.43000030517578,83.24839981079101,86.7412188104,79.7555808112
05/20/2015,75.9000015258789,83.14609977722168,86.6869802577,79.6052192967
05/21/2015,76.11000061035156,83.04079978942872,86.6385721365,79.4430274423
05/22/2015,75.86000061035156,82.93279975891113,86.5746336708,79.2909658471
05/26/2015,74.9000015258789,82.82499977111816,86.5147348552,79.135264687
05/27/2015,75.19000244140625,82.70609977722168,86.4572131338,78.9549864207
05/28/2015,74.83999633789062,82.59919982910156,86.4101845777,78.7882150805
05/29/2015,74.2699966430664,82.48859977722168,86.3621603941,78.6150391603
06/01/2015,74.7300033569336,82.37479972839355,86.3203074481,78.4292920087
06/02/2015,74.52999877929688,82.25899978637695,86.2568983388,78.2611012339
06/03/2015,74.88999938964844,82.1182997894287,86.1380868819,78.098512697
06/04/2015,74.1500015258789,81.96249977111816,85.957420136,77.9675794063
06/05/2015,73.05999755859375,81.81049980163574,85.8106103811,77.8103892221
06/08/2015,72.61000061035156,81.64089981079101,85.6488762332,77.6329233884
06/09/2015,72.47000122070312,81.4738998413086,85.5066912832,77.4411083994
06/10/2015,72.93000030517578,81.33249984741211,85.4300990772,77.2349006176
06/11/2015,72.94000244140625,81.18799987792968,85.3243916562,77.0516080996
06/12/2015,72.43000030517578,81.04969993591308,85.2281347874,76.8712650844
06/15/2015,71.93000030517578,80.90709991455078,85.1336641381,76.680535691
06/16/2015,72.3499984741211,80.75999992370606,85.0401200784,76.479879769
06/17/2015,72.7300033569336,80.60049987792969,84.893838095,76.3071616609
06/18/2015,72.9800033569336,80.44269989013672,84.7324198233,76.152979957
06/19/2015,72.73999786376953,80.28619995117188,84.5598172584,76.012582644
06/22/2015,72.79000091552734,80.1382999420166,84.4145899135,75.8620099705
06/23/2015,72.56999969482422,79.99799995422363,84.2829148546,75.7130850538
06/24/2015,72.37999725341797,79.84649993896484,84.1235318879,75.56946799
06/25/2015,71.86000061035156,79.72049987792968,84.029917974,75.4110817818
06/26/2015,72.12000274658203,79.58199989318848,83.9191689654,75.244830821
06/29/2015,71.41999816894531,79.44129989624024,83.7900233997,75.0925763928
06/30/2015,70.93000030517578,79.28899986267089,83.6492704771,74.9287292482
07/01/2015,71.87999725341797,79.12549987792968,83.4896029571,74.7613967988
07/02/2015,71.86000061035156,78.97099983215332,83.3153478823,74.626651782
07/06/2015,72.52999877929688,78.83049980163574,83.1753571158,74.4856424875
07/07/2015,73.79000091552734,78.68289978027343,82.9883998504,74.3773997101
07/08/2015,73.05999755859375,78.5573998260498,82.8205763333,74.2942233188
07/09/2015,72.77999877929688,78.42909980773926,82.6626275554,74.1955720601
07/10/2015,73.12000274658203,78.29879981994628,82.5035740127,74.0940256272
07/13/2015,73.87999725341797,78.17039985656739,82.3351206288,74.0056790843
07/14/2015,73.79000091552734,78.04629981994628,82.1516980495,73.9409015904
07/15/2015,73.6500015258789,77.9489998626709,82.0387889252,73.8592108001
07/16/2015,73.83000183105469,77.84249984741211,81.9040874403,73.7809122545
07/17/2015,73.38999938964844,77.73479988098144,81.7583875858,73.7112121762
07/20/2015,73.0999984741211,77.62299987792969,81.6102711411,73.6357286148
07/21/2015,72.73999786376953,77.51829986572265,81.4854496464,73.5511500851
07/22/2015,73.16000366210938,77.40769981384277,81.3522870878,73.4631125399
07/23/2015,72.51000213623047,77.29999984741211,81.2119296356,73.3880700592
07/24/2015,71.58000183105469,77.18549987792969,81.0682784329,73.3027213229
07/27/2015,71.37999725341797,77.06759986877441,80.9397832608,73.1954164768
07/28/2015,72.0999984741211,76.95559982299805,80.8286971226,73.0825025234
07/29/2015,72.2300033569336,76.84089981079102,80.6861556394,72.9956439822
07/30/2015,72.16000366210938,76.73729988098144,80.5657907056,72.9088090564
07/31/2015,71.9800033569336,76.63009994506837,80.4351018195,72.8250980706
08/03/2015,72.18000030517578,76.52919998168946,80.3223737652,72.7360261982
08/04/2015,72.25,76.44409996032715,80.2384323055,72.6497676152
08/05/2015,73.51000213623047,76.34759994506835,80.1246201751,72.570579715
08/06/2015,72.79000091552734,76.26369995117187,80.009507019,72.5178928834
08/07/2015,71.25,76.15869995117187,79.8528876003,72.4645123021
08/10/2015,71.4800033569336,76.04499992370606,79.7134551442,72.3765447032
08/11/2015,71.93000030517578,75.93449996948242,79.5722456037,72.2967543352
08/12/2015,72.58000183105469,75.83860000610352,79.4541745028,72.2230255094
08/13/2015,72.11000061035156,75.73200004577637,79.28437856,72.1796215316
08/14/2015,72.37999725341797,75.62000007629395,79.1076608182,72.1323393344
08/17/2015,71.91000366210938,75.51330001831055,78.9346037595,72.0919962772
08/18/2015,69.4800033569336,75.4192000579834,78.808761139,72.029638977
08/19/2015,68.56999969482422,75.29510009765625,78.672636427,71.9175637683
08/20/2015,68.43000030517578,75.16730010986328,78.5550826634,71.7795175563
08/21/2015,66.54000091552734,75.02630012512208,78.3980961456,71.6545041046
08/24/2015,63.95000076293945,74.86920013427735,78.2666524652,71.4717478034
08/25/2015,63.099998474121094,74.70160015106201,78.2180944866,71.1851058155
08/26/2015,64.83000183105469,74.52530010223389,78.1745748065,70.876025398
08/27/2015,66.08000183105469,74.36370014190673,78.0803056139,70.64709467
08/28/2015,64.94000244140625,74.21950016021728,77.9747654527,70.4642348677
08/31/2015,64.7300033569336,74.05860019683838,77.8629911446,70.2542092491
09/01/2015,63.81999969482422,73.8975002670288,77.7520808084,70.0429197257
09/02/2015,64.44000244140625,73.72920024871826,77.6520899616,69.8063105359
09/03/2015,64.86000061035156,73.57070026397705,77.5451678207,69.5962327073
09/04/2015,63.88999938964844,73.41780025482177,77.4301443054,69.4054562043
09/08/2015,66.37999725341797,73.25930027008057,77.3313845769,69.1872159633
09/09/2015,65.12000274658203,73.13070026397705,77.214925197,69.046475331
09/10/2015,64.12000274658203,73.0031003189087,77.1359886655,68.8702119723
09/11/2015,64.6500015258789,72.86290035247802,77.0565058369,68.6692948681
09/14/2015,64.27999877929688,72.72910037994384,76.9689060991,68.4892946608
09/15/2015,64.31999969482422,72.58760036468506,76.8706834669,68.3045172624
09/16/2015,64.69000244140625,72.43900035858154,76.74848452,68.1295161971
09/17/2015,64.47000122070312,72.2875004196167,76.6004372124,67.9745636268
09/18/2015,63.34000015258789,72.13850040435791,76.4615476305,67.8154531783
09/21/2015,63.720001220703125,71.98090042114258,76.3344519687,67.6273488736
09/22/2015,63.59000015258789,71.83930046081542,76.228809733,67.4497911887
09/23/2015,63.720001220703125,71.69470043182373,76.1152958409,67.2741050227
09/24/2015,63.83000183105469,71.54590045928956,75.9819628127,67.1098381058
09/25/2015,63.779998779296875,71.39240047454834,75.8272221249,66.9575788242
09/28/2015,63.65999984741211,71.24890048980713,75.6955380191,66.8022629605
09/29/2015,63.779998779296875,71.10900047302246,75.572092057,66.6459088891
09/30/2015,64.83999633789062,70.96650047302246,75.4338286141,66.499172332
10/01/2015,64.2699966430664,70.8296004486084,75.2727473701,66.3864535271
10/02/2015,64.9800033569336,70.69130043029786,75.121212937,66.2613879236
10/05/2015,65.87000274658203,70.55150047302246,74.9386471719,66.1643537742
10/06/2015,65.68000030517578,70.42860046386718,74.7728176254,66.0843833023
10/07/2015,66.36000061035156,70.29820045471192,74.5869342252,66.0094666842
10/08/2015,66.87999725341797,70.16940048217774,74.3803605499,65.9584404144
10/09/2015,66.69000244140625,70.03900047302245,74.1466324811,65.931368465
10/12/2015,66.93000030517578,69.94160049438477,74.0118416478,65.8713593409
10/13/2015,66.7300033569336,69.85190048217774,73.8885437515,65.8152572129
10/14/2015,60.029998779296875,69.75810050964355,73.7570397056,65.7591613137
10/15/2015,59.33000183105469,69.59980049133301,73.6667998252,65.5328011575
10/16/2015,58.88999938964844,69.44410049438477,73.6022259648,65.285975024
10/19/2015,58.849998474121094,69.28110046386719,73.5292971433,65.0329037844
10/20/2015,58.75,69.1212004852295,73.4571747331,64.7852262374
10/21/2015,58.63999938964844,68.96600051879882,73.3917323933,64.5402686443
10/22/2015,58.900001525878906,68.80510047912598,73.3101242868,64.3000766714
10/23/2015,58.29999923706055,68.6488005065918,73.2230955423,64.0745054709
10/26/2015,58.02000045776367,68.48290050506591,73.1281242355,63.8376767747
10/27/2015,57.47999954223633,68.32160049438477,73.0466029543,63.5965980345
10/28/2015,57.63999938964844,68.16580051422119,72.9878595824,63.343741446
10/29/2015,57.959999084472656,68.01610050201415,72.9293742896,63.1028267145
10/30/2015,57.2400016784668,67.87100048065186,72.8642043355,62.8777966258
11/02/2015,57.61000061035156,67.71410049438477,72.7916701585,62.6365308303
11/03/2015,58.11000061035156,67.56080047607422,72.7092022311,62.412398721
11/04/2015,58.369998931884766,67.41760047912598,72.6273624222,62.2078385361
11/05/2015,58.61000061035156,67.28200046539307,72.5487077437,62.0152931871
11/06/2015,58.779998779296875,67.14460048675537,72.4563343447,61.8328666288
11/09/2015,58.4900016784668,67.005100440979,72.3513846347,61.6588162472
11/10/2015,58.68000030517578,66.86020042419433,72.2388464514,61.481554397
11/11/2015,57.58000183105469,66.7196004486084,72.1264018407,61.3127990565
11/12/2015,56.95000076293945,66.56750045776367,72.0151781187,61.1198227969
11/13/2015,56.41999816894531,66.41130046844482,71.9083411717,60.9142597652
11/16/2015,57.869998931884766,66.2517004776001,71.8045368825,60.6988640727
11/17/2015,59.91999816894531,66.11180046081543,71.6977130119,60.5258879097
11/18/2015,60.93000030517578,65.98980041503906,71.5763856177,60.4032152124
11/19/2015,60.70000076293945,65.88490043640137,71.4670214953,60.3027793775
11/20/2015,60.06999969482422,65.78260044097901,71.3650651069,60.200135775
11/23/2015,60.2599983215332,65.66450046539306,71.2416430794,60.0873578514
11/24/2015,59.91999816894531,65.54850044250489,71.1162026566,59.9807982284
11/25/2015,60.2400016784668,65.42240043640136,70.9733277393,59.8714731335
11/27/2015,59.88999938964844,65.28690044403076,70.7971489742,59.7766519138
11/30/2015,58.84000015258789,65.15520046234131,70.6353965357,59.675004389
12/01/2015,58.9900016784668,65.01580047607422,70.477536345,59.5540646072
12/02/2015,58.349998474121094,64.87450046539307,70.3074476008,59.44155333
12/03/2015,59.040000915527344,64.7192004776001,70.1143369937,59.3240639615
12/04/2015,59.65999984741211,64.5717004776001,69.9182396057,59.2251613495
12/07/2015,60.5,64.43180046081542,69.7216966002,59.1419043214
12/08/2015,59.61000061035156,64.29850044250489,69.5173663087,59.0796345763
12/09/2015,59.130001068115234,64.16070045471191,69.3192699142,59.0021309952
12/10/2015,59.560001373291016,64.02100048065185,69.1244592742,58.9175416871
12/11/2015,59.36000061035156,63.88920051574707,68.9356563418,58.8427446897
12/14/2015,60.38999938964844,63.75120048522949,68.730490696,58.7719102744
12/15/2015,59.63999938964844,63.63000045776367,68.5416653711,58.7183355444
12/16/2015,60.29999923706055,63.51060043334961,68.372428456,58.6487724106
12/17/2015,58.97999954223633,63.39980045318603,68.2069722438,58.5926286626
12/18/2015,58.849998474121094,63.26860046386719,68.0151886208,58.5220123069
12/21/2015,59.54999923706055,63.13480041503906,67.8150108479,58.4545899822
12/22/2015,60.540000915527344,63.008700370788574,67.6133104013,58.4040903403
12/23/2015,61.09000015258789,62.894300346374514,67.41596466,58.3726360328
12/24/2015,60.83000183105469,62.78340034484863,67.2109800572,58.3558206325
12/28/2015,60.75,62.66920036315918,66.9972961385,58.3411045878
12/29/2015,61.61000061035156,62.54160034179687,66.7341812587,58.3490194249
12/30/2015,61.68000030517578,62.42980033874512,66.4947255707,58.3648751068
12/31/2015,61.29999923706055,62.334100341796876,66.301734578,58.3664661056
01/04/2016,61.459999084472656,62.23230030059815,66.0931261728,58.3714744284
01/05/2016,62.91999816894531,62.127600288391115,65.8639788774,58.3912216994
01/06/2016,63.54999923706055,62.03100025177002,65.6177739214,58.4442265821
01/07/2016,65.02999877929688,61.94540023803711,65.3899363595,58.5008641166
01/08/2016,63.540000915527344,61.8719002532959,65.1682264169,58.5755740897
01/11/2016,64.22000122070312,61.78820022583008,64.9312800657,58.6451203859
01/12/2016,63.619998931884766,61.73560020446777,64.7923439498,58.6788564591
01/13/2016,61.91999816894531,61.68610019683838,64.6710041309,58.7011962628
01/14/2016,63.060001373291016,61.62100017547608,64.5280878382,58.7139125128
01/15/2016,61.93000030517578,61.58620018005371,64.4547693705,58.7176309896
01/19/2016,62.560001373291016,61.56600017547608,64.4249488658,58.7070514852
01/20/2016,60.84000015258789,61.560600204467775,64.4171553554,58.7040450536
01/21/2016,61.880001068115234,61.520700187683104,64.3591184256,58.6822819498
01/22/2016,62.689998626708984,61.478700180053714,64.2801770672,58.677223293
01/25/2016,63.45000076293945,61.45620014190674,64.2387588211,58.6736414627
01/26/2016,64.0,61.443400115966796,64.2137870017,58.6730132302
01/27/2016,63.95000076293945,61.44520011901855,64.2171885805,58.6732116575
01/28/2016,64.22000122070312,61.440300102233884,64.2074191589,58.6731810456
01/29/2016,66.36000061035156,61.433900108337404,64.1938332201,58.6739669966
02/01/2016,67.5,61.45860012054443,64.2512621329,58.6659381082
02/02/2016,66.86000061035156,61.46980014801025,64.2843372862,58.6552630098
02/03/2016,66.2699966430664,61.48720012664795,64.3294913438,58.6449089095
02/04/2016,66.41999816894531,61.50870006561279,64.3788206284,58.6385795029
02/05/2016,67.0,61.526400032043455,64.4211900931,58.6316099709
02/08/2016,66.9000015258789,61.55360004425049,64.4866615101,58.6205385784
02/09/2016,65.80999755859375,61.579400062561035,64.5478161957,58.6109839294
02/10/2016,65.79000091552734,61.59060001373291,64.5728122766,58.6083877509
02/11/2016,65.31999969482422,61.603800010681155,64.6016085281,58.6059914933
02/12/2016,66.18000030517578,61.623600006103516,64.6392958394,58.6079041728
02/16/2016,65.9000015258789,61.64819999694824,64.6908099055,58.6055900884
02/17/2016,66.11000061035156,61.67130001068115,64.737244193,58.6053558284
02/18/2016,64.12000274658203,61.695200004577636,64.7862340359,58.6041659732
02/19/2016,64.66000366210938,61.69810001373291,64.7912708574,58.6049291701
02/22/2016,65.62999725341797,61.70690006256103,64.8072249059,58.6065752192
02/23/2016,66.4800033569336,61.72660003662109,64.8454759517,58.6077241216
02/24/2016,67.12000274658203,61.75360008239746,64.9016855225,58.6055146423
02/25/2016,68.04000091552734,61.77640014648438,64.9548661999,58.5979340931
02/26/2016,66.51000213623047,61.814100189208986,65.043863628,58.5843367505
02/29/2016,66.33999633789062,61.82940017700195,65.0776956228,58.5811047312
03/01/2016,66.45999908447266,61.83410011291504,65.08857262,58.5796276058
03/02/2016,66.20999908447266,61.84190010070801,65.1064996764,58.577300525
03/03/2016,66.13999938964844,61.84040008544922,65.1029571662,58.5778430047
03/04/2016,66.77999877929688,61.833000106811525,65.0849401571,58.5810600565
03/07/2016,67.88999938964844,61.83390007019043,65.0871963252,58.5806038152
03/08/2016,68.04000091552734,61.84350006103516,65.1131950585,58.5738050635
03/09/2016,67.52999877929688,61.856600036621096,65.1483960283,58.5648040449
03/10/2016,67.41000366210938,61.93160003662109,65.2660873529,58.5971127203
03/11/2016,67.16999816894531,62.01240005493164,65.3805928864,58.6442072234
03/14/2016,67.36000061035156,62.095200042724606,65.4873057952,58.7030942902
03/15/2016,68.08999633789062,62.180300064086914,65.5965856699,58.7640144583
03/16/2016,67.98999786376953,62.27370002746582,65.7224475251,58.8249525298
03/17/2016,67.44999694824219,62.36720001220703,65.8428064142,58.8915936102
03/18/2016,66.94999694824219,62.452699966430664,65.9470759068,58.958324026
03/21/2016,67.97000122070312,62.53919994354248,66.0367688899,59.0416309971
03/22/2016,67.87000274658203,62.63869995117187,66.1478013559,59.1295985465
03/23/2016,67.45999908447266,62.742599983215335,66.2512380156,59.2339619509
03/24/2016,68.0,62.840799980163574,66.342666742,59.3389332184
03/28/2016,68.12000274658203,62.94119998931885,66.4456174773,59.4367825013
03/29/2016,68.02999877929688,63.05,66.5446055351,59.5553944649
03/30/2016,68.80000305175781,63.15419998168945,66.6403838774,59.668016086
03/31/2016,68.48999786376953,63.26110000610352,66.7548604429,59.7673395693
04/01/2016,69.05999755859375,63.36229999542236,66.8594853755,59.8651146154
04/04/2016,69.0999984741211,63.46679996490479,66.9765263673,59.9570735625
04/05/2016,68.63999938964844,63.56999996185303,67.0921012354,60.0478986883
04/06/2016,69.04000091552734,63.67149993896484,67.1919942583,60.1510056197
04/07/2016,68.22000122070312,63.77509994506836,67.2996147531,60.250585137
04/08/2016,68.05999755859375,63.88149993896484,67.3778784569,60.385121421
04/11/2016,67.4000015258789,63.992599906921384,67.4431739393,60.5420258745
04/12/2016,68.80000305175781,64.10239994049073,67.484273089,60.7205267919
04/13/2016,69.1500015258789,64.21169998168945,67.5668998298,60.8565001336
04/14/2016,68.80000305175781,64.3040000152588,67.6668154876,60.9411845429
04/15/2016,69.05999755859375,64.38270004272461,67.7577016575,61.007698428
04/18/2016,69.86000061035156,64.46630001068115,67.852565701,61.0800343204
04/19/2016,69.7699966430664,64.56420001983642,67.9634435255,61.1649565142
04/20/2016,69.20999908447266,64.65930000305175,68.0698064267,61.2487935794
04/21/2016,68.47000122070312,64.75220001220703,68.158870301,61.3455297234
04/22/2016,68.72000122070312,64.8345000076294,68.2305639481,61.4384360671
04/25/2016,69.47000122070312,64.92280002593994,68.3039157778,61.541684274
04/26/2016,69.30000305175781,65.02910003662109,68.3843064207,61.6738936526
04/27/2016,69.41999816894531,65.132200050354,68.4585312579,61.8058688428
04/28/2016,68.91000366210938,65.24290004730224,68.5255962498,61.9602038448
04/29/2016,66.87000274658203,65.34160007476807,68.5844490653,62.0987510842
05/02/2016,67.58999633789062,65.41370010375977,68.6092322186,62.2181679889
05/03/2016,67.0,65.48460006713867,68.6488245943,62.32037554
05/04/2016,67.19000244140625,65.55850006103516,68.6705268654,62.4464732567
05/05/2016,67.20999908447266,65.63910007476807,68.6873088071,62.5908913424
05/06/2016,68.25,65.71560005187989,68.7057249751,62.7254751287
05/09/2016,68.94999694824219,65.80450004577636,68.7359227781,62.8730773134
05/10/2016,68.79000091552734,65.8901000213623,68.7869405786,62.9932594642
05/11/2016,66.41000366210938,65.98160003662109,68.8235658411,63.1396342321
05/12/2016,66.8499984741211,66.04270008087158,68.8269532732,63.2584468886
05/13/2016,64.94000244140625,66.12140007019043,68.8146457085,63.4281544319
05/16/2016,66.0199966430664,66.18230010986328,68.7775048119,63.5870954078
05/17/2016,65.0999984741211,66.24700008392334,68.7552446163,63.7387555515
05/18/2016,63.150001525878906,66.29260005950928,68.7373227449,63.8478773741
05/19/2016,69.19999694824219,66.31320007324219,68.7224185036,63.9039816429
05/20/2016,69.86000061035156,66.39690002441407,68.7591043119,64.0346957369
05/23/2016,69.5,66.48800003051758,68.805922752,64.1700773091
05/24/2016,70.23999786376953,66.56690002441407,68.8514816466,64.2823184023
05/25/2016,70.4800033569336,66.6525,68.9126071703,64.3923928297
05/26/2016,70.8499984741211,66.74430004119873,68.9713299801,64.5172701023
05/27/2016,70.75,66.83820003509521,69.0382396643,64.6381604059
05/31/2016,70.77999877929688,66.91650005340576,69.1150318836,64.7179682232
06/01/2016,70.5,66.98880004882812,69.1943040424,64.7832960553
06/02/2016,70.94999694824219,67.04350006103516,69.267499162,64.8195009601
06/03/2016,70.87000274658203,67.1176000213623,69.3470715537,64.888128489
06/06/2016,71.05000305175781,67.18410003662109,69.4252973808,64.9429026924
06/07/2016,71.02999877929688,67.25840007781983,69.503365319,65.0134348367
06/08/2016,71.27999877929688,67.34950008392335,69.5605708519,65.1384293159
06/09/2016,71.08999633789062,67.43170005798339,69.6345544139,65.2288457021
06/10/2016,71.13999938964844,67.52330001831055,69.6855490964,65.3610509402
06/13/2016,70.52999877929688,67.60909999847412,69.7427403731,65.4754596239
06/14/2016,70.94999694824219,67.70599998474121,69.7480922967,65.6639076728
06/15/2016,71.12000274658203,67.79669994354248,69.7785493468,65.8148505403
06/16/2016,71.30000305175781,67.88099998474121,69.8227208689,65.9392791006
06/17/2016,70.94999694824219,67.9595000076294,69.8790510012,66.039949014
06/20/2016,71.0999984741211,68.02899997711182,69.9296577811,66.1283421732
06/21/2016,71.45999908447266,68.10049995422364,69.9807435057,66.2202564028
06/22/2016,71.75,68.17289993286133,70.0416839481,66.3041159176
06/23/2016,72.0999984741211,68.2267999267578,70.1200877801,66.3335120734
06/24/2016,71.95999908447266,68.27279991149902,70.2033845861,66.3422152369
06/27/2016,71.5,68.32379989624023,70.2835321601,66.3640676324
06/28/2016,71.51000213623047,68.37609992980957,70.350059566,66.4021402936
06/29/2016,72.45999908447266,68.42699996948242,70.4154355155,66.4385644234
06/30/2016,73.0199966430664,68.48159996032715,70.5047614199,66.4584385008
07/01/2016,72.80999755859375,68.54279991149902,70.6092927776,66.4763070454
07/05/2016,73.13999938964844,68.61279991149902,70.7039480259,66.5216517971
07/06/2016,73.81999969482422,68.68629989624023,70.8059158044,66.5666839881
07/07/2016,73.52999877929688,68.77129989624024,70.9243850232,66.6182147693
07/08/2016,73.83999633789062,68.84479988098144,71.0333329812,66.6562667807
07/11/2016,74.05999755859375,68.92419982910157,71.1481994429,66.7002002153
07/12/2016,73.2699966430664,69.00369979858398,71.2674182103,66.7399813868
07/13/2016,73.62000274658203,69.09519973754882,71.3445455819,66.8458538932
07/14/2016,73.69999694824219,69.18479972839356,71.434145711,66.9354537458
07/15/2016,73.66999816894531,69.2654997253418,71.530571184,67.0004282666
07/18/2016,73.83999633789062,69.33739967346192,71.6268942194,67.0479051276
07/19/2016,73.66000366210938,69.404599609375,71.7264167254,67.0827824934
07/20/2016,73.79000091552734,69.46079963684082,71.8166730667,67.1049262069
07/21/2016,73.5199966430664,69.5335996246338,71.9095599689,67.1576392803
07/22/2016,73.55000305175781,69.60539962768554,71.9922290958,67.2185701596
07/25/2016,73.75,69.67629966735839,72.0739217414,67.2786775933
07/26/2016,73.7300033569336,69.75169967651367,72.1576723271,67.3457270259
07/27/2016,73.31999969482422,69.82759971618653,72.2381533438,67.4170460886
07/28/2016,73.23999786376953,69.8929997253418,72.3086945512,67.4773048995
07/29/2016,72.97000122070312,69.946499710083,72.3764427352,67.516556685
08/01/2016,73.77999877929688,69.99579971313477,72.4365497725,67.5550496538
08/02/2016,73.12999725341797,70.05829971313477,72.5150769691,67.6015224572
08/03/2016,72.94000244140625,70.11549964904785,72.576536258,67.6544630401
08/04/2016,73.30000305175781,70.17319969177247,72.6321405748,67.7142588087
08/05/2016,73.76000213623047,70.23259971618653,72.6946090593,67.7705903731
08/08/2016,73.33999633789062,70.28929977416992,72.7665549679,67.8120445805
08/09/2016,73.54000091552734,70.34279975891113,72.8275795578,67.85801996
08/10/2016,73.94999694824219,70.40369979858399,72.8914617859,67.9159378113
08/11/2016,73.80000305175781,70.47369979858398,72.9617796418,67.9856199553
08/12/2016,73.88999938964844,70.53199981689453,73.0290180951,68.0349815387
08/15/2016,73.31999969482422,70.5921997833252,73.0968705348,68.0875290319
08/16/2016,72.88999938964844,70.65079978942872,73.1500484213,68.1515511576
08/17/2016,72.93000030517578,70.6996997833252,73.1944393023,68.2049602643
08/18/2016,74.30000305175781,70.74779975891113,73.2387043529,68.256895165
08/19/2016,72.80999755859375,70.81049980163574,73.3110980224,68.3099015809
08/22/2016,72.69999694824219,70.8505997467041,73.350788219,68.3504112744
08/23/2016,71.97000122070312,70.89269973754882,73.3882253886,68.3971740865
08/24/2016,72.2300033569336,70.92179977416993,73.4127472395,68.4308523088
08/25/2016,71.22000122070312,70.95309982299804,73.4406214709,68.4655781751
08/26/2016,71.13999938964844,70.97889984130859,73.4556530254,68.5021466572
08/29/2016,71.4000015258789,70.9998998260498,73.4690153713,68.5307842808
08/30/2016,71.30999755859375,71.03169982910157,73.4852366205,68.5781630377
08/31/2016,71.44000244140625,71.06419982910157,73.4996157873,68.628783871
09/01/2016,72.83999633789062,71.10459983825683,73.5122475518,68.6969521247
09/02/2016,72.5,71.14499977111817,73.547527545,68.7424719972
09/06/2016,73.0,71.17849975585938,73.5763274252,68.7806720865
09/07/2016,72.05999755859375,71.2204997253418,73.6130756802,68.8279237704
09/08/2016,71.83000183105469,71.2504997253418,73.6345906569,68.8664087938
09/09/2016,70.30000305175781,71.27019973754882,73.6508561236,68.8895433515
09/12/2016,71.94000244140625,71.27549980163575,73.6533987609,68.8976008423
09/13/2016,71.45999908447266,71.30279983520508,73.6724856528,68.9331140176
09/14/2016,71.5199966430664,71.33269981384278,73.6852551271,68.9801445006
09/15/2016,72.4000015258789,71.36069976806641,73.6986093826,69.0227901535
09/16/2016,72.87000274658203,71.38999977111817,73.7223841621,69.0576153802
09/19/2016,72.08999633789062,71.42569976806641,73.7531373467,69.0982621894
09/20/2016,71.97000122070312,71.45239974975586,73.7719767163,69.1328227832
09/21/2016,72.19000244140625,71.4829997253418,73.7889794043,69.1770200464
09/22/2016,72.2699966430664,71.53619972229004,73.7960477608,69.2763516838
09/23/2016,72.3499984741211,71.5829997253418,73.8088438988,69.3571555519
09/26/2016,71.62000274658203,71.636499710083,73.8153443677,69.4576550525
09/27/2016,72.33000183105469,71.68079971313476,73.8133312823,69.5482681439
09/28/2016,71.79000091552734,71.73199974060059,73.8175220977,69.6464773835
09/29/2016,70.7300033569336,71.76739974975585,73.8233522689,69.7114472306
09/30/2016,72.12000274658203,71.78519981384278,73.8243192919,69.7460803357
10/03/2016,72.01000213623047,71.81849983215332,73.8355045719,69.8014950924
10/04/2016,71.75,71.87449981689453,73.816926275,69.9320733588
10/05/2016,71.66999816894531,71.92349983215333,73.7992179368,70.0477817275
10/06/2016,69.36000061035156,71.9907997894287,73.7305524721,70.2510471067
10/07/2016,68.69999694824219,72.02419982910156,73.6789898385,70.3694098197
10/10/2016,67.9800033569336,72.06019981384277,73.599060295,70.5213393327
10/11/2016,67.38999938964844,72.10849983215331,73.4269543761,70.7900452882
10/12/2016,67.45999908447266,72.09039985656739,73.4600871747,70.7207125385
10/13/2016,68.2300033569336,72.0663998413086,73.494729864,70.6380698186
10/14/2016,68.44999694824219,72.05369987487794,73.5101615678,70.5972381819
10/17/2016,68.22000122070312,72.03579986572265,73.5250721211,70.5465276103
10/18/2016,68.87000274658203,72.01319984436036,73.5425197112,70.4838799776
10/19/2016,68.88999938964844,71.99339988708496,73.5502215603,70.4365782138
10/20/2016,68.7300033569336,71.97479988098145,73.5572657655,70.3923339964
10/21/2016,68.33999633789062,71.95429992675781,73.5651349822,70.3434648713
10/24/2016,69.19000244140625,71.93269989013672,73.5770249905,70.2883747898
10/25/2016,69.36000061035156,71.91509994506836,73.5791498602,70.25105003
10/26/2016,69.58999633789062,71.89999992370605,73.5802371551,70.2197626923
10/27/2016,69.83000183105469,71.88539985656739,73.5792476097,70.1915521035
10/28/2016,69.98999786376953,71.87339988708496,73.5774848943,70.1693148799
10/31/2016,70.0199966430664,71.86049987792968,73.5738854401,70.1471143158
11/01/2016,69.30000305175781,71.84979988098145,73.5712856809,70.1283140811
11/02/2016,69.44999694824219,71.83139991760254,73.5701210775,70.0926787577
11/03/2016,69.62999725341797,71.82059989929199,73.570688178,70.0705116206
11/04/2016,69.16000366210938,71.80739990234375,73.5689454306,70.0458543741
11/07/2016,69.77999877929688,71.78779991149902,73.5676932814,70.0079065416
11/08/2016,69.79000091552734,71.77259986877442,73.5630530413,69.9821466962
11/09/2016,71.0999984741211,71.76099990844726,73.5604798985,69.9615199184
11/10/2016,71.38999938964844,71.76099990844726,73.5604798985,69.9615199184
11/11/2016,71.2300033569336,71.76029991149902,73.5599104648,69.9606893582
11/14/2016,70.48999786376953,71.75509994506837,73.555483845,69.9547160451
11/15/2016,71.41999816894531,71.73899993896484,73.543421802,69.9345780759
11/16/2016,71.38999938964844,71.73359992980957,73.5381603513,69.9290395083
11/17/2016,69.19000244140625,71.73249992370606,73.5372359235,69.9277639239
11/18/2016,68.54000091552734,71.70929992675781,73.5315736907,69.8870261628
11/21/2016,69.37000274658203,71.67009994506836,73.5177887993,69.8224110908
11/22/2016,70.12000274658203,71.63360000610352,73.4902917191,69.7769082932
11/23/2016,70.83000183105469,71.6067000579834,73.4656382399,69.747761876
11/25/2016,71.2300033569336,71.58360008239747,73.4376874828,69.729512682
11/28/2016,71.19000244140625,71.55770011901855,73.3984077967,69.7169924414
11/29/2016,71.37000274658203,71.53430015563964,73.3646306154,69.7039696959
11/30/2016,70.43000030517578,71.50960021972656,73.325256325,69.6939441144
12/01/2016,70.66999816894531,71.47330024719238,73.2738278084,69.672772686
12/02/2016,70.87999725341797,71.44730026245117,73.2404525879,69.654147937
12/05/2016,69.94000244140625,71.41990020751953,73.2005339333,69.6392664817
12/06/2016,70.36000061035156,71.38230026245117,73.1540664073,69.6105341176
12/07/2016,70.5999984741211,71.34920028686524,73.1087954143,69.5896051595
12/08/2016,70.33999633789062,71.31680030822754,73.0599863676,69.5736142488
12/09/2016,70.08000183105469,71.28360023498536,73.0134068234,69.5537936466
12/12/2016,71.66999816894531,71.24650024414062,72.961877891,69.5311225973
12/13/2016,71.80000305175781,71.22800025939941,72.9286718526,69.5273286662
12/14/2016,71.33999633789062,71.21050025939941,72.8961255203,69.5248749985
12/15/2016,71.08000183105469,71.18640022277832,72.8526621504,69.5201382951
12/16/2016,70.9800033569336,71.15990020751953,72.8064543663,69.5133460487
12/19/2016,71.58000183105469,71.13650024414062,72.7687552397,69.5042452486
12/20/2016,71.81999969482422,71.11990028381348,72.7390669602,69.5007336074
12/21/2016,71.23999786376953,71.10840026855469,72.718444098,69.4983564391
12/22/2016,69.58999633789062,71.08300025939941,72.6705753806,69.4954251382
12/23/2016,69.54000091552734,71.04760025024414,72.6285905238,69.4666099767
12/27/2016,69.69999694824219,71.01360023498535,72.5900807902,69.4371196798
12/28/2016,69.30999755859375,70.9776001739502,72.5425200103,69.4126803376
12/29/2016,69.26000213623047,70.93310012817383,72.4814493194,69.3847509369
12/30/2016,69.12000274658203,70.89230018615723,72.430409954,69.3541904183
01/03/2017,68.66000366210938,70.84810020446777,72.3729396092,69.3232607997
01/04/2017,69.05999755859375,70.79520027160645,72.3031780029,69.2872225403
01/05/2017,69.20999908447266,70.7478002166748,72.2349353686,69.2606650648
01/06/2017,68.26000213623047,70.70100021362305,72.1619228284,69.2400775988
01/09/2017,68.70999908447266,70.65040023803711,72.1073585979,69.1934418782
01/10/2017,68.2300033569336,70.60860023498535,72.0606587547,69.1565417152
01/11/2017,68.52999877929688,70.56160026550293,72.0138238006,69.1093767304
01/12/2017,67.97000122070312,70.50390022277833,71.920636399,69.0871640466
01/13/2017,67.12999725341797,70.45550025939941,71.875297579,69.0357029398
01/17/2017,68.41999816894531,70.39980026245117,71.8395689896,68.9600315353
01/18/2017,68.11000061035156,70.3643002319336,71.8086736561,68.9199268078
01/19/2017,67.62000274658203,70.32310020446778,71.7724198147,68.8737805943
01/20/2017,67.18000030517578,70.28710021972657,71.7582407222,68.8159597173
01/23/2017,66.6500015258789,70.24750022888183,71.7481509369,68.7468495209
01/24/2017,67.4000015258789,70.20000022888183,71.7381269058,68.661873552
01/25/2017,66.88999938964844,70.16090026855468,71.7198691117,68.6019314254
01/26/2017,66.7300033569336,70.11540023803711,71.7025172795,68.5282831966
01/27/2017,65.66000366210938,70.05430030822754,71.6529191443,68.4556814721
01/30/2017,66.41999816894531,69.98590034484863,71.6242493884,68.3475513013
01/31/2017,66.73999786376953,69.92010032653809,71.5681799854,68.2720206677
02/01/2017,66.2300033569336,69.86690032958984,71.5308339933,68.2029666658
02/02/2017,66.69999694824219,69.81090034484863,71.501838475,68.1199622147
02/03/2017,66.5,69.77490028381348,71.4931437882,68.0566567794
02/06/2017,66.4000015258789,69.72050025939942,71.4553704052,67.9856301136
02/07/2017,66.88999938964844,69.66990028381348,71.4269468461,67.9128537215
02/08/2017,67.80999755859375,69.62360031127929,71.3922491908,67.8549514317
02/09/2017,69.08000183105469,69.57770027160645,71.3332114672,67.822189076
02/10/2017,68.0199966430664,69.53980026245117,71.2644647599,67.815135765
02/13/2017,67.7699966430664,69.49910026550293,71.2110798708,67.7871206602
02/14/2017,68.66000366210938,69.45710021972656,71.159438213,67.7547622265
02/15/2017,68.69000244140625,69.42180023193359,71.1035774579,67.7400230059
02/16/2017,68.87000274658203,69.38600028991699,71.0447124573,67.7272881226
02/17/2017,69.37000274658203,69.3512003326416,70.983660041,67.7187406243
02/21/2017,71.44999694824219,69.3287003326416,70.9451616965,67.7122389688
02/22/2017,71.70999908447266,69.31990028381348,70.9223330551,67.7174675126
02/23/2017,71.30999755859375,69.31910026550293,70.9203191443,67.7178813867
02/24/2017,72.38999938964844,69.32490020751953,70.9322578228,67.7175425922
02/27/2017,71.73999786376953,69.3276001739502,70.9398698665,67.7153304814
02/28/2017,70.93000030517578,69.32490013122559,70.9328958074,67.716904455
03/01/2017,70.44999694824219,69.31670013427734,70.9143656896,67.719034579
03/02/2017,70.76000213623047,69.30450012207031,70.8887506978,67.7202495464
03/03/2017,70.02999877929688,69.3185001373291,70.9093514642,67.7276488104
03/06/2017,69.87999725341797,69.33180015563966,70.9229845871,67.7406157242
03/07/2017,69.87000274658203,69.3508000946045,70.9370656941,67.7645344951
03/08/2017,69.80000305175781,69.37560012817383,70.9503610085,67.8008392478
03/09/2017,69.86000061035156,69.39900016784668,70.9624675238,67.8355328119
03/10/2017,70.0999984741211,69.41530014038086,70.9749873407,67.8556129401
03/13/2017,69.94999694824219,69.43180015563965,70.9899150191,67.8736852921
03/14/2017,70.72000122070312,69.44910011291503,71.003263345,67.8949368809
03/15/2017,70.58000183105469,69.46760009765624,71.0257655129,67.9094346825
03/16/2017,70.44000244140625,69.48450012207032,71.0454716147,67.9235286295
03/17/2017,69.88999938964844,69.50160011291504,71.0635785968,67.939621629
03/20/2017,69.9800033569336,69.51710014343261,71.0751604246,67.9590398622
03/21/2017,69.9000015258789,69.5250001525879,71.0833846669,67.9666156383
03/22/2017,70.25,69.53040016174316,71.089139122,67.9716612015
03/23/2017,69.86000061035156,69.53700019836425,71.0973739702,67.9766264265
03/24/2017,69.61000061035156,69.53730018615722,71.0977331424,67.9768672299
03/27/2017,69.66000366210938,69.53350021362304,71.0932886842,67.9737117431
03/28/2017,70.31999969482422,69.52990028381348,71.0889770481,67.9708235195
03/29/2017,70.73999786376953,69.54010025024414,71.1009751206,67.9792253799
03/30/2017,71.58999633789062,69.55300025939941,71.1184012647,67.9875992541
03/31/2017,72.08000183105469,69.57260025024414,71.1510584831,67.9941420174
04/03/2017,71.83000183105469,69.6018002319336,71.1992500813,68.0043503826
04/04/2017,72.01000213623047,69.62230026245118,71.2349865452,68.0096139797
04/05/2017,71.6500015258789,69.6445002746582,71.2745291619,68.0144713874
04/06/2017,71.43000030517578,69.65000030517578,71.2858485639,68.0141520465
04/07/2017,72.9000015258789,69.65040031433105,71.286678835,68.0141217936
04/10/2017,73.05999755859375,69.66710029602051,71.3277556277,68.0064449644
04/11/2017,73.43000030517578,69.69280029296876,71.3855677179,68.000032868
04/12/2017,73.44000244140625,69.71290031433105,71.4376878544,67.9881127743
04/13/2017,73.1500015258789,69.73340034484863,71.4898906229,67.9769100668
04/17/2017,73.48999786376953,69.77300033569335,71.5611470749,67.9848535965
04/18/2017,73.88999938964844,69.82250030517578,71.6440316237,68.0009689866
04/19/2017,74.06999969482422,69.86770027160645,71.7329968312,68.002403712
04/20/2017,74.80000305175781,69.90720024108887,71.8186728793,67.9957276029
04/21/2017,74.94000244140625,69.9469002532959,71.9174410728,67.9763594338
04/24/2017,74.77999877929688,69.98400024414063,72.0124237381,67.9555767502
04/25/2017,75.05000305175781,70.01990020751953,72.1004493345,67.9393510805
04/26/2017,75.43000030517578,70.0567002105713,72.1926126637,67.9207877575
04/27/2017,75.44000244140625,70.10670021057129,72.3082796474,67.9051207737
04/28/2017,75.18000030517578,70.1544002532959,72.4184552004,67.8903453062
05/01/2017,75.2300033569336,70.19740028381348,72.5150278315,67.8797727361
05/02/2017,75.5199966430664,70.25030029296875,72.6212088613,67.8793917247
05/03/2017,75.76000213623047,70.3019002532959,72.7300933136,67.873707193
05/04/2017,76.33999633789062,70.353500289917,72.8415676343,67.8654329455
05/05/2017,76.5,70.413500289917,72.9718705986,67.8551299813
05/08/2017,76.12000274658203,70.47770027160645,73.1064793748,67.8489211684
05/09/2017,76.72000122070312,70.52220031738281,73.2078360613,67.8365645735
05/10/2017,76.69999694824219,70.57140029907227,73.3242203572,67.8185802409
05/11/2017,76.12999725341797,70.62500030517577,73.4436586531,67.8063419573
05/12/2017,75.70999908447266,70.67550025939941,73.5466088061,67.8043917127
05/15/2017,76.29000091552734,70.7228002166748,73.6371717722,67.8084286611
05/16/2017,75.11000061035156,70.76990020751953,73.7353567398,67.8044436752
05/17/2017,75.12000274658203,70.80280021667481,73.7978273718,67.8077730615
05/18/2017,77.54000091552734,70.84160026550293,73.8670181168,67.8161824142
05/19/2017,78.7699966430664,70.9211003112793,74.0162341544,67.8259664682
05/22/2017,78.55000305175781,71.01340026855469,74.2021792834,67.8246212537
05/23/2017,78.48999786376953,71.10190032958984,74.3747023213,67.8290983379
05/24/2017,78.1500015258789,71.1937003326416,74.5428101148,67.8445905505
05/25/2017,78.30999755859375,71.28260032653809,74.6965631997,67.8686374533
05/26/2017,78.12999725341797,71.3745002746582,74.8521103354,67.8968902139
05/30/2017,78.1500015258789,71.46920021057129,75.0001329673,67.9382674538
05/31/2017,78.5999984741211,71.56010025024415,75.1444428404,67.9757576601
06/01/2017,79.80999755859375,71.65400024414062,75.2980455937,68.0099548946
06/02/2017,79.62000274658203,71.76950019836426,75.4864528427,68.052547554
06/05/2017,80.26000213623047,71.87860023498536,75.6636408655,68.0935596045
06/06/2017,78.93000030517578,71.99890022277832,75.8565441765,68.141256269
06/07/2017,79.1500015258789,72.10290023803711,76.0055492848,68.2002511913
06/08/2017,78.93000030517578,72.21470024108886,76.1572854544,68.2721150278
06/09/2017,79.41999816894531,72.33270027160644,76.2978565941,68.3675439491
06/12/2017,79.23999786376953,72.44270027160644,76.4501396285,68.4352609147
06/13/2017,79.5199966430664,72.55400024414062,76.5939869022,68.5140135861
06/14/2017,79.9000015258789,72.67300018310547,76.7410634762,68.60493689
06/15/2017,78.91000366210938,72.8002001953125,76.8933070986,68.7070932921
06/16/2017,75.23999786376953,72.9228002166748,77.0134653097,68.8321351236
06/19/2017,75.5,73.00120018005371,77.0602733926,68.9421269675
06/20/2017,75.54000091552734,73.08730018615722,77.1069561899,69.0676441825
06/21/2017,76.23999786376953,73.17540016174317,77.1510608567,69.1997394668
06/22/2017,75.5199966430664,73.28120010375977,77.1957613919,69.3666388156
06/23/2017,74.83999633789062,73.37220008850097,77.2315873794,69.5128127976
06/26/2017,75.5,73.45320007324219,77.2571444023,69.6492557442
06/27/2017,76.01000213623047,73.54590003967286,77.2850907765,69.8067093029
06/28/2017,76.51000213623047,73.63900009155273,77.3220604829,69.9559397002
06/29/2017,75.93000030517578,73.73910011291504,77.3623151406,70.1158850853
06/30/2017,75.68000030517578,73.83440010070801,77.3879872749,70.2808129265
07/03/2017,75.36000061035156,73.92230010986329,77.4111496024,70.4334506173
07/05/2017,75.31999969482422,73.99780014038086,77.4348683576,70.5607319232
07/06/2017,75.47000122070312,74.06020011901856,77.4639008824,70.6564993556
07/07/2017,75.33000183105469,74.13470016479492,77.4865151121,70.7828852175
07/10/2017,73.2300033569336,74.21030021667481,77.5024334195,70.9181670139
07/11/2017,73.47000122070312,74.25600021362305,77.5021678673,71.0098325599
07/12/2017,73.94000244140625,74.30380020141601,77.5025021615,71.1050982413
07/13/2017,75.05000305175781,74.35450019836426,77.5065131552,71.2024872415
07/14/2017,76.33999633789062,74.41130020141601,77.5239107671,71.2986896358
07/17/2017,76.37000274658203,74.4602001953125,77.5643037442,71.3560966464
07/18/2017,76.19999694824219,74.5068002319336,77.6042386373,71.4093618265
07/19/2017,75.87000274658203,74.55570022583008,77.6408594022,71.4705410494
07/20/2017,76.0199966430664,74.59050025939942,77.6706573027,71.5103432161
07/21/2017,76.1500015258789,74.63330024719238,77.7032703663,71.563330128
07/24/2017,76.88999938964844,74.68550025939942,77.7363773815,71.6346231373
07/25/2017,78.5199966430664,74.74990028381347,77.7785810416,71.7212195261
07/26/2017,78.9000015258789,74.82750022888183,77.8523686184,71.8026318393
07/27/2017,79.77999877929688,74.91620025634765,77.9291147168,71.9032857959
07/28/2017,79.80999755859375,75.01520027160645,78.0236524478,72.0067480954
07/31/2017,79.98999786376953,75.11460021972657,78.1156124459,72.1135879936
08/01/2017,80.5,75.21650016784668,78.2083117216,72.2246886141
08/02/2017,80.52999877929688,75.32290016174316,78.3115199509,72.3342803726
08/03/2017,80.87000274658203,75.42720016479493,78.4137234768,72.4406768527
08/04/2017,80.4800033569336,75.53640022277833,78.5202970523,72.5525033932
08/07/2017,81.27999877929688,75.63400024414062,78.6183811936,72.6496192947
08/08/2017,81.58999633789062,75.74100021362305,78.7340629682,72.747937459
08/09/2017,81.61000061035156,75.8525001525879,78.8536822862,72.851318019
08/10/2017,80.66000366210938,75.96970016479492,78.9645845229,72.9748158067
08/11/2017,80.4000015258789,76.07650016784667,79.0462056866,73.1067946491
08/14/2017,80.69999694824219,76.18150016784668,79.1163870742,73.2466132615
08/15/2017,80.7699966430664,76.2860001373291,79.1937453288,73.3782549458
08/16/2017,80.9800033569336,76.39510009765625,79.2641080873,73.526092108
08/17/2017,79.69999694824219,76.50880012512206,79.3315854122,73.686014838
08/18/2017,79.30999755859375,76.6092000579834,79.3643432252,73.8540568907
08/21/2017,79.70999908447266,76.69910003662109,79.3935637171,74.0046363562
08/22/2017,80.0199966430664,76.78880004882812,79.4322134816,74.145386616
08/23/2017,79.95999908447266,76.87310005187989,79.4835901975,74.2626099063
08/24/2017,78.33999633789062,76.95190002441406,79.5353088027,74.3684912462
08/25/2017,78.62999725341797,77.01699996948243,79.5520921996,74.4819077393
08/28/2017,78.02999877929688,77.0831999206543,79.5727033874,74.5936964539
08/29/2017,78.7699966430664,77.14699989318848,79.5774987941,74.7165009922
08/30/2017,78.54000091552734,77.22039985656738,79.5871355187,74.8536641944
08/31/2017,78.06999969482422,77.27679985046387,79.606823839,74.9467758619
09/01/2017,78.37000274658203,77.32689987182617,79.6192740166,75.0345257271
09/05/2017,79.80000305175781,77.37629989624024,79.6371761049,75.1154236876
09/06/2017,80.08000183105469,77.43989990234375,79.6784966198,75.2013031849
09/07/2017,80.12000274658203,77.5091999053955,79.7210276279,75.2973721829
09/08/2017,78.87999725341797,77.57549995422363,79.7651139024,75.3858860061
09/11/2017,79.08000183105469,77.62539993286133,79.7871370172,75.4636628485
09/12/2017,79.61000061035156,77.67549995422364,79.8121672582,75.5388326502
09/13/2017,79.86000061035156,77.72359992980957,79.8491049672,75.5980948924
09/14/2017,79.68000030517578,77.77279991149902,79.8902297107,75.6553701123
09/15/2017,80.37999725341797,77.82179992675782,79.9260607234,75.7175391301
09/18/2017,80.0,77.87509986877441,79.9759777265,75.7742220111
09/19/2017,80.05000305175781,77.92079986572266,80.0176942766,75.8239054549
09/20/2017,80.5,77.96689987182617,80.0594180828,75.8743816609
09/21/2017,80.01000213623047,78.02009986877441,80.1087118706,75.931487867
09/22/2017,79.52999877929688,78.06789985656738,80.146785611,75.9890141021
09/25/2017,79.1500015258789,78.10799987792969,80.1759982322,76.0400015237
09/26/2017,79.38999938964844,78.14189987182617,80.1988866788,76.0849130649
09/27/2017,79.29000091552734,78.17239990234376,80.2250502459,76.1197495588
09/28/2017,78.94999694824219,78.20029991149903,80.2489863512,76.1516134718
09/29/2017,78.13999938964844,78.22859985351562,80.2678789749,76.1893207321
10/02/2017,78.44999694824219,78.24279983520508,80.2764609421,76.2091387283
10/03/2017,79.22000122070312,78.26029983520507,80.2881307321,76.2324689383
10/04/2017,79.08999633789062,78.29119987487793,80.3098557917,76.272543958
10/05/2017,79.41000366210938,78.32499984741212,80.3283929829,76.321606712
10/06/2017,79.0,78.35619987487793,80.351938019,76.3604617308
10/09/2017,80.52999877929688,78.39509986877441,80.3649283434,76.4252713941
10/10/2017,84.12999725341797,78.44919982910156,80.4025591754,76.4958404828
10/11/2017,85.7300033569336,78.51509979248047,80.5462861694,76.4839134156
10/12/2017,86.0999984741211,78.58469985961914,80.7389450961,76.4304546232
10/13/2017,86.62000274658203,78.66019981384278,80.9405193945,76.3798802332
10/16/2017,85.73999786376953,78.74149986267089,81.1553231023,76.3276766231
10/17/2017,85.9800033569336,78.81739982604981,81.3287884593,76.3060111928
10/18/2017,86.22000122070312,78.89409988403321,81.5040125821,76.284187186
10/19/2017,86.4000015258789,78.97499992370605,81.6834956779,76.2665041695
10/20/2017,87.44000244140625,79.05749992370606,81.8635012182,76.2514986292
10/23/2017,88.6500015258789,79.14589996337891,82.0727411116,76.2190588152
10/24/2017,87.9800033569336,79.23430000305176,82.3095973462,76.1590026599
10/25/2017,88.4800033569336,79.31790000915527,82.5138115213,76.1219884971
10/26/2017,88.62000274658203,79.4001000213623,82.7223973236,76.0778027191
10/27/2017,88.16999816894531,79.49700004577636,82.943175589,76.0508245025
10/30/2017,86.94999694824219,79.58720001220703,83.1395224533,76.0348775711
10/31/2017,87.30999755859375,79.66739997863769,83.2937412979,76.0410586594
11/01/2017,87.94000244140625,79.74629997253417,83.4513785218,76.0412214233
11/02/2017,88.80000305175781,79.83330001831055,83.6265627605,76.0400372761
11/03/2017,89.68000030517578,79.92610008239745,83.8226711933,76.0295289715
11/06/2017,88.69999694824219,80.02390007019044,84.0395046908,76.0082954496
11/07/2017,88.94999694824219,80.12180000305176,84.2273858309,76.0162141752
11/08/2017,90.26000213623047,80.25889999389648,84.4276035423,76.0901964455
11/09/2017,90.30000305175781,80.40650001525879,84.6644399699,76.1485600606
11/10/2017,90.91999816894531,80.5541000366211,84.8957878167,76.2124122566
11/13/2017,90.98999786376953,80.70090003967285,85.1412948649,76.2605052145
11/14/2017,91.08999633789062,80.85560005187989,85.3814603955,76.3297397082
11/15/2017,89.83000183105469,81.01810005187988,85.616203943,76.4199961608
11/16/2017,99.62000274658203,81.16140007019042,85.8083373783,76.514462762
11/17/2017,97.47000122070312,81.39750007629395,86.3654085148,76.4295916377
11/20/2017,97.4800033569336,81.60710006713867,86.8013814098,76.4128187245
11/21/2017,96.5199966430664,81.82260009765625,87.2199433677,76.4252568276
11/22/2017,96.41000366210938,82.03100006103516,87.5871410924,76.4748590297
11/24/2017,96.62000274658203,82.24150009155274,87.9378961458,76.5451040373
11/27/2017,96.62000274658203,82.45450012207031,88.2847574665,76.6242427777
11/28/2017,96.7699966430664,82.6660001373291,88.621329754,76.7106705207
11/29/2017,97.55999755859375,82.88040008544922,88.9525530782,76.8082470927
11/30/2017,97.2300033569336,83.12370002746582,89.2909888447,76.9564112102
12/01/2017,97.3499984741211,83.36130004882813,89.6092546353,77.1133454623
12/04/2017,97.01000213623047,83.59540000915527,89.9240145553,77.266785463
12/05/2017,97.83000183105469,83.815,90.2237764299,77.4062235701
12/06/2017,97.27999877929688,84.02990005493164,90.5438603911,77.5159397188
12/07/2017,96.77999877929688,84.2390000152588,90.8387626899,77.6392373406
12/08/2017,96.55000305175781,84.44480003356934,91.1112102003,77.7783898668
12/11/2017,96.93000030517578,84.65160003662109,91.3693635176,77.9338365557
12/12/2017,96.69999694824219,84.86070007324219,91.6317538111,78.0896463354
12/13/2017,97.76000213623047,85.06620002746583,91.8814671024,78.2509329525
12/14/2017,97.12999725341797,85.27490005493163,92.1558253671,78.3939747427
12/15/2017,97.11000061035156,85.46100006103515,92.4080603051,78.513939817
12/18/2017,97.9000015258789,85.64310005187988,92.6541635053,78.6320365984
12/19/2017,98.80000305175781,85.8243000793457,92.9151910015,78.7334091572
12/20/2017,98.75,86.01420013427735,93.1951918741,78.8332083944
12/21/2017,98.05999755859375,86.20180015563965,93.4675103378,78.9360899734
12/22/2017,98.20999908447266,86.37740013122558,93.715027289,79.0397729734
12/26/2017,99.16000366210938,86.55420013427734,93.9614733856,79.146926883
12/27/2017,99.26000213623047,86.73710014343261,94.2271072484,79.2470930384
12/28/2017,99.4000015258789,86.92490013122558,94.490721682,79.3590785804
12/29/2017,98.75,87.1061001586914,94.7511282636,79.4610720538
01/02/2018,98.58999633789062,87.2777001953125,94.9892848686,79.566115522
01/03/2018,99.44999694824219,87.44750015258789,95.2191253624,79.6758749428
01/04/2018,99.54000091552734,87.63540008544922,95.4675613596,79.8032388113
01/05/2018,100.12999725341797,87.8268000793457,95.7134851595,79.9401149992
01/08/2018,101.61000061035156,88.02110008239747,95.9689188045,80.0732813603
01/09/2018,100.38999938964844,88.2295001220703,96.2572762169,80.2017240273
01/10/2018,99.66999816894531,88.42360008239746,96.5081989979,80.3390011669
01/11/2018,100.0199966430664,88.62330009460449,96.7365399969,80.5100601923
01/12/2018,100.87000274658203,88.83040008544921,96.9675520557,80.6932481152
01/16/2018,100.69000244140625,89.0420001220703,97.2142807578,80.8697194863
01/17/2018,102.69999694824219,89.24870018005372,97.451519207,81.0458811531
01/18/2018,104.30000305175781,89.47610015869141,97.7332851151,81.2189152022
01/19/2018,104.58999633789062,89.73570022583007,98.0466005439,81.4247999078
01/22/2018,105.44999694824219,89.9953002166748,98.3605143016,81.6300861318
01/23/2018,105.9000015258789,90.26950019836426,98.6872441468,81.8517562499
01/24/2018,105.79000091552734,90.54080024719238,99.0205142378,82.0610862566
01/25/2018,106.5999984741211,90.81330024719239,99.3406962435,82.2859042509
01/26/2018,108.38999938964844,91.09860023498535,99.6720107415,82.5251897284
01/29/2018,109.55000305175781,91.39880020141601,100.046516698,82.7510837051
01/30/2018,107.7300033569336,91.69630020141602,100.450946685,82.9416537182
01/31/2018,106.5999984741211,91.9728002166748,100.792595865,83.1530045683
02/01/2018,105.5199966430664,92.2376001739502,101.094989037,83.3802113109
02/02/2018,104.4800033569336,92.50400016784668,101.356250363,83.6517499728
02/05/2018,100.08999633789062,92.75800018310547,101.585798704,83.9302016626
02/06/2018,100.9000015258789,92.96280014038086,101.720480566,84.2051197143
02/07/2018,102.8499984741211,93.17320014953613,101.866062531,84.480337768
02/08/2018,100.0199966430664,93.40490013122559,102.043644909,84.7661553532
02/09/2018,99.37000274658203,93.60130012512207,102.164620302,85.0379799482
02/12/2018,99.55000305175781,93.79500015258789,102.267057659,85.3229426457
02/13/2018,100.9800033569336,93.9900001525879,102.36733174,85.6126685649
02/14/2018,101.69999694824219,94.19480018615722,102.489771065,85.8998293072
02/15/2018,103.2300033569336,94.41170013427734,102.616009436,86.2073908323
02/16/2018,104.77999877929688,94.64870018005371,102.761498493,86.5359018671
02/20/2018,94.11000061035156,94.90500015258789,102.928474606,86.8815256992
02/21/2018,91.5199966430664,95.05220016479493,102.923263766,87.1811365635
02/22/2018,92.7699966430664,95.17450012207031,102.893242267,87.455757977
02/23/2018,92.88999938964844,95.31270011901856,102.861564431,87.7638358071
02/26/2018,93.12000274658203,95.46020011901855,102.813653351,88.106746887
02/27/2018,91.5199966430664,95.60690017700195,102.763229449,88.4505709052
02/28/2018,90.01000213623047,95.72990013122559,102.706979957,88.7528203059
03/01/2018,89.08000183105469,95.83910018920898,102.638072655,89.0401277239
03/02/2018,88.7699966430664,95.93580017089843,102.567118115,89.3044822267
03/05/2018,89.9800033569336,96.0335001373291,102.484089763,89.5829105115
03/06/2018,89.05999755859375,96.12800018310547,102.41799533,89.8380050359
03/07/2018,87.73999786376953,96.17730018615723,102.391932462,89.9626679099
03/08/2018,87.91999816894531,96.19740013122559,102.381385166,90.013415096
03/09/2018,88.72000122070312,96.21560012817383,102.37245958,90.0587406766
03/12/2018,88.06999969482422,96.23660011291504,102.364206697,90.1089935291
03/13/2018,88.30000305175781,96.25990013122559,102.351875721,90.1679245411
03/14/2018,87.66999816894531,96.28310012817383,102.340200523,90.2259997336
03/15/2018,87.51000213623047,96.29760009765624,102.33228738,90.2629128151
03/16/2018,89.16999816894531,96.30870010375976,102.326168142,90.2912320655
03/19/2018,87.44999694824219,96.32600006103516,102.320388685,90.3316114371
03/20/2018,87.94999694824219,96.31400001525878,102.324921388,90.3030786424
03/21/2018,88.18000030517578,96.31369995117187,102.325038083,90.3023618197
03/22/2018,87.13999938964844,96.3106999206543,102.326020345,90.2953794964
03/23/2018,85.41999816894531,96.29589988708496,102.331909332,90.2598904423
03/26/2018,87.5,96.26839988708497,102.347479041,90.189320733
03/27/2018,86.05000305175781,96.27389991760253,102.344789074,90.2030107616
03/28/2018,87.7699966430664,96.26129997253418,102.352055394,90.1705445513
03/29/2018,88.97000122070312,96.25959991455078,102.352701022,90.1664988069
04/02/2018,85.55000305175781,96.26129989624023,102.352342899,90.170256894
04/03/2018,86.80000305175781,96.21999992370606,102.369250522,90.070749325
04/04/2018,87.22000122070312,96.20099998474122,102.376336485,90.0256634845
04/05/2018,87.80999755859375,96.18370002746582,102.381707331,89.9856927235
04/06/2018,86.69000244140625,96.15919998168945,102.385352987,89.9330469759
04/09/2018,86.27999877929688,96.12309997558594,102.393429566,89.852770385
04/10/2018,86.44999694824219,96.07669998168946,102.402284851,89.7511151121
04/11/2018,85.91000366210938,96.03129997253419,102.409305265,89.6532946801
04/12/2018,85.43000030517578,95.97950004577636,102.418173034,89.5408270573
04/13/2018,86.0199966430664,95.93550003051757,102.430831432,89.440168629
04/16/2018,86.83999633789062,95.79949996948243,102.358329932,89.2406700075
04/17/2018,87.9000015258789,95.6931999206543,102.309979506,89.0764203354
04/18/2018,87.56999969482422,95.59739990234375,102.256829847,88.9379699581
04/19/2018,87.88999938964844,95.50789993286133,102.214305575,88.8014942911
04/20/2018,86.9800033569336,95.42269989013671,102.17109257,88.6743072104
04/23/2018,86.0999984741211,95.32629989624023,102.125562114,88.5270376784
04/24/2018,86.52999877929688,95.22109985351562,102.080648626,88.3615510807
04/25/2018,87.16999816894531,95.11869987487793,102.030594346,88.2068054039
04/26/2018,87.94000244140625,95.01479988098144,101.967188622,88.0624111395
04/27/2018,87.29000091552734,94.92189987182617,101.906063038,87.9377367061
04/30/2018,88.45999908447266,94.82129989624023,101.842120145,87.800479648
05/01/2018,87.41000366210938,94.73579986572265,101.781462646,87.6901370858
05/02/2018,86.33999633789062,94.6315998840332,101.707717352,87.5554824165
05/03/2018,86.2300033569336,94.52219985961914,101.64096638,87.403433339
05/04/2018,87.52999877929688,94.4166999053955,101.579264754,87.2541350572
05/07/2018,85.47000122070312,94.3264998626709,101.518367204,87.1346325212
05/08/2018,85.73999786376953,94.21189987182618,101.452508702,86.9712910414
05/09/2018,83.05999755859375,94.10229988098145,101.387231524,86.817368238
05/10/2018,82.69000244140625,93.95529983520508,101.3128916,86.5977080704
05/11/2018,83.37999725341797,93.81089988708496,101.246058759,86.3757410152
05/14/2018,84.38999938964844,93.67359985351563,101.17306202,86.1741376866
05/15/2018,84.5199966430664,93.53849983215332,101.082166609,85.9948330552
05/16/2018,86.12999725341797,93.39569976806641,100.973497365,85.8179021712
05/17/2018,84.48999786376953,93.26949974060058,100.862148092,85.6768513889
05/18/2018,83.63999938964844,93.13379974365235,100.760804552,85.5067949356
05/21/2018,84.51000213623047,92.98809974670411,100.655799422,85.3204000716
05/22/2018,83.37000274658203,92.84159973144531,100.529903411,85.1532960522
05/23/2018,83.01000213623047,92.68269973754883,100.400854754,84.9645447212
05/24/2018,82.8499984741211,92.51879974365234,100.266537672,84.7710618154
05/25/2018,82.45999908447266,92.35979972839355,100.141106856,84.5784926009
05/29/2018,82.4000015258789,92.19849975585937,100.016084419,84.3809150929
05/30/2018,84.12000274658203,92.02799980163574,99.8714571572,84.1845424461
05/31/2018,82.54000091552734,91.87379981994629,99.7196336329,84.027966007
06/01/2018,82.98999786376953,91.69789985656739,99.5538350321,83.841964681
06/04/2018,85.41999816894531,91.51169982910156,99.3511401911,83.6722594671
06/05/2018,84.62000274658203,91.36199981689452,99.1733544598,83.550645174
06/06/2018,84.55999755859375,91.2114998626709,99.0063012071,83.4166985182
06/07/2018,84.94999694824219,91.05689987182618,98.8287436373,83.2850561063
06/08/2018,84.36000061035156,90.89769981384278,98.6298523996,83.165547228
06/11/2018,84.30000305175781,90.73439979553223,98.4303753617,83.0384242293
06/12/2018,84.0999984741211,90.55039985656738,98.1777482425,82.9230514707
06/13/2018,84.08999633789062,90.34839981079102,97.8757632457,82.8210363759
06/14/2018,83.79000091552734,90.14339981079101,97.5584264935,82.7283731281
06/15/2018,83.69999694824219,89.92679985046387,97.2066654247,82.6469342763
06/18/2018,83.0,89.7047998046875,96.8310511183,82.5785484911
06/19/2018,83.61000061035156,89.47689979553223,96.4478198084,82.5059797826
06/20/2018,83.61000061035156,89.24699981689453,96.0258693247,82.4681303091
06/21/2018,84.20999908447266,88.99919982910156,95.5218434836,82.4765561746
06/22/2018,84.81999969482422,88.74579978942872,94.9495629998,82.5420365791
06/25/2018,86.47000122070312,88.51669975280761,94.4314533703,82.6019461353
06/26/2018,85.9800033569336,88.31539978027344,93.9470621902,82.6837373703
06/27/2018,86.88999938964844,88.1199998474121,93.4839535756,82.7560461192
06/28/2018,85.86000061035156,87.94409980773926,93.0509276526,82.8372719629
